run	model	rep	step	frame	peratom_de
run_hybrid_fixed_sB	hybrid_fixed	B	8000	0	-2.99881187e-04
run_hybrid_fixed_sB	hybrid_fixed	B	8000	1	-7.08966338e-04
run_hybrid_fixed_sB	hybrid_fixed	B	8000	2	-9.35159835e-06
run_hybrid_fixed_sB	hybrid_fixed	B	8000	3	-1.70631253e-03
run_hybrid_fixed_sB	hybrid_fixed	B	8000	4	-9.76163269e-04
run_hybrid_fixed_sB	hybrid_fixed	B	8000	5	-7.86960887e-04
run_hybrid_fixed_sB	hybrid_fixed	B	8000	6	-1.33535832e-03
run_hybrid_fixed_sB	hybrid_fixed	B	8000	7	-1.44912551e-03
run_hybrid_fixed_sB	hybrid_fixed	B	8000	8	-1.03283760e-03
run_hybrid_fixed_sB	hybrid_fixed	B	8000	9	-1.59455238e-03
run_hybrid_fixed_sB	hybrid_fixed	B	8000	10	-8.02512397e-04
run_hybrid_fixed_sB	hybrid_fixed	B	8000	11	3.13551579e-04
run_hybrid_fixed_sB	hybrid_fixed	B	8000	12	-1.13732568e-03
run_hybrid_fixed_sB	hybrid_fixed	B	8000	13	-5.64318606e-04
run_hybrid_fixed_sB	hybrid_fixed	B	8000	14	-5.55248005e-04
run_hybrid_fixed_sB	hybrid_fixed	B	8000	15	-1.94523329e-04
run_hybrid_fixed_sB	hybrid_fixed	B	8000	16	3.95935044e-05
run_hybrid_fixed_sB	hybrid_fixed	B	8000	17	-4.86129219e-04
run_hybrid_fixed_sB	hybrid_fixed	B	8000	18	-2.93781435e-04
run_hybrid_fixed_sB	hybrid_fixed	B	8000	19	-7.75816550e-04
run_hybrid_fixed_sB	hybrid_fixed	B	8000	20	-6.01099979e-04
run_hybrid_fixed_sB	hybrid_fixed	B	8000	21	-4.63012747e-04
run_hybrid_fixed_sB	hybrid_fixed	B	8000	22	-7.19810219e-04
run_hybrid_fixed_sB	hybrid_fixed	B	8000	23	-1.58037732e-03
run_hybrid_fixed_sB	hybrid_fixed	B	8000	24	-6.71378752e-04
run_hybrid_fixed_sB	hybrid_fixed	B	8000	25	-8.47760401e-04
run_hybrid_fixed_sB	hybrid_fixed	B	8000	26	-3.17954413e-04
run_hybrid_fixed_sB	hybrid_fixed	B	8000	27	-3.03064143e-04
run_hybrid_fixed_sB	hybrid_fixed	B	8000	28	-7.59583412e-05
run_hybrid_fixed_sB	hybrid_fixed	B	8000	29	4.71224128e-04
run_hybrid_fixed_sB	hybrid_fixed	B	8000	30	-1.01737558e-03
run_hybrid_fixed_sB	hybrid_fixed	B	8000	31	1.07017119e-06
run_hybrid_fixed_sB	hybrid_fixed	B	8000	32	-5.86984029e-04
run_hybrid_fixed_sB	hybrid_fixed	B	8000	33	-1.07754651e-03
run_hybrid_fixed_sB	hybrid_fixed	B	8000	34	-1.41177388e-03
run_hybrid_fixed_sB	hybrid_fixed	B	8000	35	4.58714412e-05
run_hybrid_fixed_sB	hybrid_fixed	B	8000	36	-6.56081940e-04
run_hybrid_fixed_sB	hybrid_fixed	B	8000	37	-9.05619404e-04
run_hybrid_fixed_sB	hybrid_fixed	B	8000	38	6.60438990e-05
run_hybrid_fixed_sB	hybrid_fixed	B	8000	39	-1.39381968e-03
run_hybrid_fixed_sB	hybrid_fixed	B	8000	40	-4.78636212e-04
run_hybrid_fixed_sB	hybrid_fixed	B	8000	41	-6.93371553e-04
run_hybrid_fixed_sB	hybrid_fixed	B	8000	42	-1.12623901e-03
run_hybrid_fixed_sB	hybrid_fixed	B	8000	43	-8.46750094e-04
run_hybrid_fixed_sB	hybrid_fixed	B	8000	44	-5.87776643e-04
run_hybrid_fixed_sB	hybrid_fixed	B	8000	45	-1.24694724e-03
run_hybrid_fixed_sB	hybrid_fixed	B	8000	46	1.21216028e-04
run_hybrid_fixed_sB	hybrid_fixed	B	8000	47	3.86453562e-04
run_hybrid_fixed_sB	hybrid_fixed	B	8000	48	-5.69108172e-04
run_hybrid_fixed_sB	hybrid_fixed	B	8000	49	-1.35617516e-03
run_hybrid_fixed_sB	hybrid_fixed	B	8000	50	-1.29146690e-03
run_hybrid_fixed_sB	hybrid_fixed	B	8000	51	-8.81915244e-04
run_hybrid_fixed_sB	hybrid_fixed	B	8000	52	-1.22693948e-03
run_hybrid_fixed_sB	hybrid_fixed	B	8000	53	-2.24959286e-03
run_hybrid_fixed_sB	hybrid_fixed	B	8000	54	-1.12024908e-03
run_hybrid_fixed_sB	hybrid_fixed	B	8000	55	-1.52781249e-04
run_hybrid_fixed_sB	hybrid_fixed	B	8000	56	-7.22292608e-04
run_hybrid_fixed_sB	hybrid_fixed	B	8000	57	-5.01802488e-04
run_hybrid_fixed_sB	hybrid_fixed	B	8000	58	-9.03082597e-04
run_hybrid_fixed_sB	hybrid_fixed	B	8000	59	-8.87830925e-04
run_hybrid_fixed_sB	hybrid_fixed	B	8000	60	-1.62271094e-03
run_hybrid_fixed_sB	hybrid_fixed	B	8000	61	-3.51499669e-04
run_hybrid_fixed_sB	hybrid_fixed	B	8000	62	-7.37478616e-04
run_hybrid_fixed_sB	hybrid_fixed	B	8000	63	1.24546200e-04
run_hybrid_fixed_sB	hybrid_fixed	B	8000	64	-8.03016187e-04
run_hybrid_fixed_sB	hybrid_fixed	B	8000	65	-1.62707168e-03
run_hybrid_fixed_sB	hybrid_fixed	B	8000	66	-1.31379875e-05
run_hybrid_fixed_sB	hybrid_fixed	B	8000	67	-1.14620275e-03
run_hybrid_fixed_sB	hybrid_fixed	B	8000	68	-1.79231197e-03
run_hybrid_fixed_sB	hybrid_fixed	B	8000	69	-2.23673961e-03
run_hybrid_fixed_sB	hybrid_fixed	B	8000	70	-1.02227624e-03
run_hybrid_fixed_sB	hybrid_fixed	B	8000	71	-1.01359765e-04
run_hybrid_fixed_sB	hybrid_fixed	B	8000	72	-1.87756058e-03
run_hybrid_fixed_sB	hybrid_fixed	B	8000	73	-1.56706789e-03
run_hybrid_fixed_sB	hybrid_fixed	B	8000	74	-1.30860707e-04
run_hybrid_fixed_sB	hybrid_fixed	B	8000	75	5.88151229e-04
run_hybrid_fixed_sB	hybrid_fixed	B	8000	76	1.09375433e-04
run_hybrid_fixed_sB	hybrid_fixed	B	8000	77	-4.56489547e-04
run_hybrid_fixed_sB	hybrid_fixed	B	8000	78	-1.96077171e-04
run_hybrid_fixed_sB	hybrid_fixed	B	8000	79	-9.78588709e-04
run_hybrid_fixed_sB	hybrid_fixed	B	8000	80	-9.80622793e-04
run_hybrid_fixed_sB	hybrid_fixed	B	8000	81	-3.19511228e-04
run_hybrid_fixed_sB	hybrid_fixed	B	8000	82	-1.25438310e-04
run_hybrid_fixed_sB	hybrid_fixed	B	8000	83	-5.38982540e-04
run_hybrid_fixed_sB	hybrid_fixed	B	8000	84	-8.24756233e-04
run_hybrid_fixed_sB	hybrid_fixed	B	8000	85	-1.17776718e-03
run_hybrid_fixed_sB	hybrid_fixed	B	8000	86	7.15871204e-04
run_hybrid_fixed_sB	hybrid_fixed	B	8000	87	-1.37037606e-03
run_hybrid_fixed_sB	hybrid_fixed	B	8000	88	-4.77218228e-04
run_hybrid_fixed_sB	hybrid_fixed	B	8000	89	8.38795301e-05
run_hybrid_fixed_sB	hybrid_fixed	B	8000	90	6.60792822e-05
run_hybrid_fixed_sB	hybrid_fixed	B	8000	91	-8.29225714e-04
run_hybrid_fixed_sB	hybrid_fixed	B	8000	92	-2.05459414e-03
run_hybrid_fixed_sB	hybrid_fixed	B	8000	93	-7.17059022e-04
run_hybrid_fixed_sB	hybrid_fixed	B	8000	94	-2.87319795e-04
run_hybrid_fixed_sB	hybrid_fixed	B	8000	95	-7.21093518e-04
run_hybrid_fixed_sB	hybrid_fixed	B	8000	96	-1.54673600e-03
run_hybrid_fixed_sB	hybrid_fixed	B	8000	97	-2.60625299e-03
run_hybrid_fixed_sB	hybrid_fixed	B	8000	98	-5.68103239e-05
run_hybrid_fixed_sB	hybrid_fixed	B	8000	99	-4.28664291e-04
run_hybrid_fixed_sB	hybrid_fixed	B	8000	100	-1.39648491e-03
run_hybrid_fixed_sB	hybrid_fixed	B	8000	101	-3.82904044e-04
run_hybrid_fixed_sB	hybrid_fixed	B	8000	102	-1.03952946e-03
run_hybrid_fixed_sB	hybrid_fixed	B	8000	103	7.47996876e-04
run_hybrid_fixed_sB	hybrid_fixed	B	8000	104	-9.26354069e-04
run_hybrid_fixed_sB	hybrid_fixed	B	8000	105	-1.66283577e-04
run_hybrid_fixed_sB	hybrid_fixed	B	8000	106	2.89843301e-04
run_hybrid_fixed_sB	hybrid_fixed	B	8000	107	-5.56135271e-04
run_hybrid_fixed_sB	hybrid_fixed	B	8000	108	-4.23723628e-04
run_hybrid_fixed_sB	hybrid_fixed	B	8000	109	-5.73208208e-04
run_hybrid_fixed_sB	hybrid_fixed	B	8000	110	-8.40772780e-04
run_hybrid_fixed_sB	hybrid_fixed	B	8000	111	-9.54081242e-04
run_hybrid_fixed_sB	hybrid_fixed	B	8000	112	-1.75151417e-03
run_hybrid_fixed_sB	hybrid_fixed	B	8000	113	-1.09494937e-03
run_hybrid_fixed_sB	hybrid_fixed	B	8000	114	-6.12495481e-04
run_hybrid_fixed_sB	hybrid_fixed	B	8000	115	-4.20540495e-04
run_hybrid_fixed_sB	hybrid_fixed	B	8000	116	-1.86648530e-04
run_hybrid_fixed_sB	hybrid_fixed	B	8000	117	-6.95582534e-04
run_hybrid_fixed_sB	hybrid_fixed	B	8000	118	-3.69410919e-04
run_hybrid_fixed_sB	hybrid_fixed	B	8000	119	-3.05284967e-04
run_hybrid_fixed_sB	hybrid_fixed	B	8000	120	-1.18038327e-03
run_hybrid_fixed_sB	hybrid_fixed	B	8000	121	4.67988178e-04
run_hybrid_fixed_sB	hybrid_fixed	B	8000	122	-1.24130956e-03
run_hybrid_fixed_sB	hybrid_fixed	B	8000	123	-3.91216313e-04
run_hybrid_fixed_sB	hybrid_fixed	B	8000	124	-1.43648118e-03
run_hybrid_fixed_sB	hybrid_fixed	B	8000	125	-7.53274226e-04
run_hybrid_fixed_sB	hybrid_fixed	B	8000	126	3.15247776e-04
run_hybrid_fixed_sB	hybrid_fixed	B	8000	127	3.23101418e-04
run_hybrid_fixed_sB	hybrid_fixed	B	8000	128	-9.04996457e-04
run_hybrid_fixed_sB	hybrid_fixed	B	8000	129	-7.25499593e-05
run_hybrid_fixed_sB	hybrid_fixed	B	8000	130	-1.85354477e-03
run_hybrid_fixed_sB	hybrid_fixed	B	8000	131	-1.09046276e-03
run_hybrid_fixed_sB	hybrid_fixed	B	8000	132	-7.02248609e-04
run_hybrid_fixed_sB	hybrid_fixed	B	8000	133	-2.24658238e-03
run_hybrid_fixed_sB	hybrid_fixed	B	8000	134	-1.69454147e-03
run_hybrid_fixed_sB	hybrid_fixed	B	8000	135	-1.33291533e-03
run_hybrid_fixed_sB	hybrid_fixed	B	8000	136	-1.81921215e-03
run_hybrid_fixed_sB	hybrid_fixed	B	8000	137	4.63799599e-04
run_hybrid_fixed_sB	hybrid_fixed	B	8000	138	-9.17009634e-04
run_hybrid_fixed_sB	hybrid_fixed	B	8000	139	-1.34343617e-03
run_hybrid_fixed_sB	hybrid_fixed	B	8000	140	-5.50933782e-04
run_hybrid_fixed_sB	hybrid_fixed	B	8000	141	4.58658572e-04
run_hybrid_fixed_sB	hybrid_fixed	B	8000	142	-7.97351896e-04
run_hybrid_fixed_sB	hybrid_fixed	B	8000	143	-4.77337902e-04
run_hybrid_fixed_sB	hybrid_fixed	B	8000	144	-1.77516049e-03
run_hybrid_fixed_sB	hybrid_fixed	B	8000	145	4.29997646e-04
run_hybrid_fixed_sB	hybrid_fixed	B	8000	146	-8.47297107e-04
run_hybrid_fixed_sB	hybrid_fixed	B	8000	147	-2.19526891e-04
run_hybrid_fixed_sB	hybrid_fixed	B	8000	148	-9.79328958e-04
run_hybrid_fixed_sB	hybrid_fixed	B	8000	149	-7.27918439e-04
run_hybrid_fixed_sB	hybrid_fixed	B	8000	150	-1.15053717e-03
run_hybrid_fixed_sB	hybrid_fixed	B	8000	151	-3.24376177e-04
run_hybrid_fixed_sB	hybrid_fixed	B	8000	152	-9.13467132e-04
run_hybrid_fixed_sB	hybrid_fixed	B	8000	153	-6.67254030e-04
run_hybrid_fixed_sB	hybrid_fixed	B	8000	154	-3.59597558e-04
run_hybrid_fixed_sB	hybrid_fixed	B	8000	155	-5.71421807e-04
run_hybrid_fixed_sB	hybrid_fixed	B	8000	156	5.31152568e-06
run_hybrid_fixed_sB	hybrid_fixed	B	8000	157	-4.84335898e-04
run_hybrid_fixed_sB	hybrid_fixed	B	8000	158	-4.08821247e-04
run_hybrid_fixed_sB	hybrid_fixed	B	8000	159	-1.44934735e-03
run_hybrid_fixed_sB	hybrid_fixed	B	8000	160	-2.55124465e-04
run_hybrid_fixed_sB	hybrid_fixed	B	8000	161	-4.52200841e-04
run_hybrid_fixed_sB	hybrid_fixed	B	8000	162	-5.33122861e-04
run_hybrid_fixed_sB	hybrid_fixed	B	8000	163	-1.42994836e-03
run_hybrid_fixed_sB	hybrid_fixed	B	8000	164	-1.96142707e-04
run_hybrid_fixed_sB	hybrid_fixed	B	8000	165	-1.69734962e-03
run_hybrid_fixed_sB	hybrid_fixed	B	8000	166	-8.56490792e-04
run_hybrid_fixed_sB	hybrid_fixed	B	8000	167	4.84962883e-04
run_hybrid_fixed_sB	hybrid_fixed	B	8000	168	-3.45591043e-04
run_hybrid_fixed_sB	hybrid_fixed	B	8000	169	-1.59844061e-03
run_hybrid_fixed_sB	hybrid_fixed	B	8000	170	-1.26814988e-04
run_hybrid_fixed_sB	hybrid_fixed	B	8000	171	-2.68211948e-04
run_hybrid_fixed_sB	hybrid_fixed	B	8000	172	-5.74933788e-04
run_hybrid_fixed_sB	hybrid_fixed	B	8000	173	-1.06598640e-03
run_hybrid_fixed_sB	hybrid_fixed	B	8000	174	-1.47906811e-03
run_hybrid_fixed_sB	hybrid_fixed	B	8000	175	-2.03053692e-03
run_hybrid_fixed_sB	hybrid_fixed	B	8000	176	-6.89159937e-04
run_hybrid_fixed_sB	hybrid_fixed	B	8000	177	-4.07381988e-04
run_hybrid_fixed_sB	hybrid_fixed	B	8000	178	4.64183927e-04
run_hybrid_fixed_sB	hybrid_fixed	B	8000	179	-3.09058323e-03
run_hybrid_fixed_sB	hybrid_fixed	B	8000	180	-5.06754016e-04
run_hybrid_fixed_sB	hybrid_fixed	B	8000	181	-1.51166127e-03
run_hybrid_fixed_sB	hybrid_fixed	B	8000	182	-2.20578464e-03
run_hybrid_fixed_sB	hybrid_fixed	B	8000	183	1.35893380e-04
run_hybrid_fixed_sB	hybrid_fixed	B	8000	184	-2.18670035e-04
run_hybrid_fixed_sB	hybrid_fixed	B	8000	185	-1.45422641e-05
run_hybrid_fixed_sB	hybrid_fixed	B	8000	186	-6.05506474e-04
run_hybrid_fixed_sB	hybrid_fixed	B	8000	187	-9.59751526e-04
run_hybrid_fixed_sB	hybrid_fixed	B	8000	188	-4.00647043e-04
run_hybrid_fixed_sB	hybrid_fixed	B	8000	189	-1.65405765e-03
run_hybrid_fixed_sB	hybrid_fixed	B	8000	190	-6.78694626e-04
run_hybrid_fixed_sB	hybrid_fixed	B	8000	191	-9.17572897e-05
run_hybrid_fixed_sB	hybrid_fixed	B	8000	192	-9.80752399e-04
run_hybrid_fixed_sB	hybrid_fixed	B	8000	193	-4.75519252e-04
run_hybrid_fixed_sB	hybrid_fixed	B	8000	194	-4.07633638e-04
run_hybrid_fixed_sB	hybrid_fixed	B	8000	195	-1.53558471e-03
run_hybrid_fixed_sB	hybrid_fixed	B	8000	196	-2.11435611e-04
run_hybrid_fixed_sB	hybrid_fixed	B	8000	197	-1.39965774e-03
run_hybrid_fixed_sB	hybrid_fixed	B	8000	198	-1.48008665e-04
run_hybrid_fixed_sB	hybrid_fixed	B	8000	199	-1.95855275e-04
run_hybrid_fixed_sB	hybrid_fixed	B	8000	200	-6.54815071e-04
run_hybrid_fixed_sB	hybrid_fixed	B	8000	201	-4.42457581e-04
run_hybrid_fixed_sB	hybrid_fixed	B	8000	202	6.34757661e-05
run_hybrid_fixed_sB	hybrid_fixed	B	8000	203	-6.02997617e-04
run_hybrid_fixed_sB	hybrid_fixed	B	8000	204	-4.33512556e-04
run_hybrid_fixed_sB	hybrid_fixed	B	8000	205	-1.23144027e-03
run_hybrid_fixed_sB	hybrid_fixed	B	8000	206	-1.52372607e-04
run_hybrid_fixed_sB	hybrid_fixed	B	8000	207	1.05740314e-05
run_hybrid_fixed_sB	hybrid_fixed	B	8000	208	-8.72698486e-04
run_hybrid_fixed_sB	hybrid_fixed	B	8000	209	-7.15545180e-04
run_hybrid_fixed_sB	hybrid_fixed	B	8000	210	-1.31690151e-03
run_hybrid_fixed_sB	hybrid_fixed	B	8000	211	-1.10647169e-03
run_hybrid_fixed_sB	hybrid_fixed	B	8000	212	-4.66300626e-04
run_hybrid_fixed_sB	hybrid_fixed	B	8000	213	6.10068839e-04
run_hybrid_fixed_sB	hybrid_fixed	B	8000	214	-1.44944511e-03
run_hybrid_fixed_sB	hybrid_fixed	B	8000	215	-8.06656514e-04
run_hybrid_fixed_sB	hybrid_fixed	B	8000	216	3.73368566e-04
run_hybrid_fixed_sB	hybrid_fixed	B	8000	217	-8.52342041e-04
run_hybrid_fixed_sB	hybrid_fixed	B	8000	218	-2.04777727e-03
run_hybrid_fixed_sB	hybrid_fixed	B	8000	219	-1.57925926e-03
run_hybrid_fixed_sB	hybrid_fixed	B	8000	220	-1.47417133e-04
run_hybrid_fixed_sB	hybrid_fixed	B	8000	221	-8.94613935e-04
run_hybrid_fixed_sB	hybrid_fixed	B	8000	222	-2.16537650e-04
run_hybrid_fixed_sB	hybrid_fixed	B	8000	223	-4.93466515e-04
run_hybrid_fixed_sB	hybrid_fixed	B	8000	224	-5.44358556e-04
run_hybrid_fixed_sB	hybrid_fixed	B	8000	225	-9.80115852e-04
run_hybrid_fixed_sB	hybrid_fixed	B	8000	226	-3.52497369e-04
run_hybrid_fixed_sB	hybrid_fixed	B	8000	227	-4.02709482e-04
run_hybrid_fixed_sB	hybrid_fixed	B	8000	228	-1.27753202e-03
run_hybrid_fixed_sB	hybrid_fixed	B	8000	229	-6.31326045e-04
run_hybrid_fixed_sB	hybrid_fixed	B	8000	230	-1.07207339e-03
run_hybrid_fixed_sB	hybrid_fixed	B	8000	231	4.43655528e-04
run_hybrid_fixed_sB	hybrid_fixed	B	8000	232	-1.59345675e-03
run_hybrid_fixed_sB	hybrid_fixed	B	8000	233	-1.44354750e-03
run_hybrid_fixed_sB	hybrid_fixed	B	8000	234	-1.79363656e-03
run_hybrid_fixed_sB	hybrid_fixed	B	8000	235	-2.76686509e-04
run_hybrid_fixed_sB	hybrid_fixed	B	8000	236	4.00979688e-04
run_hybrid_fixed_sB	hybrid_fixed	B	8000	237	-1.79147311e-04
run_hybrid_fixed_sB	hybrid_fixed	B	8000	238	3.95291812e-04
run_hybrid_fixed_sB	hybrid_fixed	B	8000	239	-6.63918507e-04
run_hybrid_fixed_sB	hybrid_fixed	B	8000	240	-5.18515636e-04
run_hybrid_fixed_sB	hybrid_fixed	B	8000	241	-6.44182906e-04
run_hybrid_fixed_sB	hybrid_fixed	B	8000	242	1.10999844e-04
run_hybrid_fixed_sB	hybrid_fixed	B	8000	243	-1.88260134e-03
run_hybrid_fixed_sB	hybrid_fixed	B	8000	244	-6.63262701e-04
run_hybrid_fixed_sB	hybrid_fixed	B	8000	245	-3.36248206e-04
run_hybrid_fixed_sB	hybrid_fixed	B	8000	246	-8.70296156e-04
run_hybrid_fixed_sB	hybrid_fixed	B	8000	247	-8.92285189e-04
run_hybrid_fixed_sB	hybrid_fixed	B	8000	248	3.17912115e-04
run_hybrid_fixed_sB	hybrid_fixed	B	8000	249	6.54039847e-05
run_hybrid_fixed_sB	hybrid_fixed	B	8000	250	-1.53548328e-04
run_hybrid_fixed_sB	hybrid_fixed	B	8000	251	-4.70101877e-04
run_hybrid_fixed_sB	hybrid_fixed	B	8000	252	-7.22114072e-04
run_hybrid_fixed_sB	hybrid_fixed	B	8000	253	-1.41423268e-03
run_hybrid_fixed_sB	hybrid_fixed	B	8000	254	-1.42182640e-03
run_hybrid_fixed_sB	hybrid_fixed	B	8000	255	-5.39152916e-04
run_hybrid_fixed_sB	hybrid_fixed	B	8000	256	3.56526702e-05
run_hybrid_fixed_sB	hybrid_fixed	B	8000	257	-6.61330641e-04
run_hybrid_fixed_sB	hybrid_fixed	B	8000	258	-1.68390743e-03
run_hybrid_fixed_sB	hybrid_fixed	B	8000	259	-4.43156886e-05
run_hybrid_fixed_sB	hybrid_fixed	B	8000	260	-2.40735659e-04
run_hybrid_fixed_sB	hybrid_fixed	B	8000	261	-1.05041883e-03
run_hybrid_fixed_sB	hybrid_fixed	B	8000	262	-1.28797923e-03
run_hybrid_fixed_sB	hybrid_fixed	B	8000	263	-1.06442527e-03
run_hybrid_fixed_sB	hybrid_fixed	B	8000	264	-1.00211358e-04
run_hybrid_fixed_sB	hybrid_fixed	B	8000	265	8.22120113e-04
run_hybrid_fixed_sB	hybrid_fixed	B	8000	266	-4.06012045e-04
run_hybrid_fixed_sB	hybrid_fixed	B	8000	267	-1.83427419e-03
run_hybrid_fixed_sB	hybrid_fixed	B	8000	268	8.46422870e-04
run_hybrid_fixed_sB	hybrid_fixed	B	8000	269	8.74556373e-05
run_hybrid_fixed_sB	hybrid_fixed	B	8000	270	-7.76419757e-04
run_hybrid_fixed_sB	hybrid_fixed	B	8000	271	-1.01456013e-03
run_hybrid_fixed_sB	hybrid_fixed	B	8000	272	-8.58005218e-04
run_hybrid_fixed_sB	hybrid_fixed	B	8000	273	-8.32182897e-04
run_hybrid_fixed_sB	hybrid_fixed	B	8000	274	-1.30350418e-04
run_hybrid_fixed_sB	hybrid_fixed	B	8000	275	-3.73785345e-04
run_hybrid_fixed_sB	hybrid_fixed	B	8000	276	8.88755283e-05
run_hybrid_fixed_sB	hybrid_fixed	B	8000	277	-1.08947224e-03
run_hybrid_fixed_sB	hybrid_fixed	B	8000	278	3.71580517e-04
run_hybrid_fixed_sB	hybrid_fixed	B	8000	279	-5.75103565e-04
run_hybrid_fixed_sB	hybrid_fixed	B	8000	280	-1.70591566e-03
run_hybrid_fixed_sB	hybrid_fixed	B	8000	281	-1.48381841e-04
run_hybrid_fixed_sB	hybrid_fixed	B	8000	282	2.56298973e-05
run_hybrid_fixed_sB	hybrid_fixed	B	8000	283	-1.00268615e-04
run_hybrid_fixed_sB	hybrid_fixed	B	8000	284	1.02926991e-04
run_hybrid_fixed_sB	hybrid_fixed	B	8000	285	-2.01670231e-04
run_hybrid_fixed_sB	hybrid_fixed	B	8000	286	1.86145903e-04
run_hybrid_fixed_sB	hybrid_fixed	B	8000	287	-6.32704890e-04
run_hybrid_fixed_sB	hybrid_fixed	B	8000	288	-3.88732697e-04
run_hybrid_fixed_sB	hybrid_fixed	B	8000	289	-9.95012968e-04
run_hybrid_fixed_sB	hybrid_fixed	B	8000	290	-1.40348575e-05
run_hybrid_fixed_sB	hybrid_fixed	B	8000	291	-7.32745259e-04
run_hybrid_fixed_sB	hybrid_fixed	B	8000	292	-4.04706593e-04
run_hybrid_fixed_sB	hybrid_fixed	B	8000	293	-9.37870928e-04
run_hybrid_fixed_sB	hybrid_fixed	B	8000	294	-1.14349937e-03
run_hybrid_fixed_sB	hybrid_fixed	B	8000	295	-1.65321758e-04
run_hybrid_fixed_sB	hybrid_fixed	B	8000	296	-2.36360506e-04
run_hybrid_fixed_sB	hybrid_fixed	B	8000	297	-2.31885368e-04
run_hybrid_fixed_sB	hybrid_fixed	B	8000	298	-1.58789736e-03
run_hybrid_fixed_sB	hybrid_fixed	B	8000	299	2.04963626e-04
run_hybrid_fixed_sB	hybrid_fixed	B	8000	300	-8.36811062e-04
run_hybrid_fixed_sB	hybrid_fixed	B	8000	301	-9.49807343e-05
run_hybrid_fixed_sB	hybrid_fixed	B	8000	302	-7.47519019e-04
run_hybrid_fixed_sB	hybrid_fixed	B	8000	303	-1.06467785e-03
run_hybrid_fixed_sB	hybrid_fixed	B	8000	304	-1.83583993e-04
run_hybrid_fixed_sB	hybrid_fixed	B	8000	305	-2.70972774e-03
run_hybrid_fixed_sB	hybrid_fixed	B	8000	306	-1.89623074e-03
run_hybrid_fixed_sB	hybrid_fixed	B	8000	307	-2.28819318e-04
run_hybrid_fixed_sB	hybrid_fixed	B	8000	308	-2.86775499e-04
run_hybrid_fixed_sB	hybrid_fixed	B	8000	309	-7.06731751e-04
run_hybrid_fixed_sB	hybrid_fixed	B	8000	310	-2.94220719e-04
run_hybrid_fixed_sB	hybrid_fixed	B	8000	311	-1.48998766e-03
run_hybrid_fixed_sB	hybrid_fixed	B	8000	312	-2.77303748e-04
run_hybrid_fixed_sB	hybrid_fixed	B	8000	313	-1.46460300e-03
run_hybrid_fixed_sB	hybrid_fixed	B	8000	314	-2.03557892e-05
run_hybrid_fixed_sB	hybrid_fixed	B	8000	315	-1.19100762e-03
run_hybrid_fixed_sB	hybrid_fixed	B	8000	316	7.00074334e-05
run_hybrid_fixed_sB	hybrid_fixed	B	8000	317	-6.23017701e-04
run_hybrid_fixed_sB	hybrid_fixed	B	8000	318	-1.40321090e-03
run_hybrid_fixed_sB	hybrid_fixed	B	8000	319	-8.79729562e-04
run_hybrid_fixed_sB	hybrid_fixed	B	9000	0	1.56712105e-04
run_hybrid_fixed_sB	hybrid_fixed	B	9000	1	-1.92635368e-04
run_hybrid_fixed_sB	hybrid_fixed	B	9000	2	4.55896733e-04
run_hybrid_fixed_sB	hybrid_fixed	B	9000	3	-1.24623062e-03
run_hybrid_fixed_sB	hybrid_fixed	B	9000	4	-5.33105541e-04
run_hybrid_fixed_sB	hybrid_fixed	B	9000	5	-2.26368691e-04
run_hybrid_fixed_sB	hybrid_fixed	B	9000	6	-8.46206106e-04
run_hybrid_fixed_sB	hybrid_fixed	B	9000	7	-9.52907197e-04
run_hybrid_fixed_sB	hybrid_fixed	B	9000	8	-5.49547842e-04
run_hybrid_fixed_sB	hybrid_fixed	B	9000	9	-1.09459493e-03
run_hybrid_fixed_sB	hybrid_fixed	B	9000	10	-2.75916424e-04
run_hybrid_fixed_sB	hybrid_fixed	B	9000	11	7.93148360e-04
run_hybrid_fixed_sB	hybrid_fixed	B	9000	12	-6.59553919e-04
run_hybrid_fixed_sB	hybrid_fixed	B	9000	13	-6.39151118e-05
run_hybrid_fixed_sB	hybrid_fixed	B	9000	14	-1.06645911e-05
run_hybrid_fixed_sB	hybrid_fixed	B	9000	15	2.57157523e-04
run_hybrid_fixed_sB	hybrid_fixed	B	9000	16	5.74712548e-04
run_hybrid_fixed_sB	hybrid_fixed	B	9000	17	1.54314139e-05
run_hybrid_fixed_sB	hybrid_fixed	B	9000	18	1.47836183e-04
run_hybrid_fixed_sB	hybrid_fixed	B	9000	19	-2.69571686e-04
run_hybrid_fixed_sB	hybrid_fixed	B	9000	20	-1.12644283e-04
run_hybrid_fixed_sB	hybrid_fixed	B	9000	21	2.38254433e-05
run_hybrid_fixed_sB	hybrid_fixed	B	9000	22	-2.18398611e-04
run_hybrid_fixed_sB	hybrid_fixed	B	9000	23	-1.07063150e-03
run_hybrid_fixed_sB	hybrid_fixed	B	9000	24	-1.66511766e-04
run_hybrid_fixed_sB	hybrid_fixed	B	9000	25	-3.37089895e-04
run_hybrid_fixed_sB	hybrid_fixed	B	9000	26	1.81546115e-04
run_hybrid_fixed_sB	hybrid_fixed	B	9000	27	2.01907492e-04
run_hybrid_fixed_sB	hybrid_fixed	B	9000	28	4.15791922e-04
run_hybrid_fixed_sB	hybrid_fixed	B	9000	29	1.00468173e-03
run_hybrid_fixed_sB	hybrid_fixed	B	9000	30	-4.93895398e-04
run_hybrid_fixed_sB	hybrid_fixed	B	9000	31	4.66464701e-04
run_hybrid_fixed_sB	hybrid_fixed	B	9000	32	-6.76616290e-05
run_hybrid_fixed_sB	hybrid_fixed	B	9000	33	-5.32559069e-04
run_hybrid_fixed_sB	hybrid_fixed	B	9000	34	-8.90593320e-04
run_hybrid_fixed_sB	hybrid_fixed	B	9000	35	5.40434554e-04
run_hybrid_fixed_sB	hybrid_fixed	B	9000	36	-9.54727617e-05
run_hybrid_fixed_sB	hybrid_fixed	B	9000	37	-4.15759491e-04
run_hybrid_fixed_sB	hybrid_fixed	B	9000	38	5.41631008e-04
run_hybrid_fixed_sB	hybrid_fixed	B	9000	39	-8.49167456e-04
run_hybrid_fixed_sB	hybrid_fixed	B	9000	40	7.24877145e-05
run_hybrid_fixed_sB	hybrid_fixed	B	9000	41	-2.33181412e-04
run_hybrid_fixed_sB	hybrid_fixed	B	9000	42	-5.60241538e-04
run_hybrid_fixed_sB	hybrid_fixed	B	9000	43	-2.87194069e-04
run_hybrid_fixed_sB	hybrid_fixed	B	9000	44	-9.19953440e-05
run_hybrid_fixed_sB	hybrid_fixed	B	9000	45	-7.29093625e-04
run_hybrid_fixed_sB	hybrid_fixed	B	9000	46	5.95774067e-04
run_hybrid_fixed_sB	hybrid_fixed	B	9000	47	8.26227188e-04
run_hybrid_fixed_sB	hybrid_fixed	B	9000	48	-6.42672859e-05
run_hybrid_fixed_sB	hybrid_fixed	B	9000	49	-8.41056249e-04
run_hybrid_fixed_sB	hybrid_fixed	B	9000	50	-8.62269574e-04
run_hybrid_fixed_sB	hybrid_fixed	B	9000	51	-3.74958688e-04
run_hybrid_fixed_sB	hybrid_fixed	B	9000	52	-6.81151034e-04
run_hybrid_fixed_sB	hybrid_fixed	B	9000	53	-1.80219807e-03
run_hybrid_fixed_sB	hybrid_fixed	B	9000	54	-6.00214832e-04
run_hybrid_fixed_sB	hybrid_fixed	B	9000	55	3.10640055e-04
run_hybrid_fixed_sB	hybrid_fixed	B	9000	56	-1.78118974e-04
run_hybrid_fixed_sB	hybrid_fixed	B	9000	57	-3.70097149e-05
run_hybrid_fixed_sB	hybrid_fixed	B	9000	58	-4.47882219e-04
run_hybrid_fixed_sB	hybrid_fixed	B	9000	59	-4.16011168e-04
run_hybrid_fixed_sB	hybrid_fixed	B	9000	60	-1.13247291e-03
run_hybrid_fixed_sB	hybrid_fixed	B	9000	61	1.24162669e-04
run_hybrid_fixed_sB	hybrid_fixed	B	9000	62	-1.79902518e-04
run_hybrid_fixed_sB	hybrid_fixed	B	9000	63	7.18309326e-04
run_hybrid_fixed_sB	hybrid_fixed	B	9000	64	-2.93755792e-04
run_hybrid_fixed_sB	hybrid_fixed	B	9000	65	-1.15502783e-03
run_hybrid_fixed_sB	hybrid_fixed	B	9000	66	4.78829298e-04
run_hybrid_fixed_sB	hybrid_fixed	B	9000	67	-7.01554294e-04
run_hybrid_fixed_sB	hybrid_fixed	B	9000	68	-1.21413935e-03
run_hybrid_fixed_sB	hybrid_fixed	B	9000	69	-1.73561324e-03
run_hybrid_fixed_sB	hybrid_fixed	B	9000	70	-5.15142894e-04
run_hybrid_fixed_sB	hybrid_fixed	B	9000	71	4.08407407e-04
run_hybrid_fixed_sB	hybrid_fixed	B	9000	72	-1.35415463e-03
run_hybrid_fixed_sB	hybrid_fixed	B	9000	73	-1.06012170e-03
run_hybrid_fixed_sB	hybrid_fixed	B	9000	74	3.97005352e-04
run_hybrid_fixed_sB	hybrid_fixed	B	9000	75	1.05186200e-03
run_hybrid_fixed_sB	hybrid_fixed	B	9000	76	5.63040623e-04
run_hybrid_fixed_sB	hybrid_fixed	B	9000	77	2.74848866e-05
run_hybrid_fixed_sB	hybrid_fixed	B	9000	78	3.11946087e-04
run_hybrid_fixed_sB	hybrid_fixed	B	9000	79	-5.19555902e-04
run_hybrid_fixed_sB	hybrid_fixed	B	9000	80	-5.17775522e-04
run_hybrid_fixed_sB	hybrid_fixed	B	9000	81	2.11608474e-04
run_hybrid_fixed_sB	hybrid_fixed	B	9000	82	3.46165999e-04
run_hybrid_fixed_sB	hybrid_fixed	B	9000	83	-4.92696798e-05
run_hybrid_fixed_sB	hybrid_fixed	B	9000	84	-2.81035674e-04
run_hybrid_fixed_sB	hybrid_fixed	B	9000	85	-6.70723697e-04
run_hybrid_fixed_sB	hybrid_fixed	B	9000	86	1.20800726e-03
run_hybrid_fixed_sB	hybrid_fixed	B	9000	87	-9.37384116e-04
run_hybrid_fixed_sB	hybrid_fixed	B	9000	88	-2.06832490e-05
run_hybrid_fixed_sB	hybrid_fixed	B	9000	89	6.33588246e-04
run_hybrid_fixed_sB	hybrid_fixed	B	9000	90	5.80137327e-04
run_hybrid_fixed_sB	hybrid_fixed	B	9000	91	-3.11663201e-04
run_hybrid_fixed_sB	hybrid_fixed	B	9000	92	-1.55198965e-03
run_hybrid_fixed_sB	hybrid_fixed	B	9000	93	-1.57453065e-04
run_hybrid_fixed_sB	hybrid_fixed	B	9000	94	2.21728709e-04
run_hybrid_fixed_sB	hybrid_fixed	B	9000	95	-2.17391328e-04
run_hybrid_fixed_sB	hybrid_fixed	B	9000	96	-1.01114253e-03
run_hybrid_fixed_sB	hybrid_fixed	B	9000	97	-2.13940169e-03
run_hybrid_fixed_sB	hybrid_fixed	B	9000	98	3.92753553e-04
run_hybrid_fixed_sB	hybrid_fixed	B	9000	99	8.90369086e-05
run_hybrid_fixed_sB	hybrid_fixed	B	9000	100	-9.00580886e-04
run_hybrid_fixed_sB	hybrid_fixed	B	9000	101	1.08395584e-04
run_hybrid_fixed_sB	hybrid_fixed	B	9000	102	-5.80840757e-04
run_hybrid_fixed_sB	hybrid_fixed	B	9000	103	1.23743424e-03
run_hybrid_fixed_sB	hybrid_fixed	B	9000	104	-4.03434070e-04
run_hybrid_fixed_sB	hybrid_fixed	B	9000	105	3.07166167e-04
run_hybrid_fixed_sB	hybrid_fixed	B	9000	106	8.33132009e-04
run_hybrid_fixed_sB	hybrid_fixed	B	9000	107	-2.42438456e-05
run_hybrid_fixed_sB	hybrid_fixed	B	9000	108	3.16989357e-05
run_hybrid_fixed_sB	hybrid_fixed	B	9000	109	-1.06967470e-04
run_hybrid_fixed_sB	hybrid_fixed	B	9000	110	-3.90458773e-04
run_hybrid_fixed_sB	hybrid_fixed	B	9000	111	-4.39054165e-04
run_hybrid_fixed_sB	hybrid_fixed	B	9000	112	-1.22461248e-03
run_hybrid_fixed_sB	hybrid_fixed	B	9000	113	-6.59805242e-04
run_hybrid_fixed_sB	hybrid_fixed	B	9000	114	-7.85629609e-05
run_hybrid_fixed_sB	hybrid_fixed	B	9000	115	6.74900395e-05
run_hybrid_fixed_sB	hybrid_fixed	B	9000	116	3.56117005e-04
run_hybrid_fixed_sB	hybrid_fixed	B	9000	117	-2.00485885e-04
run_hybrid_fixed_sB	hybrid_fixed	B	9000	118	6.57570188e-05
run_hybrid_fixed_sB	hybrid_fixed	B	9000	119	1.80333417e-04
run_hybrid_fixed_sB	hybrid_fixed	B	9000	120	-7.40327875e-04
run_hybrid_fixed_sB	hybrid_fixed	B	9000	121	9.55104317e-04
run_hybrid_fixed_sB	hybrid_fixed	B	9000	122	-7.56489511e-04
run_hybrid_fixed_sB	hybrid_fixed	B	9000	123	7.34184861e-05
run_hybrid_fixed_sB	hybrid_fixed	B	9000	124	-8.48149346e-04
run_hybrid_fixed_sB	hybrid_fixed	B	9000	125	-2.60192842e-04
run_hybrid_fixed_sB	hybrid_fixed	B	9000	126	7.56119943e-04
run_hybrid_fixed_sB	hybrid_fixed	B	9000	127	7.89578504e-04
run_hybrid_fixed_sB	hybrid_fixed	B	9000	128	-3.21515200e-04
run_hybrid_fixed_sB	hybrid_fixed	B	9000	129	4.06724060e-04
run_hybrid_fixed_sB	hybrid_fixed	B	9000	130	-1.32427498e-03
run_hybrid_fixed_sB	hybrid_fixed	B	9000	131	-5.42977670e-04
run_hybrid_fixed_sB	hybrid_fixed	B	9000	132	-2.69722985e-04
run_hybrid_fixed_sB	hybrid_fixed	B	9000	133	-1.74095904e-03
run_hybrid_fixed_sB	hybrid_fixed	B	9000	134	-1.13873833e-03
run_hybrid_fixed_sB	hybrid_fixed	B	9000	135	-8.70931619e-04
run_hybrid_fixed_sB	hybrid_fixed	B	9000	136	-1.29656735e-03
run_hybrid_fixed_sB	hybrid_fixed	B	9000	137	9.42323351e-04
run_hybrid_fixed_sB	hybrid_fixed	B	9000	138	-4.31819841e-04
run_hybrid_fixed_sB	hybrid_fixed	B	9000	139	-7.83091689e-04
run_hybrid_fixed_sB	hybrid_fixed	B	9000	140	-1.19565523e-05
run_hybrid_fixed_sB	hybrid_fixed	B	9000	141	9.37781721e-04
run_hybrid_fixed_sB	hybrid_fixed	B	9000	142	-1.96472605e-04
run_hybrid_fixed_sB	hybrid_fixed	B	9000	143	-1.40112232e-05
run_hybrid_fixed_sB	hybrid_fixed	B	9000	144	-1.25768994e-03
run_hybrid_fixed_sB	hybrid_fixed	B	9000	145	9.49727192e-04
run_hybrid_fixed_sB	hybrid_fixed	B	9000	146	-4.00148109e-04
run_hybrid_fixed_sB	hybrid_fixed	B	9000	147	3.14122907e-04
run_hybrid_fixed_sB	hybrid_fixed	B	9000	148	-4.21355518e-04
run_hybrid_fixed_sB	hybrid_fixed	B	9000	149	-1.89087886e-04
run_hybrid_fixed_sB	hybrid_fixed	B	9000	150	-6.58612199e-04
run_hybrid_fixed_sB	hybrid_fixed	B	9000	151	1.74016562e-04
run_hybrid_fixed_sB	hybrid_fixed	B	9000	152	-3.53546413e-04
run_hybrid_fixed_sB	hybrid_fixed	B	9000	153	-2.00802708e-04
run_hybrid_fixed_sB	hybrid_fixed	B	9000	154	1.26015346e-04
run_hybrid_fixed_sB	hybrid_fixed	B	9000	155	-7.53692491e-05
run_hybrid_fixed_sB	hybrid_fixed	B	9000	156	5.15244180e-04
run_hybrid_fixed_sB	hybrid_fixed	B	9000	157	7.97479457e-06
run_hybrid_fixed_sB	hybrid_fixed	B	9000	158	9.78571999e-05
run_hybrid_fixed_sB	hybrid_fixed	B	9000	159	-9.23347969e-04
run_hybrid_fixed_sB	hybrid_fixed	B	9000	160	2.57701436e-04
run_hybrid_fixed_sB	hybrid_fixed	B	9000	161	7.60932693e-06
run_hybrid_fixed_sB	hybrid_fixed	B	9000	162	2.41009118e-05
run_hybrid_fixed_sB	hybrid_fixed	B	9000	163	-9.31849464e-04
run_hybrid_fixed_sB	hybrid_fixed	B	9000	164	2.99353622e-04
run_hybrid_fixed_sB	hybrid_fixed	B	9000	165	-1.20958827e-03
run_hybrid_fixed_sB	hybrid_fixed	B	9000	166	-3.80306542e-04
run_hybrid_fixed_sB	hybrid_fixed	B	9000	167	1.01373349e-03
run_hybrid_fixed_sB	hybrid_fixed	B	9000	168	1.58864721e-04
run_hybrid_fixed_sB	hybrid_fixed	B	9000	169	-1.12962574e-03
run_hybrid_fixed_sB	hybrid_fixed	B	9000	170	3.96377089e-04
run_hybrid_fixed_sB	hybrid_fixed	B	9000	171	2.62088646e-04
run_hybrid_fixed_sB	hybrid_fixed	B	9000	172	-1.09426642e-04
run_hybrid_fixed_sB	hybrid_fixed	B	9000	173	-5.46034592e-04
run_hybrid_fixed_sB	hybrid_fixed	B	9000	174	-9.45130615e-04
run_hybrid_fixed_sB	hybrid_fixed	B	9000	175	-1.50991070e-03
run_hybrid_fixed_sB	hybrid_fixed	B	9000	176	-2.80322780e-04
run_hybrid_fixed_sB	hybrid_fixed	B	9000	177	9.43560689e-05
run_hybrid_fixed_sB	hybrid_fixed	B	9000	178	9.51683278e-04
run_hybrid_fixed_sB	hybrid_fixed	B	9000	179	-2.57636981e-03
run_hybrid_fixed_sB	hybrid_fixed	B	9000	180	-1.19536232e-05
run_hybrid_fixed_sB	hybrid_fixed	B	9000	181	-9.82098504e-04
run_hybrid_fixed_sB	hybrid_fixed	B	9000	182	-1.69239159e-03
run_hybrid_fixed_sB	hybrid_fixed	B	9000	183	6.41784110e-04
run_hybrid_fixed_sB	hybrid_fixed	B	9000	184	2.47240311e-04
run_hybrid_fixed_sB	hybrid_fixed	B	9000	185	5.35723662e-04
run_hybrid_fixed_sB	hybrid_fixed	B	9000	186	-7.43378183e-05
run_hybrid_fixed_sB	hybrid_fixed	B	9000	187	-4.96087765e-04
run_hybrid_fixed_sB	hybrid_fixed	B	9000	188	8.58331688e-05
run_hybrid_fixed_sB	hybrid_fixed	B	9000	189	-1.12459827e-03
run_hybrid_fixed_sB	hybrid_fixed	B	9000	190	-2.20685262e-04
run_hybrid_fixed_sB	hybrid_fixed	B	9000	191	3.94551703e-04
run_hybrid_fixed_sB	hybrid_fixed	B	9000	192	-4.57912105e-04
run_hybrid_fixed_sB	hybrid_fixed	B	9000	193	3.88223294e-05
run_hybrid_fixed_sB	hybrid_fixed	B	9000	194	1.03385920e-04
run_hybrid_fixed_sB	hybrid_fixed	B	9000	195	-1.06206528e-03
run_hybrid_fixed_sB	hybrid_fixed	B	9000	196	3.55595568e-04
run_hybrid_fixed_sB	hybrid_fixed	B	9000	197	-8.45574051e-04
run_hybrid_fixed_sB	hybrid_fixed	B	9000	198	3.24900900e-04
run_hybrid_fixed_sB	hybrid_fixed	B	9000	199	2.47905669e-04
run_hybrid_fixed_sB	hybrid_fixed	B	9000	200	-1.19684480e-04
run_hybrid_fixed_sB	hybrid_fixed	B	9000	201	5.80172643e-05
run_hybrid_fixed_sB	hybrid_fixed	B	9000	202	6.63558351e-04
run_hybrid_fixed_sB	hybrid_fixed	B	9000	203	-7.87474363e-05
run_hybrid_fixed_sB	hybrid_fixed	B	9000	204	6.35940915e-05
run_hybrid_fixed_sB	hybrid_fixed	B	9000	205	-7.03413809e-04
run_hybrid_fixed_sB	hybrid_fixed	B	9000	206	3.63287357e-04
run_hybrid_fixed_sB	hybrid_fixed	B	9000	207	4.94122352e-04
run_hybrid_fixed_sB	hybrid_fixed	B	9000	208	-3.55473229e-04
run_hybrid_fixed_sB	hybrid_fixed	B	9000	209	-1.97436626e-04
run_hybrid_fixed_sB	hybrid_fixed	B	9000	210	-7.97131641e-04
run_hybrid_fixed_sB	hybrid_fixed	B	9000	211	-6.11588825e-04
run_hybrid_fixed_sB	hybrid_fixed	B	9000	212	5.65922056e-05
run_hybrid_fixed_sB	hybrid_fixed	B	9000	213	1.13591303e-03
run_hybrid_fixed_sB	hybrid_fixed	B	9000	214	-9.84954312e-04
run_hybrid_fixed_sB	hybrid_fixed	B	9000	215	-3.11977638e-04
run_hybrid_fixed_sB	hybrid_fixed	B	9000	216	8.33389924e-04
run_hybrid_fixed_sB	hybrid_fixed	B	9000	217	-3.15380846e-04
run_hybrid_fixed_sB	hybrid_fixed	B	9000	218	-1.59061690e-03
run_hybrid_fixed_sB	hybrid_fixed	B	9000	219	-1.07535641e-03
run_hybrid_fixed_sB	hybrid_fixed	B	9000	220	3.42113952e-04
run_hybrid_fixed_sB	hybrid_fixed	B	9000	221	-3.37546556e-04
run_hybrid_fixed_sB	hybrid_fixed	B	9000	222	2.93715713e-04
run_hybrid_fixed_sB	hybrid_fixed	B	9000	223	4.34000735e-06
run_hybrid_fixed_sB	hybrid_fixed	B	9000	224	-5.84173650e-05
run_hybrid_fixed_sB	hybrid_fixed	B	9000	225	-4.81525676e-04
run_hybrid_fixed_sB	hybrid_fixed	B	9000	226	1.37982443e-04
run_hybrid_fixed_sB	hybrid_fixed	B	9000	227	1.09210738e-04
run_hybrid_fixed_sB	hybrid_fixed	B	9000	228	-8.39721713e-04
run_hybrid_fixed_sB	hybrid_fixed	B	9000	229	-1.02173243e-04
run_hybrid_fixed_sB	hybrid_fixed	B	9000	230	-5.61205550e-04
run_hybrid_fixed_sB	hybrid_fixed	B	9000	231	9.66697095e-04
run_hybrid_fixed_sB	hybrid_fixed	B	9000	232	-1.12748990e-03
run_hybrid_fixed_sB	hybrid_fixed	B	9000	233	-9.96757397e-04
run_hybrid_fixed_sB	hybrid_fixed	B	9000	234	-1.25130491e-03
run_hybrid_fixed_sB	hybrid_fixed	B	9000	235	2.52781315e-04
run_hybrid_fixed_sB	hybrid_fixed	B	9000	236	9.33439489e-04
run_hybrid_fixed_sB	hybrid_fixed	B	9000	237	2.96888778e-04
run_hybrid_fixed_sB	hybrid_fixed	B	9000	238	8.99459200e-04
run_hybrid_fixed_sB	hybrid_fixed	B	9000	239	-1.35765921e-04
run_hybrid_fixed_sB	hybrid_fixed	B	9000	240	-1.76677855e-05
run_hybrid_fixed_sB	hybrid_fixed	B	9000	241	-1.30870537e-04
run_hybrid_fixed_sB	hybrid_fixed	B	9000	242	6.09052451e-04
run_hybrid_fixed_sB	hybrid_fixed	B	9000	243	-1.39773162e-03
run_hybrid_fixed_sB	hybrid_fixed	B	9000	244	-1.12366979e-04
run_hybrid_fixed_sB	hybrid_fixed	B	9000	245	1.18575405e-04
run_hybrid_fixed_sB	hybrid_fixed	B	9000	246	-4.20578451e-04
run_hybrid_fixed_sB	hybrid_fixed	B	9000	247	-3.73037697e-04
run_hybrid_fixed_sB	hybrid_fixed	B	9000	248	8.11653738e-04
run_hybrid_fixed_sB	hybrid_fixed	B	9000	249	5.72768154e-04
run_hybrid_fixed_sB	hybrid_fixed	B	9000	250	3.60805988e-04
run_hybrid_fixed_sB	hybrid_fixed	B	9000	251	-2.43829671e-05
run_hybrid_fixed_sB	hybrid_fixed	B	9000	252	-2.53959300e-04
run_hybrid_fixed_sB	hybrid_fixed	B	9000	253	-9.66195555e-04
run_hybrid_fixed_sB	hybrid_fixed	B	9000	254	-9.09980061e-04
run_hybrid_fixed_sB	hybrid_fixed	B	9000	255	-5.71077184e-05
run_hybrid_fixed_sB	hybrid_fixed	B	9000	256	5.21802546e-04
run_hybrid_fixed_sB	hybrid_fixed	B	9000	257	-1.56040978e-04
run_hybrid_fixed_sB	hybrid_fixed	B	9000	258	-1.15763250e-03
run_hybrid_fixed_sB	hybrid_fixed	B	9000	259	4.49219066e-04
run_hybrid_fixed_sB	hybrid_fixed	B	9000	260	2.79755473e-04
run_hybrid_fixed_sB	hybrid_fixed	B	9000	261	-5.71425043e-04
run_hybrid_fixed_sB	hybrid_fixed	B	9000	262	-7.89128663e-04
run_hybrid_fixed_sB	hybrid_fixed	B	9000	263	-6.09830581e-04
run_hybrid_fixed_sB	hybrid_fixed	B	9000	264	3.89261048e-04
run_hybrid_fixed_sB	hybrid_fixed	B	9000	265	1.38796853e-03
run_hybrid_fixed_sB	hybrid_fixed	B	9000	266	1.10862658e-04
run_hybrid_fixed_sB	hybrid_fixed	B	9000	267	-1.32092655e-03
run_hybrid_fixed_sB	hybrid_fixed	B	9000	268	1.35998346e-03
run_hybrid_fixed_sB	hybrid_fixed	B	9000	269	6.15273470e-04
run_hybrid_fixed_sB	hybrid_fixed	B	9000	270	-3.51111115e-04
run_hybrid_fixed_sB	hybrid_fixed	B	9000	271	-4.69895809e-04
run_hybrid_fixed_sB	hybrid_fixed	B	9000	272	-3.23757223e-04
run_hybrid_fixed_sB	hybrid_fixed	B	9000	273	-3.57334316e-04
run_hybrid_fixed_sB	hybrid_fixed	B	9000	274	3.64796364e-04
run_hybrid_fixed_sB	hybrid_fixed	B	9000	275	1.33603438e-04
run_hybrid_fixed_sB	hybrid_fixed	B	9000	276	5.80043384e-04
run_hybrid_fixed_sB	hybrid_fixed	B	9000	277	-5.71579285e-04
run_hybrid_fixed_sB	hybrid_fixed	B	9000	278	8.26818288e-04
run_hybrid_fixed_sB	hybrid_fixed	B	9000	279	-6.71563290e-05
run_hybrid_fixed_sB	hybrid_fixed	B	9000	280	-1.21013687e-03
run_hybrid_fixed_sB	hybrid_fixed	B	9000	281	3.98795078e-04
run_hybrid_fixed_sB	hybrid_fixed	B	9000	282	5.20083111e-04
run_hybrid_fixed_sB	hybrid_fixed	B	9000	283	3.38043580e-04
run_hybrid_fixed_sB	hybrid_fixed	B	9000	284	5.81394509e-04
run_hybrid_fixed_sB	hybrid_fixed	B	9000	285	2.88203332e-04
run_hybrid_fixed_sB	hybrid_fixed	B	9000	286	6.09407541e-04
run_hybrid_fixed_sB	hybrid_fixed	B	9000	287	-1.03066755e-04
run_hybrid_fixed_sB	hybrid_fixed	B	9000	288	1.28175463e-04
run_hybrid_fixed_sB	hybrid_fixed	B	9000	289	-5.14773319e-04
run_hybrid_fixed_sB	hybrid_fixed	B	9000	290	4.59929625e-04
run_hybrid_fixed_sB	hybrid_fixed	B	9000	291	-2.64720184e-04
run_hybrid_fixed_sB	hybrid_fixed	B	9000	292	1.48950421e-04
run_hybrid_fixed_sB	hybrid_fixed	B	9000	293	-3.57209251e-04
run_hybrid_fixed_sB	hybrid_fixed	B	9000	294	-6.26773431e-04
run_hybrid_fixed_sB	hybrid_fixed	B	9000	295	3.50377429e-04
run_hybrid_fixed_sB	hybrid_fixed	B	9000	296	2.73407024e-04
run_hybrid_fixed_sB	hybrid_fixed	B	9000	297	3.26656399e-04
run_hybrid_fixed_sB	hybrid_fixed	B	9000	298	-1.05146369e-03
run_hybrid_fixed_sB	hybrid_fixed	B	9000	299	7.15018214e-04
run_hybrid_fixed_sB	hybrid_fixed	B	9000	300	-3.61450204e-04
run_hybrid_fixed_sB	hybrid_fixed	B	9000	301	3.76357130e-04
run_hybrid_fixed_sB	hybrid_fixed	B	9000	302	-2.61058581e-04
run_hybrid_fixed_sB	hybrid_fixed	B	9000	303	-5.38958644e-04
run_hybrid_fixed_sB	hybrid_fixed	B	9000	304	3.53802370e-04
run_hybrid_fixed_sB	hybrid_fixed	B	9000	305	-2.24924059e-03
run_hybrid_fixed_sB	hybrid_fixed	B	9000	306	-1.39665790e-03
run_hybrid_fixed_sB	hybrid_fixed	B	9000	307	2.78379345e-04
run_hybrid_fixed_sB	hybrid_fixed	B	9000	308	2.02423156e-04
run_hybrid_fixed_sB	hybrid_fixed	B	9000	309	-2.07002167e-04
run_hybrid_fixed_sB	hybrid_fixed	B	9000	310	2.20313421e-04
run_hybrid_fixed_sB	hybrid_fixed	B	9000	311	-9.34131294e-04
run_hybrid_fixed_sB	hybrid_fixed	B	9000	312	2.72365404e-04
run_hybrid_fixed_sB	hybrid_fixed	B	9000	313	-9.75339029e-04
run_hybrid_fixed_sB	hybrid_fixed	B	9000	314	4.54055033e-04
run_hybrid_fixed_sB	hybrid_fixed	B	9000	315	-6.54371807e-04
run_hybrid_fixed_sB	hybrid_fixed	B	9000	316	5.61978459e-04
run_hybrid_fixed_sB	hybrid_fixed	B	9000	317	-9.13149626e-05
run_hybrid_fixed_sB	hybrid_fixed	B	9000	318	-9.12573850e-04
run_hybrid_fixed_sB	hybrid_fixed	B	9000	319	-3.63190172e-04
run_hybrid_fixed_sB	hybrid_fixed	B	10000	0	-1.06160334e-03
run_hybrid_fixed_sB	hybrid_fixed	B	10000	1	-1.31410515e-03
run_hybrid_fixed_sB	hybrid_fixed	B	10000	2	-7.50025204e-04
run_hybrid_fixed_sB	hybrid_fixed	B	10000	3	-2.45066990e-03
run_hybrid_fixed_sB	hybrid_fixed	B	10000	4	-1.75728667e-03
run_hybrid_fixed_sB	hybrid_fixed	B	10000	5	-1.31075042e-03
run_hybrid_fixed_sB	hybrid_fixed	B	10000	6	-2.00523066e-03
run_hybrid_fixed_sB	hybrid_fixed	B	10000	7	-2.10133583e-03
run_hybrid_fixed_sB	hybrid_fixed	B	10000	8	-1.72496694e-03
run_hybrid_fixed_sB	hybrid_fixed	B	10000	9	-2.24246364e-03
run_hybrid_fixed_sB	hybrid_fixed	B	10000	10	-1.39258565e-03
run_hybrid_fixed_sB	hybrid_fixed	B	10000	11	-3.85220695e-04
run_hybrid_fixed_sB	hybrid_fixed	B	10000	12	-1.83843504e-03
run_hybrid_fixed_sB	hybrid_fixed	B	10000	13	-1.21764747e-03
run_hybrid_fixed_sB	hybrid_fixed	B	10000	14	-1.09530650e-03
run_hybrid_fixed_sB	hybrid_fixed	B	10000	15	-9.68090892e-04
run_hybrid_fixed_sB	hybrid_fixed	B	10000	16	-5.21707539e-04
run_hybrid_fixed_sB	hybrid_fixed	B	10000	17	-1.14689857e-03
run_hybrid_fixed_sB	hybrid_fixed	B	10000	18	-1.09060396e-03
run_hybrid_fixed_sB	hybrid_fixed	B	10000	19	-1.41935139e-03
run_hybrid_fixed_sB	hybrid_fixed	B	10000	20	-1.28139733e-03
run_hybrid_fixed_sB	hybrid_fixed	B	10000	21	-1.14791062e-03
run_hybrid_fixed_sB	hybrid_fixed	B	10000	22	-1.36393339e-03
run_hybrid_fixed_sB	hybrid_fixed	B	10000	23	-2.20967422e-03
run_hybrid_fixed_sB	hybrid_fixed	B	10000	24	-1.31506788e-03
run_hybrid_fixed_sB	hybrid_fixed	B	10000	25	-1.46491804e-03
run_hybrid_fixed_sB	hybrid_fixed	B	10000	26	-9.70947297e-04
run_hybrid_fixed_sB	hybrid_fixed	B	10000	27	-9.31226402e-04
run_hybrid_fixed_sB	hybrid_fixed	B	10000	28	-7.44453425e-04
run_hybrid_fixed_sB	hybrid_fixed	B	10000	29	-1.02913698e-04
run_hybrid_fixed_sB	hybrid_fixed	B	10000	30	-1.60885404e-03
run_hybrid_fixed_sB	hybrid_fixed	B	10000	31	-7.32720393e-04
run_hybrid_fixed_sB	hybrid_fixed	B	10000	32	-1.18792660e-03
run_hybrid_fixed_sB	hybrid_fixed	B	10000	33	-1.62723361e-03
run_hybrid_fixed_sB	hybrid_fixed	B	10000	34	-2.00292694e-03
run_hybrid_fixed_sB	hybrid_fixed	B	10000	35	-6.29236526e-04
run_hybrid_fixed_sB	hybrid_fixed	B	10000	36	-1.16928425e-03
run_hybrid_fixed_sB	hybrid_fixed	B	10000	37	-1.58773836e-03
run_hybrid_fixed_sB	hybrid_fixed	B	10000	38	-6.58212868e-04
run_hybrid_fixed_sB	hybrid_fixed	B	10000	39	-1.93671208e-03
run_hybrid_fixed_sB	hybrid_fixed	B	10000	40	-1.01918043e-03
run_hybrid_fixed_sB	hybrid_fixed	B	10000	41	-1.44133711e-03
run_hybrid_fixed_sB	hybrid_fixed	B	10000	42	-1.61825024e-03
run_hybrid_fixed_sB	hybrid_fixed	B	10000	43	-1.35809496e-03
run_hybrid_fixed_sB	hybrid_fixed	B	10000	44	-1.23907101e-03
run_hybrid_fixed_sB	hybrid_fixed	B	10000	45	-1.85129802e-03
run_hybrid_fixed_sB	hybrid_fixed	B	10000	46	-5.89052052e-04
run_hybrid_fixed_sB	hybrid_fixed	B	10000	47	-4.14427712e-04
run_hybrid_fixed_sB	hybrid_fixed	B	10000	48	-1.20995456e-03
run_hybrid_fixed_sB	hybrid_fixed	B	10000	49	-1.97562032e-03
run_hybrid_fixed_sB	hybrid_fixed	B	10000	50	-2.12618351e-03
run_hybrid_fixed_sB	hybrid_fixed	B	10000	51	-1.50730934e-03
run_hybrid_fixed_sB	hybrid_fixed	B	10000	52	-1.77004052e-03
run_hybrid_fixed_sB	hybrid_fixed	B	10000	53	-3.01199250e-03
run_hybrid_fixed_sB	hybrid_fixed	B	10000	54	-1.70286345e-03
run_hybrid_fixed_sB	hybrid_fixed	B	10000	55	-8.88152886e-04
run_hybrid_fixed_sB	hybrid_fixed	B	10000	56	-1.26972383e-03
run_hybrid_fixed_sB	hybrid_fixed	B	10000	57	-1.25034960e-03
run_hybrid_fixed_sB	hybrid_fixed	B	10000	58	-1.65786785e-03
run_hybrid_fixed_sB	hybrid_fixed	B	10000	59	-1.60515486e-03
run_hybrid_fixed_sB	hybrid_fixed	B	10000	60	-2.30748146e-03
run_hybrid_fixed_sB	hybrid_fixed	B	10000	61	-1.07144438e-03
run_hybrid_fixed_sB	hybrid_fixed	B	10000	62	-1.26150773e-03
run_hybrid_fixed_sB	hybrid_fixed	B	10000	63	-3.12890825e-04
run_hybrid_fixed_sB	hybrid_fixed	B	10000	64	-1.42266800e-03
run_hybrid_fixed_sB	hybrid_fixed	B	10000	65	-2.34447650e-03
run_hybrid_fixed_sB	hybrid_fixed	B	10000	66	-6.79391352e-04
run_hybrid_fixed_sB	hybrid_fixed	B	10000	67	-1.93401354e-03
run_hybrid_fixed_sB	hybrid_fixed	B	10000	68	-2.25821159e-03
run_hybrid_fixed_sB	hybrid_fixed	B	10000	69	-2.88339785e-03
run_hybrid_fixed_sB	hybrid_fixed	B	10000	70	-1.66982088e-03
run_hybrid_fixed_sB	hybrid_fixed	B	10000	71	-7.34390226e-04
run_hybrid_fixed_sB	hybrid_fixed	B	10000	72	-2.48466069e-03
run_hybrid_fixed_sB	hybrid_fixed	B	10000	73	-2.18716799e-03
run_hybrid_fixed_sB	hybrid_fixed	B	10000	74	-7.06710888e-04
run_hybrid_fixed_sB	hybrid_fixed	B	10000	75	-1.44543639e-04
run_hybrid_fixed_sB	hybrid_fixed	B	10000	76	-6.55825634e-04
run_hybrid_fixed_sB	hybrid_fixed	B	10000	77	-1.14034595e-03
run_hybrid_fixed_sB	hybrid_fixed	B	10000	78	-8.34859896e-04
run_hybrid_fixed_sB	hybrid_fixed	B	10000	79	-1.73907184e-03
run_hybrid_fixed_sB	hybrid_fixed	B	10000	80	-1.71425949e-03
run_hybrid_fixed_sB	hybrid_fixed	B	10000	81	-9.01136531e-04
run_hybrid_fixed_sB	hybrid_fixed	B	10000	82	-8.58545092e-04
run_hybrid_fixed_sB	hybrid_fixed	B	10000	83	-1.23734103e-03
run_hybrid_fixed_sB	hybrid_fixed	B	10000	84	-1.37020450e-03
run_hybrid_fixed_sB	hybrid_fixed	B	10000	85	-1.82168619e-03
run_hybrid_fixed_sB	hybrid_fixed	B	10000	86	5.54718315e-05
run_hybrid_fixed_sB	hybrid_fixed	B	10000	87	-2.19519722e-03
run_hybrid_fixed_sB	hybrid_fixed	B	10000	88	-1.23416836e-03
run_hybrid_fixed_sB	hybrid_fixed	B	10000	89	-4.51560301e-04
run_hybrid_fixed_sB	hybrid_fixed	B	10000	90	-5.50229421e-04
run_hybrid_fixed_sB	hybrid_fixed	B	10000	91	-1.44159503e-03
run_hybrid_fixed_sB	hybrid_fixed	B	10000	92	-2.69894191e-03
run_hybrid_fixed_sB	hybrid_fixed	B	10000	93	-1.24321916e-03
run_hybrid_fixed_sB	hybrid_fixed	B	10000	94	-9.12593293e-04
run_hybrid_fixed_sB	hybrid_fixed	B	10000	95	-1.35802176e-03
run_hybrid_fixed_sB	hybrid_fixed	B	10000	96	-2.10077523e-03
run_hybrid_fixed_sB	hybrid_fixed	B	10000	97	-3.34531017e-03
run_hybrid_fixed_sB	hybrid_fixed	B	10000	98	-8.26792750e-04
run_hybrid_fixed_sB	hybrid_fixed	B	10000	99	-1.03942145e-03
run_hybrid_fixed_sB	hybrid_fixed	B	10000	100	-2.06121997e-03
run_hybrid_fixed_sB	hybrid_fixed	B	10000	101	-1.05597855e-03
run_hybrid_fixed_sB	hybrid_fixed	B	10000	102	-1.78350610e-03
run_hybrid_fixed_sB	hybrid_fixed	B	10000	103	7.36902237e-05
run_hybrid_fixed_sB	hybrid_fixed	B	10000	104	-1.52854281e-03
run_hybrid_fixed_sB	hybrid_fixed	B	10000	105	-8.79875935e-04
run_hybrid_fixed_sB	hybrid_fixed	B	10000	106	-2.51354672e-04
run_hybrid_fixed_sB	hybrid_fixed	B	10000	107	-1.13385145e-03
run_hybrid_fixed_sB	hybrid_fixed	B	10000	108	-1.19721056e-03
run_hybrid_fixed_sB	hybrid_fixed	B	10000	109	-1.29368653e-03
run_hybrid_fixed_sB	hybrid_fixed	B	10000	110	-1.61645462e-03
run_hybrid_fixed_sB	hybrid_fixed	B	10000	111	-1.57800919e-03
run_hybrid_fixed_sB	hybrid_fixed	B	10000	112	-2.34652486e-03
run_hybrid_fixed_sB	hybrid_fixed	B	10000	113	-1.88715728e-03
run_hybrid_fixed_sB	hybrid_fixed	B	10000	114	-1.17880169e-03
run_hybrid_fixed_sB	hybrid_fixed	B	10000	115	-1.10452774e-03
run_hybrid_fixed_sB	hybrid_fixed	B	10000	116	-7.33554777e-04
run_hybrid_fixed_sB	hybrid_fixed	B	10000	117	-1.37872377e-03
run_hybrid_fixed_sB	hybrid_fixed	B	10000	118	-1.17119115e-03
run_hybrid_fixed_sB	hybrid_fixed	B	10000	119	-9.85791846e-04
run_hybrid_fixed_sB	hybrid_fixed	B	10000	120	-1.97473630e-03
run_hybrid_fixed_sB	hybrid_fixed	B	10000	121	-2.20029222e-04
run_hybrid_fixed_sB	hybrid_fixed	B	10000	122	-1.93935623e-03
run_hybrid_fixed_sB	hybrid_fixed	B	10000	123	-1.12953130e-03
run_hybrid_fixed_sB	hybrid_fixed	B	10000	124	-1.88423211e-03
run_hybrid_fixed_sB	hybrid_fixed	B	10000	125	-1.42837751e-03
run_hybrid_fixed_sB	hybrid_fixed	B	10000	126	-4.94082636e-04
run_hybrid_fixed_sB	hybrid_fixed	B	10000	127	-4.10177392e-04
run_hybrid_fixed_sB	hybrid_fixed	B	10000	128	-1.35936743e-03
run_hybrid_fixed_sB	hybrid_fixed	B	10000	129	-7.79217574e-04
run_hybrid_fixed_sB	hybrid_fixed	B	10000	130	-2.44472532e-03
run_hybrid_fixed_sB	hybrid_fixed	B	10000	131	-1.62052634e-03
run_hybrid_fixed_sB	hybrid_fixed	B	10000	132	-1.51258661e-03
run_hybrid_fixed_sB	hybrid_fixed	B	10000	133	-2.89231487e-03
run_hybrid_fixed_sB	hybrid_fixed	B	10000	134	-2.19609536e-03
run_hybrid_fixed_sB	hybrid_fixed	B	10000	135	-2.08437364e-03
run_hybrid_fixed_sB	hybrid_fixed	B	10000	136	-2.41940563e-03
run_hybrid_fixed_sB	hybrid_fixed	B	10000	137	-2.42962475e-04
run_hybrid_fixed_sB	hybrid_fixed	B	10000	138	-1.61113604e-03
run_hybrid_fixed_sB	hybrid_fixed	B	10000	139	-1.84344499e-03
run_hybrid_fixed_sB	hybrid_fixed	B	10000	140	-1.11354107e-03
run_hybrid_fixed_sB	hybrid_fixed	B	10000	141	-2.66559267e-04
run_hybrid_fixed_sB	hybrid_fixed	B	10000	142	-1.21734127e-03
run_hybrid_fixed_sB	hybrid_fixed	B	10000	143	-1.21915831e-03
run_hybrid_fixed_sB	hybrid_fixed	B	10000	144	-2.38246138e-03
run_hybrid_fixed_sB	hybrid_fixed	B	10000	145	-1.80324671e-04
run_hybrid_fixed_sB	hybrid_fixed	B	10000	146	-1.64199017e-03
run_hybrid_fixed_sB	hybrid_fixed	B	10000	147	-7.74828744e-04
run_hybrid_fixed_sB	hybrid_fixed	B	10000	148	-1.48957380e-03
run_hybrid_fixed_sB	hybrid_fixed	B	10000	149	-1.28058904e-03
run_hybrid_fixed_sB	hybrid_fixed	B	10000	150	-1.82049793e-03
run_hybrid_fixed_sB	hybrid_fixed	B	10000	151	-9.84804341e-04
run_hybrid_fixed_sB	hybrid_fixed	B	10000	152	-1.41264455e-03
run_hybrid_fixed_sB	hybrid_fixed	B	10000	153	-1.39061616e-03
run_hybrid_fixed_sB	hybrid_fixed	B	10000	154	-1.03861003e-03
run_hybrid_fixed_sB	hybrid_fixed	B	10000	155	-1.22571518e-03
run_hybrid_fixed_sB	hybrid_fixed	B	10000	156	-6.32829908e-04
run_hybrid_fixed_sB	hybrid_fixed	B	10000	157	-1.16159820e-03
run_hybrid_fixed_sB	hybrid_fixed	B	10000	158	-1.04036030e-03
run_hybrid_fixed_sB	hybrid_fixed	B	10000	159	-2.02802344e-03
run_hybrid_fixed_sB	hybrid_fixed	B	10000	160	-8.73067993e-04
run_hybrid_fixed_sB	hybrid_fixed	B	10000	161	-1.20501111e-03
run_hybrid_fixed_sB	hybrid_fixed	B	10000	162	-1.03544082e-03
run_hybrid_fixed_sB	hybrid_fixed	B	10000	163	-2.09398584e-03
run_hybrid_fixed_sB	hybrid_fixed	B	10000	164	-8.51181160e-04
run_hybrid_fixed_sB	hybrid_fixed	B	10000	165	-2.37032091e-03
run_hybrid_fixed_sB	hybrid_fixed	B	10000	166	-1.55298205e-03
run_hybrid_fixed_sB	hybrid_fixed	B	10000	167	-1.07012304e-04
run_hybrid_fixed_sB	hybrid_fixed	B	10000	168	-9.88941571e-04
run_hybrid_fixed_sB	hybrid_fixed	B	10000	169	-2.33032497e-03
run_hybrid_fixed_sB	hybrid_fixed	B	10000	170	-7.30483507e-04
run_hybrid_fixed_sB	hybrid_fixed	B	10000	171	-8.45412356e-04
run_hybrid_fixed_sB	hybrid_fixed	B	10000	172	-1.30763202e-03
run_hybrid_fixed_sB	hybrid_fixed	B	10000	173	-1.67355902e-03
run_hybrid_fixed_sB	hybrid_fixed	B	10000	174	-2.03918959e-03
run_hybrid_fixed_sB	hybrid_fixed	B	10000	175	-2.62256150e-03
run_hybrid_fixed_sB	hybrid_fixed	B	10000	176	-1.55897003e-03
run_hybrid_fixed_sB	hybrid_fixed	B	10000	177	-1.04987201e-03
run_hybrid_fixed_sB	hybrid_fixed	B	10000	178	-2.19535409e-04
run_hybrid_fixed_sB	hybrid_fixed	B	10000	179	-3.71318909e-03
run_hybrid_fixed_sB	hybrid_fixed	B	10000	180	-1.17421036e-03
run_hybrid_fixed_sB	hybrid_fixed	B	10000	181	-2.09930899e-03
run_hybrid_fixed_sB	hybrid_fixed	B	10000	182	-2.82564433e-03
run_hybrid_fixed_sB	hybrid_fixed	B	10000	183	-4.89666971e-04
run_hybrid_fixed_sB	hybrid_fixed	B	10000	184	-9.57457090e-04
run_hybrid_fixed_sB	hybrid_fixed	B	10000	185	-5.52605938e-04
run_hybrid_fixed_sB	hybrid_fixed	B	10000	186	-1.18541717e-03
run_hybrid_fixed_sB	hybrid_fixed	B	10000	187	-1.69916893e-03
run_hybrid_fixed_sB	hybrid_fixed	B	10000	188	-1.07811943e-03
run_hybrid_fixed_sB	hybrid_fixed	B	10000	189	-2.23231724e-03
run_hybrid_fixed_sB	hybrid_fixed	B	10000	190	-1.41793737e-03
run_hybrid_fixed_sB	hybrid_fixed	B	10000	191	-7.69264223e-04
run_hybrid_fixed_sB	hybrid_fixed	B	10000	192	-1.57001696e-03
run_hybrid_fixed_sB	hybrid_fixed	B	10000	193	-1.10447031e-03
run_hybrid_fixed_sB	hybrid_fixed	B	10000	194	-1.03418405e-03
run_hybrid_fixed_sB	hybrid_fixed	B	10000	195	-2.25709035e-03
run_hybrid_fixed_sB	hybrid_fixed	B	10000	196	-7.02734376e-04
run_hybrid_fixed_sB	hybrid_fixed	B	10000	197	-1.93735890e-03
run_hybrid_fixed_sB	hybrid_fixed	B	10000	198	-8.67282785e-04
run_hybrid_fixed_sB	hybrid_fixed	B	10000	199	-9.91037904e-04
run_hybrid_fixed_sB	hybrid_fixed	B	10000	200	-1.22284304e-03
run_hybrid_fixed_sB	hybrid_fixed	B	10000	201	-1.07998848e-03
run_hybrid_fixed_sB	hybrid_fixed	B	10000	202	-3.68076029e-04
run_hybrid_fixed_sB	hybrid_fixed	B	10000	203	-1.18028294e-03
run_hybrid_fixed_sB	hybrid_fixed	B	10000	204	-1.08525950e-03
run_hybrid_fixed_sB	hybrid_fixed	B	10000	205	-1.82922879e-03
run_hybrid_fixed_sB	hybrid_fixed	B	10000	206	-7.55802166e-04
run_hybrid_fixed_sB	hybrid_fixed	B	10000	207	-6.86189689e-04
run_hybrid_fixed_sB	hybrid_fixed	B	10000	208	-1.49505838e-03
run_hybrid_fixed_sB	hybrid_fixed	B	10000	209	-1.33167730e-03
run_hybrid_fixed_sB	hybrid_fixed	B	10000	210	-1.92242290e-03
run_hybrid_fixed_sB	hybrid_fixed	B	10000	211	-1.77498402e-03
run_hybrid_fixed_sB	hybrid_fixed	B	10000	212	-1.06678595e-03
run_hybrid_fixed_sB	hybrid_fixed	B	10000	213	3.58252509e-05
run_hybrid_fixed_sB	hybrid_fixed	B	10000	214	-2.19645095e-03
run_hybrid_fixed_sB	hybrid_fixed	B	10000	215	-1.47154555e-03
run_hybrid_fixed_sB	hybrid_fixed	B	10000	216	-3.89771228e-04
run_hybrid_fixed_sB	hybrid_fixed	B	10000	217	-1.41488851e-03
run_hybrid_fixed_sB	hybrid_fixed	B	10000	218	-2.80262396e-03
run_hybrid_fixed_sB	hybrid_fixed	B	10000	219	-2.20911791e-03
run_hybrid_fixed_sB	hybrid_fixed	B	10000	220	-8.29663107e-04
run_hybrid_fixed_sB	hybrid_fixed	B	10000	221	-1.40759678e-03
run_hybrid_fixed_sB	hybrid_fixed	B	10000	222	-8.52070128e-04
run_hybrid_fixed_sB	hybrid_fixed	B	10000	223	-1.15238214e-03
run_hybrid_fixed_sB	hybrid_fixed	B	10000	224	-1.22235462e-03
run_hybrid_fixed_sB	hybrid_fixed	B	10000	225	-1.63229794e-03
run_hybrid_fixed_sB	hybrid_fixed	B	10000	226	-1.03715270e-03
run_hybrid_fixed_sB	hybrid_fixed	B	10000	227	-1.03957587e-03
run_hybrid_fixed_sB	hybrid_fixed	B	10000	228	-2.06795829e-03
run_hybrid_fixed_sB	hybrid_fixed	B	10000	229	-1.20654819e-03
run_hybrid_fixed_sB	hybrid_fixed	B	10000	230	-1.69583559e-03
run_hybrid_fixed_sB	hybrid_fixed	B	10000	231	-1.60488399e-04
run_hybrid_fixed_sB	hybrid_fixed	B	10000	232	-2.33888930e-03
run_hybrid_fixed_sB	hybrid_fixed	B	10000	233	-2.20775240e-03
run_hybrid_fixed_sB	hybrid_fixed	B	10000	234	-2.33820194e-03
run_hybrid_fixed_sB	hybrid_fixed	B	10000	235	-8.54617452e-04
run_hybrid_fixed_sB	hybrid_fixed	B	10000	236	-1.86547063e-04
run_hybrid_fixed_sB	hybrid_fixed	B	10000	237	-8.95709864e-04
run_hybrid_fixed_sB	hybrid_fixed	B	10000	238	-2.51299854e-04
run_hybrid_fixed_sB	hybrid_fixed	B	10000	239	-1.26102511e-03
run_hybrid_fixed_sB	hybrid_fixed	B	10000	240	-1.16233678e-03
run_hybrid_fixed_sB	hybrid_fixed	B	10000	241	-1.26071167e-03
run_hybrid_fixed_sB	hybrid_fixed	B	10000	242	-5.48479856e-04
run_hybrid_fixed_sB	hybrid_fixed	B	10000	243	-2.57571104e-03
run_hybrid_fixed_sB	hybrid_fixed	B	10000	244	-1.20175457e-03
run_hybrid_fixed_sB	hybrid_fixed	B	10000	245	-1.09014322e-03
run_hybrid_fixed_sB	hybrid_fixed	B	10000	246	-1.64611037e-03
run_hybrid_fixed_sB	hybrid_fixed	B	10000	247	-1.51770123e-03
run_hybrid_fixed_sB	hybrid_fixed	B	10000	248	-3.50522649e-04
run_hybrid_fixed_sB	hybrid_fixed	B	10000	249	-5.76722125e-04
run_hybrid_fixed_sB	hybrid_fixed	B	10000	250	-7.68728240e-04
run_hybrid_fixed_sB	hybrid_fixed	B	10000	251	-1.25776517e-03
run_hybrid_fixed_sB	hybrid_fixed	B	10000	252	-1.44665563e-03
run_hybrid_fixed_sB	hybrid_fixed	B	10000	253	-2.17623530e-03
run_hybrid_fixed_sB	hybrid_fixed	B	10000	254	-2.04851100e-03
run_hybrid_fixed_sB	hybrid_fixed	B	10000	255	-1.22608980e-03
run_hybrid_fixed_sB	hybrid_fixed	B	10000	256	-6.47885891e-04
run_hybrid_fixed_sB	hybrid_fixed	B	10000	257	-1.30089999e-03
run_hybrid_fixed_sB	hybrid_fixed	B	10000	258	-2.26990971e-03
run_hybrid_fixed_sB	hybrid_fixed	B	10000	259	-7.19610569e-04
run_hybrid_fixed_sB	hybrid_fixed	B	10000	260	-8.46902164e-04
run_hybrid_fixed_sB	hybrid_fixed	B	10000	261	-1.75166731e-03
run_hybrid_fixed_sB	hybrid_fixed	B	10000	262	-1.94328427e-03
run_hybrid_fixed_sB	hybrid_fixed	B	10000	263	-1.83008235e-03
run_hybrid_fixed_sB	hybrid_fixed	B	10000	264	-7.93233896e-04
run_hybrid_fixed_sB	hybrid_fixed	B	10000	265	3.38587636e-04
run_hybrid_fixed_sB	hybrid_fixed	B	10000	266	-1.01903920e-03
run_hybrid_fixed_sB	hybrid_fixed	B	10000	267	-2.45254406e-03
run_hybrid_fixed_sB	hybrid_fixed	B	10000	268	2.21958424e-04
run_hybrid_fixed_sB	hybrid_fixed	B	10000	269	-5.00943680e-04
run_hybrid_fixed_sB	hybrid_fixed	B	10000	270	-1.60579807e-03
run_hybrid_fixed_sB	hybrid_fixed	B	10000	271	-1.56491817e-03
run_hybrid_fixed_sB	hybrid_fixed	B	10000	272	-1.42851474e-03
run_hybrid_fixed_sB	hybrid_fixed	B	10000	273	-1.54815562e-03
run_hybrid_fixed_sB	hybrid_fixed	B	10000	274	-7.91826173e-04
run_hybrid_fixed_sB	hybrid_fixed	B	10000	275	-1.00520140e-03
run_hybrid_fixed_sB	hybrid_fixed	B	10000	276	-5.86154235e-04
run_hybrid_fixed_sB	hybrid_fixed	B	10000	277	-1.68708689e-03
run_hybrid_fixed_sB	hybrid_fixed	B	10000	278	-3.92718224e-04
run_hybrid_fixed_sB	hybrid_fixed	B	10000	279	-1.20915700e-03
run_hybrid_fixed_sB	hybrid_fixed	B	10000	280	-2.36880847e-03
run_hybrid_fixed_sB	hybrid_fixed	B	10000	281	-6.81374845e-04
run_hybrid_fixed_sB	hybrid_fixed	B	10000	282	-6.39925800e-04
run_hybrid_fixed_sB	hybrid_fixed	B	10000	283	-8.89635413e-04
run_hybrid_fixed_sB	hybrid_fixed	B	10000	284	-6.12683297e-04
run_hybrid_fixed_sB	hybrid_fixed	B	10000	285	-8.75370382e-04
run_hybrid_fixed_sB	hybrid_fixed	B	10000	286	-6.40602912e-04
run_hybrid_fixed_sB	hybrid_fixed	B	10000	287	-1.21615522e-03
run_hybrid_fixed_sB	hybrid_fixed	B	10000	288	-9.97054292e-04
run_hybrid_fixed_sB	hybrid_fixed	B	10000	289	-1.70341432e-03
run_hybrid_fixed_sB	hybrid_fixed	B	10000	290	-7.25493130e-04
run_hybrid_fixed_sB	hybrid_fixed	B	10000	291	-1.47290024e-03
run_hybrid_fixed_sB	hybrid_fixed	B	10000	292	-9.38230358e-04
run_hybrid_fixed_sB	hybrid_fixed	B	10000	293	-1.40057286e-03
run_hybrid_fixed_sB	hybrid_fixed	B	10000	294	-1.76132948e-03
run_hybrid_fixed_sB	hybrid_fixed	B	10000	295	-7.76047567e-04
run_hybrid_fixed_sB	hybrid_fixed	B	10000	296	-8.60789688e-04
run_hybrid_fixed_sB	hybrid_fixed	B	10000	297	-7.47608197e-04
run_hybrid_fixed_sB	hybrid_fixed	B	10000	298	-2.14849232e-03
run_hybrid_fixed_sB	hybrid_fixed	B	10000	299	-4.22342560e-04
run_hybrid_fixed_sB	hybrid_fixed	B	10000	300	-1.56762893e-03
run_hybrid_fixed_sB	hybrid_fixed	B	10000	301	-8.15635110e-04
run_hybrid_fixed_sB	hybrid_fixed	B	10000	302	-1.44497529e-03
run_hybrid_fixed_sB	hybrid_fixed	B	10000	303	-1.65108156e-03
run_hybrid_fixed_sB	hybrid_fixed	B	10000	304	-7.46504668e-04
run_hybrid_fixed_sB	hybrid_fixed	B	10000	305	-3.46722724e-03
run_hybrid_fixed_sB	hybrid_fixed	B	10000	306	-2.55068741e-03
run_hybrid_fixed_sB	hybrid_fixed	B	10000	307	-8.52644091e-04
run_hybrid_fixed_sB	hybrid_fixed	B	10000	308	-9.71275310e-04
run_hybrid_fixed_sB	hybrid_fixed	B	10000	309	-1.34373048e-03
run_hybrid_fixed_sB	hybrid_fixed	B	10000	310	-9.13354057e-04
run_hybrid_fixed_sB	hybrid_fixed	B	10000	311	-1.98984302e-03
run_hybrid_fixed_sB	hybrid_fixed	B	10000	312	-8.19620226e-04
run_hybrid_fixed_sB	hybrid_fixed	B	10000	313	-2.13741640e-03
run_hybrid_fixed_sB	hybrid_fixed	B	10000	314	-7.35698835e-04
run_hybrid_fixed_sB	hybrid_fixed	B	10000	315	-1.75517639e-03
run_hybrid_fixed_sB	hybrid_fixed	B	10000	316	-6.15879951e-04
run_hybrid_fixed_sB	hybrid_fixed	B	10000	317	-1.20722705e-03
run_hybrid_fixed_sB	hybrid_fixed	B	10000	318	-2.07098093e-03
run_hybrid_fixed_sB	hybrid_fixed	B	10000	319	-1.47761332e-03
run_ordinary_sB	ordinary	B	8000	0	9.68325063e-04
run_ordinary_sB	ordinary	B	8000	1	-1.48706467e-05
run_ordinary_sB	ordinary	B	8000	2	8.16829389e-04
run_ordinary_sB	ordinary	B	8000	3	-1.18158245e-03
run_ordinary_sB	ordinary	B	8000	4	2.74771764e-04
run_ordinary_sB	ordinary	B	8000	5	2.44114348e-04
run_ordinary_sB	ordinary	B	8000	6	-1.68426559e-04
run_ordinary_sB	ordinary	B	8000	7	-7.65939706e-04
run_ordinary_sB	ordinary	B	8000	8	-2.01009456e-04
run_ordinary_sB	ordinary	B	8000	9	4.30064396e-04
run_ordinary_sB	ordinary	B	8000	10	-1.10925140e-04
run_ordinary_sB	ordinary	B	8000	11	2.06990291e-03
run_ordinary_sB	ordinary	B	8000	12	1.23342560e-04
run_ordinary_sB	ordinary	B	8000	13	2.57004488e-04
run_ordinary_sB	ordinary	B	8000	14	2.38650837e-04
run_ordinary_sB	ordinary	B	8000	15	6.36275017e-04
run_ordinary_sB	ordinary	B	8000	16	5.31406797e-04
run_ordinary_sB	ordinary	B	8000	17	1.13914718e-03
run_ordinary_sB	ordinary	B	8000	18	7.31801862e-04
run_ordinary_sB	ordinary	B	8000	19	1.33074645e-03
run_ordinary_sB	ordinary	B	8000	20	1.26774265e-03
run_ordinary_sB	ordinary	B	8000	21	1.96153738e-03
run_ordinary_sB	ordinary	B	8000	22	-7.53432262e-04
run_ordinary_sB	ordinary	B	8000	23	-8.58468734e-04
run_ordinary_sB	ordinary	B	8000	24	6.84233430e-04
run_ordinary_sB	ordinary	B	8000	25	8.04626195e-04
run_ordinary_sB	ordinary	B	8000	26	-6.36682324e-05
run_ordinary_sB	ordinary	B	8000	27	4.20935539e-04
run_ordinary_sB	ordinary	B	8000	28	8.96446013e-04
run_ordinary_sB	ordinary	B	8000	29	1.46348522e-03
run_ordinary_sB	ordinary	B	8000	30	-7.71196071e-04
run_ordinary_sB	ordinary	B	8000	31	1.81204803e-03
run_ordinary_sB	ordinary	B	8000	32	2.67185366e-04
run_ordinary_sB	ordinary	B	8000	33	-1.43440595e-04
run_ordinary_sB	ordinary	B	8000	34	-2.45254372e-04
run_ordinary_sB	ordinary	B	8000	35	9.10214127e-04
run_ordinary_sB	ordinary	B	8000	36	5.53697894e-04
run_ordinary_sB	ordinary	B	8000	37	1.57230793e-03
run_ordinary_sB	ordinary	B	8000	38	1.03018086e-03
run_ordinary_sB	ordinary	B	8000	39	-4.51041240e-04
run_ordinary_sB	ordinary	B	8000	40	3.70114911e-04
run_ordinary_sB	ordinary	B	8000	41	-7.27455642e-04
run_ordinary_sB	ordinary	B	8000	42	2.13201977e-04
run_ordinary_sB	ordinary	B	8000	43	2.93461699e-05
run_ordinary_sB	ordinary	B	8000	44	5.30613555e-04
run_ordinary_sB	ordinary	B	8000	45	-1.14839871e-03
run_ordinary_sB	ordinary	B	8000	46	1.67858672e-03
run_ordinary_sB	ordinary	B	8000	47	1.83910349e-03
run_ordinary_sB	ordinary	B	8000	48	1.52657353e-04
run_ordinary_sB	ordinary	B	8000	49	5.02319431e-04
run_ordinary_sB	ordinary	B	8000	50	2.96953305e-05
run_ordinary_sB	ordinary	B	8000	51	2.00846002e-04
run_ordinary_sB	ordinary	B	8000	52	-1.76459892e-04
run_ordinary_sB	ordinary	B	8000	53	-1.22487953e-03
run_ordinary_sB	ordinary	B	8000	54	2.72853534e-04
run_ordinary_sB	ordinary	B	8000	55	-2.40209076e-04
run_ordinary_sB	ordinary	B	8000	56	8.62550350e-04
run_ordinary_sB	ordinary	B	8000	57	1.32078067e-03
run_ordinary_sB	ordinary	B	8000	58	5.95745620e-04
run_ordinary_sB	ordinary	B	8000	59	2.53132749e-04
run_ordinary_sB	ordinary	B	8000	60	2.38958854e-04
run_ordinary_sB	ordinary	B	8000	61	1.15393705e-03
run_ordinary_sB	ordinary	B	8000	62	1.64244790e-04
run_ordinary_sB	ordinary	B	8000	63	1.74619373e-03
run_ordinary_sB	ordinary	B	8000	64	9.85281780e-04
run_ordinary_sB	ordinary	B	8000	65	1.44710707e-04
run_ordinary_sB	ordinary	B	8000	66	1.05364677e-04
run_ordinary_sB	ordinary	B	8000	67	-5.20415724e-04
run_ordinary_sB	ordinary	B	8000	68	4.57535216e-04
run_ordinary_sB	ordinary	B	8000	69	-6.21664501e-04
run_ordinary_sB	ordinary	B	8000	70	1.85444051e-04
run_ordinary_sB	ordinary	B	8000	71	3.90825611e-04
run_ordinary_sB	ordinary	B	8000	72	6.42159141e-04
run_ordinary_sB	ordinary	B	8000	73	-4.00813850e-04
run_ordinary_sB	ordinary	B	8000	74	7.10404286e-04
run_ordinary_sB	ordinary	B	8000	75	1.08162741e-03
run_ordinary_sB	ordinary	B	8000	76	1.03263295e-03
run_ordinary_sB	ordinary	B	8000	77	9.20300609e-05
run_ordinary_sB	ordinary	B	8000	78	1.06557281e-03
run_ordinary_sB	ordinary	B	8000	79	7.80285563e-04
run_ordinary_sB	ordinary	B	8000	80	5.54886275e-04
run_ordinary_sB	ordinary	B	8000	81	4.19503384e-04
run_ordinary_sB	ordinary	B	8000	82	7.10237281e-04
run_ordinary_sB	ordinary	B	8000	83	1.00158616e-03
run_ordinary_sB	ordinary	B	8000	84	5.07094801e-04
run_ordinary_sB	ordinary	B	8000	85	9.96926442e-05
run_ordinary_sB	ordinary	B	8000	86	1.68195174e-03
run_ordinary_sB	ordinary	B	8000	87	-2.65859131e-04
run_ordinary_sB	ordinary	B	8000	88	-3.48235876e-04
run_ordinary_sB	ordinary	B	8000	89	8.02215966e-04
run_ordinary_sB	ordinary	B	8000	90	3.26000001e-04
run_ordinary_sB	ordinary	B	8000	91	6.16407719e-04
run_ordinary_sB	ordinary	B	8000	92	-7.72259501e-04
run_ordinary_sB	ordinary	B	8000	93	5.52363336e-04
run_ordinary_sB	ordinary	B	8000	94	2.10301743e-04
run_ordinary_sB	ordinary	B	8000	95	-4.05750403e-04
run_ordinary_sB	ordinary	B	8000	96	-4.99349522e-04
run_ordinary_sB	ordinary	B	8000	97	-2.07818290e-03
run_ordinary_sB	ordinary	B	8000	98	4.45899901e-05
run_ordinary_sB	ordinary	B	8000	99	5.80605213e-04
run_ordinary_sB	ordinary	B	8000	100	-5.05811319e-04
run_ordinary_sB	ordinary	B	8000	101	1.07796713e-03
run_ordinary_sB	ordinary	B	8000	102	-6.70194223e-04
run_ordinary_sB	ordinary	B	8000	103	2.08981322e-03
run_ordinary_sB	ordinary	B	8000	104	-5.04961163e-04
run_ordinary_sB	ordinary	B	8000	105	1.22293604e-03
run_ordinary_sB	ordinary	B	8000	106	1.95241485e-03
run_ordinary_sB	ordinary	B	8000	107	2.20959844e-04
run_ordinary_sB	ordinary	B	8000	108	8.22301254e-04
run_ordinary_sB	ordinary	B	8000	109	1.32505994e-03
run_ordinary_sB	ordinary	B	8000	110	7.00177872e-04
run_ordinary_sB	ordinary	B	8000	111	8.64560735e-04
run_ordinary_sB	ordinary	B	8000	112	-3.32047011e-04
run_ordinary_sB	ordinary	B	8000	113	3.39295049e-04
run_ordinary_sB	ordinary	B	8000	114	-4.85618592e-04
run_ordinary_sB	ordinary	B	8000	115	2.00346706e-03
run_ordinary_sB	ordinary	B	8000	116	2.15434298e-04
run_ordinary_sB	ordinary	B	8000	117	4.98476189e-04
run_ordinary_sB	ordinary	B	8000	118	6.67172655e-04
run_ordinary_sB	ordinary	B	8000	119	2.35776572e-04
run_ordinary_sB	ordinary	B	8000	120	-1.07794817e-04
run_ordinary_sB	ordinary	B	8000	121	1.88764922e-03
run_ordinary_sB	ordinary	B	8000	122	1.00588783e-03
run_ordinary_sB	ordinary	B	8000	123	9.41654580e-04
run_ordinary_sB	ordinary	B	8000	124	5.60532607e-05
run_ordinary_sB	ordinary	B	8000	125	1.11443734e-03
run_ordinary_sB	ordinary	B	8000	126	1.38840252e-03
run_ordinary_sB	ordinary	B	8000	127	2.18577152e-03
run_ordinary_sB	ordinary	B	8000	128	1.06874393e-03
run_ordinary_sB	ordinary	B	8000	129	1.46901802e-03
run_ordinary_sB	ordinary	B	8000	130	-5.20529134e-04
run_ordinary_sB	ordinary	B	8000	131	-2.21005646e-04
run_ordinary_sB	ordinary	B	8000	132	-5.88398973e-04
run_ordinary_sB	ordinary	B	8000	133	5.57064540e-05
run_ordinary_sB	ordinary	B	8000	134	-7.90390093e-04
run_ordinary_sB	ordinary	B	8000	135	-6.31061933e-05
run_ordinary_sB	ordinary	B	8000	136	-5.52924838e-04
run_ordinary_sB	ordinary	B	8000	137	2.26387412e-03
run_ordinary_sB	ordinary	B	8000	138	4.36592400e-04
run_ordinary_sB	ordinary	B	8000	139	-4.63117874e-04
run_ordinary_sB	ordinary	B	8000	140	9.41722281e-04
run_ordinary_sB	ordinary	B	8000	141	1.54909494e-03
run_ordinary_sB	ordinary	B	8000	142	1.74119527e-03
run_ordinary_sB	ordinary	B	8000	143	1.47584468e-03
run_ordinary_sB	ordinary	B	8000	144	-7.55387628e-04
run_ordinary_sB	ordinary	B	8000	145	1.17460653e-03
run_ordinary_sB	ordinary	B	8000	146	4.71256224e-04
run_ordinary_sB	ordinary	B	8000	147	1.18077455e-03
run_ordinary_sB	ordinary	B	8000	148	3.44129638e-04
run_ordinary_sB	ordinary	B	8000	149	6.10206871e-04
run_ordinary_sB	ordinary	B	8000	150	8.85642783e-04
run_ordinary_sB	ordinary	B	8000	151	8.77960250e-04
run_ordinary_sB	ordinary	B	8000	152	2.52463837e-04
run_ordinary_sB	ordinary	B	8000	153	-6.57365103e-04
run_ordinary_sB	ordinary	B	8000	154	-3.65828087e-04
run_ordinary_sB	ordinary	B	8000	155	1.20904640e-03
run_ordinary_sB	ordinary	B	8000	156	1.62258611e-03
run_ordinary_sB	ordinary	B	8000	157	1.24225272e-03
run_ordinary_sB	ordinary	B	8000	158	3.45727390e-04
run_ordinary_sB	ordinary	B	8000	159	-6.34388992e-04
run_ordinary_sB	ordinary	B	8000	160	1.44424232e-03
run_ordinary_sB	ordinary	B	8000	161	5.15717451e-04
run_ordinary_sB	ordinary	B	8000	162	5.60931758e-04
run_ordinary_sB	ordinary	B	8000	163	5.02663378e-05
run_ordinary_sB	ordinary	B	8000	164	7.60478875e-04
run_ordinary_sB	ordinary	B	8000	165	-5.00368927e-04
run_ordinary_sB	ordinary	B	8000	166	3.89711260e-04
run_ordinary_sB	ordinary	B	8000	167	1.52978618e-03
run_ordinary_sB	ordinary	B	8000	168	1.78546093e-04
run_ordinary_sB	ordinary	B	8000	169	-7.20380081e-04
run_ordinary_sB	ordinary	B	8000	170	9.72203773e-04
run_ordinary_sB	ordinary	B	8000	171	1.33556564e-03
run_ordinary_sB	ordinary	B	8000	172	2.68415935e-04
run_ordinary_sB	ordinary	B	8000	173	-7.32324612e-04
run_ordinary_sB	ordinary	B	8000	174	-5.01747754e-04
run_ordinary_sB	ordinary	B	8000	175	-8.30447065e-04
run_ordinary_sB	ordinary	B	8000	176	9.87567761e-05
run_ordinary_sB	ordinary	B	8000	177	4.62878399e-04
run_ordinary_sB	ordinary	B	8000	178	6.92645112e-04
run_ordinary_sB	ordinary	B	8000	179	-1.60890436e-03
run_ordinary_sB	ordinary	B	8000	180	1.09418640e-03
run_ordinary_sB	ordinary	B	8000	181	7.21188018e-04
run_ordinary_sB	ordinary	B	8000	182	-8.64471450e-04
run_ordinary_sB	ordinary	B	8000	183	1.97765665e-03
run_ordinary_sB	ordinary	B	8000	184	1.52795921e-03
run_ordinary_sB	ordinary	B	8000	185	1.27321587e-03
run_ordinary_sB	ordinary	B	8000	186	-3.69831873e-04
run_ordinary_sB	ordinary	B	8000	187	7.81794500e-04
run_ordinary_sB	ordinary	B	8000	188	-4.15969424e-04
run_ordinary_sB	ordinary	B	8000	189	-8.37842219e-04
run_ordinary_sB	ordinary	B	8000	190	4.04129567e-04
run_ordinary_sB	ordinary	B	8000	191	5.81433716e-04
run_ordinary_sB	ordinary	B	8000	192	1.06282931e-04
run_ordinary_sB	ordinary	B	8000	193	5.08159247e-04
run_ordinary_sB	ordinary	B	8000	194	1.70411070e-03
run_ordinary_sB	ordinary	B	8000	195	-1.05717426e-03
run_ordinary_sB	ordinary	B	8000	196	1.03608646e-03
run_ordinary_sB	ordinary	B	8000	197	1.08569261e-03
run_ordinary_sB	ordinary	B	8000	198	5.21608416e-04
run_ordinary_sB	ordinary	B	8000	199	-9.71777411e-05
run_ordinary_sB	ordinary	B	8000	200	6.15008373e-04
run_ordinary_sB	ordinary	B	8000	201	6.09392208e-04
run_ordinary_sB	ordinary	B	8000	202	1.61550644e-03
run_ordinary_sB	ordinary	B	8000	203	-7.26687112e-04
run_ordinary_sB	ordinary	B	8000	204	-1.42717952e-04
run_ordinary_sB	ordinary	B	8000	205	3.42041243e-04
run_ordinary_sB	ordinary	B	8000	206	1.92427980e-03
run_ordinary_sB	ordinary	B	8000	207	1.64654155e-03
run_ordinary_sB	ordinary	B	8000	208	3.63581321e-04
run_ordinary_sB	ordinary	B	8000	209	2.36811921e-04
run_ordinary_sB	ordinary	B	8000	210	5.73313868e-04
run_ordinary_sB	ordinary	B	8000	211	2.08146327e-04
run_ordinary_sB	ordinary	B	8000	212	2.85185177e-04
run_ordinary_sB	ordinary	B	8000	213	1.89346858e-03
run_ordinary_sB	ordinary	B	8000	214	-3.32598943e-04
run_ordinary_sB	ordinary	B	8000	215	8.64805788e-04
run_ordinary_sB	ordinary	B	8000	216	1.46176790e-03
run_ordinary_sB	ordinary	B	8000	217	4.48607504e-04
run_ordinary_sB	ordinary	B	8000	218	1.94386476e-04
run_ordinary_sB	ordinary	B	8000	219	-9.07286612e-04
run_ordinary_sB	ordinary	B	8000	220	6.47072792e-04
run_ordinary_sB	ordinary	B	8000	221	1.70546669e-04
run_ordinary_sB	ordinary	B	8000	222	5.57270998e-04
run_ordinary_sB	ordinary	B	8000	223	2.74675489e-04
run_ordinary_sB	ordinary	B	8000	224	4.01902902e-04
run_ordinary_sB	ordinary	B	8000	225	-1.05408626e-05
run_ordinary_sB	ordinary	B	8000	226	1.65984908e-03
run_ordinary_sB	ordinary	B	8000	227	1.16163513e-03
run_ordinary_sB	ordinary	B	8000	228	-2.65521359e-04
run_ordinary_sB	ordinary	B	8000	229	3.70531783e-04
run_ordinary_sB	ordinary	B	8000	230	-1.17554543e-03
run_ordinary_sB	ordinary	B	8000	231	1.96745681e-03
run_ordinary_sB	ordinary	B	8000	232	-8.16156512e-04
run_ordinary_sB	ordinary	B	8000	233	-4.46742635e-04
run_ordinary_sB	ordinary	B	8000	234	-9.32581922e-04
run_ordinary_sB	ordinary	B	8000	235	1.19331266e-03
run_ordinary_sB	ordinary	B	8000	236	2.06747037e-03
run_ordinary_sB	ordinary	B	8000	237	6.07530700e-04
run_ordinary_sB	ordinary	B	8000	238	1.72333604e-03
run_ordinary_sB	ordinary	B	8000	239	1.07762959e-03
run_ordinary_sB	ordinary	B	8000	240	-3.29112285e-04
run_ordinary_sB	ordinary	B	8000	241	5.22314712e-04
run_ordinary_sB	ordinary	B	8000	242	2.03456469e-03
run_ordinary_sB	ordinary	B	8000	243	-2.07594754e-05
run_ordinary_sB	ordinary	B	8000	244	2.76137795e-03
run_ordinary_sB	ordinary	B	8000	245	-5.35139486e-04
run_ordinary_sB	ordinary	B	8000	246	-3.45479354e-04
run_ordinary_sB	ordinary	B	8000	247	1.84709231e-03
run_ordinary_sB	ordinary	B	8000	248	1.62112952e-03
run_ordinary_sB	ordinary	B	8000	249	4.61009140e-04
run_ordinary_sB	ordinary	B	8000	250	-1.42730466e-04
run_ordinary_sB	ordinary	B	8000	251	7.39229536e-04
run_ordinary_sB	ordinary	B	8000	252	4.08463891e-04
run_ordinary_sB	ordinary	B	8000	253	-4.48871393e-04
run_ordinary_sB	ordinary	B	8000	254	6.29047152e-04
run_ordinary_sB	ordinary	B	8000	255	-5.17019022e-04
run_ordinary_sB	ordinary	B	8000	256	1.17345068e-03
run_ordinary_sB	ordinary	B	8000	257	1.14102440e-04
run_ordinary_sB	ordinary	B	8000	258	5.58246191e-05
run_ordinary_sB	ordinary	B	8000	259	9.63891652e-04
run_ordinary_sB	ordinary	B	8000	260	7.08619040e-04
run_ordinary_sB	ordinary	B	8000	261	-4.46943391e-04
run_ordinary_sB	ordinary	B	8000	262	-1.02722578e-04
run_ordinary_sB	ordinary	B	8000	263	-2.91977367e-04
run_ordinary_sB	ordinary	B	8000	264	1.31802510e-03
run_ordinary_sB	ordinary	B	8000	265	2.43161285e-03
run_ordinary_sB	ordinary	B	8000	266	9.48174748e-04
run_ordinary_sB	ordinary	B	8000	267	-5.30860394e-04
run_ordinary_sB	ordinary	B	8000	268	1.51039736e-03
run_ordinary_sB	ordinary	B	8000	269	2.38136489e-03
run_ordinary_sB	ordinary	B	8000	270	6.48864399e-04
run_ordinary_sB	ordinary	B	8000	271	-4.34235047e-05
run_ordinary_sB	ordinary	B	8000	272	9.12279570e-04
run_ordinary_sB	ordinary	B	8000	273	1.73384008e-04
run_ordinary_sB	ordinary	B	8000	274	5.36217593e-04
run_ordinary_sB	ordinary	B	8000	275	9.35129004e-05
run_ordinary_sB	ordinary	B	8000	276	1.76886266e-03
run_ordinary_sB	ordinary	B	8000	277	-1.22526761e-04
run_ordinary_sB	ordinary	B	8000	278	1.09374876e-03
run_ordinary_sB	ordinary	B	8000	279	8.73993701e-04
run_ordinary_sB	ordinary	B	8000	280	-5.41158326e-04
run_ordinary_sB	ordinary	B	8000	281	1.06018797e-03
run_ordinary_sB	ordinary	B	8000	282	8.81164266e-04
run_ordinary_sB	ordinary	B	8000	283	-5.55925816e-05
run_ordinary_sB	ordinary	B	8000	284	1.44477077e-03
run_ordinary_sB	ordinary	B	8000	285	-2.53794995e-04
run_ordinary_sB	ordinary	B	8000	286	3.21950039e-04
run_ordinary_sB	ordinary	B	8000	287	7.74106892e-05
run_ordinary_sB	ordinary	B	8000	288	6.11661875e-04
run_ordinary_sB	ordinary	B	8000	289	1.46190181e-03
run_ordinary_sB	ordinary	B	8000	290	1.55230822e-03
run_ordinary_sB	ordinary	B	8000	291	9.15091317e-04
run_ordinary_sB	ordinary	B	8000	292	4.13224776e-04
run_ordinary_sB	ordinary	B	8000	293	1.28685249e-03
run_ordinary_sB	ordinary	B	8000	294	-1.52654842e-04
run_ordinary_sB	ordinary	B	8000	295	7.41052884e-04
run_ordinary_sB	ordinary	B	8000	296	8.80897599e-04
run_ordinary_sB	ordinary	B	8000	297	8.23139132e-04
run_ordinary_sB	ordinary	B	8000	298	-6.92270426e-05
run_ordinary_sB	ordinary	B	8000	299	1.88378728e-03
run_ordinary_sB	ordinary	B	8000	300	6.85254980e-04
run_ordinary_sB	ordinary	B	8000	301	8.24298746e-04
run_ordinary_sB	ordinary	B	8000	302	5.29689080e-04
run_ordinary_sB	ordinary	B	8000	303	3.92751698e-05
run_ordinary_sB	ordinary	B	8000	304	1.51249201e-03
run_ordinary_sB	ordinary	B	8000	305	-2.21413438e-03
run_ordinary_sB	ordinary	B	8000	306	-3.45168229e-04
run_ordinary_sB	ordinary	B	8000	307	4.33277676e-04
run_ordinary_sB	ordinary	B	8000	308	1.15257882e-03
run_ordinary_sB	ordinary	B	8000	309	-7.66548393e-04
run_ordinary_sB	ordinary	B	8000	310	3.52927528e-04
run_ordinary_sB	ordinary	B	8000	311	-5.22199243e-04
run_ordinary_sB	ordinary	B	8000	312	2.15156615e-03
run_ordinary_sB	ordinary	B	8000	313	-1.29999228e-03
run_ordinary_sB	ordinary	B	8000	314	7.73730376e-04
run_ordinary_sB	ordinary	B	8000	315	3.59305120e-04
run_ordinary_sB	ordinary	B	8000	316	6.21879037e-04
run_ordinary_sB	ordinary	B	8000	317	1.49627773e-04
run_ordinary_sB	ordinary	B	8000	318	-3.54577863e-05
run_ordinary_sB	ordinary	B	8000	319	-2.69563649e-04
run_ordinary_sB	ordinary	B	9000	0	-4.24422418e-04
run_ordinary_sB	ordinary	B	9000	1	-1.47859758e-03
run_ordinary_sB	ordinary	B	9000	2	-6.76326189e-04
run_ordinary_sB	ordinary	B	9000	3	-2.63367134e-03
run_ordinary_sB	ordinary	B	9000	4	-1.12621566e-03
run_ordinary_sB	ordinary	B	9000	5	-1.16709495e-03
run_ordinary_sB	ordinary	B	9000	6	-1.46800929e-03
run_ordinary_sB	ordinary	B	9000	7	-2.09289422e-03
run_ordinary_sB	ordinary	B	9000	8	-1.72265044e-03
run_ordinary_sB	ordinary	B	9000	9	-1.00235161e-03
run_ordinary_sB	ordinary	B	9000	10	-1.53136165e-03
run_ordinary_sB	ordinary	B	9000	11	6.22991822e-04
run_ordinary_sB	ordinary	B	9000	12	-1.28184017e-03
run_ordinary_sB	ordinary	B	9000	13	-1.07172763e-03
run_ordinary_sB	ordinary	B	9000	14	-1.16560951e-03
run_ordinary_sB	ordinary	B	9000	15	-7.48600510e-04
run_ordinary_sB	ordinary	B	9000	16	-8.91514877e-04
run_ordinary_sB	ordinary	B	9000	17	-2.96916096e-04
run_ordinary_sB	ordinary	B	9000	18	-6.82822185e-04
run_ordinary_sB	ordinary	B	9000	19	-3.90588468e-05
run_ordinary_sB	ordinary	B	9000	20	-1.02964129e-04
run_ordinary_sB	ordinary	B	9000	21	5.50817766e-04
run_ordinary_sB	ordinary	B	9000	22	-2.19694685e-03
run_ordinary_sB	ordinary	B	9000	23	-2.21863279e-03
run_ordinary_sB	ordinary	B	9000	24	-8.43665625e-04
run_ordinary_sB	ordinary	B	9000	25	-6.42875040e-04
run_ordinary_sB	ordinary	B	9000	26	-1.44219776e-03
run_ordinary_sB	ordinary	B	9000	27	-9.67981303e-04
run_ordinary_sB	ordinary	B	9000	28	-4.50855607e-04
run_ordinary_sB	ordinary	B	9000	29	3.20587523e-05
run_ordinary_sB	ordinary	B	9000	30	-2.08056870e-03
run_ordinary_sB	ordinary	B	9000	31	3.51001591e-04
run_ordinary_sB	ordinary	B	9000	32	-1.17887026e-03
run_ordinary_sB	ordinary	B	9000	33	-1.71208679e-03
run_ordinary_sB	ordinary	B	9000	34	-1.71087599e-03
run_ordinary_sB	ordinary	B	9000	35	-3.68022687e-04
run_ordinary_sB	ordinary	B	9000	36	-9.27806889e-04
run_ordinary_sB	ordinary	B	9000	37	1.93590851e-04
run_ordinary_sB	ordinary	B	9000	38	-3.53009241e-04
run_ordinary_sB	ordinary	B	9000	39	-1.97571060e-03
run_ordinary_sB	ordinary	B	9000	40	-9.45500720e-04
run_ordinary_sB	ordinary	B	9000	41	-2.13796856e-03
run_ordinary_sB	ordinary	B	9000	42	-1.19947388e-03
run_ordinary_sB	ordinary	B	9000	43	-1.30767423e-03
run_ordinary_sB	ordinary	B	9000	44	-8.25519439e-04
run_ordinary_sB	ordinary	B	9000	45	-2.49881641e-03
run_ordinary_sB	ordinary	B	9000	46	3.46337060e-04
run_ordinary_sB	ordinary	B	9000	47	3.93271427e-04
run_ordinary_sB	ordinary	B	9000	48	-1.19913054e-03
run_ordinary_sB	ordinary	B	9000	49	-8.63333716e-04
run_ordinary_sB	ordinary	B	9000	50	-1.46129125e-03
run_ordinary_sB	ordinary	B	9000	51	-1.23985105e-03
run_ordinary_sB	ordinary	B	9000	52	-1.62933333e-03
run_ordinary_sB	ordinary	B	9000	53	-2.61152094e-03
run_ordinary_sB	ordinary	B	9000	54	-1.00877360e-03
run_ordinary_sB	ordinary	B	9000	55	-1.54668809e-03
run_ordinary_sB	ordinary	B	9000	56	-5.44030621e-04
run_ordinary_sB	ordinary	B	9000	57	-8.41817963e-05
run_ordinary_sB	ordinary	B	9000	58	-7.82845658e-04
run_ordinary_sB	ordinary	B	9000	59	-1.12010885e-03
run_ordinary_sB	ordinary	B	9000	60	-1.11786283e-03
run_ordinary_sB	ordinary	B	9000	61	-1.82647366e-04
run_ordinary_sB	ordinary	B	9000	62	-1.23276772e-03
run_ordinary_sB	ordinary	B	9000	63	1.87031766e-04
run_ordinary_sB	ordinary	B	9000	64	-4.58302700e-04
run_ordinary_sB	ordinary	B	9000	65	-1.20852296e-03
run_ordinary_sB	ordinary	B	9000	66	-1.20645599e-03
run_ordinary_sB	ordinary	B	9000	67	-1.84701694e-03
run_ordinary_sB	ordinary	B	9000	68	-1.04316855e-03
run_ordinary_sB	ordinary	B	9000	69	-1.95838017e-03
run_ordinary_sB	ordinary	B	9000	70	-1.32386318e-03
run_ordinary_sB	ordinary	B	9000	71	-9.65977160e-04
run_ordinary_sB	ordinary	B	9000	72	-8.44899241e-04
run_ordinary_sB	ordinary	B	9000	73	-1.80877870e-03
run_ordinary_sB	ordinary	B	9000	74	-6.54277884e-04
run_ordinary_sB	ordinary	B	9000	75	-2.24172537e-04
run_ordinary_sB	ordinary	B	9000	76	-4.44640846e-04
run_ordinary_sB	ordinary	B	9000	77	-1.29310485e-03
run_ordinary_sB	ordinary	B	9000	78	-2.72751780e-04
run_ordinary_sB	ordinary	B	9000	79	-6.58300236e-04
run_ordinary_sB	ordinary	B	9000	80	-8.58676462e-04
run_ordinary_sB	ordinary	B	9000	81	-1.04195878e-03
run_ordinary_sB	ordinary	B	9000	82	-6.87269316e-04
run_ordinary_sB	ordinary	B	9000	83	-3.58681658e-04
run_ordinary_sB	ordinary	B	9000	84	-9.20556134e-04
run_ordinary_sB	ordinary	B	9000	85	-1.39163212e-03
run_ordinary_sB	ordinary	B	9000	86	2.63462212e-04
run_ordinary_sB	ordinary	B	9000	87	-1.72812382e-03
run_ordinary_sB	ordinary	B	9000	88	-1.70150429e-03
run_ordinary_sB	ordinary	B	9000	89	-5.96977588e-04
run_ordinary_sB	ordinary	B	9000	90	-1.01610629e-03
run_ordinary_sB	ordinary	B	9000	91	-8.11713770e-04
run_ordinary_sB	ordinary	B	9000	92	-2.26882110e-03
run_ordinary_sB	ordinary	B	9000	93	-8.60011333e-04
run_ordinary_sB	ordinary	B	9000	94	-1.09288291e-03
run_ordinary_sB	ordinary	B	9000	95	-1.77018394e-03
run_ordinary_sB	ordinary	B	9000	96	-1.87165492e-03
run_ordinary_sB	ordinary	B	9000	97	-3.44703909e-03
run_ordinary_sB	ordinary	B	9000	98	-1.28749548e-03
run_ordinary_sB	ordinary	B	9000	99	-7.82437402e-04
run_ordinary_sB	ordinary	B	9000	100	-1.87366866e-03
run_ordinary_sB	ordinary	B	9000	101	-3.20278923e-04
run_ordinary_sB	ordinary	B	9000	102	-2.09892326e-03
run_ordinary_sB	ordinary	B	9000	103	7.78690707e-04
run_ordinary_sB	ordinary	B	9000	104	-1.94418269e-03
run_ordinary_sB	ordinary	B	9000	105	-2.04644136e-04
run_ordinary_sB	ordinary	B	9000	106	4.56377604e-04
run_ordinary_sB	ordinary	B	9000	107	-1.24143426e-03
run_ordinary_sB	ordinary	B	9000	108	-6.43348904e-04
run_ordinary_sB	ordinary	B	9000	109	2.16158100e-05
run_ordinary_sB	ordinary	B	9000	110	-6.92000425e-04
run_ordinary_sB	ordinary	B	9000	111	-4.78545988e-04
run_ordinary_sB	ordinary	B	9000	112	-1.71371156e-03
run_ordinary_sB	ordinary	B	9000	113	-9.68385643e-04
run_ordinary_sB	ordinary	B	9000	114	-1.83356970e-03
run_ordinary_sB	ordinary	B	9000	115	5.41530395e-04
run_ordinary_sB	ordinary	B	9000	116	-1.20526551e-03
run_ordinary_sB	ordinary	B	9000	117	-9.41478856e-04
run_ordinary_sB	ordinary	B	9000	118	-6.60939578e-04
run_ordinary_sB	ordinary	B	9000	119	-1.04990186e-03
run_ordinary_sB	ordinary	B	9000	120	-1.45900308e-03
run_ordinary_sB	ordinary	B	9000	121	5.24754602e-04
run_ordinary_sB	ordinary	B	9000	122	-3.66273092e-04
run_ordinary_sB	ordinary	B	9000	123	-3.98802626e-04
run_ordinary_sB	ordinary	B	9000	124	-1.42655003e-03
run_ordinary_sB	ordinary	B	9000	125	-3.26330236e-04
run_ordinary_sB	ordinary	B	9000	126	-3.07655280e-05
run_ordinary_sB	ordinary	B	9000	127	7.91149579e-04
run_ordinary_sB	ordinary	B	9000	128	-4.08947680e-04
run_ordinary_sB	ordinary	B	9000	129	1.30218389e-04
run_ordinary_sB	ordinary	B	9000	130	-1.88648856e-03
run_ordinary_sB	ordinary	B	9000	131	-1.57165658e-03
run_ordinary_sB	ordinary	B	9000	132	-1.85946996e-03
run_ordinary_sB	ordinary	B	9000	133	-1.40956925e-03
run_ordinary_sB	ordinary	B	9000	134	-2.14744200e-03
run_ordinary_sB	ordinary	B	9000	135	-1.43159983e-03
run_ordinary_sB	ordinary	B	9000	136	-2.00043413e-03
run_ordinary_sB	ordinary	B	9000	137	8.91842096e-04
run_ordinary_sB	ordinary	B	9000	138	-8.80653178e-04
run_ordinary_sB	ordinary	B	9000	139	-1.81930546e-03
run_ordinary_sB	ordinary	B	9000	140	-4.18785011e-04
run_ordinary_sB	ordinary	B	9000	141	1.95925030e-04
run_ordinary_sB	ordinary	B	9000	142	2.85424817e-04
run_ordinary_sB	ordinary	B	9000	143	-1.62012984e-05
run_ordinary_sB	ordinary	B	9000	144	-2.15628293e-03
run_ordinary_sB	ordinary	B	9000	145	-1.96085017e-04
run_ordinary_sB	ordinary	B	9000	146	-9.30527443e-04
run_ordinary_sB	ordinary	B	9000	147	-2.59034527e-04
run_ordinary_sB	ordinary	B	9000	148	-1.12029393e-03
run_ordinary_sB	ordinary	B	9000	149	-7.83451777e-04
run_ordinary_sB	ordinary	B	9000	150	-5.96172450e-04
run_ordinary_sB	ordinary	B	9000	151	-5.30164916e-04
run_ordinary_sB	ordinary	B	9000	152	-1.11219393e-03
run_ordinary_sB	ordinary	B	9000	153	-2.06982369e-03
run_ordinary_sB	ordinary	B	9000	154	-1.67949443e-03
run_ordinary_sB	ordinary	B	9000	155	-1.14052523e-04
run_ordinary_sB	ordinary	B	9000	156	1.61594674e-04
run_ordinary_sB	ordinary	B	9000	157	-1.94688282e-04
run_ordinary_sB	ordinary	B	9000	158	-9.98905339e-04
run_ordinary_sB	ordinary	B	9000	159	-2.03705501e-03
run_ordinary_sB	ordinary	B	9000	160	9.36421634e-05
run_ordinary_sB	ordinary	B	9000	161	-8.40028852e-04
run_ordinary_sB	ordinary	B	9000	162	-8.21606941e-04
run_ordinary_sB	ordinary	B	9000	163	-1.33287125e-03
run_ordinary_sB	ordinary	B	9000	164	-7.49840984e-04
run_ordinary_sB	ordinary	B	9000	165	-1.81785639e-03
run_ordinary_sB	ordinary	B	9000	166	-9.76421370e-04
run_ordinary_sB	ordinary	B	9000	167	1.45122013e-04
run_ordinary_sB	ordinary	B	9000	168	-1.25198174e-03
run_ordinary_sB	ordinary	B	9000	169	-2.13088319e-03
run_ordinary_sB	ordinary	B	9000	170	-4.16462116e-04
run_ordinary_sB	ordinary	B	9000	171	-6.49957482e-05
run_ordinary_sB	ordinary	B	9000	172	-1.12354648e-03
run_ordinary_sB	ordinary	B	9000	173	-2.18075591e-03
run_ordinary_sB	ordinary	B	9000	174	-1.85005149e-03
run_ordinary_sB	ordinary	B	9000	175	-2.26999548e-03
run_ordinary_sB	ordinary	B	9000	176	-1.22010720e-03
run_ordinary_sB	ordinary	B	9000	177	-9.11470924e-04
run_ordinary_sB	ordinary	B	9000	178	-6.64785812e-04
run_ordinary_sB	ordinary	B	9000	179	-2.99559671e-03
run_ordinary_sB	ordinary	B	9000	180	-4.20964151e-04
run_ordinary_sB	ordinary	B	9000	181	-7.21650022e-04
run_ordinary_sB	ordinary	B	9000	182	-2.21938324e-03
run_ordinary_sB	ordinary	B	9000	183	6.18325476e-04
run_ordinary_sB	ordinary	B	9000	184	1.59818641e-04
run_ordinary_sB	ordinary	B	9000	185	-6.88240130e-05
run_ordinary_sB	ordinary	B	9000	186	-1.90252045e-03
run_ordinary_sB	ordinary	B	9000	187	-6.53885344e-04
run_ordinary_sB	ordinary	B	9000	188	-1.72422126e-03
run_ordinary_sB	ordinary	B	9000	189	-2.14408740e-03
run_ordinary_sB	ordinary	B	9000	190	-8.98014890e-04
run_ordinary_sB	ordinary	B	9000	191	-7.56375958e-04
run_ordinary_sB	ordinary	B	9000	192	-1.17225939e-03
run_ordinary_sB	ordinary	B	9000	193	-9.58049683e-04
run_ordinary_sB	ordinary	B	9000	194	2.89687062e-04
run_ordinary_sB	ordinary	B	9000	195	-2.36190177e-03
run_ordinary_sB	ordinary	B	9000	196	-3.98425058e-04
run_ordinary_sB	ordinary	B	9000	197	-3.71017074e-04
run_ordinary_sB	ordinary	B	9000	198	-9.11749691e-04
run_ordinary_sB	ordinary	B	9000	199	-1.47798502e-03
run_ordinary_sB	ordinary	B	9000	200	-8.27645508e-04
run_ordinary_sB	ordinary	B	9000	201	-7.34534184e-04
run_ordinary_sB	ordinary	B	9000	202	5.92892666e-05
run_ordinary_sB	ordinary	B	9000	203	-2.08476243e-03
run_ordinary_sB	ordinary	B	9000	204	-1.56109598e-03
run_ordinary_sB	ordinary	B	9000	205	-1.14175136e-03
run_ordinary_sB	ordinary	B	9000	206	5.47038059e-04
run_ordinary_sB	ordinary	B	9000	207	3.02355270e-04
run_ordinary_sB	ordinary	B	9000	208	-1.07273906e-03
run_ordinary_sB	ordinary	B	9000	209	-1.27679079e-03
run_ordinary_sB	ordinary	B	9000	210	-9.11908216e-04
run_ordinary_sB	ordinary	B	9000	211	-1.20996824e-03
run_ordinary_sB	ordinary	B	9000	212	-1.06053876e-03
run_ordinary_sB	ordinary	B	9000	213	4.45110126e-04
run_ordinary_sB	ordinary	B	9000	214	-1.74205524e-03
run_ordinary_sB	ordinary	B	9000	215	-5.27462794e-04
run_ordinary_sB	ordinary	B	9000	216	6.30559899e-05
run_ordinary_sB	ordinary	B	9000	217	-8.89302728e-04
run_ordinary_sB	ordinary	B	9000	218	-1.30683601e-03
run_ordinary_sB	ordinary	B	9000	219	-2.25398238e-03
run_ordinary_sB	ordinary	B	9000	220	-6.26644869e-04
run_ordinary_sB	ordinary	B	9000	221	-1.19630257e-03
run_ordinary_sB	ordinary	B	9000	222	-7.86934070e-04
run_ordinary_sB	ordinary	B	9000	223	-1.09081475e-03
run_ordinary_sB	ordinary	B	9000	224	-9.17020900e-04
run_ordinary_sB	ordinary	B	9000	225	-1.37026331e-03
run_ordinary_sB	ordinary	B	9000	226	2.24051740e-04
run_ordinary_sB	ordinary	B	9000	227	-2.97113439e-04
run_ordinary_sB	ordinary	B	9000	228	-1.66361362e-03
run_ordinary_sB	ordinary	B	9000	229	-1.09590892e-03
run_ordinary_sB	ordinary	B	9000	230	-2.48156794e-03
run_ordinary_sB	ordinary	B	9000	231	4.64944690e-04
run_ordinary_sB	ordinary	B	9000	232	-2.27586539e-03
run_ordinary_sB	ordinary	B	9000	233	-1.82661093e-03
run_ordinary_sB	ordinary	B	9000	234	-2.46643052e-03
run_ordinary_sB	ordinary	B	9000	235	-1.44122441e-04
run_ordinary_sB	ordinary	B	9000	236	5.79206213e-04
run_ordinary_sB	ordinary	B	9000	237	-7.85673720e-04
run_ordinary_sB	ordinary	B	9000	238	2.62320332e-04
run_ordinary_sB	ordinary	B	9000	239	-3.16163640e-04
run_ordinary_sB	ordinary	B	9000	240	-1.75872514e-03
run_ordinary_sB	ordinary	B	9000	241	-8.32645943e-04
run_ordinary_sB	ordinary	B	9000	242	5.88647713e-04
run_ordinary_sB	ordinary	B	9000	243	-1.48840384e-03
run_ordinary_sB	ordinary	B	9000	244	1.18062847e-03
run_ordinary_sB	ordinary	B	9000	245	-1.87591014e-03
run_ordinary_sB	ordinary	B	9000	246	-1.70039913e-03
run_ordinary_sB	ordinary	B	9000	247	3.65877898e-04
run_ordinary_sB	ordinary	B	9000	248	1.82649540e-04
run_ordinary_sB	ordinary	B	9000	249	-8.91322614e-04
run_ordinary_sB	ordinary	B	9000	250	-1.59695226e-03
run_ordinary_sB	ordinary	B	9000	251	-6.70787606e-04
run_ordinary_sB	ordinary	B	9000	252	-9.86791246e-04
run_ordinary_sB	ordinary	B	9000	253	-1.82276184e-03
run_ordinary_sB	ordinary	B	9000	254	-7.66552272e-04
run_ordinary_sB	ordinary	B	9000	255	-1.94973478e-03
run_ordinary_sB	ordinary	B	9000	256	-1.86035469e-04
run_ordinary_sB	ordinary	B	9000	257	-1.33912489e-03
run_ordinary_sB	ordinary	B	9000	258	-1.46068778e-03
run_ordinary_sB	ordinary	B	9000	259	-4.55248680e-04
run_ordinary_sB	ordinary	B	9000	260	-6.64863630e-04
run_ordinary_sB	ordinary	B	9000	261	-1.93287300e-03
run_ordinary_sB	ordinary	B	9000	262	-1.42747885e-03
run_ordinary_sB	ordinary	B	9000	263	-1.69506735e-03
run_ordinary_sB	ordinary	B	9000	264	-9.72393750e-05
run_ordinary_sB	ordinary	B	9000	265	1.02765893e-03
run_ordinary_sB	ordinary	B	9000	266	-4.94327606e-04
run_ordinary_sB	ordinary	B	9000	267	-1.90488231e-03
run_ordinary_sB	ordinary	B	9000	268	1.76910134e-04
run_ordinary_sB	ordinary	B	9000	269	9.97991036e-04
run_ordinary_sB	ordinary	B	9000	270	-6.83982967e-04
run_ordinary_sB	ordinary	B	9000	271	-1.61708762e-03
run_ordinary_sB	ordinary	B	9000	272	-4.46591999e-04
run_ordinary_sB	ordinary	B	9000	273	-1.25393096e-03
run_ordinary_sB	ordinary	B	9000	274	-7.95311940e-04
run_ordinary_sB	ordinary	B	9000	275	-1.38676332e-03
run_ordinary_sB	ordinary	B	9000	276	3.17497273e-04
run_ordinary_sB	ordinary	B	9000	277	-1.54492966e-03
run_ordinary_sB	ordinary	B	9000	278	-2.63419146e-04
run_ordinary_sB	ordinary	B	9000	279	-5.53543165e-04
run_ordinary_sB	ordinary	B	9000	280	-1.89831204e-03
run_ordinary_sB	ordinary	B	9000	281	-3.92013545e-04
run_ordinary_sB	ordinary	B	9000	282	-4.63243668e-04
run_ordinary_sB	ordinary	B	9000	283	-1.35989865e-03
run_ordinary_sB	ordinary	B	9000	284	7.51714114e-05
run_ordinary_sB	ordinary	B	9000	285	-1.58743723e-03
run_ordinary_sB	ordinary	B	9000	286	-1.01254400e-03
run_ordinary_sB	ordinary	B	9000	287	-1.30457604e-03
run_ordinary_sB	ordinary	B	9000	288	-7.43716187e-04
run_ordinary_sB	ordinary	B	9000	289	2.99720931e-05
run_ordinary_sB	ordinary	B	9000	290	2.29413617e-04
run_ordinary_sB	ordinary	B	9000	291	-4.55942115e-04
run_ordinary_sB	ordinary	B	9000	292	-9.89772836e-04
run_ordinary_sB	ordinary	B	9000	293	-1.59550290e-04
run_ordinary_sB	ordinary	B	9000	294	-1.64830041e-03
run_ordinary_sB	ordinary	B	9000	295	-6.83537531e-04
run_ordinary_sB	ordinary	B	9000	296	-4.74354316e-04
run_ordinary_sB	ordinary	B	9000	297	-6.27112283e-04
run_ordinary_sB	ordinary	B	9000	298	-1.50674657e-03
run_ordinary_sB	ordinary	B	9000	299	4.95521124e-04
run_ordinary_sB	ordinary	B	9000	300	-6.31616001e-04
run_ordinary_sB	ordinary	B	9000	301	-4.69853395e-04
run_ordinary_sB	ordinary	B	9000	302	-8.93531092e-04
run_ordinary_sB	ordinary	B	9000	303	-1.40448077e-03
run_ordinary_sB	ordinary	B	9000	304	1.25074488e-04
run_ordinary_sB	ordinary	B	9000	305	-3.58648793e-03
run_ordinary_sB	ordinary	B	9000	306	-1.78833012e-03
run_ordinary_sB	ordinary	B	9000	307	-9.45745270e-04
run_ordinary_sB	ordinary	B	9000	308	-2.11419536e-04
run_ordinary_sB	ordinary	B	9000	309	-2.19196265e-03
run_ordinary_sB	ordinary	B	9000	310	-1.09010773e-03
run_ordinary_sB	ordinary	B	9000	311	-1.86769802e-03
run_ordinary_sB	ordinary	B	9000	312	6.45561734e-04
run_ordinary_sB	ordinary	B	9000	313	-2.64092798e-03
run_ordinary_sB	ordinary	B	9000	314	-5.46743144e-04
run_ordinary_sB	ordinary	B	9000	315	-1.10725886e-03
run_ordinary_sB	ordinary	B	9000	316	-7.65068864e-04
run_ordinary_sB	ordinary	B	9000	317	-1.27085524e-03
run_ordinary_sB	ordinary	B	9000	318	-1.40333865e-03
run_ordinary_sB	ordinary	B	9000	319	-1.79741751e-03
run_ordinary_sB	ordinary	B	10000	0	1.05626831e-03
run_ordinary_sB	ordinary	B	10000	1	-9.35649823e-06
run_ordinary_sB	ordinary	B	10000	2	7.26858209e-04
run_ordinary_sB	ordinary	B	10000	3	-1.18706805e-03
run_ordinary_sB	ordinary	B	10000	4	3.59989752e-04
run_ordinary_sB	ordinary	B	10000	5	3.21764090e-04
run_ordinary_sB	ordinary	B	10000	6	9.43969319e-05
run_ordinary_sB	ordinary	B	10000	7	-5.30587169e-04
run_ordinary_sB	ordinary	B	10000	8	-3.08093623e-04
run_ordinary_sB	ordinary	B	10000	9	4.66107010e-04
run_ordinary_sB	ordinary	B	10000	10	-5.24645588e-05
run_ordinary_sB	ordinary	B	10000	11	2.09265172e-03
run_ordinary_sB	ordinary	B	10000	12	2.15501534e-04
run_ordinary_sB	ordinary	B	10000	13	4.76752527e-04
run_ordinary_sB	ordinary	B	10000	14	3.34950546e-04
run_ordinary_sB	ordinary	B	10000	15	7.34659058e-04
run_ordinary_sB	ordinary	B	10000	16	6.15962338e-04
run_ordinary_sB	ordinary	B	10000	17	1.16073226e-03
run_ordinary_sB	ordinary	B	10000	18	7.85989651e-04
run_ordinary_sB	ordinary	B	10000	19	1.48032376e-03
run_ordinary_sB	ordinary	B	10000	20	1.39359392e-03
run_ordinary_sB	ordinary	B	10000	21	2.02755399e-03
run_ordinary_sB	ordinary	B	10000	22	-7.14582709e-04
run_ordinary_sB	ordinary	B	10000	23	-6.78961078e-04
run_ordinary_sB	ordinary	B	10000	24	5.72984188e-04
run_ordinary_sB	ordinary	B	10000	25	8.31947070e-04
run_ordinary_sB	ordinary	B	10000	26	7.63744389e-05
run_ordinary_sB	ordinary	B	10000	27	5.46212459e-04
run_ordinary_sB	ordinary	B	10000	28	1.09880786e-03
run_ordinary_sB	ordinary	B	10000	29	1.53352564e-03
run_ordinary_sB	ordinary	B	10000	30	-5.01770229e-04
run_ordinary_sB	ordinary	B	10000	31	1.78847074e-03
run_ordinary_sB	ordinary	B	10000	32	3.08154536e-04
run_ordinary_sB	ordinary	B	10000	33	-3.41745256e-04
run_ordinary_sB	ordinary	B	10000	34	-2.29203623e-04
run_ordinary_sB	ordinary	B	10000	35	1.22044033e-03
run_ordinary_sB	ordinary	B	10000	36	5.29464449e-04
run_ordinary_sB	ordinary	B	10000	37	1.68461179e-03
run_ordinary_sB	ordinary	B	10000	38	1.13051885e-03
run_ordinary_sB	ordinary	B	10000	39	-5.35945815e-04
run_ordinary_sB	ordinary	B	10000	40	6.20255861e-04
run_ordinary_sB	ordinary	B	10000	41	-6.40466626e-04
run_ordinary_sB	ordinary	B	10000	42	3.36919214e-04
run_ordinary_sB	ordinary	B	10000	43	2.71128305e-04
run_ordinary_sB	ordinary	B	10000	44	7.09674087e-04
run_ordinary_sB	ordinary	B	10000	45	-9.45081587e-04
run_ordinary_sB	ordinary	B	10000	46	1.90270315e-03
run_ordinary_sB	ordinary	B	10000	47	1.81448908e-03
run_ordinary_sB	ordinary	B	10000	48	3.40462121e-04
run_ordinary_sB	ordinary	B	10000	49	6.46768153e-04
run_ordinary_sB	ordinary	B	10000	50	-7.16231190e-05
run_ordinary_sB	ordinary	B	10000	51	2.44013501e-04
run_ordinary_sB	ordinary	B	10000	52	-1.35855963e-04
run_ordinary_sB	ordinary	B	10000	53	-1.11340037e-03
run_ordinary_sB	ordinary	B	10000	54	6.11044507e-04
run_ordinary_sB	ordinary	B	10000	55	2.44362030e-05
run_ordinary_sB	ordinary	B	10000	56	9.59274888e-04
run_ordinary_sB	ordinary	B	10000	57	1.38922401e-03
run_ordinary_sB	ordinary	B	10000	58	7.09551647e-04
run_ordinary_sB	ordinary	B	10000	59	3.89261974e-04
run_ordinary_sB	ordinary	B	10000	60	3.92813392e-04
run_ordinary_sB	ordinary	B	10000	61	1.33093538e-03
run_ordinary_sB	ordinary	B	10000	62	2.67554661e-04
run_ordinary_sB	ordinary	B	10000	63	1.59949155e-03
run_ordinary_sB	ordinary	B	10000	64	1.02764838e-03
run_ordinary_sB	ordinary	B	10000	65	3.11583456e-04
run_ordinary_sB	ordinary	B	10000	66	3.45897371e-04
run_ordinary_sB	ordinary	B	10000	67	-3.13876538e-04
run_ordinary_sB	ordinary	B	10000	68	3.94478078e-04
run_ordinary_sB	ordinary	B	10000	69	-4.32221991e-04
run_ordinary_sB	ordinary	B	10000	70	8.77189242e-05
run_ordinary_sB	ordinary	B	10000	71	5.65016121e-04
run_ordinary_sB	ordinary	B	10000	72	5.70057371e-04
run_ordinary_sB	ordinary	B	10000	73	-3.00849599e-04
run_ordinary_sB	ordinary	B	10000	74	9.02562661e-04
run_ordinary_sB	ordinary	B	10000	75	1.32478904e-03
run_ordinary_sB	ordinary	B	10000	76	9.44801909e-04
run_ordinary_sB	ordinary	B	10000	77	2.02903356e-04
run_ordinary_sB	ordinary	B	10000	78	1.26365242e-03
run_ordinary_sB	ordinary	B	10000	79	8.08559838e-04
run_ordinary_sB	ordinary	B	10000	80	6.19494933e-04
run_ordinary_sB	ordinary	B	10000	81	4.00911690e-04
run_ordinary_sB	ordinary	B	10000	82	7.63275943e-04
run_ordinary_sB	ordinary	B	10000	83	1.13063007e-03
run_ordinary_sB	ordinary	B	10000	84	5.53296004e-04
run_ordinary_sB	ordinary	B	10000	85	3.09431105e-05
run_ordinary_sB	ordinary	B	10000	86	1.76855071e-03
run_ordinary_sB	ordinary	B	10000	87	-3.21481505e-04
run_ordinary_sB	ordinary	B	10000	88	-1.75101543e-04
run_ordinary_sB	ordinary	B	10000	89	9.20949254e-04
run_ordinary_sB	ordinary	B	10000	90	5.54691519e-04
run_ordinary_sB	ordinary	B	10000	91	6.75478376e-04
run_ordinary_sB	ordinary	B	10000	92	-8.53411425e-04
run_ordinary_sB	ordinary	B	10000	93	6.25863902e-04
run_ordinary_sB	ordinary	B	10000	94	4.83260775e-04
run_ordinary_sB	ordinary	B	10000	95	-2.43449004e-04
run_ordinary_sB	ordinary	B	10000	96	-3.42335498e-04
run_ordinary_sB	ordinary	B	10000	97	-1.95744885e-03
run_ordinary_sB	ordinary	B	10000	98	2.49578587e-04
run_ordinary_sB	ordinary	B	10000	99	7.66326975e-04
run_ordinary_sB	ordinary	B	10000	100	-3.50440851e-04
run_ordinary_sB	ordinary	B	10000	101	1.14925500e-03
run_ordinary_sB	ordinary	B	10000	102	-6.32859405e-04
run_ordinary_sB	ordinary	B	10000	103	2.34502470e-03
run_ordinary_sB	ordinary	B	10000	104	-4.58922122e-04
run_ordinary_sB	ordinary	B	10000	105	1.27264168e-03
run_ordinary_sB	ordinary	B	10000	106	1.91556186e-03
run_ordinary_sB	ordinary	B	10000	107	2.08326320e-04
run_ordinary_sB	ordinary	B	10000	108	7.75274703e-04
run_ordinary_sB	ordinary	B	10000	109	1.59003110e-03
run_ordinary_sB	ordinary	B	10000	110	7.75222125e-04
run_ordinary_sB	ordinary	B	10000	111	1.04754620e-03
run_ordinary_sB	ordinary	B	10000	112	-2.03501861e-04
run_ordinary_sB	ordinary	B	10000	113	5.77959219e-04
run_ordinary_sB	ordinary	B	10000	114	-2.81294121e-04
run_ordinary_sB	ordinary	B	10000	115	1.98260947e-03
run_ordinary_sB	ordinary	B	10000	116	2.82185327e-04
run_ordinary_sB	ordinary	B	10000	117	5.15939147e-04
run_ordinary_sB	ordinary	B	10000	118	8.67393467e-04
run_ordinary_sB	ordinary	B	10000	119	5.19379102e-04
run_ordinary_sB	ordinary	B	10000	120	5.45217448e-05
run_ordinary_sB	ordinary	B	10000	121	2.04672633e-03
run_ordinary_sB	ordinary	B	10000	122	1.13149924e-03
run_ordinary_sB	ordinary	B	10000	123	1.12309231e-03
run_ordinary_sB	ordinary	B	10000	124	4.58829650e-05
run_ordinary_sB	ordinary	B	10000	125	1.12487190e-03
run_ordinary_sB	ordinary	B	10000	126	1.41833146e-03
run_ordinary_sB	ordinary	B	10000	127	2.26900219e-03
run_ordinary_sB	ordinary	B	10000	128	1.05097788e-03
run_ordinary_sB	ordinary	B	10000	129	1.64733231e-03
run_ordinary_sB	ordinary	B	10000	130	-3.74648891e-04
run_ordinary_sB	ordinary	B	10000	131	2.63086084e-06
run_ordinary_sB	ordinary	B	10000	132	-2.91842959e-04
run_ordinary_sB	ordinary	B	10000	133	4.34009498e-05
run_ordinary_sB	ordinary	B	10000	134	-5.73162362e-04
run_ordinary_sB	ordinary	B	10000	135	6.79504662e-05
run_ordinary_sB	ordinary	B	10000	136	-5.34965551e-04
run_ordinary_sB	ordinary	B	10000	137	2.39331809e-03
run_ordinary_sB	ordinary	B	10000	138	6.51926967e-04
run_ordinary_sB	ordinary	B	10000	139	-2.44912335e-04
run_ordinary_sB	ordinary	B	10000	140	1.12118341e-03
run_ordinary_sB	ordinary	B	10000	141	1.68028373e-03
run_ordinary_sB	ordinary	B	10000	142	1.76268172e-03
run_ordinary_sB	ordinary	B	10000	143	1.39499535e-03
run_ordinary_sB	ordinary	B	10000	144	-6.51535838e-04
run_ordinary_sB	ordinary	B	10000	145	1.31445172e-03
run_ordinary_sB	ordinary	B	10000	146	5.27255985e-04
run_ordinary_sB	ordinary	B	10000	147	1.23046779e-03
run_ordinary_sB	ordinary	B	10000	148	3.38668345e-04
run_ordinary_sB	ordinary	B	10000	149	7.34367194e-04
run_ordinary_sB	ordinary	B	10000	150	8.28915751e-04
run_ordinary_sB	ordinary	B	10000	151	9.51743395e-04
run_ordinary_sB	ordinary	B	10000	152	4.54606780e-04
run_ordinary_sB	ordinary	B	10000	153	-5.88751308e-04
run_ordinary_sB	ordinary	B	10000	154	-1.36580368e-04
run_ordinary_sB	ordinary	B	10000	155	1.44356632e-03
run_ordinary_sB	ordinary	B	10000	156	1.59893841e-03
run_ordinary_sB	ordinary	B	10000	157	1.25592016e-03
run_ordinary_sB	ordinary	B	10000	158	5.80718667e-04
run_ordinary_sB	ordinary	B	10000	159	-5.10551938e-04
run_ordinary_sB	ordinary	B	10000	160	1.64794323e-03
run_ordinary_sB	ordinary	B	10000	161	6.63844219e-04
run_ordinary_sB	ordinary	B	10000	162	7.49811820e-04
run_ordinary_sB	ordinary	B	10000	163	1.58557868e-04
run_ordinary_sB	ordinary	B	10000	164	6.76191568e-04
run_ordinary_sB	ordinary	B	10000	165	-2.63883209e-04
run_ordinary_sB	ordinary	B	10000	166	5.45327664e-04
run_ordinary_sB	ordinary	B	10000	167	1.64419563e-03
run_ordinary_sB	ordinary	B	10000	168	2.34657632e-04
run_ordinary_sB	ordinary	B	10000	169	-6.47189956e-04
run_ordinary_sB	ordinary	B	10000	170	1.06828782e-03
run_ordinary_sB	ordinary	B	10000	171	1.44908395e-03
run_ordinary_sB	ordinary	B	10000	172	3.48179932e-04
run_ordinary_sB	ordinary	B	10000	173	-7.15750422e-04
run_ordinary_sB	ordinary	B	10000	174	-2.84623993e-04
run_ordinary_sB	ordinary	B	10000	175	-7.92357236e-04
run_ordinary_sB	ordinary	B	10000	176	2.97545066e-04
run_ordinary_sB	ordinary	B	10000	177	6.25365404e-04
run_ordinary_sB	ordinary	B	10000	178	8.40301697e-04
run_ordinary_sB	ordinary	B	10000	179	-1.50120897e-03
run_ordinary_sB	ordinary	B	10000	180	1.00331450e-03
run_ordinary_sB	ordinary	B	10000	181	7.40156826e-04
run_ordinary_sB	ordinary	B	10000	182	-6.76519840e-04
run_ordinary_sB	ordinary	B	10000	183	2.16638180e-03
run_ordinary_sB	ordinary	B	10000	184	1.66192660e-03
run_ordinary_sB	ordinary	B	10000	185	1.49316646e-03
run_ordinary_sB	ordinary	B	10000	186	-4.66785853e-04
run_ordinary_sB	ordinary	B	10000	187	8.14352151e-04
run_ordinary_sB	ordinary	B	10000	188	-1.77491627e-04
run_ordinary_sB	ordinary	B	10000	189	-5.53643670e-04
run_ordinary_sB	ordinary	B	10000	190	6.66380783e-04
run_ordinary_sB	ordinary	B	10000	191	7.95005646e-04
run_ordinary_sB	ordinary	B	10000	192	4.37691248e-04
run_ordinary_sB	ordinary	B	10000	193	4.77628268e-04
run_ordinary_sB	ordinary	B	10000	194	1.78695974e-03
run_ordinary_sB	ordinary	B	10000	195	-8.02532879e-04
run_ordinary_sB	ordinary	B	10000	196	1.10653906e-03
run_ordinary_sB	ordinary	B	10000	197	1.09849359e-03
run_ordinary_sB	ordinary	B	10000	198	5.46126709e-04
run_ordinary_sB	ordinary	B	10000	199	1.09980771e-05
run_ordinary_sB	ordinary	B	10000	200	6.48173300e-04
run_ordinary_sB	ordinary	B	10000	201	8.18211090e-04
run_ordinary_sB	ordinary	B	10000	202	1.47652530e-03
run_ordinary_sB	ordinary	B	10000	203	-5.35900576e-04
run_ordinary_sB	ordinary	B	10000	204	-7.22913409e-05
run_ordinary_sB	ordinary	B	10000	205	2.75950305e-04
run_ordinary_sB	ordinary	B	10000	206	2.09200093e-03
run_ordinary_sB	ordinary	B	10000	207	1.82096633e-03
run_ordinary_sB	ordinary	B	10000	208	4.12701924e-04
run_ordinary_sB	ordinary	B	10000	209	1.33918293e-04
run_ordinary_sB	ordinary	B	10000	210	5.47644113e-04
run_ordinary_sB	ordinary	B	10000	211	2.63577386e-04
run_ordinary_sB	ordinary	B	10000	212	4.58421860e-04
run_ordinary_sB	ordinary	B	10000	213	1.94318710e-03
run_ordinary_sB	ordinary	B	10000	214	-2.59869404e-04
run_ordinary_sB	ordinary	B	10000	215	9.68982742e-04
run_ordinary_sB	ordinary	B	10000	216	1.52716798e-03
run_ordinary_sB	ordinary	B	10000	217	6.58395693e-04
run_ordinary_sB	ordinary	B	10000	218	1.02809271e-04
run_ordinary_sB	ordinary	B	10000	219	-7.01717480e-04
run_ordinary_sB	ordinary	B	10000	220	9.50100660e-04
run_ordinary_sB	ordinary	B	10000	221	3.51700625e-04
run_ordinary_sB	ordinary	B	10000	222	7.42533798e-04
run_ordinary_sB	ordinary	B	10000	223	4.37009201e-04
run_ordinary_sB	ordinary	B	10000	224	6.50789194e-04
run_ordinary_sB	ordinary	B	10000	225	1.67921094e-04
run_ordinary_sB	ordinary	B	10000	226	1.67228726e-03
run_ordinary_sB	ordinary	B	10000	227	1.14320214e-03
run_ordinary_sB	ordinary	B	10000	228	-1.81584523e-04
run_ordinary_sB	ordinary	B	10000	229	3.70481124e-04
run_ordinary_sB	ordinary	B	10000	230	-9.05074628e-04
run_ordinary_sB	ordinary	B	10000	231	1.89527614e-03
run_ordinary_sB	ordinary	B	10000	232	-8.43444657e-04
run_ordinary_sB	ordinary	B	10000	233	-3.26049587e-04
run_ordinary_sB	ordinary	B	10000	234	-1.03250389e-03
run_ordinary_sB	ordinary	B	10000	235	1.40904228e-03
run_ordinary_sB	ordinary	B	10000	236	2.01541774e-03
run_ordinary_sB	ordinary	B	10000	237	7.09181973e-04
run_ordinary_sB	ordinary	B	10000	238	1.73358485e-03
run_ordinary_sB	ordinary	B	10000	239	1.16627838e-03
run_ordinary_sB	ordinary	B	10000	240	-2.62618442e-04
run_ordinary_sB	ordinary	B	10000	241	6.97365857e-04
run_ordinary_sB	ordinary	B	10000	242	2.04515047e-03
run_ordinary_sB	ordinary	B	10000	243	-2.22896731e-05
run_ordinary_sB	ordinary	B	10000	244	2.54866885e-03
run_ordinary_sB	ordinary	B	10000	245	-3.43109557e-04
run_ordinary_sB	ordinary	B	10000	246	-1.81682828e-04
run_ordinary_sB	ordinary	B	10000	247	1.77387053e-03
run_ordinary_sB	ordinary	B	10000	248	1.64867343e-03
run_ordinary_sB	ordinary	B	10000	249	6.25194769e-04
run_ordinary_sB	ordinary	B	10000	250	-1.34880291e-04
run_ordinary_sB	ordinary	B	10000	251	7.85770937e-04
run_ordinary_sB	ordinary	B	10000	252	5.12400979e-04
run_ordinary_sB	ordinary	B	10000	253	-3.17565647e-04
run_ordinary_sB	ordinary	B	10000	254	7.23604970e-04
run_ordinary_sB	ordinary	B	10000	255	-4.73785724e-04
run_ordinary_sB	ordinary	B	10000	256	1.34625222e-03
run_ordinary_sB	ordinary	B	10000	257	1.19552974e-04
run_ordinary_sB	ordinary	B	10000	258	-4.79917697e-05
run_ordinary_sB	ordinary	B	10000	259	1.03633122e-03
run_ordinary_sB	ordinary	B	10000	260	8.59064687e-04
run_ordinary_sB	ordinary	B	10000	261	-5.08900814e-04
run_ordinary_sB	ordinary	B	10000	262	1.20661419e-04
run_ordinary_sB	ordinary	B	10000	263	-2.17633708e-04
run_ordinary_sB	ordinary	B	10000	264	1.35977269e-03
run_ordinary_sB	ordinary	B	10000	265	2.56240008e-03
run_ordinary_sB	ordinary	B	10000	266	9.77359558e-04
run_ordinary_sB	ordinary	B	10000	267	-3.75107384e-04
run_ordinary_sB	ordinary	B	10000	268	1.70142322e-03
run_ordinary_sB	ordinary	B	10000	269	2.50426355e-03
run_ordinary_sB	ordinary	B	10000	270	8.19040614e-04
run_ordinary_sB	ordinary	B	10000	271	-2.50485244e-04
run_ordinary_sB	ordinary	B	10000	272	1.07693066e-03
run_ordinary_sB	ordinary	B	10000	273	2.08458822e-04
run_ordinary_sB	ordinary	B	10000	274	7.44419133e-04
run_ordinary_sB	ordinary	B	10000	275	5.81991625e-05
run_ordinary_sB	ordinary	B	10000	276	1.76615138e-03
run_ordinary_sB	ordinary	B	10000	277	-5.61883431e-05
run_ordinary_sB	ordinary	B	10000	278	1.23839290e-03
run_ordinary_sB	ordinary	B	10000	279	9.20949167e-04
run_ordinary_sB	ordinary	B	10000	280	-3.86279163e-04
run_ordinary_sB	ordinary	B	10000	281	1.10293764e-03
run_ordinary_sB	ordinary	B	10000	282	1.07638118e-03
run_ordinary_sB	ordinary	B	10000	283	1.88104413e-04
run_ordinary_sB	ordinary	B	10000	284	1.56235222e-03
run_ordinary_sB	ordinary	B	10000	285	-4.36316348e-05
run_ordinary_sB	ordinary	B	10000	286	5.14035793e-04
run_ordinary_sB	ordinary	B	10000	287	2.12175370e-04
run_ordinary_sB	ordinary	B	10000	288	7.99689194e-04
run_ordinary_sB	ordinary	B	10000	289	1.49559962e-03
run_ordinary_sB	ordinary	B	10000	290	1.75804235e-03
run_ordinary_sB	ordinary	B	10000	291	1.02771103e-03
run_ordinary_sB	ordinary	B	10000	292	4.96357807e-04
run_ordinary_sB	ordinary	B	10000	293	1.32798918e-03
run_ordinary_sB	ordinary	B	10000	294	-2.32978099e-04
run_ordinary_sB	ordinary	B	10000	295	7.73705357e-04
run_ordinary_sB	ordinary	B	10000	296	1.04832117e-03
run_ordinary_sB	ordinary	B	10000	297	8.58659230e-04
run_ordinary_sB	ordinary	B	10000	298	-1.47320015e-05
run_ordinary_sB	ordinary	B	10000	299	2.00157086e-03
run_ordinary_sB	ordinary	B	10000	300	9.00419161e-04
run_ordinary_sB	ordinary	B	10000	301	1.07222036e-03
run_ordinary_sB	ordinary	B	10000	302	5.62207191e-04
run_ordinary_sB	ordinary	B	10000	303	9.09436700e-05
run_ordinary_sB	ordinary	B	10000	304	1.65320420e-03
run_ordinary_sB	ordinary	B	10000	305	-2.10048934e-03
run_ordinary_sB	ordinary	B	10000	306	-3.20304417e-04
run_ordinary_sB	ordinary	B	10000	307	5.74008926e-04
run_ordinary_sB	ordinary	B	10000	308	1.29092345e-03
run_ordinary_sB	ordinary	B	10000	309	-6.91540266e-04
run_ordinary_sB	ordinary	B	10000	310	3.72426227e-04
run_ordinary_sB	ordinary	B	10000	311	-2.86365115e-04
run_ordinary_sB	ordinary	B	10000	312	2.06710050e-03
run_ordinary_sB	ordinary	B	10000	313	-1.09516441e-03
run_ordinary_sB	ordinary	B	10000	314	9.97579955e-04
run_ordinary_sB	ordinary	B	10000	315	3.42345740e-04
run_ordinary_sB	ordinary	B	10000	316	7.23355467e-04
run_ordinary_sB	ordinary	B	10000	317	1.91992295e-04
run_ordinary_sB	ordinary	B	10000	318	1.04826034e-04
run_ordinary_sB	ordinary	B	10000	319	-3.66021900e-04
