run	model	rep	decay	step	lr	E_SR	E_LR	E_LR_over_E_SR_batch	E_LR_min	E_LR_max	RMS_F_SR	RMS_F_LR	F_LR_over_F_SR
run_hybrid_fixed_sA	hybrid_fixed	A	5000	1	0.001	-29855.635874	-534.113224	0.0179	-534.11	-534.11	0.014504	0.2904	18.2829
run_hybrid_fixed_sA	hybrid_fixed	A	5000	97	0.001	-29362.326472	-547.456529	0.0186	-547.46	-547.46	0.65183	0.29875	0.5029
run_hybrid_fixed_sA	hybrid_fixed	A	5000	194	0.001	-29414.071559	-544.582756	0.0185	-544.58	-544.58	0.75101	0.28921	0.4198
run_hybrid_fixed_sA	hybrid_fixed	A	5000	291	0.001	-29401.601322	-547.320195	0.0186	-547.32	-547.32	0.7581	0.30058	0.4115
run_hybrid_fixed_sA	hybrid_fixed	A	5000	388	0.001	-29391.384777	-549.43188	0.0187	-549.43	-549.43	0.68556	0.31009	0.4806
run_hybrid_fixed_sA	hybrid_fixed	A	5000	485	0.001	-29383.667277	-552.455349	0.0188	-552.46	-552.46	0.87274	0.30042	0.3626
run_hybrid_fixed_sA	hybrid_fixed	A	5000	582	0.001	-29388.351827	-554.624544	0.0189	-554.62	-554.62	0.75011	0.29083	0.404
run_hybrid_fixed_sA	hybrid_fixed	A	5000	679	0.001	-29382.055926	-557.445418	0.019	-557.45	-557.45	0.69743	0.28363	0.4327
run_hybrid_fixed_sA	hybrid_fixed	A	5000	776	0.001	-29377.362911	-561.063357	0.0191	-561.06	-561.06	0.69193	0.30038	0.4513
run_hybrid_fixed_sA	hybrid_fixed	A	5000	873	0.001	-29378.60978	-565.930824	0.0193	-565.93	-565.93	0.66935	0.28101	0.4471
run_hybrid_fixed_sA	hybrid_fixed	A	5000	970	0.001	-29374.097578	-571.955078	0.0195	-571.96	-571.96	0.80824	0.28798	0.3876
run_hybrid_fixed_sA	hybrid_fixed	A	5000	1067	0.001	-29360.016363	-576.128847	0.0196	-576.13	-576.13	0.67851	0.31531	0.4891
run_hybrid_fixed_sA	hybrid_fixed	A	5000	1164	0.001	-29364.348035	-579.441315	0.0197	-579.44	-579.44	0.64253	0.28166	0.4687
run_hybrid_fixed_sA	hybrid_fixed	A	5000	1261	0.001	-29359.351006	-585.156833	0.0199	-585.16	-585.16	0.72748	0.32152	0.4621
run_hybrid_fixed_sA	hybrid_fixed	A	5000	1358	0.001	-29358.326537	-585.614202	0.0199	-585.61	-585.61	0.70847	0.31623	0.4665
run_hybrid_fixed_sA	hybrid_fixed	A	5000	1455	0.001	-29359.383596	-588.774314	0.0201	-588.77	-588.77	0.69353	0.33507	0.5178
run_hybrid_fixed_sA	hybrid_fixed	A	5000	1552	0.001	-29358.70094	-590.464378	0.0201	-590.46	-590.46	0.73464	0.33241	0.4976
run_hybrid_fixed_sA	hybrid_fixed	A	5000	1649	0.001	-29350.617233	-593.430357	0.0202	-593.43	-593.43	0.66491	0.33835	0.5118
run_hybrid_fixed_sA	hybrid_fixed	A	5000	1746	0.001	-29343.701139	-596.729287	0.0203	-596.73	-596.73	0.70876	0.32184	0.4779
run_hybrid_fixed_sA	hybrid_fixed	A	5000	1843	0.001	-29341.222956	-599.958479	0.0204	-599.96	-599.96	0.73251	0.34997	0.5123
run_hybrid_fixed_sA	hybrid_fixed	A	5000	1940	0.001	-29344.027597	-601.029858	0.0205	-601.03	-601.03	0.65609	0.31701	0.5117
run_hybrid_fixed_sA	hybrid_fixed	A	5000	2037	0.001	-29340.655542	-603.077747	0.0206	-603.08	-603.08	0.68848	0.33331	0.5165
run_hybrid_fixed_sA	hybrid_fixed	A	5000	2134	0.001	-29338.675011	-602.72537	0.0205	-602.73	-602.73	0.65522	0.335	0.5449
run_hybrid_fixed_sA	hybrid_fixed	A	5000	2231	0.001	-29342.403054	-605.661789	0.0206	-605.66	-605.66	0.74883	0.34436	0.5038
run_hybrid_fixed_sA	hybrid_fixed	A	5000	2328	0.001	-29337.477013	-606.246123	0.0207	-606.25	-606.25	0.6884	0.36282	0.5481
run_hybrid_fixed_sA	hybrid_fixed	A	5000	2425	0.001	-29333.757634	-610.402331	0.0208	-610.4	-610.4	0.7175	0.33909	0.5078
run_hybrid_fixed_sA	hybrid_fixed	A	5000	2522	0.001	-29334.052659	-616.625231	0.021	-616.63	-616.63	0.6747	0.4029	0.621
run_hybrid_fixed_sA	hybrid_fixed	A	5000	2619	0.001	-29326.810613	-613.637523	0.0209	-613.64	-613.64	0.75408	0.39319	0.5447
run_hybrid_fixed_sA	hybrid_fixed	A	5000	2716	0.001	-29322.307476	-623.304765	0.0213	-623.3	-623.3	0.66892	0.35735	0.5584
run_hybrid_fixed_sA	hybrid_fixed	A	5000	2813	0.001	-29330.033669	-619.305178	0.0211	-619.31	-619.31	0.58948	0.37218	0.6634
run_hybrid_fixed_sA	hybrid_fixed	A	5000	2910	0.001	-29320.217998	-623.354196	0.0213	-623.35	-623.35	0.67742	0.35649	0.5594
run_hybrid_fixed_sA	hybrid_fixed	A	5000	3007	0.001	-29313.78139	-629.161627	0.0215	-629.16	-629.16	0.69123	0.36685	0.5515
run_hybrid_fixed_sA	hybrid_fixed	A	5000	3104	0.001	-29309.303119	-633.79839	0.0216	-633.8	-633.8	0.62361	0.40498	0.6619
run_hybrid_fixed_sA	hybrid_fixed	A	5000	3201	0.001	-29304.333949	-636.964557	0.0217	-636.96	-636.96	0.6801	0.38938	0.5837
run_hybrid_fixed_sA	hybrid_fixed	A	5000	3300	0.001	-29299.511538	-640.679558	0.0219	-640.68	-640.68	0.78067	0.4119	0.5369
run_hybrid_fixed_sA	hybrid_fixed	A	5000	3398	0.001	-29301.45697	-643.401504	0.022	-643.4	-643.4	0.76352	0.40609	0.5569
run_hybrid_fixed_sA	hybrid_fixed	A	5000	3495	0.001	-29298.636063	-643.16458	0.022	-643.16	-643.16	0.70812	0.44716	0.6444
run_hybrid_fixed_sA	hybrid_fixed	A	5000	3592	0.001	-29301.187978	-645.400859	0.022	-645.4	-645.4	0.66	0.40627	0.6511
run_hybrid_fixed_sA	hybrid_fixed	A	5000	3689	0.001	-29286.801236	-651.413899	0.0222	-651.41	-651.41	0.70304	0.45373	0.6793
run_hybrid_fixed_sA	hybrid_fixed	A	5000	3786	0.001	-29293.091588	-653.641064	0.0223	-653.64	-653.64	0.64951	0.41492	0.6366
run_hybrid_fixed_sA	hybrid_fixed	A	5000	3883	0.001	-29294.533403	-651.495796	0.0222	-651.5	-651.5	0.68865	0.42294	0.6306
run_hybrid_fixed_sA	hybrid_fixed	A	5000	3980	0.001	-29287.316188	-655.232091	0.0224	-655.23	-655.23	0.6487	0.48536	0.7466
run_hybrid_fixed_sA	hybrid_fixed	A	5000	4077	0.001	-29283.581692	-658.094825	0.0225	-658.09	-658.09	0.68909	0.47918	0.6969
run_hybrid_fixed_sA	hybrid_fixed	A	5000	4174	0.001	-29279.474514	-662.405913	0.0226	-662.41	-662.41	0.70894	0.45655	0.6699
run_hybrid_fixed_sA	hybrid_fixed	A	5000	4271	0.001	-29284.677203	-664.174437	0.0227	-664.17	-664.17	0.66889	0.49734	0.7345
run_hybrid_fixed_sA	hybrid_fixed	A	5000	4368	0.001	-29278.505854	-662.720556	0.0226	-662.72	-662.72	0.7037	0.43813	0.6327
run_hybrid_fixed_sA	hybrid_fixed	A	5000	4465	0.001	-29277.644289	-665.176793	0.0227	-665.18	-665.18	0.69125	0.4401	0.6521
run_hybrid_fixed_sA	hybrid_fixed	A	5000	4562	0.001	-29275.763169	-665.986831	0.0227	-665.99	-665.99	0.71124	0.4521	0.6661
run_hybrid_fixed_sA	hybrid_fixed	A	5000	4659	0.001	-29273.476242	-669.209364	0.0229	-669.21	-669.21	0.70975	0.46147	0.679
run_hybrid_fixed_sA	hybrid_fixed	A	5000	4756	0.001	-29275.629615	-671.527981	0.0229	-671.53	-671.53	0.71435	0.51326	0.7411
run_hybrid_fixed_sA	hybrid_fixed	A	5000	4853	0.001	-29273.013293	-671.703504	0.0229	-671.7	-671.7	0.72402	0.4648	0.666
run_hybrid_fixed_sA	hybrid_fixed	A	5000	4950	0.001	-29267.81656	-671.631937	0.0229	-671.63	-671.63	0.78525	0.47018	0.6224
run_hybrid_fixed_sA	hybrid_fixed	A	5000	5047	5.924525297439452e-06	-29269.863564	-673.371887	0.023	-673.37	-673.37	0.69965	0.46807	0.6942
run_hybrid_fixed_sA	hybrid_fixed	A	5000	5144	5.924525297439452e-06	-29269.839748	-673.534545	0.023	-673.53	-673.53	0.70206	0.50462	0.6983
run_hybrid_fixed_sA	hybrid_fixed	A	5000	5241	5.924525297439452e-06	-29269.37226	-673.72843	0.023	-673.73	-673.73	0.72887	0.47036	0.6705
run_hybrid_fixed_sA	hybrid_fixed	A	5000	5338	5.924525297439452e-06	-29268.088883	-674.76436	0.0231	-674.76	-674.76	0.72694	0.46956	0.6689
run_hybrid_fixed_sA	hybrid_fixed	A	5000	5435	5.924525297439452e-06	-29268.890483	-674.602058	0.023	-674.6	-674.6	0.6785	0.52173	0.7557
run_hybrid_fixed_sA	hybrid_fixed	A	5000	5532	5.924525297439452e-06	-29268.220345	-675.07331	0.0231	-675.07	-675.07	0.7061	0.46933	0.6905
run_hybrid_fixed_sA	hybrid_fixed	A	5000	5629	5.924525297439452e-06	-29269.169323	-674.698246	0.0231	-674.7	-674.7	0.71331	0.47634	0.6787
run_hybrid_fixed_sA	hybrid_fixed	A	5000	5726	5.924525297439452e-06	-29267.756145	-674.848857	0.0231	-674.85	-674.85	0.77855	0.49304	0.6449
run_hybrid_fixed_sA	hybrid_fixed	A	5000	5823	5.924525297439452e-06	-29263.399876	-679.786101	0.0232	-679.79	-679.79	0.73384	0.46823	0.6702
run_hybrid_fixed_sA	hybrid_fixed	A	5000	5920	5.924525297439452e-06	-29269.340997	-674.430967	0.023	-674.43	-674.43	0.69073	0.48239	0.7193
run_hybrid_fixed_sA	hybrid_fixed	A	5000	6017	5.924525297439452e-06	-29266.403227	-677.241117	0.0231	-677.24	-677.24	0.71769	0.49455	0.7144
run_hybrid_fixed_sA	hybrid_fixed	A	5000	6114	5.924525297439452e-06	-29267.567284	-676.098159	0.0231	-676.1	-676.1	0.70049	0.46029	0.651
run_hybrid_fixed_sA	hybrid_fixed	A	5000	6211	5.924525297439452e-06	-29269.927321	-673.67036	0.023	-673.67	-673.67	0.70187	0.5098	0.7686
run_hybrid_fixed_sA	hybrid_fixed	A	5000	6308	5.924525297439452e-06	-29262.852199	-681.979913	0.0233	-681.98	-681.98	0.71941	0.45951	0.6386
run_hybrid_fixed_sA	hybrid_fixed	A	5000	6405	5.924525297439452e-06	-29271.874642	-672.048804	0.023	-672.05	-672.05	0.71589	0.45978	0.6659
run_hybrid_fixed_sA	hybrid_fixed	A	5000	6502	5.924525297439452e-06	-29266.421534	-678.10212	0.0232	-678.1	-678.1	0.69402	0.49007	0.7199
run_hybrid_fixed_sA	hybrid_fixed	A	5000	6600	5.924525297439452e-06	-29268.426916	-675.725462	0.0231	-675.73	-675.73	0.70193	0.46849	0.6631
run_hybrid_fixed_sA	hybrid_fixed	A	5000	6699	5.924525297439452e-06	-29267.954257	-675.872036	0.0231	-675.87	-675.87	0.74802	0.47111	0.6442
run_hybrid_fixed_sA	hybrid_fixed	A	5000	6796	5.924525297439452e-06	-29267.013582	-677.02183	0.0231	-677.02	-677.02	0.76076	0.4816	0.6214
run_hybrid_fixed_sA	hybrid_fixed	A	5000	6893	5.924525297439452e-06	-29267.491384	-675.727697	0.0231	-675.73	-675.73	0.74894	0.51572	0.7212
run_hybrid_fixed_sA	hybrid_fixed	A	5000	6990	5.924525297439452e-06	-29266.646675	-678.24156	0.0232	-678.24	-678.24	0.68697	0.46785	0.6888
run_hybrid_fixed_sA	hybrid_fixed	A	5000	7087	5.924525297439452e-06	-29268.968221	-674.036144	0.023	-674.04	-674.04	0.74912	0.48972	0.6594
run_hybrid_fixed_sA	hybrid_fixed	A	5000	7184	5.924525297439452e-06	-29266.171131	-679.189853	0.0232	-679.19	-679.19	0.67453	0.45371	0.6749
run_hybrid_fixed_sA	hybrid_fixed	A	5000	7281	5.924525297439452e-06	-29270.588605	-673.729674	0.023	-673.73	-673.73	0.70032	0.46254	0.6788
run_hybrid_fixed_sA	hybrid_fixed	A	5000	7378	5.924525297439452e-06	-29263.012712	-679.883525	0.0232	-679.88	-679.88	0.78486	0.49086	0.6501
run_hybrid_fixed_sA	hybrid_fixed	A	5000	7475	5.924525297439452e-06	-29268.503706	-674.736963	0.0231	-674.74	-674.74	0.72087	0.46905	0.676
run_hybrid_fixed_sA	hybrid_fixed	A	5000	7572	5.924525297439452e-06	-29269.669114	-673.350461	0.023	-673.35	-673.35	0.73792	0.51575	0.7038
run_hybrid_fixed_sA	hybrid_fixed	A	5000	7669	5.924525297439452e-06	-29269.895474	-673.203987	0.023	-673.2	-673.2	0.70254	0.46672	0.6906
run_hybrid_fixed_sA	hybrid_fixed	A	5000	7766	5.924525297439452e-06	-29272.358731	-671.620492	0.0229	-671.62	-671.62	0.64806	0.46706	0.7424
run_hybrid_fixed_sA	hybrid_fixed	A	5000	7863	5.924525297439452e-06	-29269.102962	-674.817777	0.0231	-674.82	-674.82	0.67921	0.49744	0.7456
run_hybrid_fixed_sA	hybrid_fixed	A	5000	7960	5.924525297439452e-06	-29270.178354	-674.043197	0.023	-674.04	-674.04	0.72705	0.4701	0.6625
run_hybrid_fixed_sA	hybrid_fixed	A	5000	8057	5.924525297439452e-06	-29269.549759	-674.877568	0.0231	-674.88	-674.88	0.75171	0.49191	0.6813
run_hybrid_fixed_sA	hybrid_fixed	A	5000	8154	5.924525297439452e-06	-29268.481533	-674.881336	0.0231	-674.88	-674.88	0.77673	0.48141	0.6419
run_hybrid_fixed_sA	hybrid_fixed	A	5000	8251	5.924525297439452e-06	-29269.273105	-673.897865	0.023	-673.9	-673.9	0.68898	0.47874	0.6998
run_hybrid_fixed_sA	hybrid_fixed	A	5000	8348	5.924525297439452e-06	-29264.845969	-678.341716	0.0232	-678.34	-678.34	0.71486	0.47206	0.6718
run_hybrid_fixed_sA	hybrid_fixed	A	5000	8445	5.924525297439452e-06	-29268.808278	-675.573757	0.0231	-675.57	-675.57	0.66041	0.45676	0.7005
run_hybrid_fixed_sA	hybrid_fixed	A	5000	8542	5.924525297439452e-06	-29269.392178	-674.93968	0.0231	-674.94	-674.94	0.71552	0.44907	0.6255
run_hybrid_fixed_sA	hybrid_fixed	A	5000	8639	5.924525297439452e-06	-29265.082733	-677.548955	0.0232	-677.55	-677.55	0.74532	0.51049	0.6881
run_hybrid_fixed_sA	hybrid_fixed	A	5000	8736	5.924525297439452e-06	-29267.64969	-674.34064	0.023	-674.34	-674.34	0.83752	0.51989	0.647
run_hybrid_fixed_sA	hybrid_fixed	A	5000	8833	5.924525297439452e-06	-29268.070208	-675.095852	0.0231	-675.1	-675.1	0.72911	0.48788	0.6912
run_hybrid_fixed_sA	hybrid_fixed	A	5000	8930	5.924525297439452e-06	-29269.724045	-675.103781	0.0231	-675.1	-675.1	0.66127	0.46645	0.7206
run_hybrid_fixed_sA	hybrid_fixed	A	5000	9027	5.924525297439452e-06	-29267.194816	-676.330433	0.0231	-676.33	-676.33	0.66534	0.44917	0.6686
run_hybrid_fixed_sA	hybrid_fixed	A	5000	9124	5.924525297439452e-06	-29268.936038	-673.972991	0.023	-673.97	-673.97	0.74817	0.48955	0.6601
run_hybrid_fixed_sA	hybrid_fixed	A	5000	9221	5.924525297439452e-06	-29265.038022	-677.004518	0.0231	-677.0	-677.0	0.75436	0.55719	0.7187
run_hybrid_fixed_sA	hybrid_fixed	A	5000	9318	5.924525297439452e-06	-29266.034311	-678.544687	0.0232	-678.54	-678.54	0.69063	0.4674	0.6713
run_hybrid_fixed_sA	hybrid_fixed	A	5000	9415	5.924525297439452e-06	-29267.848227	-676.171155	0.0231	-676.17	-676.17	0.68778	0.51127	0.7437
run_hybrid_fixed_sA	hybrid_fixed	A	5000	9512	5.924525297439452e-06	-29267.047169	-675.777131	0.0231	-675.78	-675.78	0.73368	0.48161	0.6502
run_hybrid_fixed_sA	hybrid_fixed	A	5000	9609	5.924525297439452e-06	-29268.007181	-675.832498	0.0231	-675.83	-675.83	0.74172	0.48588	0.6629
run_hybrid_fixed_sA	hybrid_fixed	A	5000	9706	5.924525297439452e-06	-29269.510509	-674.552399	0.023	-674.55	-674.55	0.71348	0.47566	0.6777
run_hybrid_fixed_sA	hybrid_fixed	A	5000	9803	5.924525297439452e-06	-29269.32099	-675.184185	0.0231	-675.18	-675.18	0.68299	0.45004	0.6571
run_hybrid_fixed_sA	hybrid_fixed	A	5000	9900	5.924525297439452e-06	-29270.010619	-673.583878	0.023	-673.58	-673.58	0.67888	0.47208	0.6996
run_hybrid_fixed_sA	hybrid_fixed	A	5000	10000	3.5100000000000036e-08	-29268.13135	-675.768373	0.0231	-675.77	-675.77	0.74644	0.47074	0.6452
run_hybrid_fixed_sB	hybrid_fixed	B	5000	1	0.001	-29818.677737	-534.773371	0.0179	-534.77	-534.77	0.012936	0.29048	20.8248
run_hybrid_fixed_sB	hybrid_fixed	B	5000	97	0.001	-29376.123813	-545.28753	0.0186	-545.29	-545.29	0.72877	0.27707	0.434
run_hybrid_fixed_sB	hybrid_fixed	B	5000	194	0.001	-29365.129191	-564.116245	0.0192	-564.12	-564.12	0.7798	0.34942	0.5144
run_hybrid_fixed_sB	hybrid_fixed	B	5000	291	0.001	-29363.693653	-574.918279	0.0196	-574.92	-574.92	0.78224	0.43678	0.6326
run_hybrid_fixed_sB	hybrid_fixed	B	5000	388	0.001	-29375.789103	-580.704734	0.0198	-580.7	-580.7	0.84637	0.48139	0.6516
run_hybrid_fixed_sB	hybrid_fixed	B	5000	485	0.001	-29355.705176	-584.30566	0.0199	-584.31	-584.31	0.95615	0.48438	0.6293
run_hybrid_fixed_sB	hybrid_fixed	B	5000	582	0.001	-29352.974978	-589.315865	0.0201	-589.32	-589.32	0.81071	0.49348	0.7144
run_hybrid_fixed_sB	hybrid_fixed	B	5000	679	0.001	-29355.400035	-595.707417	0.0203	-595.71	-595.71	0.91839	0.52322	0.6657
run_hybrid_fixed_sB	hybrid_fixed	B	5000	776	0.001	-29339.326059	-598.835504	0.0204	-598.84	-598.84	0.94378	0.52514	0.6502
run_hybrid_fixed_sB	hybrid_fixed	B	5000	873	0.001	-29341.477696	-601.926085	0.0205	-601.93	-601.93	0.9208	0.50814	0.6217
run_hybrid_fixed_sB	hybrid_fixed	B	5000	970	0.001	-29334.50233	-604.094479	0.0206	-604.09	-604.09	0.83478	0.52073	0.7043
run_hybrid_fixed_sB	hybrid_fixed	B	5000	1067	0.001	-29338.449571	-606.604674	0.0207	-606.6	-606.6	0.85294	0.50035	0.689
run_hybrid_fixed_sB	hybrid_fixed	B	5000	1164	0.001	-29329.646142	-604.845179	0.0206	-604.85	-604.85	0.92093	0.52031	0.6477
run_hybrid_fixed_sB	hybrid_fixed	B	5000	1261	0.001	-29335.317839	-608.45485	0.0207	-608.45	-608.45	0.79365	0.51552	0.737
run_hybrid_fixed_sB	hybrid_fixed	B	5000	1358	0.001	-29342.373394	-610.049295	0.0208	-610.05	-610.05	0.95774	0.53073	0.6333
run_hybrid_fixed_sB	hybrid_fixed	B	5000	1455	0.001	-29330.99664	-609.31134	0.0208	-609.31	-609.31	0.91671	0.52493	0.6547
run_hybrid_fixed_sB	hybrid_fixed	B	5000	1552	0.001	-29333.052481	-614.475254	0.0209	-614.48	-614.48	0.7559	0.51145	0.7913
run_hybrid_fixed_sB	hybrid_fixed	B	5000	1649	0.001	-29338.764511	-613.509359	0.0209	-613.51	-613.51	0.9074	0.52909	0.6614
run_hybrid_fixed_sB	hybrid_fixed	B	5000	1746	0.001	-29321.252965	-615.878092	0.021	-615.88	-615.88	0.81751	0.50831	0.6985
run_hybrid_fixed_sB	hybrid_fixed	B	5000	1843	0.001	-29326.330052	-617.331509	0.0211	-617.33	-617.33	0.89709	0.54185	0.7104
run_hybrid_fixed_sB	hybrid_fixed	B	5000	1940	0.001	-29310.993645	-619.918614	0.0211	-619.92	-619.92	0.91123	0.52817	0.6646
run_hybrid_fixed_sB	hybrid_fixed	B	5000	2037	0.001	-29319.698591	-622.201744	0.0212	-622.2	-622.2	0.83767	0.51335	0.7025
run_hybrid_fixed_sB	hybrid_fixed	B	5000	2134	0.001	-29327.002602	-623.647115	0.0213	-623.65	-623.65	0.85358	0.54179	0.7218
run_hybrid_fixed_sB	hybrid_fixed	B	5000	2231	0.001	-29326.031311	-626.727322	0.0214	-626.73	-626.73	0.8266	0.54553	0.7306
run_hybrid_fixed_sB	hybrid_fixed	B	5000	2328	0.001	-29307.34089	-632.025672	0.0216	-632.03	-632.03	0.8694	0.53635	0.7216
run_hybrid_fixed_sB	hybrid_fixed	B	5000	2425	0.001	-29305.447009	-631.085593	0.0215	-631.09	-631.09	0.84515	0.51964	0.6968
run_hybrid_fixed_sB	hybrid_fixed	B	5000	2522	0.001	-29316.698241	-638.325143	0.0218	-638.33	-638.33	0.83222	0.54246	0.7503
run_hybrid_fixed_sB	hybrid_fixed	B	5000	2619	0.001	-29297.78674	-640.854343	0.0219	-640.85	-640.85	0.83611	0.54547	0.7084
run_hybrid_fixed_sB	hybrid_fixed	B	5000	2716	0.001	-29295.541631	-641.839431	0.0219	-641.84	-641.84	0.81344	0.52691	0.717
run_hybrid_fixed_sB	hybrid_fixed	B	5000	2813	0.001	-29302.300414	-643.767581	0.022	-643.77	-643.77	0.8755	0.54527	0.6965
run_hybrid_fixed_sB	hybrid_fixed	B	5000	2910	0.001	-29286.621447	-644.807308	0.022	-644.81	-644.81	0.86724	0.52172	0.7115
run_hybrid_fixed_sB	hybrid_fixed	B	5000	3007	0.001	-29298.576533	-649.608708	0.0222	-649.61	-649.61	0.92751	0.53613	0.6621
run_hybrid_fixed_sB	hybrid_fixed	B	5000	3104	0.001	-29287.371478	-654.172763	0.0223	-654.17	-654.17	0.84866	0.51689	0.6695
run_hybrid_fixed_sB	hybrid_fixed	B	5000	3201	0.001	-29287.123777	-657.956865	0.0225	-657.96	-657.96	0.84682	0.56396	0.7218
run_hybrid_fixed_sB	hybrid_fixed	B	5000	3300	0.001	-29276.779349	-661.866681	0.0226	-661.87	-661.87	0.78322	0.54279	0.7647
run_hybrid_fixed_sB	hybrid_fixed	B	5000	3398	0.001	-29280.328106	-662.414694	0.0226	-662.41	-662.41	0.89497	0.60783	0.7268
run_hybrid_fixed_sB	hybrid_fixed	B	5000	3495	0.001	-29282.778926	-666.133031	0.0227	-666.13	-666.13	0.83379	0.5947	0.7852
run_hybrid_fixed_sB	hybrid_fixed	B	5000	3592	0.001	-29270.585135	-670.565181	0.0229	-670.57	-670.57	0.86938	0.55357	0.7142
run_hybrid_fixed_sB	hybrid_fixed	B	5000	3689	0.001	-29264.901168	-672.241636	0.023	-672.24	-672.24	0.76675	0.58193	0.8014
run_hybrid_fixed_sB	hybrid_fixed	B	5000	3786	0.001	-29267.891387	-671.998571	0.023	-672.0	-672.0	0.72856	0.56047	0.8474
run_hybrid_fixed_sB	hybrid_fixed	B	5000	3883	0.001	-29275.049786	-676.917488	0.0231	-676.92	-676.92	0.80034	0.51749	0.6978
run_hybrid_fixed_sB	hybrid_fixed	B	5000	3980	0.001	-29262.805009	-677.910098	0.0232	-677.91	-677.91	0.74648	0.56363	0.8203
run_hybrid_fixed_sB	hybrid_fixed	B	5000	4077	0.001	-29255.999852	-683.588762	0.0234	-683.59	-683.59	0.81119	0.51895	0.6782
run_hybrid_fixed_sB	hybrid_fixed	B	5000	4174	0.001	-29250.25807	-687.184104	0.0235	-687.18	-687.18	0.79878	0.57949	0.7797
run_hybrid_fixed_sB	hybrid_fixed	B	5000	4271	0.001	-29254.289373	-690.795678	0.0236	-690.8	-690.8	0.87229	0.50246	0.6185
run_hybrid_fixed_sB	hybrid_fixed	B	5000	4368	0.001	-29262.715164	-692.204366	0.0237	-692.2	-692.2	0.78938	0.56733	0.7595
run_hybrid_fixed_sB	hybrid_fixed	B	5000	4465	0.001	-29248.608898	-690.318191	0.0236	-690.32	-690.32	0.87722	0.5486	0.6753
run_hybrid_fixed_sB	hybrid_fixed	B	5000	4562	0.001	-29249.920802	-695.041689	0.0238	-695.04	-695.04	0.8254	0.53203	0.697
run_hybrid_fixed_sB	hybrid_fixed	B	5000	4659	0.001	-29250.813761	-696.083816	0.0238	-696.08	-696.08	0.73533	0.55253	0.8156
run_hybrid_fixed_sB	hybrid_fixed	B	5000	4756	0.001	-29241.852049	-694.886043	0.0238	-694.89	-694.89	0.90089	0.54959	0.6687
run_hybrid_fixed_sB	hybrid_fixed	B	5000	4853	0.001	-29242.179617	-691.641956	0.0237	-691.64	-691.64	0.82017	0.57061	0.7524
run_hybrid_fixed_sB	hybrid_fixed	B	5000	4950	0.001	-29247.194306	-698.812971	0.0239	-698.81	-698.81	0.76142	0.53321	0.7561
run_hybrid_fixed_sB	hybrid_fixed	B	5000	5047	5.924525297439452e-06	-29247.336949	-695.636357	0.0238	-695.64	-695.64	0.76925	0.5839	0.8144
run_hybrid_fixed_sB	hybrid_fixed	B	5000	5144	5.924525297439452e-06	-29242.387427	-700.480066	0.024	-700.48	-700.48	0.82349	0.53831	0.7309
run_hybrid_fixed_sB	hybrid_fixed	B	5000	5241	5.924525297439452e-06	-29246.865635	-696.516333	0.0238	-696.52	-696.52	0.78668	0.55594	0.7393
run_hybrid_fixed_sB	hybrid_fixed	B	5000	5338	5.924525297439452e-06	-29250.682956	-693.296437	0.0237	-693.3	-693.3	0.7809	0.55118	0.7466
run_hybrid_fixed_sB	hybrid_fixed	B	5000	5435	5.924525297439452e-06	-29244.918193	-699.41017	0.0239	-699.41	-699.41	0.72162	0.5162	0.7447
run_hybrid_fixed_sB	hybrid_fixed	B	5000	5532	5.924525297439452e-06	-29246.983398	-696.38158	0.0238	-696.38	-696.38	0.80072	0.52817	0.7199
run_hybrid_fixed_sB	hybrid_fixed	B	5000	5629	5.924525297439452e-06	-29247.743084	-695.335272	0.0238	-695.34	-695.34	0.82667	0.53603	0.7043
run_hybrid_fixed_sB	hybrid_fixed	B	5000	5726	5.924525297439452e-06	-29248.045329	-696.574623	0.0238	-696.57	-696.57	0.76206	0.51311	0.7257
run_hybrid_fixed_sB	hybrid_fixed	B	5000	5823	5.924525297439452e-06	-29249.637701	-693.858726	0.0237	-693.86	-693.86	0.77494	0.53593	0.7197
run_hybrid_fixed_sB	hybrid_fixed	B	5000	5920	5.924525297439452e-06	-29247.206728	-695.466301	0.0238	-695.47	-695.47	0.86435	0.54769	0.6753
run_hybrid_fixed_sB	hybrid_fixed	B	5000	6017	5.924525297439452e-06	-29251.932791	-691.426302	0.0236	-691.43	-691.43	0.73581	0.54149	0.767
run_hybrid_fixed_sB	hybrid_fixed	B	5000	6114	5.924525297439452e-06	-29248.631949	-695.864546	0.0238	-695.86	-695.86	0.77358	0.57252	0.7984
run_hybrid_fixed_sB	hybrid_fixed	B	5000	6211	5.924525297439452e-06	-29247.074558	-696.912643	0.0238	-696.91	-696.91	0.76604	0.52922	0.7531
run_hybrid_fixed_sB	hybrid_fixed	B	5000	6308	5.924525297439452e-06	-29247.804065	-695.364101	0.0238	-695.36	-695.36	0.8303	0.53517	0.7
run_hybrid_fixed_sB	hybrid_fixed	B	5000	6405	5.924525297439452e-06	-29244.210242	-699.136395	0.0239	-699.14	-699.14	0.81203	0.55847	0.7207
run_hybrid_fixed_sB	hybrid_fixed	B	5000	6502	5.924525297439452e-06	-29248.232593	-695.27377	0.0238	-695.27	-695.27	0.77039	0.53261	0.7229
run_hybrid_fixed_sB	hybrid_fixed	B	5000	6600	5.924525297439452e-06	-29246.116347	-697.893306	0.0239	-697.89	-697.89	0.76721	0.53181	0.7202
run_hybrid_fixed_sB	hybrid_fixed	B	5000	6699	5.924525297439452e-06	-29243.427745	-699.467669	0.0239	-699.47	-699.47	0.7769	0.52269	0.6915
run_hybrid_fixed_sB	hybrid_fixed	B	5000	6796	5.924525297439452e-06	-29243.527028	-700.485214	0.024	-700.49	-700.49	0.69507	0.53094	0.8307
run_hybrid_fixed_sB	hybrid_fixed	B	5000	6893	5.924525297439452e-06	-29247.751999	-695.706515	0.0238	-695.71	-695.71	0.78341	0.50841	0.6921
run_hybrid_fixed_sB	hybrid_fixed	B	5000	6990	5.924525297439452e-06	-29247.385225	-695.494999	0.0238	-695.49	-695.49	0.75667	0.54673	0.7517
run_hybrid_fixed_sB	hybrid_fixed	B	5000	7087	5.924525297439452e-06	-29246.981106	-696.538106	0.0238	-696.54	-696.54	0.72506	0.53417	0.7914
run_hybrid_fixed_sB	hybrid_fixed	B	5000	7184	5.924525297439452e-06	-29245.819797	-697.135705	0.0238	-697.14	-697.14	0.80419	0.52761	0.7082
run_hybrid_fixed_sB	hybrid_fixed	B	5000	7281	5.924525297439452e-06	-29245.509868	-698.399496	0.0239	-698.4	-698.4	0.78115	0.56041	0.783
run_hybrid_fixed_sB	hybrid_fixed	B	5000	7378	5.924525297439452e-06	-29244.809075	-700.012289	0.0239	-700.01	-700.01	0.76219	0.54177	0.7666
run_hybrid_fixed_sB	hybrid_fixed	B	5000	7475	5.924525297439452e-06	-29246.508287	-697.400691	0.0238	-697.4	-697.4	0.76357	0.53377	0.754
run_hybrid_fixed_sB	hybrid_fixed	B	5000	7572	5.924525297439452e-06	-29248.219405	-696.051451	0.0238	-696.05	-696.05	0.80596	0.52693	0.703
run_hybrid_fixed_sB	hybrid_fixed	B	5000	7669	5.924525297439452e-06	-29245.554926	-698.274671	0.0239	-698.27	-698.27	0.81799	0.5419	0.7214
run_hybrid_fixed_sB	hybrid_fixed	B	5000	7766	5.924525297439452e-06	-29246.622508	-697.891466	0.0239	-697.89	-697.89	0.74555	0.55026	0.7962
run_hybrid_fixed_sB	hybrid_fixed	B	5000	7863	5.924525297439452e-06	-29244.107658	-698.570493	0.0239	-698.57	-698.57	0.9309	0.53773	0.6157
run_hybrid_fixed_sB	hybrid_fixed	B	5000	7960	5.924525297439452e-06	-29244.800324	-698.904067	0.0239	-698.9	-698.9	0.75749	0.54228	0.7588
run_hybrid_fixed_sB	hybrid_fixed	B	5000	8057	5.924525297439452e-06	-29247.140073	-697.052228	0.0238	-697.05	-697.05	0.79866	0.56282	0.7242
run_hybrid_fixed_sB	hybrid_fixed	B	5000	8154	5.924525297439452e-06	-29250.499596	-693.906917	0.0237	-693.91	-693.91	0.73518	0.52809	0.7617
run_hybrid_fixed_sB	hybrid_fixed	B	5000	8251	5.924525297439452e-06	-29244.270887	-699.188457	0.0239	-699.19	-699.19	0.88085	0.52581	0.6447
run_hybrid_fixed_sB	hybrid_fixed	B	5000	8348	5.924525297439452e-06	-29247.202094	-696.983382	0.0238	-696.98	-696.98	0.71337	0.51895	0.7825
run_hybrid_fixed_sB	hybrid_fixed	B	5000	8445	5.924525297439452e-06	-29247.788509	-696.746989	0.0238	-696.75	-696.75	0.79337	0.53491	0.7056
run_hybrid_fixed_sB	hybrid_fixed	B	5000	8542	5.924525297439452e-06	-29246.401632	-697.461935	0.0238	-697.46	-697.46	0.77954	0.51028	0.6853
run_hybrid_fixed_sB	hybrid_fixed	B	5000	8639	5.924525297439452e-06	-29248.503094	-695.478171	0.0238	-695.48	-695.48	0.7393	0.5065	0.7597
run_hybrid_fixed_sB	hybrid_fixed	B	5000	8736	5.924525297439452e-06	-29245.820852	-697.371238	0.0238	-697.37	-697.37	0.75445	0.53553	0.7533
run_hybrid_fixed_sB	hybrid_fixed	B	5000	8833	5.924525297439452e-06	-29248.90027	-694.013586	0.0237	-694.01	-694.01	0.7985	0.55801	0.764
run_hybrid_fixed_sB	hybrid_fixed	B	5000	8930	5.924525297439452e-06	-29244.337759	-699.32626	0.0239	-699.33	-699.33	0.77344	0.53474	0.7322
run_hybrid_fixed_sB	hybrid_fixed	B	5000	9027	5.924525297439452e-06	-29245.061365	-698.694882	0.0239	-698.69	-698.69	0.81528	0.55393	0.7289
run_hybrid_fixed_sB	hybrid_fixed	B	5000	9124	5.924525297439452e-06	-29249.203397	-694.716546	0.0238	-694.72	-694.72	0.81469	0.54697	0.7051
run_hybrid_fixed_sB	hybrid_fixed	B	5000	9221	5.924525297439452e-06	-29247.118703	-696.241402	0.0238	-696.24	-696.24	0.81009	0.54409	0.7253
run_hybrid_fixed_sB	hybrid_fixed	B	5000	9318	5.924525297439452e-06	-29245.560824	-698.44698	0.0239	-698.45	-698.45	0.73678	0.56732	0.7918
run_hybrid_fixed_sB	hybrid_fixed	B	5000	9415	5.924525297439452e-06	-29245.424609	-698.013242	0.0239	-698.01	-698.01	0.77575	0.53147	0.7408
run_hybrid_fixed_sB	hybrid_fixed	B	5000	9512	5.924525297439452e-06	-29244.774526	-699.270905	0.0239	-699.27	-699.27	0.82624	0.50262	0.6482
run_hybrid_fixed_sB	hybrid_fixed	B	5000	9609	5.924525297439452e-06	-29244.88083	-699.010936	0.0239	-699.01	-699.01	0.76384	0.51636	0.7139
run_hybrid_fixed_sB	hybrid_fixed	B	5000	9706	5.924525297439452e-06	-29247.633315	-695.319278	0.0238	-695.32	-695.32	0.80577	0.59763	0.7724
run_hybrid_fixed_sB	hybrid_fixed	B	5000	9803	5.924525297439452e-06	-29244.572452	-697.738864	0.0239	-697.74	-697.74	0.82997	0.55385	0.7295
run_hybrid_fixed_sB	hybrid_fixed	B	5000	9900	5.924525297439452e-06	-29247.345498	-696.308804	0.0238	-696.31	-696.31	0.73037	0.56249	0.7898
run_hybrid_fixed_sB	hybrid_fixed	B	5000	10000	3.5100000000000036e-08	-29246.569393	-696.995087	0.0238	-697.0	-697.0	0.85218	0.52406	0.652
run_hybrid_q_sA	hybrid_q	A	5000	1	0.001	-29855.635874	-0.0281	0.0	-0.0281	-0.0281	0.014504	9.6191e-05	0.0059
run_hybrid_q_sA	hybrid_q	A	5000	97	0.001	-29913.889316	-0.301747	0.0	-0.30175	-0.30175	0.68568	0.0031231	0.0049
run_hybrid_q_sA	hybrid_q	A	5000	194	0.001	-29947.788066	-1.264274	0.0	-1.2643	-1.2643	0.76547	0.049551	0.0666
run_hybrid_q_sA	hybrid_q	A	5000	291	0.001	-29940.055117	-3.832358	0.0001	-3.8324	-3.8324	0.82617	0.061446	0.0732
run_hybrid_q_sA	hybrid_q	A	5000	388	0.001	-29953.790878	-3.198317	0.0001	-3.1983	-3.1983	0.72455	0.056737	0.0805
run_hybrid_q_sA	hybrid_q	A	5000	485	0.001	-29933.743958	-2.41768	0.0001	-2.4177	-2.4177	0.88712	0.056099	0.0646
run_hybrid_q_sA	hybrid_q	A	5000	582	0.001	-29949.545453	-1.670524	0.0001	-1.6705	-1.6705	0.83496	0.043947	0.0505
run_hybrid_q_sA	hybrid_q	A	5000	679	0.001	-29930.206468	-1.232034	0.0	-1.232	-1.232	0.79274	0.040966	0.0525
run_hybrid_q_sA	hybrid_q	A	5000	776	0.001	-29942.529957	-0.402704	0.0	-0.4027	-0.4027	0.78478	0.04625	0.057
run_hybrid_q_sA	hybrid_q	A	5000	873	0.001	-29939.462246	-0.460397	0.0	-0.4604	-0.4604	0.73664	0.049719	0.0698
run_hybrid_q_sA	hybrid_q	A	5000	970	0.001	-29941.869263	-0.330612	0.0	-0.33061	-0.33061	0.88347	0.04384	0.0522
run_hybrid_q_sA	hybrid_q	A	5000	1067	0.001	-29942.350746	-0.685793	0.0	-0.68579	-0.68579	0.72793	0.051796	0.0726
run_hybrid_q_sA	hybrid_q	A	5000	1164	0.001	-29939.337239	-0.890743	0.0	-0.89074	-0.89074	0.72109	0.052697	0.0763
run_hybrid_q_sA	hybrid_q	A	5000	1261	0.001	-29948.895748	-1.189013	0.0	-1.189	-1.189	0.81646	0.05252	0.0668
run_hybrid_q_sA	hybrid_q	A	5000	1358	0.001	-29947.231868	-0.766442	0.0	-0.76644	-0.76644	0.80761	0.060139	0.0768
run_hybrid_q_sA	hybrid_q	A	5000	1455	0.001	-29952.251296	-1.492003	0.0	-1.492	-1.492	0.78262	0.070042	0.0962
run_hybrid_q_sA	hybrid_q	A	5000	1552	0.001	-29946.835242	-1.566763	0.0001	-1.5668	-1.5668	0.82896	0.068877	0.0913
run_hybrid_q_sA	hybrid_q	A	5000	1649	0.001	-29947.401505	-1.571393	0.0001	-1.5714	-1.5714	0.73498	0.075866	0.1104
run_hybrid_q_sA	hybrid_q	A	5000	1746	0.001	-29937.591337	-1.993098	0.0001	-1.9931	-1.9931	0.80214	0.078645	0.1069
run_hybrid_q_sA	hybrid_q	A	5000	1843	0.001	-29943.60017	-2.390494	0.0001	-2.3905	-2.3905	0.85686	0.089848	0.1186
run_hybrid_q_sA	hybrid_q	A	5000	1940	0.001	-29938.492956	-2.41011	0.0001	-2.4101	-2.4101	0.75305	0.076396	0.112
run_hybrid_q_sA	hybrid_q	A	5000	2037	0.001	-29939.950872	-2.772449	0.0001	-2.7724	-2.7724	0.79632	0.089108	0.121
run_hybrid_q_sA	hybrid_q	A	5000	2134	0.001	-29935.419431	-2.798774	0.0001	-2.7988	-2.7988	0.75036	0.087387	0.1292
run_hybrid_q_sA	hybrid_q	A	5000	2231	0.001	-29943.736617	-3.238686	0.0001	-3.2387	-3.2387	0.83435	0.096368	0.1334
run_hybrid_q_sA	hybrid_q	A	5000	2328	0.001	-29942.588719	-3.953778	0.0001	-3.9538	-3.9538	0.82252	0.1079	0.1463
run_hybrid_q_sA	hybrid_q	A	5000	2425	0.001	-29944.066666	-4.298192	0.0001	-4.2982	-4.2982	0.83731	0.10678	0.148
run_hybrid_q_sA	hybrid_q	A	5000	2522	0.001	-29944.610593	-4.442961	0.0001	-4.443	-4.443	0.83051	0.11091	0.1475
run_hybrid_q_sA	hybrid_q	A	5000	2619	0.001	-29933.979094	-4.150049	0.0001	-4.15	-4.15	0.91125	0.10642	0.1318
run_hybrid_q_sA	hybrid_q	A	5000	2716	0.001	-29940.142714	-5.832207	0.0002	-5.8322	-5.8322	0.76995	0.12201	0.1784
run_hybrid_q_sA	hybrid_q	A	5000	2813	0.001	-29944.766582	-5.182518	0.0002	-5.1825	-5.1825	0.73347	0.11808	0.1796
run_hybrid_q_sA	hybrid_q	A	5000	2910	0.001	-29944.481851	-5.386701	0.0002	-5.3867	-5.3867	0.81789	0.1093	0.1507
run_hybrid_q_sA	hybrid_q	A	5000	3007	0.001	-29937.659169	-6.214591	0.0002	-6.2146	-6.2146	0.84086	0.1247	0.1623
run_hybrid_q_sA	hybrid_q	A	5000	3104	0.001	-29937.136195	-7.011819	0.0002	-7.0118	-7.0118	0.74204	0.12972	0.1911
run_hybrid_q_sA	hybrid_q	A	5000	3201	0.001	-29934.391721	-7.815368	0.0003	-7.8154	-7.8154	0.81825	0.1313	0.1742
run_hybrid_q_sA	hybrid_q	A	5000	3300	0.001	-29934.191687	-8.425724	0.0003	-8.4257	-8.4257	0.93951	0.14305	0.1692
run_hybrid_q_sA	hybrid_q	A	5000	3398	0.001	-29931.958111	-9.115414	0.0003	-9.1154	-9.1154	0.91343	0.15104	0.185
run_hybrid_q_sA	hybrid_q	A	5000	3495	0.001	-29934.604663	-9.740891	0.0003	-9.7409	-9.7409	0.79739	0.16514	0.2305
run_hybrid_q_sA	hybrid_q	A	5000	3592	0.001	-29935.02073	-10.696197	0.0004	-10.696	-10.696	0.80332	0.16427	0.2274
run_hybrid_q_sA	hybrid_q	A	5000	3689	0.001	-29923.116072	-11.192978	0.0004	-11.193	-11.193	0.86799	0.16002	0.215
run_hybrid_q_sA	hybrid_q	A	5000	3786	0.001	-29934.612051	-12.646778	0.0004	-12.647	-12.647	0.76805	0.16188	0.2322
run_hybrid_q_sA	hybrid_q	A	5000	3883	0.001	-29936.220277	-12.711198	0.0004	-12.711	-12.711	0.77332	0.1742	0.2476
run_hybrid_q_sA	hybrid_q	A	5000	3980	0.001	-29929.587928	-13.267293	0.0004	-13.267	-13.267	0.78021	0.17412	0.2417
run_hybrid_q_sA	hybrid_q	A	5000	4077	0.001	-29932.880851	-13.982898	0.0005	-13.983	-13.983	0.83568	0.17647	0.2279
run_hybrid_q_sA	hybrid_q	A	5000	4174	0.001	-29926.144914	-15.062623	0.0005	-15.063	-15.063	0.83309	0.18314	0.241
run_hybrid_q_sA	hybrid_q	A	5000	4271	0.001	-29931.132742	-15.509744	0.0005	-15.51	-15.51	0.78897	0.18061	0.249
run_hybrid_q_sA	hybrid_q	A	5000	4368	0.001	-29923.661261	-16.129093	0.0005	-16.129	-16.129	0.83384	0.18378	0.2455
run_hybrid_q_sA	hybrid_q	A	5000	4465	0.001	-29926.241841	-16.248482	0.0005	-16.248	-16.248	0.7911	0.18538	0.2559
run_hybrid_q_sA	hybrid_q	A	5000	4562	0.001	-29924.77848	-17.701537	0.0006	-17.702	-17.702	0.85921	0.19207	0.2513
run_hybrid_q_sA	hybrid_q	A	5000	4659	0.001	-29927.81903	-17.649728	0.0006	-17.65	-17.65	0.84026	0.18712	0.2453
run_hybrid_q_sA	hybrid_q	A	5000	4756	0.001	-29920.456434	-19.709635	0.0007	-19.71	-19.71	0.80298	0.20082	0.2849
run_hybrid_q_sA	hybrid_q	A	5000	4853	0.001	-29922.095047	-19.638366	0.0007	-19.638	-19.638	0.84613	0.20211	0.2682
run_hybrid_q_sA	hybrid_q	A	5000	4950	0.001	-29912.615186	-21.070449	0.0007	-21.07	-21.07	0.90105	0.21293	0.269
run_hybrid_q_sA	hybrid_q	A	5000	5047	5.924525297439452e-06	-29922.980702	-20.607586	0.0007	-20.608	-20.608	0.85842	0.20111	0.2704
run_hybrid_q_sA	hybrid_q	A	5000	5144	5.924525297439452e-06	-29922.568854	-20.660039	0.0007	-20.66	-20.66	0.77296	0.2111	0.2895
run_hybrid_q_sA	hybrid_q	A	5000	5241	5.924525297439452e-06	-29922.637393	-20.530262	0.0007	-20.53	-20.53	0.90765	0.20193	0.2549
run_hybrid_q_sA	hybrid_q	A	5000	5338	5.924525297439452e-06	-29921.821506	-21.062435	0.0007	-21.062	-21.062	0.86656	0.20688	0.2694
run_hybrid_q_sA	hybrid_q	A	5000	5435	5.924525297439452e-06	-29922.562251	-20.843081	0.0007	-20.843	-20.843	0.78583	0.20885	0.2861
run_hybrid_q_sA	hybrid_q	A	5000	5532	5.924525297439452e-06	-29922.174795	-21.074888	0.0007	-21.075	-21.075	0.83754	0.20656	0.272
run_hybrid_q_sA	hybrid_q	A	5000	5629	5.924525297439452e-06	-29922.759067	-21.010783	0.0007	-21.011	-21.011	0.82557	0.20226	0.2739
run_hybrid_q_sA	hybrid_q	A	5000	5726	5.924525297439452e-06	-29921.724869	-20.97705	0.0007	-20.977	-20.977	0.91571	0.20886	0.256
run_hybrid_q_sA	hybrid_q	A	5000	5823	5.924525297439452e-06	-29920.751165	-22.324184	0.0007	-22.324	-22.324	0.87451	0.21018	0.2769
run_hybrid_q_sA	hybrid_q	A	5000	5920	5.924525297439452e-06	-29922.983941	-21.004757	0.0007	-21.005	-21.005	0.81947	0.20329	0.2777
run_hybrid_q_sA	hybrid_q	A	5000	6017	5.924525297439452e-06	-29922.065331	-21.475679	0.0007	-21.476	-21.476	0.82716	0.20728	0.2736
run_hybrid_q_sA	hybrid_q	A	5000	6114	5.924525297439452e-06	-29922.266101	-21.565469	0.0007	-21.565	-21.565	0.83011	0.20805	0.2672
run_hybrid_q_sA	hybrid_q	A	5000	6211	5.924525297439452e-06	-29922.79086	-20.677857	0.0007	-20.678	-20.678	0.85413	0.20632	0.2826
run_hybrid_q_sA	hybrid_q	A	5000	6308	5.924525297439452e-06	-29922.252694	-22.748723	0.0008	-22.749	-22.749	0.82269	0.20824	0.2698
run_hybrid_q_sA	hybrid_q	A	5000	6405	5.924525297439452e-06	-29923.807492	-20.280888	0.0007	-20.281	-20.281	0.85281	0.20064	0.2674
run_hybrid_q_sA	hybrid_q	A	5000	6502	5.924525297439452e-06	-29922.636493	-21.924374	0.0007	-21.924	-21.924	0.85269	0.20675	0.2772
run_hybrid_q_sA	hybrid_q	A	5000	6600	5.924525297439452e-06	-29922.864097	-21.400135	0.0007	-21.4	-21.4	0.78863	0.20949	0.2874
run_hybrid_q_sA	hybrid_q	A	5000	6699	5.924525297439452e-06	-29922.891551	-21.088642	0.0007	-21.089	-21.089	0.90275	0.20666	0.2489
run_hybrid_q_sA	hybrid_q	A	5000	6796	5.924525297439452e-06	-29922.631961	-21.321014	0.0007	-21.321	-21.321	0.92044	0.20505	0.2422
run_hybrid_q_sA	hybrid_q	A	5000	6893	5.924525297439452e-06	-29922.093362	-21.237803	0.0007	-21.238	-21.238	0.86745	0.2138	0.2758
run_hybrid_q_sA	hybrid_q	A	5000	6990	5.924525297439452e-06	-29923.142783	-21.8622	0.0007	-21.862	-21.862	0.80958	0.20518	0.2794
run_hybrid_q_sA	hybrid_q	A	5000	7087	5.924525297439452e-06	-29922.402026	-20.64114	0.0007	-20.641	-20.641	0.87993	0.20099	0.2553
run_hybrid_q_sA	hybrid_q	A	5000	7184	5.924525297439452e-06	-29923.757887	-21.712702	0.0007	-21.713	-21.713	0.78221	0.20412	0.2857
run_hybrid_q_sA	hybrid_q	A	5000	7281	5.924525297439452e-06	-29923.59416	-20.55394	0.0007	-20.554	-20.554	0.84783	0.19866	0.2575
run_hybrid_q_sA	hybrid_q	A	5000	7378	5.924525297439452e-06	-29920.503113	-22.319647	0.0007	-22.32	-22.32	0.935	0.20705	0.2545
run_hybrid_q_sA	hybrid_q	A	5000	7475	5.924525297439452e-06	-29922.497087	-20.829834	0.0007	-20.83	-20.83	0.85213	0.20463	0.2692
run_hybrid_q_sA	hybrid_q	A	5000	7572	5.924525297439452e-06	-29922.138153	-20.829265	0.0007	-20.829	-20.829	0.82632	0.21177	0.283
run_hybrid_q_sA	hybrid_q	A	5000	7669	5.924525297439452e-06	-29922.475158	-20.553096	0.0007	-20.553	-20.553	0.85654	0.20035	0.2698
run_hybrid_q_sA	hybrid_q	A	5000	7766	5.924525297439452e-06	-29923.986595	-20.06403	0.0007	-20.064	-20.064	0.76561	0.19983	0.29
run_hybrid_q_sA	hybrid_q	A	5000	7863	5.924525297439452e-06	-29923.100795	-20.804414	0.0007	-20.804	-20.804	0.77323	0.20953	0.2986
run_hybrid_q_sA	hybrid_q	A	5000	7960	5.924525297439452e-06	-29923.411686	-20.694902	0.0007	-20.695	-20.695	0.80739	0.20749	0.2836
run_hybrid_q_sA	hybrid_q	A	5000	8057	5.924525297439452e-06	-29923.353557	-20.951002	0.0007	-20.951	-20.951	0.89456	0.21187	0.2701
run_hybrid_q_sA	hybrid_q	A	5000	8154	5.924525297439452e-06	-29922.206835	-21.100379	0.0007	-21.1	-21.1	0.883	0.21203	0.2723
run_hybrid_q_sA	hybrid_q	A	5000	8251	5.924525297439452e-06	-29922.361837	-20.76138	0.0007	-20.761	-20.761	0.79935	0.20115	0.2707
run_hybrid_q_sA	hybrid_q	A	5000	8348	5.924525297439452e-06	-29921.44828	-21.84588	0.0007	-21.846	-21.846	0.82122	0.21062	0.2792
run_hybrid_q_sA	hybrid_q	A	5000	8445	5.924525297439452e-06	-29923.418147	-21.078442	0.0007	-21.078	-21.078	0.76253	0.2065	0.3035
run_hybrid_q_sA	hybrid_q	A	5000	8542	5.924525297439452e-06	-29923.273126	-21.031627	0.0007	-21.032	-21.032	0.8229	0.20073	0.2654
run_hybrid_q_sA	hybrid_q	A	5000	8639	5.924525297439452e-06	-29920.814267	-21.698621	0.0007	-21.699	-21.699	0.88513	0.2134	0.2651
run_hybrid_q_sA	hybrid_q	A	5000	8736	5.924525297439452e-06	-29921.003574	-20.697889	0.0007	-20.698	-20.698	1.0076	0.20731	0.2351
run_hybrid_q_sA	hybrid_q	A	5000	8833	5.924525297439452e-06	-29921.976742	-21.025424	0.0007	-21.025	-21.025	0.84412	0.20616	0.2699
run_hybrid_q_sA	hybrid_q	A	5000	8930	5.924525297439452e-06	-29923.81477	-20.824457	0.0007	-20.824	-20.824	0.82839	0.19921	0.27
run_hybrid_q_sA	hybrid_q	A	5000	9027	5.924525297439452e-06	-29922.268795	-21.217422	0.0007	-21.217	-21.217	0.75842	0.20042	0.2872
run_hybrid_q_sA	hybrid_q	A	5000	9124	5.924525297439452e-06	-29922.24149	-20.630839	0.0007	-20.631	-20.631	0.8766	0.20074	0.2559
run_hybrid_q_sA	hybrid_q	A	5000	9221	5.924525297439452e-06	-29920.499116	-21.445863	0.0007	-21.446	-21.446	0.85123	0.20687	0.2599
run_hybrid_q_sA	hybrid_q	A	5000	9318	5.924525297439452e-06	-29922.567974	-21.901328	0.0007	-21.901	-21.901	0.78484	0.20226	0.2837
run_hybrid_q_sA	hybrid_q	A	5000	9415	5.924525297439452e-06	-29922.916825	-21.382024	0.0007	-21.382	-21.382	0.77447	0.21097	0.2882
run_hybrid_q_sA	hybrid_q	A	5000	9512	5.924525297439452e-06	-29921.522433	-21.18947	0.0007	-21.189	-21.189	0.87864	0.20935	0.2565
run_hybrid_q_sA	hybrid_q	A	5000	9609	5.924525297439452e-06	-29922.529307	-21.439501	0.0007	-21.44	-21.44	0.86193	0.20917	0.2766
run_hybrid_q_sA	hybrid_q	A	5000	9706	5.924525297439452e-06	-29922.971306	-20.972484	0.0007	-20.972	-20.972	0.82008	0.20158	0.2748
run_hybrid_q_sA	hybrid_q	A	5000	9803	5.924525297439452e-06	-29923.737856	-20.937315	0.0007	-20.937	-20.937	0.78851	0.19917	0.274
run_hybrid_q_sA	hybrid_q	A	5000	9900	5.924525297439452e-06	-29923.303888	-20.381125	0.0007	-20.381	-20.381	0.75961	0.20136	0.2846
run_hybrid_q_sA	hybrid_q	A	5000	10000	3.5100000000000036e-08	-29922.933926	-21.0752	0.0007	-21.075	-21.075	0.89715	0.20625	0.2501
run_hybrid_q_sB	hybrid_q	B	5000	1	0.001	-29818.677737	-0.104224	0.0	-0.10422	-0.10422	0.012936	0.00041018	0.0307
run_hybrid_q_sB	hybrid_q	B	5000	97	0.001	-29917.259576	-0.305153	0.0	-0.30515	-0.30515	0.72287	0.030232	0.0437
run_hybrid_q_sB	hybrid_q	B	5000	194	0.001	-29954.673704	-0.684519	0.0	-0.68452	-0.68452	0.75255	0.030753	0.0434
run_hybrid_q_sB	hybrid_q	B	5000	291	0.001	-29924.296486	-1.90216	0.0001	-1.9022	-1.9022	0.77739	0.069094	0.0941
run_hybrid_q_sB	hybrid_q	B	5000	388	0.001	-29960.75493	-1.557921	0.0001	-1.5579	-1.5579	0.79952	0.054443	0.0725
run_hybrid_q_sB	hybrid_q	B	5000	485	0.001	-29945.279245	-1.20748	0.0	-1.2075	-1.2075	0.84729	0.045362	0.0589
run_hybrid_q_sB	hybrid_q	B	5000	582	0.001	-29950.2219	-0.801583	0.0	-0.80158	-0.80158	0.73464	0.032781	0.0491
run_hybrid_q_sB	hybrid_q	B	5000	679	0.001	-29946.824323	-0.860415	0.0	-0.86041	-0.86041	0.75847	0.037059	0.0549
run_hybrid_q_sB	hybrid_q	B	5000	776	0.001	-29944.52684	-0.615974	0.0	-0.61597	-0.61597	0.86478	0.030943	0.0377
run_hybrid_q_sB	hybrid_q	B	5000	873	0.001	-29938.71982	-0.860212	0.0	-0.86021	-0.86021	0.81606	0.037051	0.049
run_hybrid_q_sB	hybrid_q	B	5000	970	0.001	-29937.789017	-1.243761	0.0	-1.2438	-1.2438	0.7381	0.042944	0.0596
run_hybrid_q_sB	hybrid_q	B	5000	1067	0.001	-29940.337674	-1.448568	0.0	-1.4486	-1.4486	0.82378	0.047029	0.0627
run_hybrid_q_sB	hybrid_q	B	5000	1164	0.001	-29921.611256	-1.997795	0.0001	-1.9978	-1.9978	0.8347	0.050463	0.0649
run_hybrid_q_sB	hybrid_q	B	5000	1261	0.001	-29936.115848	-3.481998	0.0001	-3.482	-3.482	0.78765	0.063776	0.0863
run_hybrid_q_sB	hybrid_q	B	5000	1358	0.001	-29951.48926	-4.148264	0.0001	-4.1483	-4.1483	0.87588	0.079967	0.0999
run_hybrid_q_sB	hybrid_q	B	5000	1455	0.001	-29942.05656	-3.934813	0.0001	-3.9348	-3.9348	0.85027	0.079684	0.1042
run_hybrid_q_sB	hybrid_q	B	5000	1552	0.001	-29948.199287	-5.529704	0.0002	-5.5297	-5.5297	0.73484	0.09707	0.1504
run_hybrid_q_sB	hybrid_q	B	5000	1649	0.001	-29953.387693	-6.23385	0.0002	-6.2339	-6.2339	0.83206	0.095678	0.1273
run_hybrid_q_sB	hybrid_q	B	5000	1746	0.001	-29930.153767	-6.514861	0.0002	-6.5149	-6.5149	0.74552	0.10727	0.1581
run_hybrid_q_sB	hybrid_q	B	5000	1843	0.001	-29933.989075	-7.167843	0.0002	-7.1678	-7.1678	0.7855	0.1249	0.1816
run_hybrid_q_sB	hybrid_q	B	5000	1940	0.001	-29913.345448	-8.077108	0.0003	-8.0771	-8.0771	0.8471	0.12207	0.1655
run_hybrid_q_sB	hybrid_q	B	5000	2037	0.001	-29941.398715	-9.188027	0.0003	-9.188	-9.188	0.79718	0.12621	0.175
run_hybrid_q_sB	hybrid_q	B	5000	2134	0.001	-29945.963594	-9.71754	0.0003	-9.7175	-9.7175	0.81742	0.13748	0.1865
run_hybrid_q_sB	hybrid_q	B	5000	2231	0.001	-29942.410232	-10.927239	0.0004	-10.927	-10.927	0.76523	0.15315	0.2125
run_hybrid_q_sB	hybrid_q	B	5000	2328	0.001	-29935.43564	-13.367531	0.0004	-13.368	-13.368	0.85733	0.17383	0.2391
run_hybrid_q_sB	hybrid_q	B	5000	2425	0.001	-29922.62037	-12.593239	0.0004	-12.593	-12.593	0.78987	0.16405	0.2353
run_hybrid_q_sB	hybrid_q	B	5000	2522	0.001	-29938.657713	-14.516114	0.0005	-14.516	-14.516	0.80562	0.16767	0.2365
run_hybrid_q_sB	hybrid_q	B	5000	2619	0.001	-29915.962798	-15.594556	0.0005	-15.595	-15.595	0.79295	0.18738	0.264
run_hybrid_q_sB	hybrid_q	B	5000	2716	0.001	-29918.939831	-15.240838	0.0005	-15.241	-15.241	0.79217	0.17311	0.2401
run_hybrid_q_sB	hybrid_q	B	5000	2813	0.001	-29928.821651	-16.750306	0.0006	-16.75	-16.75	0.87059	0.17937	0.2288
run_hybrid_q_sB	hybrid_q	B	5000	2910	0.001	-29913.777328	-16.047138	0.0005	-16.047	-16.047	0.83927	0.17166	0.2384
run_hybrid_q_sB	hybrid_q	B	5000	3007	0.001	-29934.747143	-17.280937	0.0006	-17.281	-17.281	0.84843	0.18006	0.2455
run_hybrid_q_sB	hybrid_q	B	5000	3104	0.001	-29924.830939	-18.431808	0.0006	-18.432	-18.432	0.85457	0.17479	0.2265
run_hybrid_q_sB	hybrid_q	B	5000	3201	0.001	-29928.531019	-20.508324	0.0007	-20.508	-20.508	0.87151	0.19003	0.2428
run_hybrid_q_sB	hybrid_q	B	5000	3300	0.001	-29924.424661	-20.123763	0.0007	-20.124	-20.124	0.80306	0.19326	0.2632
run_hybrid_q_sB	hybrid_q	B	5000	3398	0.001	-29921.094693	-20.210368	0.0007	-20.21	-20.21	0.84112	0.19844	0.2584
run_hybrid_q_sB	hybrid_q	B	5000	3495	0.001	-29925.90741	-22.110932	0.0007	-22.111	-22.111	0.79322	0.20538	0.2892
run_hybrid_q_sB	hybrid_q	B	5000	3592	0.001	-29922.160164	-22.18727	0.0007	-22.187	-22.187	0.8508	0.19767	0.2596
run_hybrid_q_sB	hybrid_q	B	5000	3689	0.001	-29917.310622	-22.264312	0.0007	-22.264	-22.264	0.74521	0.19266	0.2863
run_hybrid_q_sB	hybrid_q	B	5000	3786	0.001	-29912.327474	-22.374336	0.0007	-22.374	-22.374	0.71581	0.18653	0.2858
run_hybrid_q_sB	hybrid_q	B	5000	3883	0.001	-29933.003837	-23.834647	0.0008	-23.835	-23.835	0.7805	0.18348	0.2553
run_hybrid_q_sB	hybrid_q	B	5000	3980	0.001	-29912.933279	-23.045552	0.0008	-23.046	-23.046	0.7746	0.17855	0.263
run_hybrid_q_sB	hybrid_q	B	5000	4077	0.001	-29926.394136	-24.244402	0.0008	-24.244	-24.244	0.81216	0.18092	0.2428
run_hybrid_q_sB	hybrid_q	B	5000	4174	0.001	-29914.120232	-23.230209	0.0008	-23.23	-23.23	0.82882	0.18456	0.2465
run_hybrid_q_sB	hybrid_q	B	5000	4271	0.001	-29925.436235	-24.938599	0.0008	-24.939	-24.939	0.86065	0.17498	0.2245
run_hybrid_q_sB	hybrid_q	B	5000	4368	0.001	-29917.090394	-24.68709	0.0008	-24.687	-24.687	0.81703	0.17482	0.2309
run_hybrid_q_sB	hybrid_q	B	5000	4465	0.001	-29909.942498	-24.849768	0.0008	-24.85	-24.85	0.86846	0.17805	0.2331
run_hybrid_q_sB	hybrid_q	B	5000	4562	0.001	-29925.630603	-26.11864	0.0009	-26.119	-26.119	0.85135	0.17455	0.2281
run_hybrid_q_sB	hybrid_q	B	5000	4659	0.001	-29924.412394	-26.055767	0.0009	-26.056	-26.056	0.75836	0.17411	0.2558
run_hybrid_q_sB	hybrid_q	B	5000	4756	0.001	-29916.381314	-26.73428	0.0009	-26.734	-26.734	0.908	0.18509	0.2297
run_hybrid_q_sB	hybrid_q	B	5000	4853	0.001	-29916.64156	-25.240613	0.0008	-25.241	-25.241	0.80063	0.17106	0.2364
run_hybrid_q_sB	hybrid_q	B	5000	4950	0.001	-29906.856535	-26.162243	0.0009	-26.162	-26.162	0.76198	0.17324	0.247
run_hybrid_q_sB	hybrid_q	B	5000	5047	5.924525297439452e-06	-29917.729287	-25.811124	0.0009	-25.811	-25.811	0.79205	0.17272	0.2395
run_hybrid_q_sB	hybrid_q	B	5000	5144	5.924525297439452e-06	-29915.991079	-26.79668	0.0009	-26.797	-26.797	0.90984	0.17221	0.2145
run_hybrid_q_sB	hybrid_q	B	5000	5241	5.924525297439452e-06	-29917.719129	-25.844997	0.0009	-25.845	-25.845	0.85996	0.16928	0.2129
run_hybrid_q_sB	hybrid_q	B	5000	5338	5.924525297439452e-06	-29919.053798	-24.849652	0.0008	-24.85	-24.85	0.80733	0.16016	0.2162
run_hybrid_q_sB	hybrid_q	B	5000	5435	5.924525297439452e-06	-29918.026949	-26.343573	0.0009	-26.344	-26.344	0.75144	0.16525	0.2335
run_hybrid_q_sB	hybrid_q	B	5000	5532	5.924525297439452e-06	-29917.711582	-25.595249	0.0009	-25.595	-25.595	0.82468	0.16429	0.2223
run_hybrid_q_sB	hybrid_q	B	5000	5629	5.924525297439452e-06	-29917.690161	-25.31902	0.0008	-25.319	-25.319	0.86213	0.16704	0.2123
run_hybrid_q_sB	hybrid_q	B	5000	5726	5.924525297439452e-06	-29919.202214	-25.361383	0.0008	-25.361	-25.361	0.82249	0.15867	0.2117
run_hybrid_q_sB	hybrid_q	B	5000	5823	5.924525297439452e-06	-29918.471093	-25.019564	0.0008	-25.02	-25.02	0.81212	0.15863	0.2105
run_hybrid_q_sB	hybrid_q	B	5000	5920	5.924525297439452e-06	-29916.831386	-25.802862	0.0009	-25.803	-25.803	0.83618	0.16988	0.2239
run_hybrid_q_sB	hybrid_q	B	5000	6017	5.924525297439452e-06	-29918.888156	-24.496845	0.0008	-24.497	-24.497	0.79735	0.15667	0.2148
run_hybrid_q_sB	hybrid_q	B	5000	6114	5.924525297439452e-06	-29918.56936	-25.731643	0.0009	-25.732	-25.732	0.77374	0.16786	0.2395
run_hybrid_q_sB	hybrid_q	B	5000	6211	5.924525297439452e-06	-29918.293634	-25.796735	0.0009	-25.797	-25.797	0.80825	0.16763	0.2296
run_hybrid_q_sB	hybrid_q	B	5000	6308	5.924525297439452e-06	-29917.774682	-25.321728	0.0008	-25.322	-25.322	0.86361	0.16696	0.2119
run_hybrid_q_sB	hybrid_q	B	5000	6405	5.924525297439452e-06	-29917.014879	-26.377444	0.0009	-26.377	-26.377	0.83142	0.16652	0.215
run_hybrid_q_sB	hybrid_q	B	5000	6502	5.924525297439452e-06	-29918.046598	-25.331474	0.0008	-25.331	-25.331	0.83725	0.16015	0.2048
run_hybrid_q_sB	hybrid_q	B	5000	6600	5.924525297439452e-06	-29918.049367	-26.120766	0.0009	-26.121	-26.121	0.75991	0.16901	0.2406
run_hybrid_q_sB	hybrid_q	B	5000	6699	5.924525297439452e-06	-29916.434043	-26.461399	0.0009	-26.461	-26.461	0.81668	0.16587	0.217
run_hybrid_q_sB	hybrid_q	B	5000	6796	5.924525297439452e-06	-29917.325864	-26.741801	0.0009	-26.742	-26.742	0.72503	0.16427	0.2556
run_hybrid_q_sB	hybrid_q	B	5000	6893	5.924525297439452e-06	-29918.046774	-25.349034	0.0008	-25.349	-25.349	0.82273	0.15875	0.2165
run_hybrid_q_sB	hybrid_q	B	5000	6990	5.924525297439452e-06	-29917.54926	-25.471867	0.0009	-25.472	-25.472	0.79455	0.16446	0.2232
run_hybrid_q_sB	hybrid_q	B	5000	7087	5.924525297439452e-06	-29917.521227	-25.725096	0.0009	-25.725	-25.725	0.75597	0.16188	0.2317
run_hybrid_q_sB	hybrid_q	B	5000	7184	5.924525297439452e-06	-29917.337856	-25.793275	0.0009	-25.793	-25.793	0.83623	0.16451	0.2196
run_hybrid_q_sB	hybrid_q	B	5000	7281	5.924525297439452e-06	-29917.612615	-26.223406	0.0009	-26.223	-26.223	0.77696	0.16906	0.2433
run_hybrid_q_sB	hybrid_q	B	5000	7378	5.924525297439452e-06	-29918.590229	-26.335201	0.0009	-26.335	-26.335	0.76616	0.16644	0.236
run_hybrid_q_sB	hybrid_q	B	5000	7475	5.924525297439452e-06	-29918.031405	-25.926947	0.0009	-25.927	-25.927	0.77331	0.16956	0.2379
run_hybrid_q_sB	hybrid_q	B	5000	7572	5.924525297439452e-06	-29919.00055	-25.357891	0.0008	-25.358	-25.358	0.77891	0.16431	0.2272
run_hybrid_q_sB	hybrid_q	B	5000	7669	5.924525297439452e-06	-29917.857023	-26.176353	0.0009	-26.176	-26.176	0.83561	0.16902	0.2306
run_hybrid_q_sB	hybrid_q	B	5000	7766	5.924525297439452e-06	-29918.373037	-25.953274	0.0009	-25.953	-25.953	0.7521	0.16734	0.2483
run_hybrid_q_sB	hybrid_q	B	5000	7863	5.924525297439452e-06	-29916.255593	-26.402071	0.0009	-26.402	-26.402	0.98034	0.17077	0.193
run_hybrid_q_sB	hybrid_q	B	5000	7960	5.924525297439452e-06	-29917.416914	-26.415045	0.0009	-26.415	-26.415	0.76979	0.16408	0.2342
run_hybrid_q_sB	hybrid_q	B	5000	8057	5.924525297439452e-06	-29918.317434	-25.791019	0.0009	-25.791	-25.791	0.80777	0.16812	0.2248
run_hybrid_q_sB	hybrid_q	B	5000	8154	5.924525297439452e-06	-29919.625096	-24.924289	0.0008	-24.924	-24.924	0.732	0.15538	0.2332
run_hybrid_q_sB	hybrid_q	B	5000	8251	5.924525297439452e-06	-29917.035794	-26.477393	0.0009	-26.477	-26.477	0.90522	0.16764	0.2079
run_hybrid_q_sB	hybrid_q	B	5000	8348	5.924525297439452e-06	-29918.683016	-25.605215	0.0009	-25.605	-25.605	0.73121	0.16235	0.2409
run_hybrid_q_sB	hybrid_q	B	5000	8445	5.924525297439452e-06	-29918.827359	-25.772825	0.0009	-25.773	-25.773	0.79731	0.16412	0.2279
run_hybrid_q_sB	hybrid_q	B	5000	8542	5.924525297439452e-06	-29918.020245	-25.857906	0.0009	-25.858	-25.858	0.80789	0.16102	0.215
run_hybrid_q_sB	hybrid_q	B	5000	8639	5.924525297439452e-06	-29918.517484	-25.258814	0.0008	-25.259	-25.259	0.78032	0.15876	0.2275
run_hybrid_q_sB	hybrid_q	B	5000	8736	5.924525297439452e-06	-29917.444158	-25.823292	0.0009	-25.823	-25.823	0.80895	0.16378	0.2243
run_hybrid_q_sB	hybrid_q	B	5000	8833	5.924525297439452e-06	-29918.021837	-24.861676	0.0008	-24.862	-24.862	0.82061	0.16224	0.2234
run_hybrid_q_sB	hybrid_q	B	5000	8930	5.924525297439452e-06	-29917.119067	-26.367308	0.0009	-26.367	-26.367	0.81283	0.17157	0.2274
run_hybrid_q_sB	hybrid_q	B	5000	9027	5.924525297439452e-06	-29917.57485	-26.130212	0.0009	-26.13	-26.13	0.8488	0.16726	0.2213
run_hybrid_q_sB	hybrid_q	B	5000	9124	5.924525297439452e-06	-29918.689579	-25.342975	0.0008	-25.343	-25.343	0.84194	0.15877	0.2082
run_hybrid_q_sB	hybrid_q	B	5000	9221	5.924525297439452e-06	-29917.964075	-25.41734	0.0008	-25.417	-25.417	0.81982	0.16761	0.2279
run_hybrid_q_sB	hybrid_q	B	5000	9318	5.924525297439452e-06	-29918.079629	-26.103217	0.0009	-26.103	-26.103	0.75938	0.17218	0.2384
run_hybrid_q_sB	hybrid_q	B	5000	9415	5.924525297439452e-06	-29917.197919	-26.005899	0.0009	-26.006	-26.006	0.78927	0.16099	0.2232
run_hybrid_q_sB	hybrid_q	B	5000	9512	5.924525297439452e-06	-29917.933914	-26.193575	0.0009	-26.194	-26.194	0.83657	0.16294	0.2131
run_hybrid_q_sB	hybrid_q	B	5000	9609	5.924525297439452e-06	-29917.691579	-26.283846	0.0009	-26.284	-26.284	0.79063	0.16821	0.2261
run_hybrid_q_sB	hybrid_q	B	5000	9706	5.924525297439452e-06	-29917.241896	-25.851046	0.0009	-25.851	-25.851	0.81454	0.17353	0.23
run_hybrid_q_sB	hybrid_q	B	5000	9803	5.924525297439452e-06	-29916.45248	-26.209073	0.0009	-26.209	-26.209	0.86789	0.16741	0.2224
run_hybrid_q_sB	hybrid_q	B	5000	9900	5.924525297439452e-06	-29917.917945	-25.655822	0.0009	-25.656	-25.656	0.74585	0.16672	0.2414
run_hybrid_q_sB	hybrid_q	B	5000	10000	3.5100000000000036e-08	-29917.77439	-25.679761	0.0009	-25.68	-25.68	0.89082	0.15949	0.1999
run_hybrid_fixed_sA_d7500	hybrid_fixed	A	7500	1	0.001	-29855.635874	-534.113224	0.0179	-534.11	-534.11	0.014504	0.2904	18.2829
run_hybrid_fixed_sA_d7500	hybrid_fixed	A	7500	97	0.001	-29362.326472	-547.456529	0.0186	-547.46	-547.46	0.65183	0.29875	0.5029
run_hybrid_fixed_sA_d7500	hybrid_fixed	A	7500	194	0.001	-29414.071559	-544.582756	0.0185	-544.58	-544.58	0.75101	0.28921	0.4198
run_hybrid_fixed_sA_d7500	hybrid_fixed	A	7500	291	0.001	-29401.601322	-547.320195	0.0186	-547.32	-547.32	0.7581	0.30058	0.4115
run_hybrid_fixed_sA_d7500	hybrid_fixed	A	7500	388	0.001	-29391.384777	-549.43188	0.0187	-549.43	-549.43	0.68556	0.31009	0.4806
run_hybrid_fixed_sA_d7500	hybrid_fixed	A	7500	485	0.001	-29383.667277	-552.455349	0.0188	-552.46	-552.46	0.87274	0.30042	0.3626
run_hybrid_fixed_sA_d7500	hybrid_fixed	A	7500	582	0.001	-29388.351827	-554.624544	0.0189	-554.62	-554.62	0.75011	0.29083	0.404
run_hybrid_fixed_sA_d7500	hybrid_fixed	A	7500	679	0.001	-29382.055926	-557.445418	0.019	-557.45	-557.45	0.69743	0.28363	0.4327
run_hybrid_fixed_sA_d7500	hybrid_fixed	A	7500	776	0.001	-29377.362911	-561.063357	0.0191	-561.06	-561.06	0.69193	0.30038	0.4513
run_hybrid_fixed_sA_d7500	hybrid_fixed	A	7500	873	0.001	-29378.60978	-565.930824	0.0193	-565.93	-565.93	0.66935	0.28101	0.4471
run_hybrid_fixed_sA_d7500	hybrid_fixed	A	7500	970	0.001	-29374.097578	-571.955078	0.0195	-571.96	-571.96	0.80824	0.28798	0.3876
run_hybrid_fixed_sA_d7500	hybrid_fixed	A	7500	1067	0.001	-29360.016363	-576.128847	0.0196	-576.13	-576.13	0.67851	0.31531	0.4891
run_hybrid_fixed_sA_d7500	hybrid_fixed	A	7500	1164	0.001	-29364.348035	-579.441315	0.0197	-579.44	-579.44	0.64253	0.28166	0.4687
run_hybrid_fixed_sA_d7500	hybrid_fixed	A	7500	1261	0.001	-29359.351006	-585.156833	0.0199	-585.16	-585.16	0.72748	0.32152	0.4621
run_hybrid_fixed_sA_d7500	hybrid_fixed	A	7500	1358	0.001	-29358.326537	-585.614202	0.0199	-585.61	-585.61	0.70847	0.31623	0.4665
run_hybrid_fixed_sA_d7500	hybrid_fixed	A	7500	1455	0.001	-29359.383596	-588.774314	0.0201	-588.77	-588.77	0.69353	0.33507	0.5178
run_hybrid_fixed_sA_d7500	hybrid_fixed	A	7500	1552	0.001	-29358.70094	-590.464378	0.0201	-590.46	-590.46	0.73464	0.33241	0.4976
run_hybrid_fixed_sA_d7500	hybrid_fixed	A	7500	1649	0.001	-29350.617233	-593.430357	0.0202	-593.43	-593.43	0.66491	0.33835	0.5118
run_hybrid_fixed_sA_d7500	hybrid_fixed	A	7500	1746	0.001	-29343.701139	-596.729287	0.0203	-596.73	-596.73	0.70876	0.32184	0.4779
run_hybrid_fixed_sA_d7500	hybrid_fixed	A	7500	1843	0.001	-29341.222956	-599.958479	0.0204	-599.96	-599.96	0.73251	0.34997	0.5123
run_hybrid_fixed_sA_d7500	hybrid_fixed	A	7500	1940	0.001	-29344.027597	-601.029858	0.0205	-601.03	-601.03	0.65609	0.31701	0.5117
run_hybrid_fixed_sA_d7500	hybrid_fixed	A	7500	2037	0.001	-29340.655542	-603.077747	0.0206	-603.08	-603.08	0.68848	0.33331	0.5165
run_hybrid_fixed_sA_d7500	hybrid_fixed	A	7500	2134	0.001	-29338.675011	-602.72537	0.0205	-602.73	-602.73	0.65522	0.335	0.5449
run_hybrid_fixed_sA_d7500	hybrid_fixed	A	7500	2231	0.001	-29342.403054	-605.661789	0.0206	-605.66	-605.66	0.74883	0.34436	0.5038
run_hybrid_fixed_sA_d7500	hybrid_fixed	A	7500	2328	0.001	-29337.477013	-606.246123	0.0207	-606.25	-606.25	0.6884	0.36282	0.5481
run_hybrid_fixed_sA_d7500	hybrid_fixed	A	7500	2425	0.001	-29333.757634	-610.402331	0.0208	-610.4	-610.4	0.7175	0.33909	0.5078
run_hybrid_fixed_sA_d7500	hybrid_fixed	A	7500	2522	0.001	-29334.052659	-616.625231	0.021	-616.63	-616.63	0.6747	0.4029	0.621
run_hybrid_fixed_sA_d7500	hybrid_fixed	A	7500	2619	0.001	-29326.810613	-613.637523	0.0209	-613.64	-613.64	0.75408	0.39319	0.5447
run_hybrid_fixed_sA_d7500	hybrid_fixed	A	7500	2716	0.001	-29322.307476	-623.304765	0.0213	-623.3	-623.3	0.66892	0.35735	0.5584
run_hybrid_fixed_sA_d7500	hybrid_fixed	A	7500	2813	0.001	-29330.033669	-619.305178	0.0211	-619.31	-619.31	0.58948	0.37218	0.6634
run_hybrid_fixed_sA_d7500	hybrid_fixed	A	7500	2910	0.001	-29320.217998	-623.354196	0.0213	-623.35	-623.35	0.67742	0.35649	0.5594
run_hybrid_fixed_sA_d7500	hybrid_fixed	A	7500	3007	0.001	-29313.78139	-629.161627	0.0215	-629.16	-629.16	0.69123	0.36685	0.5515
run_hybrid_fixed_sA_d7500	hybrid_fixed	A	7500	3104	0.001	-29309.303119	-633.79839	0.0216	-633.8	-633.8	0.62361	0.40498	0.6619
run_hybrid_fixed_sA_d7500	hybrid_fixed	A	7500	3201	0.001	-29304.333949	-636.964557	0.0217	-636.96	-636.96	0.6801	0.38938	0.5837
run_hybrid_fixed_sA_d7500	hybrid_fixed	A	7500	3300	0.001	-29299.511538	-640.679558	0.0219	-640.68	-640.68	0.78067	0.4119	0.5369
run_hybrid_fixed_sA_d7500	hybrid_fixed	A	7500	3398	0.001	-29301.45697	-643.401504	0.022	-643.4	-643.4	0.76352	0.40609	0.5569
run_hybrid_fixed_sA_d7500	hybrid_fixed	A	7500	3495	0.001	-29298.636063	-643.16458	0.022	-643.16	-643.16	0.70812	0.44716	0.6444
run_hybrid_fixed_sA_d7500	hybrid_fixed	A	7500	3592	0.001	-29301.187978	-645.400859	0.022	-645.4	-645.4	0.66	0.40627	0.6511
run_hybrid_fixed_sA_d7500	hybrid_fixed	A	7500	3689	0.001	-29286.801236	-651.413899	0.0222	-651.41	-651.41	0.70304	0.45373	0.6793
run_hybrid_fixed_sA_d7500	hybrid_fixed	A	7500	3786	0.001	-29293.091588	-653.641064	0.0223	-653.64	-653.64	0.64951	0.41492	0.6366
run_hybrid_fixed_sA_d7500	hybrid_fixed	A	7500	3883	0.001	-29294.533403	-651.495796	0.0222	-651.5	-651.5	0.68865	0.42294	0.6306
run_hybrid_fixed_sA_d7500	hybrid_fixed	A	7500	3980	0.001	-29287.316188	-655.232091	0.0224	-655.23	-655.23	0.6487	0.48536	0.7466
run_hybrid_fixed_sA_d7500	hybrid_fixed	A	7500	4077	0.001	-29283.581692	-658.094825	0.0225	-658.09	-658.09	0.68909	0.47918	0.6969
run_hybrid_fixed_sA_d7500	hybrid_fixed	A	7500	4174	0.001	-29279.474514	-662.405913	0.0226	-662.41	-662.41	0.70894	0.45655	0.6699
run_hybrid_fixed_sA_d7500	hybrid_fixed	A	7500	4271	0.001	-29284.677203	-664.174437	0.0227	-664.17	-664.17	0.66889	0.49734	0.7345
run_hybrid_fixed_sA_d7500	hybrid_fixed	A	7500	4368	0.001	-29278.505854	-662.720556	0.0226	-662.72	-662.72	0.7037	0.43813	0.6327
run_hybrid_fixed_sA_d7500	hybrid_fixed	A	7500	4465	0.001	-29277.644289	-665.176793	0.0227	-665.18	-665.18	0.69125	0.4401	0.6521
run_hybrid_fixed_sA_d7500	hybrid_fixed	A	7500	4562	0.001	-29275.763169	-665.986831	0.0227	-665.99	-665.99	0.71124	0.4521	0.6661
run_hybrid_fixed_sA_d7500	hybrid_fixed	A	7500	4659	0.001	-29273.476242	-669.209364	0.0229	-669.21	-669.21	0.70975	0.46147	0.679
run_hybrid_fixed_sA_d7500	hybrid_fixed	A	7500	4756	0.001	-29275.629615	-671.527981	0.0229	-671.53	-671.53	0.71435	0.51326	0.7411
run_hybrid_fixed_sA_d7500	hybrid_fixed	A	7500	4853	0.001	-29273.013293	-671.703504	0.0229	-671.7	-671.7	0.72402	0.4648	0.666
run_hybrid_fixed_sA_d7500	hybrid_fixed	A	7500	4950	0.001	-29267.81656	-671.631937	0.0229	-671.63	-671.63	0.78525	0.47018	0.6224
run_hybrid_fixed_sA_d7500	hybrid_fixed	A	7500	5047	0.001	-29270.699928	-673.921385	0.023	-673.92	-673.92	0.69623	0.47005	0.6999
run_hybrid_fixed_sA_d7500	hybrid_fixed	A	7500	5144	0.001	-29267.785721	-674.224111	0.023	-674.22	-674.22	0.70517	0.5047	0.6931
run_hybrid_fixed_sA_d7500	hybrid_fixed	A	7500	5241	0.001	-29262.65728	-677.689961	0.0232	-677.69	-677.69	0.72779	0.473	0.6751
run_hybrid_fixed_sA_d7500	hybrid_fixed	A	7500	5338	0.001	-29266.868144	-678.583993	0.0232	-678.58	-678.58	0.73458	0.47863	0.6725
run_hybrid_fixed_sA_d7500	hybrid_fixed	A	7500	5435	0.001	-29263.630288	-678.727059	0.0232	-678.73	-678.73	0.68987	0.52949	0.7529
run_hybrid_fixed_sA_d7500	hybrid_fixed	A	7500	5532	0.001	-29261.382292	-680.174331	0.0232	-680.17	-680.17	0.7231	0.47479	0.6806
run_hybrid_fixed_sA_d7500	hybrid_fixed	A	7500	5629	0.001	-29260.812952	-683.118996	0.0233	-683.12	-683.12	0.71455	0.4844	0.6896
run_hybrid_fixed_sA_d7500	hybrid_fixed	A	7500	5726	0.001	-29257.907427	-685.060408	0.0234	-685.06	-685.06	0.7932	0.50947	0.6538
run_hybrid_fixed_sA_d7500	hybrid_fixed	A	7500	5823	0.001	-29250.778132	-692.940199	0.0237	-692.94	-692.94	0.74625	0.48609	0.6837
run_hybrid_fixed_sA_d7500	hybrid_fixed	A	7500	5920	0.001	-29253.690287	-687.200118	0.0235	-687.2	-687.2	0.70663	0.49618	0.7225
run_hybrid_fixed_sA_d7500	hybrid_fixed	A	7500	6017	0.001	-29255.094538	-691.996156	0.0237	-692.0	-692.0	0.73712	0.52006	0.7231
run_hybrid_fixed_sA_d7500	hybrid_fixed	A	7500	6114	0.001	-29251.860575	-690.524388	0.0236	-690.52	-690.52	0.71956	0.47524	0.6503
run_hybrid_fixed_sA_d7500	hybrid_fixed	A	7500	6211	0.001	-29253.254694	-689.625423	0.0236	-689.63	-689.63	0.72495	0.52621	0.7606
run_hybrid_fixed_sA_d7500	hybrid_fixed	A	7500	6308	0.001	-29242.199006	-702.014172	0.024	-702.01	-702.01	0.7319	0.48807	0.6634
run_hybrid_fixed_sA_d7500	hybrid_fixed	A	7500	6405	0.001	-29246.459611	-691.996966	0.0237	-692.0	-692.0	0.74962	0.48196	0.6641
run_hybrid_fixed_sA_d7500	hybrid_fixed	A	7500	6502	0.001	-29243.331237	-700.087206	0.0239	-700.09	-700.09	0.72142	0.50937	0.7164
run_hybrid_fixed_sA_d7500	hybrid_fixed	A	7500	6600	0.001	-29246.485352	-698.687958	0.0239	-698.69	-698.69	0.72268	0.49041	0.6669
run_hybrid_fixed_sA_d7500	hybrid_fixed	A	7500	6699	0.001	-29250.047986	-695.441466	0.0238	-695.44	-695.44	0.75499	0.4912	0.6572
run_hybrid_fixed_sA_d7500	hybrid_fixed	A	7500	6796	0.001	-29240.903004	-696.234594	0.0238	-696.23	-696.23	0.78158	0.49692	0.6243
run_hybrid_fixed_sA_d7500	hybrid_fixed	A	7500	6893	0.001	-29247.840182	-694.914118	0.0238	-694.91	-694.91	0.75109	0.53775	0.7461
run_hybrid_fixed_sA_d7500	hybrid_fixed	A	7500	6990	0.001	-29241.146657	-702.874807	0.024	-702.87	-702.87	0.70181	0.48797	0.7021
run_hybrid_fixed_sA_d7500	hybrid_fixed	A	7500	7087	0.001	-29247.23086	-696.906491	0.0238	-696.91	-696.91	0.76138	0.51404	0.6783
run_hybrid_fixed_sA_d7500	hybrid_fixed	A	7500	7184	0.001	-29239.494344	-702.720315	0.024	-702.72	-702.72	0.69747	0.47301	0.6758
run_hybrid_fixed_sA_d7500	hybrid_fixed	A	7500	7281	0.001	-29245.74414	-697.849007	0.0239	-697.85	-697.85	0.71637	0.48209	0.6897
run_hybrid_fixed_sA_d7500	hybrid_fixed	A	7500	7378	0.001	-29235.96535	-706.870343	0.0242	-706.87	-706.87	0.8027	0.52371	0.6707
run_hybrid_fixed_sA_d7500	hybrid_fixed	A	7500	7475	0.001	-29240.550021	-700.619481	0.024	-700.62	-700.62	0.72811	0.49296	0.6996
run_hybrid_fixed_sA_d7500	hybrid_fixed	A	7500	7572	4.5601626938095613e-07	-29244.900527	-697.488133	0.0238	-697.49	-697.49	0.77638	0.5352	0.6891
run_hybrid_fixed_sA_d7500	hybrid_fixed	A	7500	7669	4.5601626938095613e-07	-29245.861017	-697.190118	0.0238	-697.19	-697.19	0.74043	0.48023	0.6714
run_hybrid_fixed_sA_d7500	hybrid_fixed	A	7500	7766	4.5601626938095613e-07	-29248.680582	-695.340302	0.0238	-695.34	-695.34	0.68911	0.48424	0.7197
run_hybrid_fixed_sA_d7500	hybrid_fixed	A	7500	7863	4.5601626938095613e-07	-29244.86985	-699.08185	0.0239	-699.08	-699.08	0.71378	0.51236	0.726
run_hybrid_fixed_sA_d7500	hybrid_fixed	A	7500	7960	4.5601626938095613e-07	-29246.240939	-698.090145	0.0239	-698.09	-698.09	0.76778	0.49453	0.6601
run_hybrid_fixed_sA_d7500	hybrid_fixed	A	7500	8057	4.5601626938095613e-07	-29245.330144	-699.074342	0.0239	-699.07	-699.07	0.79444	0.51053	0.6626
run_hybrid_fixed_sA_d7500	hybrid_fixed	A	7500	8154	4.5601626938095613e-07	-29244.311245	-699.052586	0.0239	-699.05	-699.05	0.82475	0.50147	0.6225
run_hybrid_fixed_sA_d7500	hybrid_fixed	A	7500	8251	4.5601626938095613e-07	-29245.160142	-698.108538	0.0239	-698.11	-698.11	0.72293	0.4876	0.6756
run_hybrid_fixed_sA_d7500	hybrid_fixed	A	7500	8348	4.5601626938095613e-07	-29240.617586	-702.761774	0.024	-702.76	-702.76	0.75175	0.50101	0.6736
run_hybrid_fixed_sA_d7500	hybrid_fixed	A	7500	8445	4.5601626938095613e-07	-29244.424946	-699.777758	0.0239	-699.78	-699.78	0.71103	0.47689	0.6706
run_hybrid_fixed_sA_d7500	hybrid_fixed	A	7500	8542	4.5601626938095613e-07	-29245.23418	-699.037858	0.0239	-699.04	-699.04	0.75406	0.46803	0.6124
run_hybrid_fixed_sA_d7500	hybrid_fixed	A	7500	8639	4.5601626938095613e-07	-29240.656476	-702.034954	0.024	-702.03	-702.03	0.78823	0.53925	0.6819
run_hybrid_fixed_sA_d7500	hybrid_fixed	A	7500	8736	4.5601626938095613e-07	-29243.467906	-698.58153	0.0239	-698.58	-698.58	0.87607	0.54426	0.6433
run_hybrid_fixed_sA_d7500	hybrid_fixed	A	7500	8833	4.5601626938095613e-07	-29243.88268	-699.412664	0.0239	-699.41	-699.41	0.75918	0.50378	0.6778
run_hybrid_fixed_sA_d7500	hybrid_fixed	A	7500	8930	4.5601626938095613e-07	-29245.219368	-699.360091	0.0239	-699.36	-699.36	0.69949	0.48537	0.7004
run_hybrid_fixed_sA_d7500	hybrid_fixed	A	7500	9027	4.5601626938095613e-07	-29243.004237	-700.479248	0.024	-700.48	-700.48	0.70843	0.46826	0.6503
run_hybrid_fixed_sA_d7500	hybrid_fixed	A	7500	9124	4.5601626938095613e-07	-29244.676485	-698.230127	0.0239	-698.23	-698.23	0.78444	0.50734	0.6488
run_hybrid_fixed_sA_d7500	hybrid_fixed	A	7500	9221	4.5601626938095613e-07	-29240.47771	-701.606043	0.024	-701.61	-701.61	0.78272	0.57678	0.7125
run_hybrid_fixed_sA_d7500	hybrid_fixed	A	7500	9318	4.5601626938095613e-07	-29241.232284	-703.261252	0.0241	-703.26	-703.26	0.71715	0.49211	0.6805
run_hybrid_fixed_sA_d7500	hybrid_fixed	A	7500	9415	4.5601626938095613e-07	-29243.612696	-700.601579	0.024	-700.6	-700.6	0.72243	0.53181	0.7306
run_hybrid_fixed_sA_d7500	hybrid_fixed	A	7500	9512	4.5601626938095613e-07	-29242.624529	-700.047436	0.0239	-700.05	-700.05	0.76453	0.50612	0.6514
run_hybrid_fixed_sA_d7500	hybrid_fixed	A	7500	9609	4.5601626938095613e-07	-29243.800797	-699.989813	0.0239	-699.99	-699.99	0.78065	0.51234	0.654
run_hybrid_fixed_sA_d7500	hybrid_fixed	A	7500	9706	4.5601626938095613e-07	-29245.225524	-698.570953	0.0239	-698.57	-698.57	0.75049	0.49272	0.6651
run_hybrid_fixed_sA_d7500	hybrid_fixed	A	7500	9803	4.5601626938095613e-07	-29245.109608	-699.276757	0.0239	-699.28	-699.28	0.72417	0.47879	0.6565
run_hybrid_fixed_sA_d7500	hybrid_fixed	A	7500	9900	4.5601626938095613e-07	-29245.507531	-697.997806	0.0239	-698.0	-698.0	0.71982	0.49144	0.6831
run_hybrid_fixed_sA_d7500	hybrid_fixed	A	7500	10000	4.5601626938095613e-07	-29243.712773	-700.189949	0.0239	-700.19	-700.19	0.78779	0.49192	0.6317
run_hybrid_fixed_sB_d7500	hybrid_fixed	B	7500	1	0.001	-29818.677737	-534.773371	0.0179	-534.77	-534.77	0.012936	0.29048	20.8248
run_hybrid_fixed_sB_d7500	hybrid_fixed	B	7500	97	0.001	-29376.123813	-545.28753	0.0186	-545.29	-545.29	0.72877	0.27707	0.434
run_hybrid_fixed_sB_d7500	hybrid_fixed	B	7500	194	0.001	-29365.129191	-564.116245	0.0192	-564.12	-564.12	0.7798	0.34942	0.5144
run_hybrid_fixed_sB_d7500	hybrid_fixed	B	7500	291	0.001	-29363.693653	-574.918279	0.0196	-574.92	-574.92	0.78224	0.43678	0.6326
run_hybrid_fixed_sB_d7500	hybrid_fixed	B	7500	388	0.001	-29375.789103	-580.704734	0.0198	-580.7	-580.7	0.84637	0.48139	0.6516
run_hybrid_fixed_sB_d7500	hybrid_fixed	B	7500	485	0.001	-29355.705176	-584.30566	0.0199	-584.31	-584.31	0.95615	0.48438	0.6293
run_hybrid_fixed_sB_d7500	hybrid_fixed	B	7500	582	0.001	-29352.974978	-589.315865	0.0201	-589.32	-589.32	0.81071	0.49348	0.7144
run_hybrid_fixed_sB_d7500	hybrid_fixed	B	7500	679	0.001	-29355.400035	-595.707417	0.0203	-595.71	-595.71	0.91839	0.52322	0.6657
run_hybrid_fixed_sB_d7500	hybrid_fixed	B	7500	776	0.001	-29339.326059	-598.835504	0.0204	-598.84	-598.84	0.94378	0.52514	0.6502
run_hybrid_fixed_sB_d7500	hybrid_fixed	B	7500	873	0.001	-29341.477696	-601.926085	0.0205	-601.93	-601.93	0.9208	0.50814	0.6217
run_hybrid_fixed_sB_d7500	hybrid_fixed	B	7500	970	0.001	-29334.50233	-604.094479	0.0206	-604.09	-604.09	0.83478	0.52073	0.7043
run_hybrid_fixed_sB_d7500	hybrid_fixed	B	7500	1067	0.001	-29338.449571	-606.604674	0.0207	-606.6	-606.6	0.85294	0.50035	0.689
run_hybrid_fixed_sB_d7500	hybrid_fixed	B	7500	1164	0.001	-29329.646142	-604.845179	0.0206	-604.85	-604.85	0.92093	0.52031	0.6477
run_hybrid_fixed_sB_d7500	hybrid_fixed	B	7500	1261	0.001	-29335.317839	-608.45485	0.0207	-608.45	-608.45	0.79365	0.51552	0.737
run_hybrid_fixed_sB_d7500	hybrid_fixed	B	7500	1358	0.001	-29342.373394	-610.049295	0.0208	-610.05	-610.05	0.95774	0.53073	0.6333
run_hybrid_fixed_sB_d7500	hybrid_fixed	B	7500	1455	0.001	-29330.99664	-609.31134	0.0208	-609.31	-609.31	0.91671	0.52493	0.6547
run_hybrid_fixed_sB_d7500	hybrid_fixed	B	7500	1552	0.001	-29333.052481	-614.475254	0.0209	-614.48	-614.48	0.7559	0.51145	0.7913
run_hybrid_fixed_sB_d7500	hybrid_fixed	B	7500	1649	0.001	-29338.764511	-613.509359	0.0209	-613.51	-613.51	0.9074	0.52909	0.6614
run_hybrid_fixed_sB_d7500	hybrid_fixed	B	7500	1746	0.001	-29321.252965	-615.878092	0.021	-615.88	-615.88	0.81751	0.50831	0.6985
run_hybrid_fixed_sB_d7500	hybrid_fixed	B	7500	1843	0.001	-29326.330052	-617.331509	0.0211	-617.33	-617.33	0.89709	0.54185	0.7104
run_hybrid_fixed_sB_d7500	hybrid_fixed	B	7500	1940	0.001	-29310.993645	-619.918614	0.0211	-619.92	-619.92	0.91123	0.52817	0.6646
run_hybrid_fixed_sB_d7500	hybrid_fixed	B	7500	2037	0.001	-29319.698591	-622.201744	0.0212	-622.2	-622.2	0.83767	0.51335	0.7025
run_hybrid_fixed_sB_d7500	hybrid_fixed	B	7500	2134	0.001	-29327.002602	-623.647115	0.0213	-623.65	-623.65	0.85358	0.54179	0.7218
run_hybrid_fixed_sB_d7500	hybrid_fixed	B	7500	2231	0.001	-29326.031311	-626.727322	0.0214	-626.73	-626.73	0.8266	0.54553	0.7306
run_hybrid_fixed_sB_d7500	hybrid_fixed	B	7500	2328	0.001	-29307.34089	-632.025672	0.0216	-632.03	-632.03	0.8694	0.53635	0.7216
run_hybrid_fixed_sB_d7500	hybrid_fixed	B	7500	2425	0.001	-29305.447009	-631.085593	0.0215	-631.09	-631.09	0.84515	0.51964	0.6968
run_hybrid_fixed_sB_d7500	hybrid_fixed	B	7500	2522	0.001	-29316.698241	-638.325143	0.0218	-638.33	-638.33	0.83222	0.54246	0.7503
run_hybrid_fixed_sB_d7500	hybrid_fixed	B	7500	2619	0.001	-29297.78674	-640.854343	0.0219	-640.85	-640.85	0.83611	0.54547	0.7084
run_hybrid_fixed_sB_d7500	hybrid_fixed	B	7500	2716	0.001	-29295.541631	-641.839431	0.0219	-641.84	-641.84	0.81344	0.52691	0.717
run_hybrid_fixed_sB_d7500	hybrid_fixed	B	7500	2813	0.001	-29302.300414	-643.767581	0.022	-643.77	-643.77	0.8755	0.54527	0.6965
run_hybrid_fixed_sB_d7500	hybrid_fixed	B	7500	2910	0.001	-29286.621447	-644.807308	0.022	-644.81	-644.81	0.86724	0.52172	0.7115
run_hybrid_fixed_sB_d7500	hybrid_fixed	B	7500	3007	0.001	-29298.576533	-649.608708	0.0222	-649.61	-649.61	0.92751	0.53613	0.6621
run_hybrid_fixed_sB_d7500	hybrid_fixed	B	7500	3104	0.001	-29287.371478	-654.172763	0.0223	-654.17	-654.17	0.84866	0.51689	0.6695
run_hybrid_fixed_sB_d7500	hybrid_fixed	B	7500	3201	0.001	-29287.123777	-657.956865	0.0225	-657.96	-657.96	0.84682	0.56396	0.7218
run_hybrid_fixed_sB_d7500	hybrid_fixed	B	7500	3300	0.001	-29276.779349	-661.866681	0.0226	-661.87	-661.87	0.78322	0.54279	0.7647
run_hybrid_fixed_sB_d7500	hybrid_fixed	B	7500	3398	0.001	-29280.328106	-662.414694	0.0226	-662.41	-662.41	0.89497	0.60783	0.7268
run_hybrid_fixed_sB_d7500	hybrid_fixed	B	7500	3495	0.001	-29282.778926	-666.133031	0.0227	-666.13	-666.13	0.83379	0.5947	0.7852
run_hybrid_fixed_sB_d7500	hybrid_fixed	B	7500	3592	0.001	-29270.585135	-670.565181	0.0229	-670.57	-670.57	0.86938	0.55357	0.7142
run_hybrid_fixed_sB_d7500	hybrid_fixed	B	7500	3689	0.001	-29264.901168	-672.241636	0.023	-672.24	-672.24	0.76675	0.58193	0.8014
run_hybrid_fixed_sB_d7500	hybrid_fixed	B	7500	3786	0.001	-29267.891387	-671.998571	0.023	-672.0	-672.0	0.72856	0.56047	0.8474
run_hybrid_fixed_sB_d7500	hybrid_fixed	B	7500	3883	0.001	-29275.049786	-676.917488	0.0231	-676.92	-676.92	0.80034	0.51749	0.6978
run_hybrid_fixed_sB_d7500	hybrid_fixed	B	7500	3980	0.001	-29262.805009	-677.910098	0.0232	-677.91	-677.91	0.74648	0.56363	0.8203
run_hybrid_fixed_sB_d7500	hybrid_fixed	B	7500	4077	0.001	-29255.999852	-683.588762	0.0234	-683.59	-683.59	0.81119	0.51895	0.6782
run_hybrid_fixed_sB_d7500	hybrid_fixed	B	7500	4174	0.001	-29250.25807	-687.184104	0.0235	-687.18	-687.18	0.79878	0.57949	0.7797
run_hybrid_fixed_sB_d7500	hybrid_fixed	B	7500	4271	0.001	-29254.289373	-690.795678	0.0236	-690.8	-690.8	0.87229	0.50246	0.6185
run_hybrid_fixed_sB_d7500	hybrid_fixed	B	7500	4368	0.001	-29262.715164	-692.204366	0.0237	-692.2	-692.2	0.78938	0.56733	0.7595
run_hybrid_fixed_sB_d7500	hybrid_fixed	B	7500	4465	0.001	-29248.608898	-690.318191	0.0236	-690.32	-690.32	0.87722	0.5486	0.6753
run_hybrid_fixed_sB_d7500	hybrid_fixed	B	7500	4562	0.001	-29249.920802	-695.041689	0.0238	-695.04	-695.04	0.8254	0.53203	0.697
run_hybrid_fixed_sB_d7500	hybrid_fixed	B	7500	4659	0.001	-29250.813761	-696.083816	0.0238	-696.08	-696.08	0.73533	0.55253	0.8156
run_hybrid_fixed_sB_d7500	hybrid_fixed	B	7500	4756	0.001	-29241.852049	-694.886043	0.0238	-694.89	-694.89	0.90089	0.54959	0.6687
run_hybrid_fixed_sB_d7500	hybrid_fixed	B	7500	4853	0.001	-29242.179617	-691.641956	0.0237	-691.64	-691.64	0.82017	0.57061	0.7524
run_hybrid_fixed_sB_d7500	hybrid_fixed	B	7500	4950	0.001	-29247.194306	-698.812971	0.0239	-698.81	-698.81	0.76142	0.53321	0.7561
run_hybrid_fixed_sB_d7500	hybrid_fixed	B	7500	5047	0.001	-29240.683726	-698.071659	0.0239	-698.07	-698.07	0.76993	0.58793	0.8205
run_hybrid_fixed_sB_d7500	hybrid_fixed	B	7500	5144	0.001	-29246.080252	-703.743777	0.0241	-703.74	-703.74	0.83526	0.53989	0.7227
run_hybrid_fixed_sB_d7500	hybrid_fixed	B	7500	5241	0.001	-29241.358069	-698.767173	0.0239	-698.77	-698.77	0.77228	0.55726	0.7528
run_hybrid_fixed_sB_d7500	hybrid_fixed	B	7500	5338	0.001	-29250.309521	-697.376984	0.0238	-697.38	-697.38	0.77017	0.54448	0.7448
run_hybrid_fixed_sB_d7500	hybrid_fixed	B	7500	5435	0.001	-29243.694358	-707.325643	0.0242	-707.33	-707.33	0.73691	0.50933	0.7191
run_hybrid_fixed_sB_d7500	hybrid_fixed	B	7500	5532	0.001	-29230.504316	-699.545455	0.0239	-699.55	-699.55	0.80033	0.50608	0.6846
run_hybrid_fixed_sB_d7500	hybrid_fixed	B	7500	5629	0.001	-29239.936509	-701.890384	0.024	-701.89	-701.89	0.80862	0.52976	0.707
run_hybrid_fixed_sB_d7500	hybrid_fixed	B	7500	5726	0.001	-29243.133996	-704.100545	0.0241	-704.1	-704.1	0.75865	0.50643	0.714
run_hybrid_fixed_sB_d7500	hybrid_fixed	B	7500	5823	0.001	-29236.859591	-701.170719	0.024	-701.17	-701.17	0.78557	0.5178	0.6779
run_hybrid_fixed_sB_d7500	hybrid_fixed	B	7500	5920	0.001	-29241.235152	-700.590996	0.024	-700.59	-700.59	0.83808	0.53115	0.6677
run_hybrid_fixed_sB_d7500	hybrid_fixed	B	7500	6017	0.001	-29246.527241	-698.38362	0.0239	-698.38	-698.38	0.71105	0.53006	0.7652
run_hybrid_fixed_sB_d7500	hybrid_fixed	B	7500	6114	0.001	-29241.741989	-704.267794	0.0241	-704.27	-704.27	0.76422	0.55833	0.7836
run_hybrid_fixed_sB_d7500	hybrid_fixed	B	7500	6211	0.001	-29246.792268	-703.737732	0.0241	-703.74	-703.74	0.74093	0.51738	0.7561
run_hybrid_fixed_sB_d7500	hybrid_fixed	B	7500	6308	0.001	-29235.162379	-704.555415	0.0241	-704.56	-704.56	0.82417	0.51971	0.6738
run_hybrid_fixed_sB_d7500	hybrid_fixed	B	7500	6405	0.001	-29233.413434	-705.943053	0.0241	-705.94	-705.94	0.80843	0.53721	0.6875
run_hybrid_fixed_sB_d7500	hybrid_fixed	B	7500	6502	0.001	-29235.36999	-702.521841	0.024	-702.52	-702.52	0.75635	0.5167	0.707
run_hybrid_fixed_sB_d7500	hybrid_fixed	B	7500	6600	0.001	-29226.727344	-707.479804	0.0242	-707.48	-707.48	0.75189	0.51486	0.7017
run_hybrid_fixed_sB_d7500	hybrid_fixed	B	7500	6699	0.001	-29238.990581	-710.003641	0.0243	-710.0	-710.0	0.76088	0.50717	0.6769
run_hybrid_fixed_sB_d7500	hybrid_fixed	B	7500	6796	0.001	-29235.103415	-710.642589	0.0243	-710.64	-710.64	0.68741	0.51586	0.8051
run_hybrid_fixed_sB_d7500	hybrid_fixed	B	7500	6893	0.001	-29246.592406	-705.610734	0.0241	-705.61	-705.61	0.77562	0.49329	0.6683
run_hybrid_fixed_sB_d7500	hybrid_fixed	B	7500	6990	0.001	-29243.879119	-707.611208	0.0242	-707.61	-707.61	0.74201	0.53125	0.7381
run_hybrid_fixed_sB_d7500	hybrid_fixed	B	7500	7087	0.001	-29230.391692	-706.074988	0.0242	-706.07	-706.07	0.71761	0.50491	0.7516
run_hybrid_fixed_sB_d7500	hybrid_fixed	B	7500	7184	0.001	-29235.369146	-707.605664	0.0242	-707.61	-707.61	0.76432	0.51234	0.7104
run_hybrid_fixed_sB_d7500	hybrid_fixed	B	7500	7281	0.001	-29232.261319	-707.744253	0.0242	-707.74	-707.74	0.76828	0.53813	0.7539
run_hybrid_fixed_sB_d7500	hybrid_fixed	B	7500	7378	0.001	-29232.81648	-706.659046	0.0242	-706.66	-706.66	0.75587	0.51272	0.7235
run_hybrid_fixed_sB_d7500	hybrid_fixed	B	7500	7475	0.001	-29234.582293	-707.711242	0.0242	-707.71	-707.71	0.75199	0.51154	0.7212
run_hybrid_fixed_sB_d7500	hybrid_fixed	B	7500	7572	4.5601626938095613e-07	-29238.712444	-705.999804	0.0241	-706.0	-706.0	0.78301	0.50553	0.6823
run_hybrid_fixed_sB_d7500	hybrid_fixed	B	7500	7669	4.5601626938095613e-07	-29235.360926	-708.29852	0.0242	-708.3	-708.3	0.79415	0.52587	0.7078
run_hybrid_fixed_sB_d7500	hybrid_fixed	B	7500	7766	4.5601626938095613e-07	-29236.253125	-708.099298	0.0242	-708.1	-708.1	0.72233	0.52967	0.7843
run_hybrid_fixed_sB_d7500	hybrid_fixed	B	7500	7863	4.5601626938095613e-07	-29234.084019	-708.602732	0.0242	-708.6	-708.6	0.90617	0.5228	0.6041
run_hybrid_fixed_sB_d7500	hybrid_fixed	B	7500	7960	4.5601626938095613e-07	-29234.549623	-709.031347	0.0243	-709.03	-709.03	0.74141	0.52826	0.7416
run_hybrid_fixed_sB_d7500	hybrid_fixed	B	7500	8057	4.5601626938095613e-07	-29237.04799	-707.013599	0.0242	-707.01	-707.01	0.77308	0.54214	0.7117
run_hybrid_fixed_sB_d7500	hybrid_fixed	B	7500	8154	4.5601626938095613e-07	-29240.915501	-703.543602	0.0241	-703.54	-703.54	0.71157	0.50728	0.7449
run_hybrid_fixed_sB_d7500	hybrid_fixed	B	7500	8251	4.5601626938095613e-07	-29233.797837	-709.578597	0.0243	-709.58	-709.58	0.85215	0.50969	0.6399
run_hybrid_fixed_sB_d7500	hybrid_fixed	B	7500	8348	4.5601626938095613e-07	-29237.433688	-706.89609	0.0242	-706.9	-706.9	0.69751	0.49857	0.7618
run_hybrid_fixed_sB_d7500	hybrid_fixed	B	7500	8445	4.5601626938095613e-07	-29237.889413	-706.593791	0.0242	-706.59	-706.59	0.76719	0.51771	0.6977
run_hybrid_fixed_sB_d7500	hybrid_fixed	B	7500	8542	4.5601626938095613e-07	-29236.517238	-707.362532	0.0242	-707.36	-707.36	0.7548	0.4908	0.6722
run_hybrid_fixed_sB_d7500	hybrid_fixed	B	7500	8639	4.5601626938095613e-07	-29238.581666	-705.351957	0.0241	-705.35	-705.35	0.71843	0.48352	0.7335
run_hybrid_fixed_sB_d7500	hybrid_fixed	B	7500	8736	4.5601626938095613e-07	-29235.764043	-707.370389	0.0242	-707.37	-707.37	0.73695	0.51548	0.7279
run_hybrid_fixed_sB_d7500	hybrid_fixed	B	7500	8833	4.5601626938095613e-07	-29239.037784	-703.959144	0.0241	-703.96	-703.96	0.7823	0.54168	0.7427
run_hybrid_fixed_sB_d7500	hybrid_fixed	B	7500	8930	4.5601626938095613e-07	-29234.346338	-709.298706	0.0243	-709.3	-709.3	0.75591	0.51744	0.7124
run_hybrid_fixed_sB_d7500	hybrid_fixed	B	7500	9027	4.5601626938095613e-07	-29235.079148	-708.752873	0.0242	-708.75	-708.75	0.79329	0.53901	0.7183
run_hybrid_fixed_sB_d7500	hybrid_fixed	B	7500	9124	4.5601626938095613e-07	-29239.346997	-704.537202	0.0241	-704.54	-704.54	0.79062	0.52985	0.6913
run_hybrid_fixed_sB_d7500	hybrid_fixed	B	7500	9221	4.5601626938095613e-07	-29237.566439	-705.940784	0.0241	-705.94	-705.94	0.785	0.52032	0.7038
run_hybrid_fixed_sB_d7500	hybrid_fixed	B	7500	9318	4.5601626938095613e-07	-29235.768263	-708.296702	0.0242	-708.3	-708.3	0.71907	0.54576	0.7696
run_hybrid_fixed_sB_d7500	hybrid_fixed	B	7500	9415	4.5601626938095613e-07	-29235.728399	-707.780336	0.0242	-707.78	-707.78	0.76169	0.51281	0.7167
run_hybrid_fixed_sB_d7500	hybrid_fixed	B	7500	9512	4.5601626938095613e-07	-29235.029873	-708.928421	0.0242	-708.93	-708.93	0.80281	0.48573	0.6327
run_hybrid_fixed_sB_d7500	hybrid_fixed	B	7500	9609	4.5601626938095613e-07	-29235.105068	-708.679718	0.0242	-708.68	-708.68	0.74158	0.49375	0.6924
run_hybrid_fixed_sB_d7500	hybrid_fixed	B	7500	9706	4.5601626938095613e-07	-29237.446468	-705.413149	0.0241	-705.41	-705.41	0.7796	0.57901	0.7585
run_hybrid_fixed_sB_d7500	hybrid_fixed	B	7500	9803	4.5601626938095613e-07	-29235.001641	-707.437659	0.0242	-707.44	-707.44	0.79767	0.53715	0.7217
run_hybrid_fixed_sB_d7500	hybrid_fixed	B	7500	9900	4.5601626938095613e-07	-29237.71995	-705.915242	0.0241	-705.92	-705.92	0.71436	0.54402	0.7715
run_hybrid_fixed_sB_d7500	hybrid_fixed	B	7500	10000	4.5601626938095613e-07	-29237.094675	-706.338722	0.0242	-706.34	-706.34	0.82705	0.50325	0.6367
run_hybrid_q_sA_d7500	hybrid_q	A	7500	1	0.001	-29855.635874	-0.0281	0.0	-0.0281	-0.0281	0.014504	9.6191e-05	0.0059
run_hybrid_q_sA_d7500	hybrid_q	A	7500	97	0.001	-29913.889316	-0.301747	0.0	-0.30175	-0.30175	0.68568	0.0031231	0.0049
run_hybrid_q_sA_d7500	hybrid_q	A	7500	194	0.001	-29947.788066	-1.264274	0.0	-1.2643	-1.2643	0.76547	0.049551	0.0666
run_hybrid_q_sA_d7500	hybrid_q	A	7500	291	0.001	-29940.055117	-3.832358	0.0001	-3.8324	-3.8324	0.82617	0.061446	0.0732
run_hybrid_q_sA_d7500	hybrid_q	A	7500	388	0.001	-29953.790878	-3.198317	0.0001	-3.1983	-3.1983	0.72455	0.056737	0.0805
run_hybrid_q_sA_d7500	hybrid_q	A	7500	485	0.001	-29933.743958	-2.41768	0.0001	-2.4177	-2.4177	0.88712	0.056099	0.0646
run_hybrid_q_sA_d7500	hybrid_q	A	7500	582	0.001	-29949.545453	-1.670524	0.0001	-1.6705	-1.6705	0.83496	0.043947	0.0505
run_hybrid_q_sA_d7500	hybrid_q	A	7500	679	0.001	-29930.206468	-1.232034	0.0	-1.232	-1.232	0.79274	0.040966	0.0525
run_hybrid_q_sA_d7500	hybrid_q	A	7500	776	0.001	-29942.529957	-0.402704	0.0	-0.4027	-0.4027	0.78478	0.04625	0.057
run_hybrid_q_sA_d7500	hybrid_q	A	7500	873	0.001	-29939.462246	-0.460397	0.0	-0.4604	-0.4604	0.73664	0.049719	0.0698
run_hybrid_q_sA_d7500	hybrid_q	A	7500	970	0.001	-29941.869263	-0.330612	0.0	-0.33061	-0.33061	0.88347	0.04384	0.0522
run_hybrid_q_sA_d7500	hybrid_q	A	7500	1067	0.001	-29942.350746	-0.685793	0.0	-0.68579	-0.68579	0.72793	0.051796	0.0726
run_hybrid_q_sA_d7500	hybrid_q	A	7500	1164	0.001	-29939.337239	-0.890743	0.0	-0.89074	-0.89074	0.72109	0.052697	0.0763
run_hybrid_q_sA_d7500	hybrid_q	A	7500	1261	0.001	-29948.895748	-1.189013	0.0	-1.189	-1.189	0.81646	0.05252	0.0668
run_hybrid_q_sA_d7500	hybrid_q	A	7500	1358	0.001	-29947.231868	-0.766442	0.0	-0.76644	-0.76644	0.80761	0.060139	0.0768
run_hybrid_q_sA_d7500	hybrid_q	A	7500	1455	0.001	-29952.251296	-1.492003	0.0	-1.492	-1.492	0.78262	0.070042	0.0962
run_hybrid_q_sA_d7500	hybrid_q	A	7500	1552	0.001	-29946.835242	-1.566763	0.0001	-1.5668	-1.5668	0.82896	0.068877	0.0913
run_hybrid_q_sA_d7500	hybrid_q	A	7500	1649	0.001	-29947.401505	-1.571393	0.0001	-1.5714	-1.5714	0.73498	0.075866	0.1104
run_hybrid_q_sA_d7500	hybrid_q	A	7500	1746	0.001	-29937.591337	-1.993098	0.0001	-1.9931	-1.9931	0.80214	0.078645	0.1069
run_hybrid_q_sA_d7500	hybrid_q	A	7500	1843	0.001	-29943.60017	-2.390494	0.0001	-2.3905	-2.3905	0.85686	0.089848	0.1186
run_hybrid_q_sA_d7500	hybrid_q	A	7500	1940	0.001	-29938.492956	-2.41011	0.0001	-2.4101	-2.4101	0.75305	0.076396	0.112
run_hybrid_q_sA_d7500	hybrid_q	A	7500	2037	0.001	-29939.950872	-2.772449	0.0001	-2.7724	-2.7724	0.79632	0.089108	0.121
run_hybrid_q_sA_d7500	hybrid_q	A	7500	2134	0.001	-29935.419431	-2.798774	0.0001	-2.7988	-2.7988	0.75036	0.087387	0.1292
run_hybrid_q_sA_d7500	hybrid_q	A	7500	2231	0.001	-29943.736617	-3.238686	0.0001	-3.2387	-3.2387	0.83435	0.096368	0.1334
run_hybrid_q_sA_d7500	hybrid_q	A	7500	2328	0.001	-29942.588719	-3.953778	0.0001	-3.9538	-3.9538	0.82252	0.1079	0.1463
run_hybrid_q_sA_d7500	hybrid_q	A	7500	2425	0.001	-29944.066666	-4.298192	0.0001	-4.2982	-4.2982	0.83731	0.10678	0.148
run_hybrid_q_sA_d7500	hybrid_q	A	7500	2522	0.001	-29944.610593	-4.442961	0.0001	-4.443	-4.443	0.83051	0.11091	0.1475
run_hybrid_q_sA_d7500	hybrid_q	A	7500	2619	0.001	-29933.979094	-4.150049	0.0001	-4.15	-4.15	0.91125	0.10642	0.1318
run_hybrid_q_sA_d7500	hybrid_q	A	7500	2716	0.001	-29940.142714	-5.832207	0.0002	-5.8322	-5.8322	0.76995	0.12201	0.1784
run_hybrid_q_sA_d7500	hybrid_q	A	7500	2813	0.001	-29944.766582	-5.182518	0.0002	-5.1825	-5.1825	0.73347	0.11808	0.1796
run_hybrid_q_sA_d7500	hybrid_q	A	7500	2910	0.001	-29944.481851	-5.386701	0.0002	-5.3867	-5.3867	0.81789	0.1093	0.1507
run_hybrid_q_sA_d7500	hybrid_q	A	7500	3007	0.001	-29937.659169	-6.214591	0.0002	-6.2146	-6.2146	0.84086	0.1247	0.1623
run_hybrid_q_sA_d7500	hybrid_q	A	7500	3104	0.001	-29937.136195	-7.011819	0.0002	-7.0118	-7.0118	0.74204	0.12972	0.1911
run_hybrid_q_sA_d7500	hybrid_q	A	7500	3201	0.001	-29934.391721	-7.815368	0.0003	-7.8154	-7.8154	0.81825	0.1313	0.1742
run_hybrid_q_sA_d7500	hybrid_q	A	7500	3300	0.001	-29934.191687	-8.425724	0.0003	-8.4257	-8.4257	0.93951	0.14305	0.1692
run_hybrid_q_sA_d7500	hybrid_q	A	7500	3398	0.001	-29931.958111	-9.115414	0.0003	-9.1154	-9.1154	0.91343	0.15104	0.185
run_hybrid_q_sA_d7500	hybrid_q	A	7500	3495	0.001	-29934.604663	-9.740891	0.0003	-9.7409	-9.7409	0.79739	0.16514	0.2305
run_hybrid_q_sA_d7500	hybrid_q	A	7500	3592	0.001	-29935.02073	-10.696197	0.0004	-10.696	-10.696	0.80332	0.16427	0.2274
run_hybrid_q_sA_d7500	hybrid_q	A	7500	3689	0.001	-29923.116072	-11.192978	0.0004	-11.193	-11.193	0.86799	0.16002	0.215
run_hybrid_q_sA_d7500	hybrid_q	A	7500	3786	0.001	-29934.612051	-12.646778	0.0004	-12.647	-12.647	0.76805	0.16188	0.2322
run_hybrid_q_sA_d7500	hybrid_q	A	7500	3883	0.001	-29936.220277	-12.711198	0.0004	-12.711	-12.711	0.77332	0.1742	0.2476
run_hybrid_q_sA_d7500	hybrid_q	A	7500	3980	0.001	-29929.587928	-13.267293	0.0004	-13.267	-13.267	0.78021	0.17412	0.2417
run_hybrid_q_sA_d7500	hybrid_q	A	7500	4077	0.001	-29932.880851	-13.982898	0.0005	-13.983	-13.983	0.83568	0.17647	0.2279
run_hybrid_q_sA_d7500	hybrid_q	A	7500	4174	0.001	-29926.144914	-15.062623	0.0005	-15.063	-15.063	0.83309	0.18314	0.241
run_hybrid_q_sA_d7500	hybrid_q	A	7500	4271	0.001	-29931.132742	-15.509744	0.0005	-15.51	-15.51	0.78897	0.18061	0.249
run_hybrid_q_sA_d7500	hybrid_q	A	7500	4368	0.001	-29923.661261	-16.129093	0.0005	-16.129	-16.129	0.83384	0.18378	0.2455
run_hybrid_q_sA_d7500	hybrid_q	A	7500	4465	0.001	-29926.241841	-16.248482	0.0005	-16.248	-16.248	0.7911	0.18538	0.2559
run_hybrid_q_sA_d7500	hybrid_q	A	7500	4562	0.001	-29924.77848	-17.701537	0.0006	-17.702	-17.702	0.85921	0.19207	0.2513
run_hybrid_q_sA_d7500	hybrid_q	A	7500	4659	0.001	-29927.81903	-17.649728	0.0006	-17.65	-17.65	0.84026	0.18712	0.2453
run_hybrid_q_sA_d7500	hybrid_q	A	7500	4756	0.001	-29920.456434	-19.709635	0.0007	-19.71	-19.71	0.80298	0.20082	0.2849
run_hybrid_q_sA_d7500	hybrid_q	A	7500	4853	0.001	-29922.095047	-19.638366	0.0007	-19.638	-19.638	0.84613	0.20211	0.2682
run_hybrid_q_sA_d7500	hybrid_q	A	7500	4950	0.001	-29912.615186	-21.070449	0.0007	-21.07	-21.07	0.90105	0.21293	0.269
run_hybrid_q_sA_d7500	hybrid_q	A	7500	5047	0.001	-29922.036361	-20.831003	0.0007	-20.831	-20.831	0.84209	0.20162	0.2756
run_hybrid_q_sA_d7500	hybrid_q	A	7500	5144	0.001	-29924.469426	-21.630118	0.0007	-21.63	-21.63	0.76517	0.20875	0.2886
run_hybrid_q_sA_d7500	hybrid_q	A	7500	5241	0.001	-29912.640425	-22.22303	0.0007	-22.223	-22.223	0.9013	0.20227	0.2587
run_hybrid_q_sA_d7500	hybrid_q	A	7500	5338	0.001	-29924.565799	-22.994639	0.0008	-22.995	-22.995	0.86516	0.20322	0.264
run_hybrid_q_sA_d7500	hybrid_q	A	7500	5435	0.001	-29915.211388	-23.574447	0.0008	-23.574	-23.574	0.77887	0.20976	0.2889
run_hybrid_q_sA_d7500	hybrid_q	A	7500	5532	0.001	-29915.437551	-24.127728	0.0008	-24.128	-24.128	0.84592	0.20898	0.2718
run_hybrid_q_sA_d7500	hybrid_q	A	7500	5629	0.001	-29921.334977	-24.367796	0.0008	-24.368	-24.368	0.81671	0.19543	0.2646
run_hybrid_q_sA_d7500	hybrid_q	A	7500	5726	0.001	-29924.235301	-25.140798	0.0008	-25.141	-25.141	0.89817	0.20862	0.2584
run_hybrid_q_sA_d7500	hybrid_q	A	7500	5823	0.001	-29918.688572	-26.552172	0.0009	-26.552	-26.552	0.86568	0.20189	0.2657
run_hybrid_q_sA_d7500	hybrid_q	A	7500	5920	0.001	-29913.377262	-26.392697	0.0009	-26.393	-26.393	0.80838	0.20158	0.2777
run_hybrid_q_sA_d7500	hybrid_q	A	7500	6017	0.001	-29916.364961	-26.72317	0.0009	-26.723	-26.723	0.82237	0.19936	0.2596
run_hybrid_q_sA_d7500	hybrid_q	A	7500	6114	0.001	-29913.280387	-27.868755	0.0009	-27.869	-27.869	0.82414	0.20862	0.2666
run_hybrid_q_sA_d7500	hybrid_q	A	7500	6211	0.001	-29915.516536	-27.37932	0.0009	-27.379	-27.379	0.86042	0.20674	0.2774
run_hybrid_q_sA_d7500	hybrid_q	A	7500	6308	0.001	-29908.535231	-31.087506	0.001	-31.088	-31.088	0.81239	0.20891	0.2692
run_hybrid_q_sA_d7500	hybrid_q	A	7500	6405	0.001	-29915.376239	-27.727746	0.0009	-27.728	-27.728	0.86351	0.19904	0.258
run_hybrid_q_sA_d7500	hybrid_q	A	7500	6502	0.001	-29919.692348	-30.298893	0.001	-30.299	-30.299	0.86546	0.20051	0.2576
run_hybrid_q_sA_d7500	hybrid_q	A	7500	6600	0.001	-29926.680403	-29.697056	0.001	-29.697	-29.697	0.77037	0.19527	0.2664
run_hybrid_q_sA_d7500	hybrid_q	A	7500	6699	0.001	-29916.906021	-29.471607	0.001	-29.472	-29.472	0.87768	0.19366	0.2349
run_hybrid_q_sA_d7500	hybrid_q	A	7500	6796	0.001	-29906.366609	-29.870526	0.001	-29.871	-29.871	0.91631	0.19001	0.219
run_hybrid_q_sA_d7500	hybrid_q	A	7500	6893	0.001	-29916.522205	-29.531781	0.001	-29.532	-29.532	0.84606	0.19618	0.2498
run_hybrid_q_sA_d7500	hybrid_q	A	7500	6990	0.001	-29914.20565	-32.000509	0.0011	-32.001	-32.001	0.80219	0.1881	0.2494
run_hybrid_q_sA_d7500	hybrid_q	A	7500	7087	0.001	-29915.192368	-30.107952	0.001	-30.108	-30.108	0.8642	0.18903	0.2366
run_hybrid_q_sA_d7500	hybrid_q	A	7500	7184	0.001	-29914.408681	-31.952039	0.0011	-31.952	-31.952	0.78239	0.19192	0.2577
run_hybrid_q_sA_d7500	hybrid_q	A	7500	7281	0.001	-29914.238877	-29.923258	0.001	-29.923	-29.923	0.83803	0.17901	0.2297
run_hybrid_q_sA_d7500	hybrid_q	A	7500	7378	0.001	-29913.888219	-34.109663	0.0011	-34.11	-34.11	0.91999	0.19654	0.2354
run_hybrid_q_sA_d7500	hybrid_q	A	7500	7475	0.001	-29910.238286	-32.359896	0.0011	-32.36	-32.36	0.83397	0.18853	0.2457
run_hybrid_q_sA_d7500	hybrid_q	A	7500	7572	4.5601626938095613e-07	-29907.771758	-32.626631	0.0011	-32.627	-32.627	0.83464	0.20285	0.2585
run_hybrid_q_sA_d7500	hybrid_q	A	7500	7669	4.5601626938095613e-07	-29910.446995	-32.155368	0.0011	-32.155	-32.155	0.86118	0.1861	0.2424
run_hybrid_q_sA_d7500	hybrid_q	A	7500	7766	4.5601626938095613e-07	-29912.514755	-31.553943	0.0011	-31.554	-31.554	0.77048	0.18969	0.2671
run_hybrid_q_sA_d7500	hybrid_q	A	7500	7863	4.5601626938095613e-07	-29911.384129	-32.58332	0.0011	-32.583	-32.583	0.77723	0.1991	0.2736
run_hybrid_q_sA_d7500	hybrid_q	A	7500	7960	4.5601626938095613e-07	-29911.906628	-32.426873	0.0011	-32.427	-32.427	0.81525	0.1966	0.2597
run_hybrid_q_sA_d7500	hybrid_q	A	7500	8057	4.5601626938095613e-07	-29911.614605	-32.702144	0.0011	-32.702	-32.702	0.90327	0.20022	0.2447
run_hybrid_q_sA_d7500	hybrid_q	A	7500	8154	4.5601626938095613e-07	-29910.453203	-32.962252	0.0011	-32.962	-32.962	0.89629	0.20053	0.2457
run_hybrid_q_sA_d7500	hybrid_q	A	7500	8251	4.5601626938095613e-07	-29910.786449	-32.422373	0.0011	-32.422	-32.422	0.80605	0.18998	0.2453
run_hybrid_q_sA_d7500	hybrid_q	A	7500	8348	4.5601626938095613e-07	-29909.313693	-34.05648	0.0011	-34.056	-34.056	0.82663	0.19898	0.2557
run_hybrid_q_sA_d7500	hybrid_q	A	7500	8445	4.5601626938095613e-07	-29911.261455	-32.994694	0.0011	-32.995	-32.995	0.77451	0.19431	0.2725
run_hybrid_q_sA_d7500	hybrid_q	A	7500	8542	4.5601626938095613e-07	-29911.422917	-32.789002	0.0011	-32.789	-32.789	0.82956	0.18885	0.239
run_hybrid_q_sA_d7500	hybrid_q	A	7500	8639	4.5601626938095613e-07	-29908.826606	-33.87688	0.0011	-33.877	-33.877	0.88879	0.20345	0.2461
run_hybrid_q_sA_d7500	hybrid_q	A	7500	8736	4.5601626938095613e-07	-29909.442314	-32.548711	0.0011	-32.549	-32.549	1.0111	0.19837	0.2171
run_hybrid_q_sA_d7500	hybrid_q	A	7500	8833	4.5601626938095613e-07	-29910.284921	-32.868507	0.0011	-32.869	-32.869	0.85032	0.1968	0.2488
run_hybrid_q_sA_d7500	hybrid_q	A	7500	8930	4.5601626938095613e-07	-29911.912373	-32.591265	0.0011	-32.591	-32.591	0.83249	0.18468	0.2422
run_hybrid_q_sA_d7500	hybrid_q	A	7500	9027	4.5601626938095613e-07	-29910.382391	-33.15342	0.0011	-33.153	-33.153	0.76484	0.18797	0.2576
run_hybrid_q_sA_d7500	hybrid_q	A	7500	9124	4.5601626938095613e-07	-29910.503496	-32.380778	0.0011	-32.381	-32.381	0.88545	0.19158	0.2336
run_hybrid_q_sA_d7500	hybrid_q	A	7500	9221	4.5601626938095613e-07	-29908.502206	-33.629323	0.0011	-33.629	-33.629	0.85585	0.20377	0.2453
run_hybrid_q_sA_d7500	hybrid_q	A	7500	9318	4.5601626938095613e-07	-29910.377181	-34.116903	0.0011	-34.117	-34.117	0.79516	0.19205	0.2583
run_hybrid_q_sA_d7500	hybrid_q	A	7500	9415	4.5601626938095613e-07	-29910.87834	-33.454982	0.0011	-33.455	-33.455	0.78179	0.20377	0.2682
run_hybrid_q_sA_d7500	hybrid_q	A	7500	9512	4.5601626938095613e-07	-29909.415601	-33.14105	0.0011	-33.141	-33.141	0.88046	0.19727	0.2345
run_hybrid_q_sA_d7500	hybrid_q	A	7500	9609	4.5601626938095613e-07	-29910.56161	-33.419165	0.0011	-33.419	-33.419	0.86901	0.19893	0.2499
run_hybrid_q_sA_d7500	hybrid_q	A	7500	9706	4.5601626938095613e-07	-29910.9715	-32.674965	0.0011	-32.675	-32.675	0.82847	0.18961	0.2479
run_hybrid_q_sA_d7500	hybrid_q	A	7500	9803	4.5601626938095613e-07	-29911.760315	-32.748188	0.0011	-32.748	-32.748	0.79548	0.18878	0.2502
run_hybrid_q_sA_d7500	hybrid_q	A	7500	9900	4.5601626938095613e-07	-29911.507107	-32.100548	0.0011	-32.101	-32.101	0.76838	0.19132	0.2581
run_hybrid_q_sA_d7500	hybrid_q	A	7500	10000	4.5601626938095613e-07	-29911.084061	-32.923273	0.0011	-32.923	-32.923	0.90524	0.19355	0.2265
run_hybrid_q_sB_d7500	hybrid_q	B	7500	1	0.001	-29818.677737	-0.104224	0.0	-0.10422	-0.10422	0.012936	0.00041018	0.0307
run_hybrid_q_sB_d7500	hybrid_q	B	7500	97	0.001	-29917.259576	-0.305153	0.0	-0.30515	-0.30515	0.72287	0.030232	0.0437
run_hybrid_q_sB_d7500	hybrid_q	B	7500	194	0.001	-29954.673704	-0.684519	0.0	-0.68452	-0.68452	0.75255	0.030753	0.0434
run_hybrid_q_sB_d7500	hybrid_q	B	7500	291	0.001	-29924.296486	-1.90216	0.0001	-1.9022	-1.9022	0.77739	0.069094	0.0941
run_hybrid_q_sB_d7500	hybrid_q	B	7500	388	0.001	-29960.75493	-1.557921	0.0001	-1.5579	-1.5579	0.79952	0.054443	0.0725
run_hybrid_q_sB_d7500	hybrid_q	B	7500	485	0.001	-29945.279245	-1.20748	0.0	-1.2075	-1.2075	0.84729	0.045362	0.0589
run_hybrid_q_sB_d7500	hybrid_q	B	7500	582	0.001	-29950.2219	-0.801583	0.0	-0.80158	-0.80158	0.73464	0.032781	0.0491
run_hybrid_q_sB_d7500	hybrid_q	B	7500	679	0.001	-29946.824323	-0.860415	0.0	-0.86041	-0.86041	0.75847	0.037059	0.0549
run_hybrid_q_sB_d7500	hybrid_q	B	7500	776	0.001	-29944.52684	-0.615974	0.0	-0.61597	-0.61597	0.86478	0.030943	0.0377
run_hybrid_q_sB_d7500	hybrid_q	B	7500	873	0.001	-29938.71982	-0.860212	0.0	-0.86021	-0.86021	0.81606	0.037051	0.049
run_hybrid_q_sB_d7500	hybrid_q	B	7500	970	0.001	-29937.789017	-1.243761	0.0	-1.2438	-1.2438	0.7381	0.042944	0.0596
run_hybrid_q_sB_d7500	hybrid_q	B	7500	1067	0.001	-29940.337674	-1.448568	0.0	-1.4486	-1.4486	0.82378	0.047029	0.0627
run_hybrid_q_sB_d7500	hybrid_q	B	7500	1164	0.001	-29921.611256	-1.997795	0.0001	-1.9978	-1.9978	0.8347	0.050463	0.0649
run_hybrid_q_sB_d7500	hybrid_q	B	7500	1261	0.001	-29936.115848	-3.481998	0.0001	-3.482	-3.482	0.78765	0.063776	0.0863
run_hybrid_q_sB_d7500	hybrid_q	B	7500	1358	0.001	-29951.48926	-4.148264	0.0001	-4.1483	-4.1483	0.87588	0.079967	0.0999
run_hybrid_q_sB_d7500	hybrid_q	B	7500	1455	0.001	-29942.05656	-3.934813	0.0001	-3.9348	-3.9348	0.85027	0.079684	0.1042
run_hybrid_q_sB_d7500	hybrid_q	B	7500	1552	0.001	-29948.199287	-5.529704	0.0002	-5.5297	-5.5297	0.73484	0.09707	0.1504
run_hybrid_q_sB_d7500	hybrid_q	B	7500	1649	0.001	-29953.387693	-6.23385	0.0002	-6.2339	-6.2339	0.83206	0.095678	0.1273
run_hybrid_q_sB_d7500	hybrid_q	B	7500	1746	0.001	-29930.153767	-6.514861	0.0002	-6.5149	-6.5149	0.74552	0.10727	0.1581
run_hybrid_q_sB_d7500	hybrid_q	B	7500	1843	0.001	-29933.989075	-7.167843	0.0002	-7.1678	-7.1678	0.7855	0.1249	0.1816
run_hybrid_q_sB_d7500	hybrid_q	B	7500	1940	0.001	-29913.345448	-8.077108	0.0003	-8.0771	-8.0771	0.8471	0.12207	0.1655
run_hybrid_q_sB_d7500	hybrid_q	B	7500	2037	0.001	-29941.398715	-9.188027	0.0003	-9.188	-9.188	0.79718	0.12621	0.175
run_hybrid_q_sB_d7500	hybrid_q	B	7500	2134	0.001	-29945.963594	-9.71754	0.0003	-9.7175	-9.7175	0.81742	0.13748	0.1865
run_hybrid_q_sB_d7500	hybrid_q	B	7500	2231	0.001	-29942.410232	-10.927239	0.0004	-10.927	-10.927	0.76523	0.15315	0.2125
run_hybrid_q_sB_d7500	hybrid_q	B	7500	2328	0.001	-29935.43564	-13.367531	0.0004	-13.368	-13.368	0.85733	0.17383	0.2391
run_hybrid_q_sB_d7500	hybrid_q	B	7500	2425	0.001	-29922.62037	-12.593239	0.0004	-12.593	-12.593	0.78987	0.16405	0.2353
run_hybrid_q_sB_d7500	hybrid_q	B	7500	2522	0.001	-29938.657713	-14.516114	0.0005	-14.516	-14.516	0.80562	0.16767	0.2365
run_hybrid_q_sB_d7500	hybrid_q	B	7500	2619	0.001	-29915.962798	-15.594556	0.0005	-15.595	-15.595	0.79295	0.18738	0.264
run_hybrid_q_sB_d7500	hybrid_q	B	7500	2716	0.001	-29918.939831	-15.240838	0.0005	-15.241	-15.241	0.79217	0.17311	0.2401
run_hybrid_q_sB_d7500	hybrid_q	B	7500	2813	0.001	-29928.821651	-16.750306	0.0006	-16.75	-16.75	0.87059	0.17937	0.2288
run_hybrid_q_sB_d7500	hybrid_q	B	7500	2910	0.001	-29913.777328	-16.047138	0.0005	-16.047	-16.047	0.83927	0.17166	0.2384
run_hybrid_q_sB_d7500	hybrid_q	B	7500	3007	0.001	-29934.747143	-17.280937	0.0006	-17.281	-17.281	0.84843	0.18006	0.2455
run_hybrid_q_sB_d7500	hybrid_q	B	7500	3104	0.001	-29924.830939	-18.431808	0.0006	-18.432	-18.432	0.85457	0.17479	0.2265
run_hybrid_q_sB_d7500	hybrid_q	B	7500	3201	0.001	-29928.531019	-20.508324	0.0007	-20.508	-20.508	0.87151	0.19003	0.2428
run_hybrid_q_sB_d7500	hybrid_q	B	7500	3300	0.001	-29924.424661	-20.123763	0.0007	-20.124	-20.124	0.80306	0.19326	0.2632
run_hybrid_q_sB_d7500	hybrid_q	B	7500	3398	0.001	-29921.094693	-20.210368	0.0007	-20.21	-20.21	0.84112	0.19844	0.2584
run_hybrid_q_sB_d7500	hybrid_q	B	7500	3495	0.001	-29925.90741	-22.110932	0.0007	-22.111	-22.111	0.79322	0.20538	0.2892
run_hybrid_q_sB_d7500	hybrid_q	B	7500	3592	0.001	-29922.160164	-22.18727	0.0007	-22.187	-22.187	0.8508	0.19767	0.2596
run_hybrid_q_sB_d7500	hybrid_q	B	7500	3689	0.001	-29917.310622	-22.264312	0.0007	-22.264	-22.264	0.74521	0.19266	0.2863
run_hybrid_q_sB_d7500	hybrid_q	B	7500	3786	0.001	-29912.327474	-22.374336	0.0007	-22.374	-22.374	0.71581	0.18653	0.2858
run_hybrid_q_sB_d7500	hybrid_q	B	7500	3883	0.001	-29933.003837	-23.834647	0.0008	-23.835	-23.835	0.7805	0.18348	0.2553
run_hybrid_q_sB_d7500	hybrid_q	B	7500	3980	0.001	-29912.933279	-23.045552	0.0008	-23.046	-23.046	0.7746	0.17855	0.263
run_hybrid_q_sB_d7500	hybrid_q	B	7500	4077	0.001	-29926.394136	-24.244402	0.0008	-24.244	-24.244	0.81216	0.18092	0.2428
run_hybrid_q_sB_d7500	hybrid_q	B	7500	4174	0.001	-29914.120232	-23.230209	0.0008	-23.23	-23.23	0.82882	0.18456	0.2465
run_hybrid_q_sB_d7500	hybrid_q	B	7500	4271	0.001	-29925.436235	-24.938599	0.0008	-24.939	-24.939	0.86065	0.17498	0.2245
run_hybrid_q_sB_d7500	hybrid_q	B	7500	4368	0.001	-29917.090394	-24.68709	0.0008	-24.687	-24.687	0.81703	0.17482	0.2309
run_hybrid_q_sB_d7500	hybrid_q	B	7500	4465	0.001	-29909.942498	-24.849768	0.0008	-24.85	-24.85	0.86846	0.17805	0.2331
run_hybrid_q_sB_d7500	hybrid_q	B	7500	4562	0.001	-29925.630603	-26.11864	0.0009	-26.119	-26.119	0.85135	0.17455	0.2281
run_hybrid_q_sB_d7500	hybrid_q	B	7500	4659	0.001	-29924.412394	-26.055767	0.0009	-26.056	-26.056	0.75836	0.17411	0.2558
run_hybrid_q_sB_d7500	hybrid_q	B	7500	4756	0.001	-29916.381314	-26.73428	0.0009	-26.734	-26.734	0.908	0.18509	0.2297
run_hybrid_q_sB_d7500	hybrid_q	B	7500	4853	0.001	-29916.64156	-25.240613	0.0008	-25.241	-25.241	0.80063	0.17106	0.2364
run_hybrid_q_sB_d7500	hybrid_q	B	7500	4950	0.001	-29906.856535	-26.162243	0.0009	-26.162	-26.162	0.76198	0.17324	0.247
run_hybrid_q_sB_d7500	hybrid_q	B	7500	5047	0.001	-29922.213261	-26.60207	0.0009	-26.602	-26.602	0.78474	0.1778	0.2501
run_hybrid_q_sB_d7500	hybrid_q	B	7500	5144	0.001	-29911.453575	-27.958952	0.0009	-27.959	-27.959	0.91573	0.17716	0.2211
run_hybrid_q_sB_d7500	hybrid_q	B	7500	5241	0.001	-29920.79316	-27.399865	0.0009	-27.4	-27.4	0.84201	0.17709	0.228
run_hybrid_q_sB_d7500	hybrid_q	B	7500	5338	0.001	-29926.254226	-25.036677	0.0008	-25.037	-25.037	0.80884	0.15551	0.209
run_hybrid_q_sB_d7500	hybrid_q	B	7500	5435	0.001	-29916.229974	-28.00923	0.0009	-28.009	-28.009	0.75827	0.16419	0.2315
run_hybrid_q_sB_d7500	hybrid_q	B	7500	5532	0.001	-29915.644322	-25.905452	0.0009	-25.905	-25.905	0.82579	0.1553	0.2103
run_hybrid_q_sB_d7500	hybrid_q	B	7500	5629	0.001	-29922.294746	-25.958967	0.0009	-25.959	-25.959	0.84149	0.16165	0.2098
run_hybrid_q_sB_d7500	hybrid_q	B	7500	5726	0.001	-29918.966659	-26.533883	0.0009	-26.534	-26.534	0.8095	0.15164	0.2045
run_hybrid_q_sB_d7500	hybrid_q	B	7500	5823	0.001	-29918.511826	-26.245767	0.0009	-26.246	-26.246	0.82106	0.15215	0.1992
run_hybrid_q_sB_d7500	hybrid_q	B	7500	5920	0.001	-29913.484473	-26.561152	0.0009	-26.561	-26.561	0.81985	0.15409	0.2043
run_hybrid_q_sB_d7500	hybrid_q	B	7500	6017	0.001	-29919.879816	-25.095593	0.0008	-25.096	-25.096	0.79294	0.14006	0.1911
run_hybrid_q_sB_d7500	hybrid_q	B	7500	6114	0.001	-29917.222767	-27.105348	0.0009	-27.105	-27.105	0.76934	0.15257	0.2171
run_hybrid_q_sB_d7500	hybrid_q	B	7500	6211	0.001	-29920.434534	-27.822354	0.0009	-27.822	-27.822	0.7947	0.15449	0.2137
run_hybrid_q_sB_d7500	hybrid_q	B	7500	6308	0.001	-29904.696605	-26.815718	0.0009	-26.816	-26.816	0.85611	0.15117	0.1914
run_hybrid_q_sB_d7500	hybrid_q	B	7500	6405	0.001	-29914.170982	-27.563469	0.0009	-27.563	-27.563	0.82887	0.15007	0.1936
run_hybrid_q_sB_d7500	hybrid_q	B	7500	6502	0.001	-29917.310655	-27.077956	0.0009	-27.078	-27.078	0.83277	0.14128	0.1808
run_hybrid_q_sB_d7500	hybrid_q	B	7500	6600	0.001	-29906.487817	-28.898043	0.001	-28.898	-28.898	0.74938	0.15306	0.218
run_hybrid_q_sB_d7500	hybrid_q	B	7500	6699	0.001	-29918.500694	-29.088104	0.001	-29.088	-29.088	0.8103	0.14662	0.1923
run_hybrid_q_sB_d7500	hybrid_q	B	7500	6796	0.001	-29899.945761	-29.67246	0.001	-29.672	-29.672	0.7216	0.14487	0.2262
run_hybrid_q_sB_d7500	hybrid_q	B	7500	6893	0.001	-29915.12533	-27.762927	0.0009	-27.763	-27.763	0.8117	0.13819	0.189
run_hybrid_q_sB_d7500	hybrid_q	B	7500	6990	0.001	-29923.061779	-28.878753	0.001	-28.879	-28.879	0.7951	0.14453	0.1931
run_hybrid_q_sB_d7500	hybrid_q	B	7500	7087	0.001	-29906.675269	-29.631363	0.001	-29.631	-29.631	0.74899	0.14111	0.2015
run_hybrid_q_sB_d7500	hybrid_q	B	7500	7184	0.001	-29906.708726	-29.123762	0.001	-29.124	-29.124	0.8163	0.14171	0.1894
run_hybrid_q_sB_d7500	hybrid_q	B	7500	7281	0.001	-29915.158774	-29.397984	0.001	-29.398	-29.398	0.76098	0.14113	0.2028
run_hybrid_q_sB_d7500	hybrid_q	B	7500	7378	0.001	-29916.361014	-29.81643	0.001	-29.816	-29.816	0.7686	0.14273	0.1988
run_hybrid_q_sB_d7500	hybrid_q	B	7500	7475	0.001	-29921.292715	-28.44041	0.001	-28.44	-28.44	0.76805	0.13792	0.1901
run_hybrid_q_sB_d7500	hybrid_q	B	7500	7572	4.5601626938095613e-07	-29916.290432	-28.197759	0.0009	-28.198	-28.198	0.7704	0.13261	0.1817
run_hybrid_q_sB_d7500	hybrid_q	B	7500	7669	4.5601626938095613e-07	-29914.681334	-29.027881	0.001	-29.028	-29.028	0.82309	0.13644	0.1833
run_hybrid_q_sB_d7500	hybrid_q	B	7500	7766	4.5601626938095613e-07	-29915.236022	-29.028222	0.001	-29.028	-29.028	0.74291	0.13606	0.2004
run_hybrid_q_sB_d7500	hybrid_q	B	7500	7863	4.5601626938095613e-07	-29913.354115	-29.318811	0.001	-29.319	-29.319	0.96974	0.13965	0.1562
run_hybrid_q_sB_d7500	hybrid_q	B	7500	7960	4.5601626938095613e-07	-29914.391738	-29.3159	0.001	-29.316	-29.316	0.76399	0.1325	0.1868
run_hybrid_q_sB_d7500	hybrid_q	B	7500	8057	4.5601626938095613e-07	-29915.341414	-28.68759	0.001	-28.688	-28.688	0.79864	0.13562	0.1792
run_hybrid_q_sB_d7500	hybrid_q	B	7500	8154	4.5601626938095613e-07	-29916.941608	-27.627712	0.0009	-27.628	-27.628	0.72428	0.12636	0.1876
run_hybrid_q_sB_d7500	hybrid_q	B	7500	8251	4.5601626938095613e-07	-29913.709889	-29.661445	0.001	-29.661	-29.661	0.89061	0.13589	0.1664
run_hybrid_q_sB_d7500	hybrid_q	B	7500	8348	4.5601626938095613e-07	-29915.846421	-28.415392	0.0009	-28.415	-28.415	0.72811	0.13267	0.1929
run_hybrid_q_sB_d7500	hybrid_q	B	7500	8445	4.5601626938095613e-07	-29915.806528	-28.650961	0.001	-28.651	-28.651	0.78528	0.1315	0.1817
run_hybrid_q_sB_d7500	hybrid_q	B	7500	8542	4.5601626938095613e-07	-29915.112854	-28.780299	0.001	-28.78	-28.78	0.79972	0.13242	0.1754
run_hybrid_q_sB_d7500	hybrid_q	B	7500	8639	4.5601626938095613e-07	-29915.668909	-28.2646	0.0009	-28.265	-28.265	0.77762	0.12905	0.1815
run_hybrid_q_sB_d7500	hybrid_q	B	7500	8736	4.5601626938095613e-07	-29914.349965	-28.824867	0.001	-28.825	-28.825	0.80661	0.1329	0.179
run_hybrid_q_sB_d7500	hybrid_q	B	7500	8833	4.5601626938095613e-07	-29915.083626	-27.840244	0.0009	-27.84	-27.84	0.81999	0.1365	0.1834
run_hybrid_q_sB_d7500	hybrid_q	B	7500	8930	4.5601626938095613e-07	-29914.389273	-29.254059	0.001	-29.254	-29.254	0.80608	0.14111	0.1848
run_hybrid_q_sB_d7500	hybrid_q	B	7500	9027	4.5601626938095613e-07	-29914.712994	-29.071598	0.001	-29.072	-29.072	0.83817	0.13676	0.1792
run_hybrid_q_sB_d7500	hybrid_q	B	7500	9124	4.5601626938095613e-07	-29915.598695	-28.258598	0.0009	-28.259	-28.259	0.83421	0.13014	0.1677
run_hybrid_q_sB_d7500	hybrid_q	B	7500	9221	4.5601626938095613e-07	-29915.215206	-28.291661	0.0009	-28.292	-28.292	0.81544	0.13712	0.1827
run_hybrid_q_sB_d7500	hybrid_q	B	7500	9318	4.5601626938095613e-07	-29915.177479	-28.975709	0.001	-28.976	-28.976	0.75947	0.13982	0.1898
run_hybrid_q_sB_d7500	hybrid_q	B	7500	9415	4.5601626938095613e-07	-29914.626891	-28.829324	0.001	-28.829	-28.829	0.78867	0.13143	0.1782
run_hybrid_q_sB_d7500	hybrid_q	B	7500	9512	4.5601626938095613e-07	-29915.144137	-28.884606	0.001	-28.885	-28.885	0.8279	0.13039	0.1685
run_hybrid_q_sB_d7500	hybrid_q	B	7500	9609	4.5601626938095613e-07	-29914.786925	-29.03115	0.001	-29.031	-29.031	0.78483	0.13674	0.181
run_hybrid_q_sB_d7500	hybrid_q	B	7500	9706	4.5601626938095613e-07	-29913.91506	-29.074623	0.001	-29.075	-29.075	0.80516	0.14329	0.1879
run_hybrid_q_sB_d7500	hybrid_q	B	7500	9803	4.5601626938095613e-07	-29913.504012	-29.019951	0.001	-29.02	-29.02	0.85528	0.136	0.1767
run_hybrid_q_sB_d7500	hybrid_q	B	7500	9900	4.5601626938095613e-07	-29915.140874	-28.531034	0.001	-28.531	-28.531	0.74309	0.13496	0.1892
run_hybrid_q_sB_d7500	hybrid_q	B	7500	10000	4.5601626938095613e-07	-29915.015839	-28.361434	0.0009	-28.361	-28.361	0.88146	0.12879	0.1604
