step	param	grad	run	model	rep	decay	lr
1	atomwise.linear_nn.linear.bias	0.7506	run_hybrid_fixed_sA	hybrid_fixed	A	5000	0.001
1	atomwise.linear_nn.linear.weight	424.7	run_hybrid_fixed_sA	hybrid_fixed	A	5000	0.001
1	atomwise.outnet.0.linear.bias	0.38564	run_hybrid_fixed_sA	hybrid_fixed	A	5000	0.001
1	atomwise.outnet.0.linear.weight	23.595	run_hybrid_fixed_sA	hybrid_fixed	A	5000	0.001
1	atomwise.outnet.1.linear.bias	0.29174	run_hybrid_fixed_sA	hybrid_fixed	A	5000	0.001
1	atomwise.outnet.1.linear.weight	3.9498	run_hybrid_fixed_sA	hybrid_fixed	A	5000	0.001
1	atomwise.outnet.2.linear.bias	0.7506	run_hybrid_fixed_sA	hybrid_fixed	A	5000	0.001
1	atomwise.outnet.2.linear.weight	2.5939	run_hybrid_fixed_sA	hybrid_fixed	A	5000	0.001
101	atomwise.linear_nn.linear.bias	25.225	run_hybrid_fixed_sA	hybrid_fixed	A	5000	0.001
101	atomwise.linear_nn.linear.weight	258.25	run_hybrid_fixed_sA	hybrid_fixed	A	5000	0.001
101	atomwise.outnet.0.linear.bias	2.791	run_hybrid_fixed_sA	hybrid_fixed	A	5000	0.001
101	atomwise.outnet.0.linear.weight	42.576	run_hybrid_fixed_sA	hybrid_fixed	A	5000	0.001
101	atomwise.outnet.1.linear.bias	6.7599	run_hybrid_fixed_sA	hybrid_fixed	A	5000	0.001
101	atomwise.outnet.1.linear.weight	6.8152	run_hybrid_fixed_sA	hybrid_fixed	A	5000	0.001
101	atomwise.outnet.2.linear.bias	25.225	run_hybrid_fixed_sA	hybrid_fixed	A	5000	0.001
101	atomwise.outnet.2.linear.weight	8.189	run_hybrid_fixed_sA	hybrid_fixed	A	5000	0.001
201	atomwise.linear_nn.linear.bias	7.9716	run_hybrid_fixed_sA	hybrid_fixed	A	5000	0.001
201	atomwise.linear_nn.linear.weight	78.903	run_hybrid_fixed_sA	hybrid_fixed	A	5000	0.001
201	atomwise.outnet.0.linear.bias	1.9849	run_hybrid_fixed_sA	hybrid_fixed	A	5000	0.001
201	atomwise.outnet.0.linear.weight	14.814	run_hybrid_fixed_sA	hybrid_fixed	A	5000	0.001
201	atomwise.outnet.1.linear.bias	2.5825	run_hybrid_fixed_sA	hybrid_fixed	A	5000	0.001
201	atomwise.outnet.1.linear.weight	2.8579	run_hybrid_fixed_sA	hybrid_fixed	A	5000	0.001
201	atomwise.outnet.2.linear.bias	7.9716	run_hybrid_fixed_sA	hybrid_fixed	A	5000	0.001
201	atomwise.outnet.2.linear.weight	5.246	run_hybrid_fixed_sA	hybrid_fixed	A	5000	0.001
301	atomwise.linear_nn.linear.bias	2.9774	run_hybrid_fixed_sA	hybrid_fixed	A	5000	0.001
301	atomwise.linear_nn.linear.weight	17.523	run_hybrid_fixed_sA	hybrid_fixed	A	5000	0.001
301	atomwise.outnet.0.linear.bias	0.55863	run_hybrid_fixed_sA	hybrid_fixed	A	5000	0.001
301	atomwise.outnet.0.linear.weight	3.4648	run_hybrid_fixed_sA	hybrid_fixed	A	5000	0.001
301	atomwise.outnet.1.linear.bias	1.1019	run_hybrid_fixed_sA	hybrid_fixed	A	5000	0.001
301	atomwise.outnet.1.linear.weight	1.7641	run_hybrid_fixed_sA	hybrid_fixed	A	5000	0.001
301	atomwise.outnet.2.linear.bias	2.9774	run_hybrid_fixed_sA	hybrid_fixed	A	5000	0.001
301	atomwise.outnet.2.linear.weight	3.5359	run_hybrid_fixed_sA	hybrid_fixed	A	5000	0.001
401	atomwise.linear_nn.linear.bias	2.0207	run_hybrid_fixed_sA	hybrid_fixed	A	5000	0.001
401	atomwise.linear_nn.linear.weight	165.49	run_hybrid_fixed_sA	hybrid_fixed	A	5000	0.001
401	atomwise.outnet.0.linear.bias	0.51722	run_hybrid_fixed_sA	hybrid_fixed	A	5000	0.001
401	atomwise.outnet.0.linear.weight	31.597	run_hybrid_fixed_sA	hybrid_fixed	A	5000	0.001
401	atomwise.outnet.1.linear.bias	0.50717	run_hybrid_fixed_sA	hybrid_fixed	A	5000	0.001
401	atomwise.outnet.1.linear.weight	3.548	run_hybrid_fixed_sA	hybrid_fixed	A	5000	0.001
401	atomwise.outnet.2.linear.bias	2.0207	run_hybrid_fixed_sA	hybrid_fixed	A	5000	0.001
401	atomwise.outnet.2.linear.weight	3.0358	run_hybrid_fixed_sA	hybrid_fixed	A	5000	0.001
501	atomwise.linear_nn.linear.bias	0.94393	run_hybrid_fixed_sA	hybrid_fixed	A	5000	0.001
501	atomwise.linear_nn.linear.weight	9.9737	run_hybrid_fixed_sA	hybrid_fixed	A	5000	0.001
501	atomwise.outnet.0.linear.bias	0.33545	run_hybrid_fixed_sA	hybrid_fixed	A	5000	0.001
501	atomwise.outnet.0.linear.weight	1.8877	run_hybrid_fixed_sA	hybrid_fixed	A	5000	0.001
501	atomwise.outnet.1.linear.bias	0.54985	run_hybrid_fixed_sA	hybrid_fixed	A	5000	0.001
501	atomwise.outnet.1.linear.weight	1.296	run_hybrid_fixed_sA	hybrid_fixed	A	5000	0.001
501	atomwise.outnet.2.linear.bias	0.94393	run_hybrid_fixed_sA	hybrid_fixed	A	5000	0.001
501	atomwise.outnet.2.linear.weight	2.6149	run_hybrid_fixed_sA	hybrid_fixed	A	5000	0.001
601	atomwise.linear_nn.linear.bias	0.19967	run_hybrid_fixed_sA	hybrid_fixed	A	5000	0.001
601	atomwise.linear_nn.linear.weight	23.869	run_hybrid_fixed_sA	hybrid_fixed	A	5000	0.001
601	atomwise.outnet.0.linear.bias	0.34052	run_hybrid_fixed_sA	hybrid_fixed	A	5000	0.001
601	atomwise.outnet.0.linear.weight	4.7549	run_hybrid_fixed_sA	hybrid_fixed	A	5000	0.001
601	atomwise.outnet.1.linear.bias	0.39257	run_hybrid_fixed_sA	hybrid_fixed	A	5000	0.001
601	atomwise.outnet.1.linear.weight	1.1444	run_hybrid_fixed_sA	hybrid_fixed	A	5000	0.001
601	atomwise.outnet.2.linear.bias	0.19967	run_hybrid_fixed_sA	hybrid_fixed	A	5000	0.001
601	atomwise.outnet.2.linear.weight	2.274	run_hybrid_fixed_sA	hybrid_fixed	A	5000	0.001
701	atomwise.linear_nn.linear.bias	4.2437	run_hybrid_fixed_sA	hybrid_fixed	A	5000	0.001
701	atomwise.linear_nn.linear.weight	26.114	run_hybrid_fixed_sA	hybrid_fixed	A	5000	0.001
701	atomwise.outnet.0.linear.bias	1.0706	run_hybrid_fixed_sA	hybrid_fixed	A	5000	0.001
701	atomwise.outnet.0.linear.weight	5.6303	run_hybrid_fixed_sA	hybrid_fixed	A	5000	0.001
701	atomwise.outnet.1.linear.bias	1.5617	run_hybrid_fixed_sA	hybrid_fixed	A	5000	0.001
701	atomwise.outnet.1.linear.weight	1.7196	run_hybrid_fixed_sA	hybrid_fixed	A	5000	0.001
701	atomwise.outnet.2.linear.bias	4.2437	run_hybrid_fixed_sA	hybrid_fixed	A	5000	0.001
701	atomwise.outnet.2.linear.weight	2.7448	run_hybrid_fixed_sA	hybrid_fixed	A	5000	0.001
801	atomwise.linear_nn.linear.bias	8.0141	run_hybrid_fixed_sA	hybrid_fixed	A	5000	0.001
801	atomwise.linear_nn.linear.weight	80.658	run_hybrid_fixed_sA	hybrid_fixed	A	5000	0.001
801	atomwise.outnet.0.linear.bias	1.5053	run_hybrid_fixed_sA	hybrid_fixed	A	5000	0.001
801	atomwise.outnet.0.linear.weight	18.487	run_hybrid_fixed_sA	hybrid_fixed	A	5000	0.001
801	atomwise.outnet.1.linear.bias	2.5974	run_hybrid_fixed_sA	hybrid_fixed	A	5000	0.001
801	atomwise.outnet.1.linear.weight	1.4622	run_hybrid_fixed_sA	hybrid_fixed	A	5000	0.001
801	atomwise.outnet.2.linear.bias	8.0141	run_hybrid_fixed_sA	hybrid_fixed	A	5000	0.001
801	atomwise.outnet.2.linear.weight	1.9362	run_hybrid_fixed_sA	hybrid_fixed	A	5000	0.001
901	atomwise.linear_nn.linear.bias	7.2656	run_hybrid_fixed_sA	hybrid_fixed	A	5000	0.001
901	atomwise.linear_nn.linear.weight	40.117	run_hybrid_fixed_sA	hybrid_fixed	A	5000	0.001
901	atomwise.outnet.0.linear.bias	2.0551	run_hybrid_fixed_sA	hybrid_fixed	A	5000	0.001
901	atomwise.outnet.0.linear.weight	10.556	run_hybrid_fixed_sA	hybrid_fixed	A	5000	0.001
901	atomwise.outnet.1.linear.bias	2.9893	run_hybrid_fixed_sA	hybrid_fixed	A	5000	0.001
901	atomwise.outnet.1.linear.weight	4.3534	run_hybrid_fixed_sA	hybrid_fixed	A	5000	0.001
901	atomwise.outnet.2.linear.bias	7.2656	run_hybrid_fixed_sA	hybrid_fixed	A	5000	0.001
901	atomwise.outnet.2.linear.weight	8.1161	run_hybrid_fixed_sA	hybrid_fixed	A	5000	0.001
1001	atomwise.linear_nn.linear.bias	4.8335	run_hybrid_fixed_sA	hybrid_fixed	A	5000	0.001
1001	atomwise.linear_nn.linear.weight	44.905	run_hybrid_fixed_sA	hybrid_fixed	A	5000	0.001
1001	atomwise.outnet.0.linear.bias	1.2361	run_hybrid_fixed_sA	hybrid_fixed	A	5000	0.001
1001	atomwise.outnet.0.linear.weight	12.204	run_hybrid_fixed_sA	hybrid_fixed	A	5000	0.001
1001	atomwise.outnet.1.linear.bias	2.0656	run_hybrid_fixed_sA	hybrid_fixed	A	5000	0.001
1001	atomwise.outnet.1.linear.weight	3.3093	run_hybrid_fixed_sA	hybrid_fixed	A	5000	0.001
1001	atomwise.outnet.2.linear.bias	4.8335	run_hybrid_fixed_sA	hybrid_fixed	A	5000	0.001
1001	atomwise.outnet.2.linear.weight	6.5984	run_hybrid_fixed_sA	hybrid_fixed	A	5000	0.001
1101	atomwise.linear_nn.linear.bias	3.0125	run_hybrid_fixed_sA	hybrid_fixed	A	5000	0.001
1101	atomwise.linear_nn.linear.weight	81.821	run_hybrid_fixed_sA	hybrid_fixed	A	5000	0.001
1101	atomwise.outnet.0.linear.bias	0.93896	run_hybrid_fixed_sA	hybrid_fixed	A	5000	0.001
1101	atomwise.outnet.0.linear.weight	23.639	run_hybrid_fixed_sA	hybrid_fixed	A	5000	0.001
1101	atomwise.outnet.1.linear.bias	1.5024	run_hybrid_fixed_sA	hybrid_fixed	A	5000	0.001
1101	atomwise.outnet.1.linear.weight	3.7816	run_hybrid_fixed_sA	hybrid_fixed	A	5000	0.001
1101	atomwise.outnet.2.linear.bias	3.0125	run_hybrid_fixed_sA	hybrid_fixed	A	5000	0.001
1101	atomwise.outnet.2.linear.weight	7.0803	run_hybrid_fixed_sA	hybrid_fixed	A	5000	0.001
1201	atomwise.linear_nn.linear.bias	6.5505	run_hybrid_fixed_sA	hybrid_fixed	A	5000	0.001
1201	atomwise.linear_nn.linear.weight	137.82	run_hybrid_fixed_sA	hybrid_fixed	A	5000	0.001
1201	atomwise.outnet.0.linear.bias	2.6904	run_hybrid_fixed_sA	hybrid_fixed	A	5000	0.001
1201	atomwise.outnet.0.linear.weight	42.317	run_hybrid_fixed_sA	hybrid_fixed	A	5000	0.001
1201	atomwise.outnet.1.linear.bias	3.5155	run_hybrid_fixed_sA	hybrid_fixed	A	5000	0.001
1201	atomwise.outnet.1.linear.weight	8.1224	run_hybrid_fixed_sA	hybrid_fixed	A	5000	0.001
1201	atomwise.outnet.2.linear.bias	6.5505	run_hybrid_fixed_sA	hybrid_fixed	A	5000	0.001
1201	atomwise.outnet.2.linear.weight	16.214	run_hybrid_fixed_sA	hybrid_fixed	A	5000	0.001
1301	atomwise.linear_nn.linear.bias	5.6063	run_hybrid_fixed_sA	hybrid_fixed	A	5000	0.001
1301	atomwise.linear_nn.linear.weight	172.01	run_hybrid_fixed_sA	hybrid_fixed	A	5000	0.001
1301	atomwise.outnet.0.linear.bias	0.60608	run_hybrid_fixed_sA	hybrid_fixed	A	5000	0.001
1301	atomwise.outnet.0.linear.weight	53.435	run_hybrid_fixed_sA	hybrid_fixed	A	5000	0.001
1301	atomwise.outnet.1.linear.bias	1.7467	run_hybrid_fixed_sA	hybrid_fixed	A	5000	0.001
1301	atomwise.outnet.1.linear.weight	5.5173	run_hybrid_fixed_sA	hybrid_fixed	A	5000	0.001
1301	atomwise.outnet.2.linear.bias	5.6063	run_hybrid_fixed_sA	hybrid_fixed	A	5000	0.001
1301	atomwise.outnet.2.linear.weight	3.3379	run_hybrid_fixed_sA	hybrid_fixed	A	5000	0.001
1401	atomwise.linear_nn.linear.bias	6.8228	run_hybrid_fixed_sA	hybrid_fixed	A	5000	0.001
1401	atomwise.linear_nn.linear.weight	68.557	run_hybrid_fixed_sA	hybrid_fixed	A	5000	0.001
1401	atomwise.outnet.0.linear.bias	2.0696	run_hybrid_fixed_sA	hybrid_fixed	A	5000	0.001
1401	atomwise.outnet.0.linear.weight	21.365	run_hybrid_fixed_sA	hybrid_fixed	A	5000	0.001
1401	atomwise.outnet.1.linear.bias	3.3777	run_hybrid_fixed_sA	hybrid_fixed	A	5000	0.001
1401	atomwise.outnet.1.linear.weight	6.5236	run_hybrid_fixed_sA	hybrid_fixed	A	5000	0.001
1401	atomwise.outnet.2.linear.bias	6.8228	run_hybrid_fixed_sA	hybrid_fixed	A	5000	0.001
1401	atomwise.outnet.2.linear.weight	14.077	run_hybrid_fixed_sA	hybrid_fixed	A	5000	0.001
1501	atomwise.linear_nn.linear.bias	7.7962	run_hybrid_fixed_sA	hybrid_fixed	A	5000	0.001
1501	atomwise.linear_nn.linear.weight	86.545	run_hybrid_fixed_sA	hybrid_fixed	A	5000	0.001
1501	atomwise.outnet.0.linear.bias	1.6967	run_hybrid_fixed_sA	hybrid_fixed	A	5000	0.001
1501	atomwise.outnet.0.linear.weight	28.013	run_hybrid_fixed_sA	hybrid_fixed	A	5000	0.001
1501	atomwise.outnet.1.linear.bias	2.7471	run_hybrid_fixed_sA	hybrid_fixed	A	5000	0.001
1501	atomwise.outnet.1.linear.weight	2.8683	run_hybrid_fixed_sA	hybrid_fixed	A	5000	0.001
1501	atomwise.outnet.2.linear.bias	7.7962	run_hybrid_fixed_sA	hybrid_fixed	A	5000	0.001
1501	atomwise.outnet.2.linear.weight	2.6025	run_hybrid_fixed_sA	hybrid_fixed	A	5000	0.001
1601	atomwise.linear_nn.linear.bias	3.4609	run_hybrid_fixed_sA	hybrid_fixed	A	5000	0.001
1601	atomwise.linear_nn.linear.weight	73.151	run_hybrid_fixed_sA	hybrid_fixed	A	5000	0.001
1601	atomwise.outnet.0.linear.bias	0.35873	run_hybrid_fixed_sA	hybrid_fixed	A	5000	0.001
1601	atomwise.outnet.0.linear.weight	24.379	run_hybrid_fixed_sA	hybrid_fixed	A	5000	0.001
1601	atomwise.outnet.1.linear.bias	1.1304	run_hybrid_fixed_sA	hybrid_fixed	A	5000	0.001
1601	atomwise.outnet.1.linear.weight	2.6388	run_hybrid_fixed_sA	hybrid_fixed	A	5000	0.001
1601	atomwise.outnet.2.linear.bias	3.4609	run_hybrid_fixed_sA	hybrid_fixed	A	5000	0.001
1601	atomwise.outnet.2.linear.weight	1.6272	run_hybrid_fixed_sA	hybrid_fixed	A	5000	0.001
1701	atomwise.linear_nn.linear.bias	6.6031	run_hybrid_fixed_sA	hybrid_fixed	A	5000	0.001
1701	atomwise.linear_nn.linear.weight	90.793	run_hybrid_fixed_sA	hybrid_fixed	A	5000	0.001
1701	atomwise.outnet.0.linear.bias	2.4997	run_hybrid_fixed_sA	hybrid_fixed	A	5000	0.001
1701	atomwise.outnet.0.linear.weight	31.369	run_hybrid_fixed_sA	hybrid_fixed	A	5000	0.001
1701	atomwise.outnet.1.linear.bias	3.1813	run_hybrid_fixed_sA	hybrid_fixed	A	5000	0.001
1701	atomwise.outnet.1.linear.weight	6.9872	run_hybrid_fixed_sA	hybrid_fixed	A	5000	0.001
1701	atomwise.outnet.2.linear.bias	6.6031	run_hybrid_fixed_sA	hybrid_fixed	A	5000	0.001
1701	atomwise.outnet.2.linear.weight	13.343	run_hybrid_fixed_sA	hybrid_fixed	A	5000	0.001
1801	atomwise.linear_nn.linear.bias	0.63359	run_hybrid_fixed_sA	hybrid_fixed	A	5000	0.001
1801	atomwise.linear_nn.linear.weight	82.101	run_hybrid_fixed_sA	hybrid_fixed	A	5000	0.001
1801	atomwise.outnet.0.linear.bias	1.542	run_hybrid_fixed_sA	hybrid_fixed	A	5000	0.001
1801	atomwise.outnet.0.linear.weight	29.269	run_hybrid_fixed_sA	hybrid_fixed	A	5000	0.001
1801	atomwise.outnet.1.linear.bias	1.0085	run_hybrid_fixed_sA	hybrid_fixed	A	5000	0.001
1801	atomwise.outnet.1.linear.weight	4.7387	run_hybrid_fixed_sA	hybrid_fixed	A	5000	0.001
1801	atomwise.outnet.2.linear.bias	0.63359	run_hybrid_fixed_sA	hybrid_fixed	A	5000	0.001
1801	atomwise.outnet.2.linear.weight	4.3796	run_hybrid_fixed_sA	hybrid_fixed	A	5000	0.001
1901	atomwise.linear_nn.linear.bias	0.15062	run_hybrid_fixed_sA	hybrid_fixed	A	5000	0.001
1901	atomwise.linear_nn.linear.weight	44.689	run_hybrid_fixed_sA	hybrid_fixed	A	5000	0.001
1901	atomwise.outnet.0.linear.bias	1.0413	run_hybrid_fixed_sA	hybrid_fixed	A	5000	0.001
1901	atomwise.outnet.0.linear.weight	16.14	run_hybrid_fixed_sA	hybrid_fixed	A	5000	0.001
1901	atomwise.outnet.1.linear.bias	1.0786	run_hybrid_fixed_sA	hybrid_fixed	A	5000	0.001
1901	atomwise.outnet.1.linear.weight	3.8111	run_hybrid_fixed_sA	hybrid_fixed	A	5000	0.001
1901	atomwise.outnet.2.linear.bias	0.15062	run_hybrid_fixed_sA	hybrid_fixed	A	5000	0.001
1901	atomwise.outnet.2.linear.weight	5.9796	run_hybrid_fixed_sA	hybrid_fixed	A	5000	0.001
2001	atomwise.linear_nn.linear.bias	8.3188	run_hybrid_fixed_sA	hybrid_fixed	A	5000	0.001
2001	atomwise.linear_nn.linear.weight	74.969	run_hybrid_fixed_sA	hybrid_fixed	A	5000	0.001
2001	atomwise.outnet.0.linear.bias	4.8685	run_hybrid_fixed_sA	hybrid_fixed	A	5000	0.001
2001	atomwise.outnet.0.linear.weight	28.133	run_hybrid_fixed_sA	hybrid_fixed	A	5000	0.001
2001	atomwise.outnet.1.linear.bias	3.8808	run_hybrid_fixed_sA	hybrid_fixed	A	5000	0.001
2001	atomwise.outnet.1.linear.weight	4.5886	run_hybrid_fixed_sA	hybrid_fixed	A	5000	0.001
2001	atomwise.outnet.2.linear.bias	8.3188	run_hybrid_fixed_sA	hybrid_fixed	A	5000	0.001
2001	atomwise.outnet.2.linear.weight	4.1115	run_hybrid_fixed_sA	hybrid_fixed	A	5000	0.001
2101	atomwise.linear_nn.linear.bias	2.3217	run_hybrid_fixed_sA	hybrid_fixed	A	5000	0.001
2101	atomwise.linear_nn.linear.weight	169.31	run_hybrid_fixed_sA	hybrid_fixed	A	5000	0.001
2101	atomwise.outnet.0.linear.bias	2.5024	run_hybrid_fixed_sA	hybrid_fixed	A	5000	0.001
2101	atomwise.outnet.0.linear.weight	62.314	run_hybrid_fixed_sA	hybrid_fixed	A	5000	0.001
2101	atomwise.outnet.1.linear.bias	0.92067	run_hybrid_fixed_sA	hybrid_fixed	A	5000	0.001
2101	atomwise.outnet.1.linear.weight	9.0998	run_hybrid_fixed_sA	hybrid_fixed	A	5000	0.001
2101	atomwise.outnet.2.linear.bias	2.3217	run_hybrid_fixed_sA	hybrid_fixed	A	5000	0.001
2101	atomwise.outnet.2.linear.weight	4.3979	run_hybrid_fixed_sA	hybrid_fixed	A	5000	0.001
2201	atomwise.linear_nn.linear.bias	0.34829	run_hybrid_fixed_sA	hybrid_fixed	A	5000	0.001
2201	atomwise.linear_nn.linear.weight	64.576	run_hybrid_fixed_sA	hybrid_fixed	A	5000	0.001
2201	atomwise.outnet.0.linear.bias	2.1167	run_hybrid_fixed_sA	hybrid_fixed	A	5000	0.001
2201	atomwise.outnet.0.linear.weight	24.976	run_hybrid_fixed_sA	hybrid_fixed	A	5000	0.001
2201	atomwise.outnet.1.linear.bias	2.4249	run_hybrid_fixed_sA	hybrid_fixed	A	5000	0.001
2201	atomwise.outnet.1.linear.weight	7.2683	run_hybrid_fixed_sA	hybrid_fixed	A	5000	0.001
2201	atomwise.outnet.2.linear.bias	0.34829	run_hybrid_fixed_sA	hybrid_fixed	A	5000	0.001
2201	atomwise.outnet.2.linear.weight	14.085	run_hybrid_fixed_sA	hybrid_fixed	A	5000	0.001
2301	atomwise.linear_nn.linear.bias	4.7047	run_hybrid_fixed_sA	hybrid_fixed	A	5000	0.001
2301	atomwise.linear_nn.linear.weight	47.992	run_hybrid_fixed_sA	hybrid_fixed	A	5000	0.001
2301	atomwise.outnet.0.linear.bias	0.9114	run_hybrid_fixed_sA	hybrid_fixed	A	5000	0.001
2301	atomwise.outnet.0.linear.weight	18.441	run_hybrid_fixed_sA	hybrid_fixed	A	5000	0.001
2301	atomwise.outnet.1.linear.bias	1.8334	run_hybrid_fixed_sA	hybrid_fixed	A	5000	0.001
2301	atomwise.outnet.1.linear.weight	2.5641	run_hybrid_fixed_sA	hybrid_fixed	A	5000	0.001
2301	atomwise.outnet.2.linear.bias	4.7047	run_hybrid_fixed_sA	hybrid_fixed	A	5000	0.001
2301	atomwise.outnet.2.linear.weight	3.6818	run_hybrid_fixed_sA	hybrid_fixed	A	5000	0.001
2401	atomwise.linear_nn.linear.bias	3.3965	run_hybrid_fixed_sA	hybrid_fixed	A	5000	0.001
2401	atomwise.linear_nn.linear.weight	112.17	run_hybrid_fixed_sA	hybrid_fixed	A	5000	0.001
2401	atomwise.outnet.0.linear.bias	4.3051	run_hybrid_fixed_sA	hybrid_fixed	A	5000	0.001
2401	atomwise.outnet.0.linear.weight	45.318	run_hybrid_fixed_sA	hybrid_fixed	A	5000	0.001
2401	atomwise.outnet.1.linear.bias	2.3431	run_hybrid_fixed_sA	hybrid_fixed	A	5000	0.001
2401	atomwise.outnet.1.linear.weight	8.0698	run_hybrid_fixed_sA	hybrid_fixed	A	5000	0.001
2401	atomwise.outnet.2.linear.bias	3.3965	run_hybrid_fixed_sA	hybrid_fixed	A	5000	0.001
2401	atomwise.outnet.2.linear.weight	3.9944	run_hybrid_fixed_sA	hybrid_fixed	A	5000	0.001
2501	atomwise.linear_nn.linear.bias	0.54924	run_hybrid_fixed_sA	hybrid_fixed	A	5000	0.001
2501	atomwise.linear_nn.linear.weight	100.4	run_hybrid_fixed_sA	hybrid_fixed	A	5000	0.001
2501	atomwise.outnet.0.linear.bias	2.3373	run_hybrid_fixed_sA	hybrid_fixed	A	5000	0.001
2501	atomwise.outnet.0.linear.weight	41.21	run_hybrid_fixed_sA	hybrid_fixed	A	5000	0.001
2501	atomwise.outnet.1.linear.bias	0.80988	run_hybrid_fixed_sA	hybrid_fixed	A	5000	0.001
2501	atomwise.outnet.1.linear.weight	6.1657	run_hybrid_fixed_sA	hybrid_fixed	A	5000	0.001
2501	atomwise.outnet.2.linear.bias	0.54924	run_hybrid_fixed_sA	hybrid_fixed	A	5000	0.001
2501	atomwise.outnet.2.linear.weight	2.9083	run_hybrid_fixed_sA	hybrid_fixed	A	5000	0.001
2601	atomwise.linear_nn.linear.bias	4.912	run_hybrid_fixed_sA	hybrid_fixed	A	5000	0.001
2601	atomwise.linear_nn.linear.weight	105.85	run_hybrid_fixed_sA	hybrid_fixed	A	5000	0.001
2601	atomwise.outnet.0.linear.bias	1.9228	run_hybrid_fixed_sA	hybrid_fixed	A	5000	0.001
2601	atomwise.outnet.0.linear.weight	44.706	run_hybrid_fixed_sA	hybrid_fixed	A	5000	0.001
2601	atomwise.outnet.1.linear.bias	2.4503	run_hybrid_fixed_sA	hybrid_fixed	A	5000	0.001
2601	atomwise.outnet.1.linear.weight	7.9736	run_hybrid_fixed_sA	hybrid_fixed	A	5000	0.001
2601	atomwise.outnet.2.linear.bias	4.912	run_hybrid_fixed_sA	hybrid_fixed	A	5000	0.001
2601	atomwise.outnet.2.linear.weight	10.337	run_hybrid_fixed_sA	hybrid_fixed	A	5000	0.001
2701	atomwise.linear_nn.linear.bias	5.4941	run_hybrid_fixed_sA	hybrid_fixed	A	5000	0.001
2701	atomwise.linear_nn.linear.weight	24.566	run_hybrid_fixed_sA	hybrid_fixed	A	5000	0.001
2701	atomwise.outnet.0.linear.bias	4.1517	run_hybrid_fixed_sA	hybrid_fixed	A	5000	0.001
2701	atomwise.outnet.0.linear.weight	10.995	run_hybrid_fixed_sA	hybrid_fixed	A	5000	0.001
2701	atomwise.outnet.1.linear.bias	3.1048	run_hybrid_fixed_sA	hybrid_fixed	A	5000	0.001
2701	atomwise.outnet.1.linear.weight	2.6407	run_hybrid_fixed_sA	hybrid_fixed	A	5000	0.001
2701	atomwise.outnet.2.linear.bias	5.4941	run_hybrid_fixed_sA	hybrid_fixed	A	5000	0.001
2701	atomwise.outnet.2.linear.weight	7.5854	run_hybrid_fixed_sA	hybrid_fixed	A	5000	0.001
2801	atomwise.linear_nn.linear.bias	2.0165	run_hybrid_fixed_sA	hybrid_fixed	A	5000	0.001
2801	atomwise.linear_nn.linear.weight	54.696	run_hybrid_fixed_sA	hybrid_fixed	A	5000	0.001
2801	atomwise.outnet.0.linear.bias	2.7175	run_hybrid_fixed_sA	hybrid_fixed	A	5000	0.001
2801	atomwise.outnet.0.linear.weight	25.148	run_hybrid_fixed_sA	hybrid_fixed	A	5000	0.001
2801	atomwise.outnet.1.linear.bias	1.5195	run_hybrid_fixed_sA	hybrid_fixed	A	5000	0.001
2801	atomwise.outnet.1.linear.weight	5.3431	run_hybrid_fixed_sA	hybrid_fixed	A	5000	0.001
2801	atomwise.outnet.2.linear.bias	2.0165	run_hybrid_fixed_sA	hybrid_fixed	A	5000	0.001
2801	atomwise.outnet.2.linear.weight	3.9419	run_hybrid_fixed_sA	hybrid_fixed	A	5000	0.001
2901	atomwise.linear_nn.linear.bias	1.0634	run_hybrid_fixed_sA	hybrid_fixed	A	5000	0.001
2901	atomwise.linear_nn.linear.weight	115.13	run_hybrid_fixed_sA	hybrid_fixed	A	5000	0.001
2901	atomwise.outnet.0.linear.bias	3.8773	run_hybrid_fixed_sA	hybrid_fixed	A	5000	0.001
2901	atomwise.outnet.0.linear.weight	51.562	run_hybrid_fixed_sA	hybrid_fixed	A	5000	0.001
2901	atomwise.outnet.1.linear.bias	2.5626	run_hybrid_fixed_sA	hybrid_fixed	A	5000	0.001
2901	atomwise.outnet.1.linear.weight	11.337	run_hybrid_fixed_sA	hybrid_fixed	A	5000	0.001
2901	atomwise.outnet.2.linear.bias	1.0634	run_hybrid_fixed_sA	hybrid_fixed	A	5000	0.001
2901	atomwise.outnet.2.linear.weight	12.753	run_hybrid_fixed_sA	hybrid_fixed	A	5000	0.001
3001	atomwise.linear_nn.linear.bias	6.2444	run_hybrid_fixed_sA	hybrid_fixed	A	5000	0.001
3001	atomwise.linear_nn.linear.weight	78.078	run_hybrid_fixed_sA	hybrid_fixed	A	5000	0.001
3001	atomwise.outnet.0.linear.bias	1.1677	run_hybrid_fixed_sA	hybrid_fixed	A	5000	0.001
3001	atomwise.outnet.0.linear.weight	34.728	run_hybrid_fixed_sA	hybrid_fixed	A	5000	0.001
3001	atomwise.outnet.1.linear.bias	2.4827	run_hybrid_fixed_sA	hybrid_fixed	A	5000	0.001
3001	atomwise.outnet.1.linear.weight	4.1586	run_hybrid_fixed_sA	hybrid_fixed	A	5000	0.001
3001	atomwise.outnet.2.linear.bias	6.2444	run_hybrid_fixed_sA	hybrid_fixed	A	5000	0.001
3001	atomwise.outnet.2.linear.weight	4.1152	run_hybrid_fixed_sA	hybrid_fixed	A	5000	0.001
3101	atomwise.linear_nn.linear.bias	0.99621	run_hybrid_fixed_sA	hybrid_fixed	A	5000	0.001
3101	atomwise.linear_nn.linear.weight	85.31	run_hybrid_fixed_sA	hybrid_fixed	A	5000	0.001
3101	atomwise.outnet.0.linear.bias	3.4342	run_hybrid_fixed_sA	hybrid_fixed	A	5000	0.001
3101	atomwise.outnet.0.linear.weight	41.416	run_hybrid_fixed_sA	hybrid_fixed	A	5000	0.001
3101	atomwise.outnet.1.linear.bias	2.5715	run_hybrid_fixed_sA	hybrid_fixed	A	5000	0.001
3101	atomwise.outnet.1.linear.weight	10.112	run_hybrid_fixed_sA	hybrid_fixed	A	5000	0.001
3101	atomwise.outnet.2.linear.bias	0.99621	run_hybrid_fixed_sA	hybrid_fixed	A	5000	0.001
3101	atomwise.outnet.2.linear.weight	11.997	run_hybrid_fixed_sA	hybrid_fixed	A	5000	0.001
3201	atomwise.linear_nn.linear.bias	8.6387	run_hybrid_fixed_sA	hybrid_fixed	A	5000	0.001
3201	atomwise.linear_nn.linear.weight	79.034	run_hybrid_fixed_sA	hybrid_fixed	A	5000	0.001
3201	atomwise.outnet.0.linear.bias	4.1754	run_hybrid_fixed_sA	hybrid_fixed	A	5000	0.001
3201	atomwise.outnet.0.linear.weight	37.31	run_hybrid_fixed_sA	hybrid_fixed	A	5000	0.001
3201	atomwise.outnet.1.linear.bias	4.0286	run_hybrid_fixed_sA	hybrid_fixed	A	5000	0.001
3201	atomwise.outnet.1.linear.weight	5.9218	run_hybrid_fixed_sA	hybrid_fixed	A	5000	0.001
3201	atomwise.outnet.2.linear.bias	8.6387	run_hybrid_fixed_sA	hybrid_fixed	A	5000	0.001
3201	atomwise.outnet.2.linear.weight	10.637	run_hybrid_fixed_sA	hybrid_fixed	A	5000	0.001
3301	atomwise.linear_nn.linear.bias	2.5596	run_hybrid_fixed_sA	hybrid_fixed	A	5000	0.001
3301	atomwise.linear_nn.linear.weight	64.323	run_hybrid_fixed_sA	hybrid_fixed	A	5000	0.001
3301	atomwise.outnet.0.linear.bias	1.2467	run_hybrid_fixed_sA	hybrid_fixed	A	5000	0.001
3301	atomwise.outnet.0.linear.weight	30.204	run_hybrid_fixed_sA	hybrid_fixed	A	5000	0.001
3301	atomwise.outnet.1.linear.bias	0.79715	run_hybrid_fixed_sA	hybrid_fixed	A	5000	0.001
3301	atomwise.outnet.1.linear.weight	5.2389	run_hybrid_fixed_sA	hybrid_fixed	A	5000	0.001
3301	atomwise.outnet.2.linear.bias	2.5596	run_hybrid_fixed_sA	hybrid_fixed	A	5000	0.001
3301	atomwise.outnet.2.linear.weight	2.3001	run_hybrid_fixed_sA	hybrid_fixed	A	5000	0.001
3401	atomwise.linear_nn.linear.bias	4.3687	run_hybrid_fixed_sA	hybrid_fixed	A	5000	0.001
3401	atomwise.linear_nn.linear.weight	8.0585	run_hybrid_fixed_sA	hybrid_fixed	A	5000	0.001
3401	atomwise.outnet.0.linear.bias	3.7944	run_hybrid_fixed_sA	hybrid_fixed	A	5000	0.001
3401	atomwise.outnet.0.linear.weight	4.382	run_hybrid_fixed_sA	hybrid_fixed	A	5000	0.001
3401	atomwise.outnet.1.linear.bias	2.6224	run_hybrid_fixed_sA	hybrid_fixed	A	5000	0.001
3401	atomwise.outnet.1.linear.weight	1.9102	run_hybrid_fixed_sA	hybrid_fixed	A	5000	0.001
3401	atomwise.outnet.2.linear.bias	4.3687	run_hybrid_fixed_sA	hybrid_fixed	A	5000	0.001
3401	atomwise.outnet.2.linear.weight	5.9736	run_hybrid_fixed_sA	hybrid_fixed	A	5000	0.001
3501	atomwise.linear_nn.linear.bias	6.0245	run_hybrid_fixed_sA	hybrid_fixed	A	5000	0.001
3501	atomwise.linear_nn.linear.weight	56.02	run_hybrid_fixed_sA	hybrid_fixed	A	5000	0.001
3501	atomwise.outnet.0.linear.bias	7.9759	run_hybrid_fixed_sA	hybrid_fixed	A	5000	0.001
3501	atomwise.outnet.0.linear.weight	26.986	run_hybrid_fixed_sA	hybrid_fixed	A	5000	0.001
3501	atomwise.outnet.1.linear.bias	4.911	run_hybrid_fixed_sA	hybrid_fixed	A	5000	0.001
3501	atomwise.outnet.1.linear.weight	6.243	run_hybrid_fixed_sA	hybrid_fixed	A	5000	0.001
3501	atomwise.outnet.2.linear.bias	6.0245	run_hybrid_fixed_sA	hybrid_fixed	A	5000	0.001
3501	atomwise.outnet.2.linear.weight	13.369	run_hybrid_fixed_sA	hybrid_fixed	A	5000	0.001
3601	atomwise.linear_nn.linear.bias	0.36984	run_hybrid_fixed_sA	hybrid_fixed	A	5000	0.001
3601	atomwise.linear_nn.linear.weight	31.391	run_hybrid_fixed_sA	hybrid_fixed	A	5000	0.001
3601	atomwise.outnet.0.linear.bias	1.5258	run_hybrid_fixed_sA	hybrid_fixed	A	5000	0.001
3601	atomwise.outnet.0.linear.weight	15.892	run_hybrid_fixed_sA	hybrid_fixed	A	5000	0.001
3601	atomwise.outnet.1.linear.bias	0.5297	run_hybrid_fixed_sA	hybrid_fixed	A	5000	0.001
3601	atomwise.outnet.1.linear.weight	3.437	run_hybrid_fixed_sA	hybrid_fixed	A	5000	0.001
3601	atomwise.outnet.2.linear.bias	0.36984	run_hybrid_fixed_sA	hybrid_fixed	A	5000	0.001
3601	atomwise.outnet.2.linear.weight	1.8921	run_hybrid_fixed_sA	hybrid_fixed	A	5000	0.001
3701	atomwise.linear_nn.linear.bias	1.3998	run_hybrid_fixed_sA	hybrid_fixed	A	5000	0.001
3701	atomwise.linear_nn.linear.weight	62.958	run_hybrid_fixed_sA	hybrid_fixed	A	5000	0.001
3701	atomwise.outnet.0.linear.bias	1.0717	run_hybrid_fixed_sA	hybrid_fixed	A	5000	0.001
3701	atomwise.outnet.0.linear.weight	31.263	run_hybrid_fixed_sA	hybrid_fixed	A	5000	0.001
3701	atomwise.outnet.1.linear.bias	0.70725	run_hybrid_fixed_sA	hybrid_fixed	A	5000	0.001
3701	atomwise.outnet.1.linear.weight	4.568	run_hybrid_fixed_sA	hybrid_fixed	A	5000	0.001
3701	atomwise.outnet.2.linear.bias	1.3998	run_hybrid_fixed_sA	hybrid_fixed	A	5000	0.001
3701	atomwise.outnet.2.linear.weight	5.5053	run_hybrid_fixed_sA	hybrid_fixed	A	5000	0.001
3801	atomwise.linear_nn.linear.bias	3.5959	run_hybrid_fixed_sA	hybrid_fixed	A	5000	0.001
3801	atomwise.linear_nn.linear.weight	46.088	run_hybrid_fixed_sA	hybrid_fixed	A	5000	0.001
3801	atomwise.outnet.0.linear.bias	1.698	run_hybrid_fixed_sA	hybrid_fixed	A	5000	0.001
3801	atomwise.outnet.0.linear.weight	23.342	run_hybrid_fixed_sA	hybrid_fixed	A	5000	0.001
3801	atomwise.outnet.1.linear.bias	1.8126	run_hybrid_fixed_sA	hybrid_fixed	A	5000	0.001
3801	atomwise.outnet.1.linear.weight	4.369	run_hybrid_fixed_sA	hybrid_fixed	A	5000	0.001
3801	atomwise.outnet.2.linear.bias	3.5959	run_hybrid_fixed_sA	hybrid_fixed	A	5000	0.001
3801	atomwise.outnet.2.linear.weight	5.3455	run_hybrid_fixed_sA	hybrid_fixed	A	5000	0.001
3901	atomwise.linear_nn.linear.bias	2.1098	run_hybrid_fixed_sA	hybrid_fixed	A	5000	0.001
3901	atomwise.linear_nn.linear.weight	5.3418	run_hybrid_fixed_sA	hybrid_fixed	A	5000	0.001
3901	atomwise.outnet.0.linear.bias	1.1514	run_hybrid_fixed_sA	hybrid_fixed	A	5000	0.001
3901	atomwise.outnet.0.linear.weight	3.316	run_hybrid_fixed_sA	hybrid_fixed	A	5000	0.001
3901	atomwise.outnet.1.linear.bias	1.3513	run_hybrid_fixed_sA	hybrid_fixed	A	5000	0.001
3901	atomwise.outnet.1.linear.weight	2.2068	run_hybrid_fixed_sA	hybrid_fixed	A	5000	0.001
3901	atomwise.outnet.2.linear.bias	2.1098	run_hybrid_fixed_sA	hybrid_fixed	A	5000	0.001
3901	atomwise.outnet.2.linear.weight	5.354	run_hybrid_fixed_sA	hybrid_fixed	A	5000	0.001
4001	atomwise.linear_nn.linear.bias	4.455	run_hybrid_fixed_sA	hybrid_fixed	A	5000	0.001
4001	atomwise.linear_nn.linear.weight	58.451	run_hybrid_fixed_sA	hybrid_fixed	A	5000	0.001
4001	atomwise.outnet.0.linear.bias	1.6479	run_hybrid_fixed_sA	hybrid_fixed	A	5000	0.001
4001	atomwise.outnet.0.linear.weight	29.079	run_hybrid_fixed_sA	hybrid_fixed	A	5000	0.001
4001	atomwise.outnet.1.linear.bias	1.7869	run_hybrid_fixed_sA	hybrid_fixed	A	5000	0.001
4001	atomwise.outnet.1.linear.weight	3.2567	run_hybrid_fixed_sA	hybrid_fixed	A	5000	0.001
4001	atomwise.outnet.2.linear.bias	4.455	run_hybrid_fixed_sA	hybrid_fixed	A	5000	0.001
4001	atomwise.outnet.2.linear.weight	3.4262	run_hybrid_fixed_sA	hybrid_fixed	A	5000	0.001
4101	atomwise.linear_nn.linear.bias	7.9947	run_hybrid_fixed_sA	hybrid_fixed	A	5000	0.001
4101	atomwise.linear_nn.linear.weight	70.12	run_hybrid_fixed_sA	hybrid_fixed	A	5000	0.001
4101	atomwise.outnet.0.linear.bias	4.8533	run_hybrid_fixed_sA	hybrid_fixed	A	5000	0.001
4101	atomwise.outnet.0.linear.weight	34.585	run_hybrid_fixed_sA	hybrid_fixed	A	5000	0.001
4101	atomwise.outnet.1.linear.bias	3.8851	run_hybrid_fixed_sA	hybrid_fixed	A	5000	0.001
4101	atomwise.outnet.1.linear.weight	5.0343	run_hybrid_fixed_sA	hybrid_fixed	A	5000	0.001
4101	atomwise.outnet.2.linear.bias	7.9947	run_hybrid_fixed_sA	hybrid_fixed	A	5000	0.001
4101	atomwise.outnet.2.linear.weight	10.064	run_hybrid_fixed_sA	hybrid_fixed	A	5000	0.001
4201	atomwise.linear_nn.linear.bias	4.0806	run_hybrid_fixed_sA	hybrid_fixed	A	5000	0.001
4201	atomwise.linear_nn.linear.weight	15.3	run_hybrid_fixed_sA	hybrid_fixed	A	5000	0.001
4201	atomwise.outnet.0.linear.bias	3.5626	run_hybrid_fixed_sA	hybrid_fixed	A	5000	0.001
4201	atomwise.outnet.0.linear.weight	9.8623	run_hybrid_fixed_sA	hybrid_fixed	A	5000	0.001
4201	atomwise.outnet.1.linear.bias	2.1941	run_hybrid_fixed_sA	hybrid_fixed	A	5000	0.001
4201	atomwise.outnet.1.linear.weight	3.7243	run_hybrid_fixed_sA	hybrid_fixed	A	5000	0.001
4201	atomwise.outnet.2.linear.bias	4.0806	run_hybrid_fixed_sA	hybrid_fixed	A	5000	0.001
4201	atomwise.outnet.2.linear.weight	4.1342	run_hybrid_fixed_sA	hybrid_fixed	A	5000	0.001
4301	atomwise.linear_nn.linear.bias	1.6795	run_hybrid_fixed_sA	hybrid_fixed	A	5000	0.001
4301	atomwise.linear_nn.linear.weight	15.628	run_hybrid_fixed_sA	hybrid_fixed	A	5000	0.001
4301	atomwise.outnet.0.linear.bias	0.65813	run_hybrid_fixed_sA	hybrid_fixed	A	5000	0.001
4301	atomwise.outnet.0.linear.weight	7.9725	run_hybrid_fixed_sA	hybrid_fixed	A	5000	0.001
4301	atomwise.outnet.1.linear.bias	0.83382	run_hybrid_fixed_sA	hybrid_fixed	A	5000	0.001
4301	atomwise.outnet.1.linear.weight	1.9426	run_hybrid_fixed_sA	hybrid_fixed	A	5000	0.001
4301	atomwise.outnet.2.linear.bias	1.6795	run_hybrid_fixed_sA	hybrid_fixed	A	5000	0.001
4301	atomwise.outnet.2.linear.weight	3.6329	run_hybrid_fixed_sA	hybrid_fixed	A	5000	0.001
4401	atomwise.linear_nn.linear.bias	3.4514	run_hybrid_fixed_sA	hybrid_fixed	A	5000	0.001
4401	atomwise.linear_nn.linear.weight	16.249	run_hybrid_fixed_sA	hybrid_fixed	A	5000	0.001
4401	atomwise.outnet.0.linear.bias	3.4491	run_hybrid_fixed_sA	hybrid_fixed	A	5000	0.001
4401	atomwise.outnet.0.linear.weight	8.8314	run_hybrid_fixed_sA	hybrid_fixed	A	5000	0.001
4401	atomwise.outnet.1.linear.bias	2.2033	run_hybrid_fixed_sA	hybrid_fixed	A	5000	0.001
4401	atomwise.outnet.1.linear.weight	1.7576	run_hybrid_fixed_sA	hybrid_fixed	A	5000	0.001
4401	atomwise.outnet.2.linear.bias	3.4514	run_hybrid_fixed_sA	hybrid_fixed	A	5000	0.001
4401	atomwise.outnet.2.linear.weight	5.1823	run_hybrid_fixed_sA	hybrid_fixed	A	5000	0.001
4501	atomwise.linear_nn.linear.bias	6.1269	run_hybrid_fixed_sA	hybrid_fixed	A	5000	0.001
4501	atomwise.linear_nn.linear.weight	22.438	run_hybrid_fixed_sA	hybrid_fixed	A	5000	0.001
4501	atomwise.outnet.0.linear.bias	6.3698	run_hybrid_fixed_sA	hybrid_fixed	A	5000	0.001
4501	atomwise.outnet.0.linear.weight	13.7	run_hybrid_fixed_sA	hybrid_fixed	A	5000	0.001
4501	atomwise.outnet.1.linear.bias	3.7124	run_hybrid_fixed_sA	hybrid_fixed	A	5000	0.001
4501	atomwise.outnet.1.linear.weight	4.5799	run_hybrid_fixed_sA	hybrid_fixed	A	5000	0.001
4501	atomwise.outnet.2.linear.bias	6.1269	run_hybrid_fixed_sA	hybrid_fixed	A	5000	0.001
4501	atomwise.outnet.2.linear.weight	5.6011	run_hybrid_fixed_sA	hybrid_fixed	A	5000	0.001
4601	atomwise.linear_nn.linear.bias	1.1426	run_hybrid_fixed_sA	hybrid_fixed	A	5000	0.001
4601	atomwise.linear_nn.linear.weight	66.937	run_hybrid_fixed_sA	hybrid_fixed	A	5000	0.001
4601	atomwise.outnet.0.linear.bias	3.4293	run_hybrid_fixed_sA	hybrid_fixed	A	5000	0.001
4601	atomwise.outnet.0.linear.weight	37.129	run_hybrid_fixed_sA	hybrid_fixed	A	5000	0.001
4601	atomwise.outnet.1.linear.bias	2.1011	run_hybrid_fixed_sA	hybrid_fixed	A	5000	0.001
4601	atomwise.outnet.1.linear.weight	8.7808	run_hybrid_fixed_sA	hybrid_fixed	A	5000	0.001
4601	atomwise.outnet.2.linear.bias	1.1426	run_hybrid_fixed_sA	hybrid_fixed	A	5000	0.001
4601	atomwise.outnet.2.linear.weight	8.0805	run_hybrid_fixed_sA	hybrid_fixed	A	5000	0.001
4701	atomwise.linear_nn.linear.bias	5.0121	run_hybrid_fixed_sA	hybrid_fixed	A	5000	0.001
4701	atomwise.linear_nn.linear.weight	73.84	run_hybrid_fixed_sA	hybrid_fixed	A	5000	0.001
4701	atomwise.outnet.0.linear.bias	1.8797	run_hybrid_fixed_sA	hybrid_fixed	A	5000	0.001
4701	atomwise.outnet.0.linear.weight	37.8	run_hybrid_fixed_sA	hybrid_fixed	A	5000	0.001
4701	atomwise.outnet.1.linear.bias	1.9997	run_hybrid_fixed_sA	hybrid_fixed	A	5000	0.001
4701	atomwise.outnet.1.linear.weight	4.032	run_hybrid_fixed_sA	hybrid_fixed	A	5000	0.001
4701	atomwise.outnet.2.linear.bias	5.0121	run_hybrid_fixed_sA	hybrid_fixed	A	5000	0.001
4701	atomwise.outnet.2.linear.weight	2.9608	run_hybrid_fixed_sA	hybrid_fixed	A	5000	0.001
4801	atomwise.linear_nn.linear.bias	0.3717	run_hybrid_fixed_sA	hybrid_fixed	A	5000	0.001
4801	atomwise.linear_nn.linear.weight	58.093	run_hybrid_fixed_sA	hybrid_fixed	A	5000	0.001
4801	atomwise.outnet.0.linear.bias	2.7222	run_hybrid_fixed_sA	hybrid_fixed	A	5000	0.001
4801	atomwise.outnet.0.linear.weight	31.324	run_hybrid_fixed_sA	hybrid_fixed	A	5000	0.001
4801	atomwise.outnet.1.linear.bias	0.96617	run_hybrid_fixed_sA	hybrid_fixed	A	5000	0.001
4801	atomwise.outnet.1.linear.weight	5.647	run_hybrid_fixed_sA	hybrid_fixed	A	5000	0.001
4801	atomwise.outnet.2.linear.bias	0.3717	run_hybrid_fixed_sA	hybrid_fixed	A	5000	0.001
4801	atomwise.outnet.2.linear.weight	3.7877	run_hybrid_fixed_sA	hybrid_fixed	A	5000	0.001
4901	atomwise.linear_nn.linear.bias	2.1737	run_hybrid_fixed_sA	hybrid_fixed	A	5000	0.001
4901	atomwise.linear_nn.linear.weight	7.1044	run_hybrid_fixed_sA	hybrid_fixed	A	5000	0.001
4901	atomwise.outnet.0.linear.bias	2.7861	run_hybrid_fixed_sA	hybrid_fixed	A	5000	0.001
4901	atomwise.outnet.0.linear.weight	4.1311	run_hybrid_fixed_sA	hybrid_fixed	A	5000	0.001
4901	atomwise.outnet.1.linear.bias	2.0313	run_hybrid_fixed_sA	hybrid_fixed	A	5000	0.001
4901	atomwise.outnet.1.linear.weight	2.2256	run_hybrid_fixed_sA	hybrid_fixed	A	5000	0.001
4901	atomwise.outnet.2.linear.bias	2.1737	run_hybrid_fixed_sA	hybrid_fixed	A	5000	0.001
4901	atomwise.outnet.2.linear.weight	6.6473	run_hybrid_fixed_sA	hybrid_fixed	A	5000	0.001
5001	atomwise.linear_nn.linear.bias	0.10759	run_hybrid_fixed_sA	hybrid_fixed	A	5000	5.924525297439452e-06
5001	atomwise.linear_nn.linear.weight	0.96	run_hybrid_fixed_sA	hybrid_fixed	A	5000	5.924525297439452e-06
5001	atomwise.outnet.0.linear.bias	0.45956	run_hybrid_fixed_sA	hybrid_fixed	A	5000	5.924525297439452e-06
5001	atomwise.outnet.0.linear.weight	0.52979	run_hybrid_fixed_sA	hybrid_fixed	A	5000	5.924525297439452e-06
5001	atomwise.outnet.1.linear.bias	0.32566	run_hybrid_fixed_sA	hybrid_fixed	A	5000	5.924525297439452e-06
5001	atomwise.outnet.1.linear.weight	0.45861	run_hybrid_fixed_sA	hybrid_fixed	A	5000	5.924525297439452e-06
5001	atomwise.outnet.2.linear.bias	0.10759	run_hybrid_fixed_sA	hybrid_fixed	A	5000	5.924525297439452e-06
5001	atomwise.outnet.2.linear.weight	1.4198	run_hybrid_fixed_sA	hybrid_fixed	A	5000	5.924525297439452e-06
5101	atomwise.linear_nn.linear.bias	0.034867	run_hybrid_fixed_sA	hybrid_fixed	A	5000	5.924525297439452e-06
5101	atomwise.linear_nn.linear.weight	0.28882	run_hybrid_fixed_sA	hybrid_fixed	A	5000	5.924525297439452e-06
5101	atomwise.outnet.0.linear.bias	0.059988	run_hybrid_fixed_sA	hybrid_fixed	A	5000	5.924525297439452e-06
5101	atomwise.outnet.0.linear.weight	0.15369	run_hybrid_fixed_sA	hybrid_fixed	A	5000	5.924525297439452e-06
5101	atomwise.outnet.1.linear.bias	0.042095	run_hybrid_fixed_sA	hybrid_fixed	A	5000	5.924525297439452e-06
5101	atomwise.outnet.1.linear.weight	0.054551	run_hybrid_fixed_sA	hybrid_fixed	A	5000	5.924525297439452e-06
5101	atomwise.outnet.2.linear.bias	0.034867	run_hybrid_fixed_sA	hybrid_fixed	A	5000	5.924525297439452e-06
5101	atomwise.outnet.2.linear.weight	0.16803	run_hybrid_fixed_sA	hybrid_fixed	A	5000	5.924525297439452e-06
5201	atomwise.linear_nn.linear.bias	9.7186e-05	run_hybrid_fixed_sA	hybrid_fixed	A	5000	5.924525297439452e-06
5201	atomwise.linear_nn.linear.weight	0.19765	run_hybrid_fixed_sA	hybrid_fixed	A	5000	5.924525297439452e-06
5201	atomwise.outnet.0.linear.bias	0.014923	run_hybrid_fixed_sA	hybrid_fixed	A	5000	5.924525297439452e-06
5201	atomwise.outnet.0.linear.weight	0.10034	run_hybrid_fixed_sA	hybrid_fixed	A	5000	5.924525297439452e-06
5201	atomwise.outnet.1.linear.bias	0.010621	run_hybrid_fixed_sA	hybrid_fixed	A	5000	5.924525297439452e-06
5201	atomwise.outnet.1.linear.weight	0.015927	run_hybrid_fixed_sA	hybrid_fixed	A	5000	5.924525297439452e-06
5201	atomwise.outnet.2.linear.bias	9.7186e-05	run_hybrid_fixed_sA	hybrid_fixed	A	5000	5.924525297439452e-06
5201	atomwise.outnet.2.linear.weight	0.038859	run_hybrid_fixed_sA	hybrid_fixed	A	5000	5.924525297439452e-06
5301	atomwise.linear_nn.linear.bias	0.016858	run_hybrid_fixed_sA	hybrid_fixed	A	5000	5.924525297439452e-06
5301	atomwise.linear_nn.linear.weight	0.23055	run_hybrid_fixed_sA	hybrid_fixed	A	5000	5.924525297439452e-06
5301	atomwise.outnet.0.linear.bias	0.065522	run_hybrid_fixed_sA	hybrid_fixed	A	5000	5.924525297439452e-06
5301	atomwise.outnet.0.linear.weight	0.11981	run_hybrid_fixed_sA	hybrid_fixed	A	5000	5.924525297439452e-06
5301	atomwise.outnet.1.linear.bias	0.045841	run_hybrid_fixed_sA	hybrid_fixed	A	5000	5.924525297439452e-06
5301	atomwise.outnet.1.linear.weight	0.062823	run_hybrid_fixed_sA	hybrid_fixed	A	5000	5.924525297439452e-06
5301	atomwise.outnet.2.linear.bias	0.016858	run_hybrid_fixed_sA	hybrid_fixed	A	5000	5.924525297439452e-06
5301	atomwise.outnet.2.linear.weight	0.19345	run_hybrid_fixed_sA	hybrid_fixed	A	5000	5.924525297439452e-06
5401	atomwise.linear_nn.linear.bias	0.025604	run_hybrid_fixed_sA	hybrid_fixed	A	5000	5.924525297439452e-06
5401	atomwise.linear_nn.linear.weight	0.20436	run_hybrid_fixed_sA	hybrid_fixed	A	5000	5.924525297439452e-06
5401	atomwise.outnet.0.linear.bias	0.051281	run_hybrid_fixed_sA	hybrid_fixed	A	5000	5.924525297439452e-06
5401	atomwise.outnet.0.linear.weight	0.107	run_hybrid_fixed_sA	hybrid_fixed	A	5000	5.924525297439452e-06
5401	atomwise.outnet.1.linear.bias	0.030667	run_hybrid_fixed_sA	hybrid_fixed	A	5000	5.924525297439452e-06
5401	atomwise.outnet.1.linear.weight	0.039621	run_hybrid_fixed_sA	hybrid_fixed	A	5000	5.924525297439452e-06
5401	atomwise.outnet.2.linear.bias	0.025604	run_hybrid_fixed_sA	hybrid_fixed	A	5000	5.924525297439452e-06
5401	atomwise.outnet.2.linear.weight	0.11541	run_hybrid_fixed_sA	hybrid_fixed	A	5000	5.924525297439452e-06
5501	atomwise.linear_nn.linear.bias	0.040471	run_hybrid_fixed_sA	hybrid_fixed	A	5000	5.924525297439452e-06
5501	atomwise.linear_nn.linear.weight	0.12488	run_hybrid_fixed_sA	hybrid_fixed	A	5000	5.924525297439452e-06
5501	atomwise.outnet.0.linear.bias	0.11918	run_hybrid_fixed_sA	hybrid_fixed	A	5000	5.924525297439452e-06
5501	atomwise.outnet.0.linear.weight	0.091182	run_hybrid_fixed_sA	hybrid_fixed	A	5000	5.924525297439452e-06
5501	atomwise.outnet.1.linear.bias	0.082684	run_hybrid_fixed_sA	hybrid_fixed	A	5000	5.924525297439452e-06
5501	atomwise.outnet.1.linear.weight	0.1151	run_hybrid_fixed_sA	hybrid_fixed	A	5000	5.924525297439452e-06
5501	atomwise.outnet.2.linear.bias	0.040471	run_hybrid_fixed_sA	hybrid_fixed	A	5000	5.924525297439452e-06
5501	atomwise.outnet.2.linear.weight	0.35871	run_hybrid_fixed_sA	hybrid_fixed	A	5000	5.924525297439452e-06
5601	atomwise.linear_nn.linear.bias	0.019365	run_hybrid_fixed_sA	hybrid_fixed	A	5000	5.924525297439452e-06
5601	atomwise.linear_nn.linear.weight	0.15096	run_hybrid_fixed_sA	hybrid_fixed	A	5000	5.924525297439452e-06
5601	atomwise.outnet.0.linear.bias	0.05786	run_hybrid_fixed_sA	hybrid_fixed	A	5000	5.924525297439452e-06
5601	atomwise.outnet.0.linear.weight	0.082038	run_hybrid_fixed_sA	hybrid_fixed	A	5000	5.924525297439452e-06
5601	atomwise.outnet.1.linear.bias	0.039068	run_hybrid_fixed_sA	hybrid_fixed	A	5000	5.924525297439452e-06
5601	atomwise.outnet.1.linear.weight	0.052457	run_hybrid_fixed_sA	hybrid_fixed	A	5000	5.924525297439452e-06
5601	atomwise.outnet.2.linear.bias	0.019365	run_hybrid_fixed_sA	hybrid_fixed	A	5000	5.924525297439452e-06
5601	atomwise.outnet.2.linear.weight	0.16273	run_hybrid_fixed_sA	hybrid_fixed	A	5000	5.924525297439452e-06
5701	atomwise.linear_nn.linear.bias	0.013085	run_hybrid_fixed_sA	hybrid_fixed	A	5000	5.924525297439452e-06
5701	atomwise.linear_nn.linear.weight	0.1943	run_hybrid_fixed_sA	hybrid_fixed	A	5000	5.924525297439452e-06
5701	atomwise.outnet.0.linear.bias	0.0029332	run_hybrid_fixed_sA	hybrid_fixed	A	5000	5.924525297439452e-06
5701	atomwise.outnet.0.linear.weight	0.097664	run_hybrid_fixed_sA	hybrid_fixed	A	5000	5.924525297439452e-06
5701	atomwise.outnet.1.linear.bias	0.0051232	run_hybrid_fixed_sA	hybrid_fixed	A	5000	5.924525297439452e-06
5701	atomwise.outnet.1.linear.weight	0.013809	run_hybrid_fixed_sA	hybrid_fixed	A	5000	5.924525297439452e-06
5701	atomwise.outnet.2.linear.bias	0.013085	run_hybrid_fixed_sA	hybrid_fixed	A	5000	5.924525297439452e-06
5701	atomwise.outnet.2.linear.weight	0.017828	run_hybrid_fixed_sA	hybrid_fixed	A	5000	5.924525297439452e-06
5801	atomwise.linear_nn.linear.bias	0.051279	run_hybrid_fixed_sA	hybrid_fixed	A	5000	5.924525297439452e-06
5801	atomwise.linear_nn.linear.weight	0.28821	run_hybrid_fixed_sA	hybrid_fixed	A	5000	5.924525297439452e-06
5801	atomwise.outnet.0.linear.bias	0.16003	run_hybrid_fixed_sA	hybrid_fixed	A	5000	5.924525297439452e-06
5801	atomwise.outnet.0.linear.weight	0.16457	run_hybrid_fixed_sA	hybrid_fixed	A	5000	5.924525297439452e-06
5801	atomwise.outnet.1.linear.bias	0.10831	run_hybrid_fixed_sA	hybrid_fixed	A	5000	5.924525297439452e-06
5801	atomwise.outnet.1.linear.weight	0.15128	run_hybrid_fixed_sA	hybrid_fixed	A	5000	5.924525297439452e-06
5801	atomwise.outnet.2.linear.bias	0.051279	run_hybrid_fixed_sA	hybrid_fixed	A	5000	5.924525297439452e-06
5801	atomwise.outnet.2.linear.weight	0.47021	run_hybrid_fixed_sA	hybrid_fixed	A	5000	5.924525297439452e-06
5901	atomwise.linear_nn.linear.bias	0.017122	run_hybrid_fixed_sA	hybrid_fixed	A	5000	5.924525297439452e-06
5901	atomwise.linear_nn.linear.weight	0.2154	run_hybrid_fixed_sA	hybrid_fixed	A	5000	5.924525297439452e-06
5901	atomwise.outnet.0.linear.bias	0.12816	run_hybrid_fixed_sA	hybrid_fixed	A	5000	5.924525297439452e-06
5901	atomwise.outnet.0.linear.weight	0.13176	run_hybrid_fixed_sA	hybrid_fixed	A	5000	5.924525297439452e-06
5901	atomwise.outnet.1.linear.bias	0.095599	run_hybrid_fixed_sA	hybrid_fixed	A	5000	5.924525297439452e-06
5901	atomwise.outnet.1.linear.weight	0.13966	run_hybrid_fixed_sA	hybrid_fixed	A	5000	5.924525297439452e-06
5901	atomwise.outnet.2.linear.bias	0.017122	run_hybrid_fixed_sA	hybrid_fixed	A	5000	5.924525297439452e-06
5901	atomwise.outnet.2.linear.weight	0.42924	run_hybrid_fixed_sA	hybrid_fixed	A	5000	5.924525297439452e-06
6001	atomwise.linear_nn.linear.bias	0.028858	run_hybrid_fixed_sA	hybrid_fixed	A	5000	5.924525297439452e-06
6001	atomwise.linear_nn.linear.weight	0.080662	run_hybrid_fixed_sA	hybrid_fixed	A	5000	5.924525297439452e-06
6001	atomwise.outnet.0.linear.bias	0.078148	run_hybrid_fixed_sA	hybrid_fixed	A	5000	5.924525297439452e-06
6001	atomwise.outnet.0.linear.weight	0.060189	run_hybrid_fixed_sA	hybrid_fixed	A	5000	5.924525297439452e-06
6001	atomwise.outnet.1.linear.bias	0.051072	run_hybrid_fixed_sA	hybrid_fixed	A	5000	5.924525297439452e-06
6001	atomwise.outnet.1.linear.weight	0.070643	run_hybrid_fixed_sA	hybrid_fixed	A	5000	5.924525297439452e-06
6001	atomwise.outnet.2.linear.bias	0.028858	run_hybrid_fixed_sA	hybrid_fixed	A	5000	5.924525297439452e-06
6001	atomwise.outnet.2.linear.weight	0.21756	run_hybrid_fixed_sA	hybrid_fixed	A	5000	5.924525297439452e-06
6101	atomwise.linear_nn.linear.bias	0.01667	run_hybrid_fixed_sA	hybrid_fixed	A	5000	5.924525297439452e-06
6101	atomwise.linear_nn.linear.weight	0.054142	run_hybrid_fixed_sA	hybrid_fixed	A	5000	5.924525297439452e-06
6101	atomwise.outnet.0.linear.bias	0.052095	run_hybrid_fixed_sA	hybrid_fixed	A	5000	5.924525297439452e-06
6101	atomwise.outnet.0.linear.weight	0.038736	run_hybrid_fixed_sA	hybrid_fixed	A	5000	5.924525297439452e-06
6101	atomwise.outnet.1.linear.bias	0.035742	run_hybrid_fixed_sA	hybrid_fixed	A	5000	5.924525297439452e-06
6101	atomwise.outnet.1.linear.weight	0.051245	run_hybrid_fixed_sA	hybrid_fixed	A	5000	5.924525297439452e-06
6101	atomwise.outnet.2.linear.bias	0.01667	run_hybrid_fixed_sA	hybrid_fixed	A	5000	5.924525297439452e-06
6101	atomwise.outnet.2.linear.weight	0.15937	run_hybrid_fixed_sA	hybrid_fixed	A	5000	5.924525297439452e-06
6201	atomwise.linear_nn.linear.bias	0.0078152	run_hybrid_fixed_sA	hybrid_fixed	A	5000	5.924525297439452e-06
6201	atomwise.linear_nn.linear.weight	0.056388	run_hybrid_fixed_sA	hybrid_fixed	A	5000	5.924525297439452e-06
6201	atomwise.outnet.0.linear.bias	0.039872	run_hybrid_fixed_sA	hybrid_fixed	A	5000	5.924525297439452e-06
6201	atomwise.outnet.0.linear.weight	0.036049	run_hybrid_fixed_sA	hybrid_fixed	A	5000	5.924525297439452e-06
6201	atomwise.outnet.1.linear.bias	0.029859	run_hybrid_fixed_sA	hybrid_fixed	A	5000	5.924525297439452e-06
6201	atomwise.outnet.1.linear.weight	0.042727	run_hybrid_fixed_sA	hybrid_fixed	A	5000	5.924525297439452e-06
6201	atomwise.outnet.2.linear.bias	0.0078152	run_hybrid_fixed_sA	hybrid_fixed	A	5000	5.924525297439452e-06
6201	atomwise.outnet.2.linear.weight	0.13103	run_hybrid_fixed_sA	hybrid_fixed	A	5000	5.924525297439452e-06
6301	atomwise.linear_nn.linear.bias	0.031618	run_hybrid_fixed_sA	hybrid_fixed	A	5000	5.924525297439452e-06
6301	atomwise.linear_nn.linear.weight	0.14928	run_hybrid_fixed_sA	hybrid_fixed	A	5000	5.924525297439452e-06
6301	atomwise.outnet.0.linear.bias	0.096148	run_hybrid_fixed_sA	hybrid_fixed	A	5000	5.924525297439452e-06
6301	atomwise.outnet.0.linear.weight	0.0843	run_hybrid_fixed_sA	hybrid_fixed	A	5000	5.924525297439452e-06
6301	atomwise.outnet.1.linear.bias	0.068253	run_hybrid_fixed_sA	hybrid_fixed	A	5000	5.924525297439452e-06
6301	atomwise.outnet.1.linear.weight	0.091833	run_hybrid_fixed_sA	hybrid_fixed	A	5000	5.924525297439452e-06
6301	atomwise.outnet.2.linear.bias	0.031618	run_hybrid_fixed_sA	hybrid_fixed	A	5000	5.924525297439452e-06
6301	atomwise.outnet.2.linear.weight	0.28719	run_hybrid_fixed_sA	hybrid_fixed	A	5000	5.924525297439452e-06
6401	atomwise.linear_nn.linear.bias	0.021123	run_hybrid_fixed_sA	hybrid_fixed	A	5000	5.924525297439452e-06
6401	atomwise.linear_nn.linear.weight	0.061244	run_hybrid_fixed_sA	hybrid_fixed	A	5000	5.924525297439452e-06
6401	atomwise.outnet.0.linear.bias	0.059674	run_hybrid_fixed_sA	hybrid_fixed	A	5000	5.924525297439452e-06
6401	atomwise.outnet.0.linear.weight	0.042693	run_hybrid_fixed_sA	hybrid_fixed	A	5000	5.924525297439452e-06
6401	atomwise.outnet.1.linear.bias	0.041419	run_hybrid_fixed_sA	hybrid_fixed	A	5000	5.924525297439452e-06
6401	atomwise.outnet.1.linear.weight	0.057934	run_hybrid_fixed_sA	hybrid_fixed	A	5000	5.924525297439452e-06
6401	atomwise.outnet.2.linear.bias	0.021123	run_hybrid_fixed_sA	hybrid_fixed	A	5000	5.924525297439452e-06
6401	atomwise.outnet.2.linear.weight	0.18099	run_hybrid_fixed_sA	hybrid_fixed	A	5000	5.924525297439452e-06
6501	atomwise.linear_nn.linear.bias	0.038152	run_hybrid_fixed_sA	hybrid_fixed	A	5000	5.924525297439452e-06
6501	atomwise.linear_nn.linear.weight	0.25196	run_hybrid_fixed_sA	hybrid_fixed	A	5000	5.924525297439452e-06
6501	atomwise.outnet.0.linear.bias	0.17141	run_hybrid_fixed_sA	hybrid_fixed	A	5000	5.924525297439452e-06
6501	atomwise.outnet.0.linear.weight	0.15894	run_hybrid_fixed_sA	hybrid_fixed	A	5000	5.924525297439452e-06
6501	atomwise.outnet.1.linear.bias	0.12497	run_hybrid_fixed_sA	hybrid_fixed	A	5000	5.924525297439452e-06
6501	atomwise.outnet.1.linear.weight	0.17765	run_hybrid_fixed_sA	hybrid_fixed	A	5000	5.924525297439452e-06
6501	atomwise.outnet.2.linear.bias	0.038152	run_hybrid_fixed_sA	hybrid_fixed	A	5000	5.924525297439452e-06
6501	atomwise.outnet.2.linear.weight	0.54889	run_hybrid_fixed_sA	hybrid_fixed	A	5000	5.924525297439452e-06
6601	atomwise.linear_nn.linear.bias	0.012091	run_hybrid_fixed_sA	hybrid_fixed	A	5000	5.924525297439452e-06
6601	atomwise.linear_nn.linear.weight	0.081479	run_hybrid_fixed_sA	hybrid_fixed	A	5000	5.924525297439452e-06
6601	atomwise.outnet.0.linear.bias	0.056587	run_hybrid_fixed_sA	hybrid_fixed	A	5000	5.924525297439452e-06
6601	atomwise.outnet.0.linear.weight	0.05712	run_hybrid_fixed_sA	hybrid_fixed	A	5000	5.924525297439452e-06
6601	atomwise.outnet.1.linear.bias	0.043061	run_hybrid_fixed_sA	hybrid_fixed	A	5000	5.924525297439452e-06
6601	atomwise.outnet.1.linear.weight	0.060628	run_hybrid_fixed_sA	hybrid_fixed	A	5000	5.924525297439452e-06
6601	atomwise.outnet.2.linear.bias	0.012091	run_hybrid_fixed_sA	hybrid_fixed	A	5000	5.924525297439452e-06
6601	atomwise.outnet.2.linear.weight	0.18544	run_hybrid_fixed_sA	hybrid_fixed	A	5000	5.924525297439452e-06
6701	atomwise.linear_nn.linear.bias	0.029448	run_hybrid_fixed_sA	hybrid_fixed	A	5000	5.924525297439452e-06
6701	atomwise.linear_nn.linear.weight	0.29119	run_hybrid_fixed_sA	hybrid_fixed	A	5000	5.924525297439452e-06
6701	atomwise.outnet.0.linear.bias	0.17447	run_hybrid_fixed_sA	hybrid_fixed	A	5000	5.924525297439452e-06
6701	atomwise.outnet.0.linear.weight	0.18098	run_hybrid_fixed_sA	hybrid_fixed	A	5000	5.924525297439452e-06
6701	atomwise.outnet.1.linear.bias	0.13058	run_hybrid_fixed_sA	hybrid_fixed	A	5000	5.924525297439452e-06
6701	atomwise.outnet.1.linear.weight	0.18855	run_hybrid_fixed_sA	hybrid_fixed	A	5000	5.924525297439452e-06
6701	atomwise.outnet.2.linear.bias	0.029448	run_hybrid_fixed_sA	hybrid_fixed	A	5000	5.924525297439452e-06
6701	atomwise.outnet.2.linear.weight	0.57947	run_hybrid_fixed_sA	hybrid_fixed	A	5000	5.924525297439452e-06
6801	atomwise.linear_nn.linear.bias	0.02222	run_hybrid_fixed_sA	hybrid_fixed	A	5000	5.924525297439452e-06
6801	atomwise.linear_nn.linear.weight	0.051491	run_hybrid_fixed_sA	hybrid_fixed	A	5000	5.924525297439452e-06
6801	atomwise.outnet.0.linear.bias	0.031456	run_hybrid_fixed_sA	hybrid_fixed	A	5000	5.924525297439452e-06
6801	atomwise.outnet.0.linear.weight	0.034735	run_hybrid_fixed_sA	hybrid_fixed	A	5000	5.924525297439452e-06
6801	atomwise.outnet.1.linear.bias	0.020867	run_hybrid_fixed_sA	hybrid_fixed	A	5000	5.924525297439452e-06
6801	atomwise.outnet.1.linear.weight	0.019731	run_hybrid_fixed_sA	hybrid_fixed	A	5000	5.924525297439452e-06
6801	atomwise.outnet.2.linear.bias	0.02222	run_hybrid_fixed_sA	hybrid_fixed	A	5000	5.924525297439452e-06
6801	atomwise.outnet.2.linear.weight	0.060194	run_hybrid_fixed_sA	hybrid_fixed	A	5000	5.924525297439452e-06
6901	atomwise.linear_nn.linear.bias	0.034054	run_hybrid_fixed_sA	hybrid_fixed	A	5000	5.924525297439452e-06
6901	atomwise.linear_nn.linear.weight	0.098254	run_hybrid_fixed_sA	hybrid_fixed	A	5000	5.924525297439452e-06
6901	atomwise.outnet.0.linear.bias	0.056802	run_hybrid_fixed_sA	hybrid_fixed	A	5000	5.924525297439452e-06
6901	atomwise.outnet.0.linear.weight	0.05192	run_hybrid_fixed_sA	hybrid_fixed	A	5000	5.924525297439452e-06
6901	atomwise.outnet.1.linear.bias	0.035917	run_hybrid_fixed_sA	hybrid_fixed	A	5000	5.924525297439452e-06
6901	atomwise.outnet.1.linear.weight	0.040323	run_hybrid_fixed_sA	hybrid_fixed	A	5000	5.924525297439452e-06
6901	atomwise.outnet.2.linear.bias	0.034054	run_hybrid_fixed_sA	hybrid_fixed	A	5000	5.924525297439452e-06
6901	atomwise.outnet.2.linear.weight	0.12674	run_hybrid_fixed_sA	hybrid_fixed	A	5000	5.924525297439452e-06
7001	atomwise.linear_nn.linear.bias	0.022318	run_hybrid_fixed_sA	hybrid_fixed	A	5000	5.924525297439452e-06
7001	atomwise.linear_nn.linear.weight	0.17477	run_hybrid_fixed_sA	hybrid_fixed	A	5000	5.924525297439452e-06
7001	atomwise.outnet.0.linear.bias	0.086737	run_hybrid_fixed_sA	hybrid_fixed	A	5000	5.924525297439452e-06
7001	atomwise.outnet.0.linear.weight	0.094997	run_hybrid_fixed_sA	hybrid_fixed	A	5000	5.924525297439452e-06
7001	atomwise.outnet.1.linear.bias	0.062206	run_hybrid_fixed_sA	hybrid_fixed	A	5000	5.924525297439452e-06
7001	atomwise.outnet.1.linear.weight	0.083286	run_hybrid_fixed_sA	hybrid_fixed	A	5000	5.924525297439452e-06
7001	atomwise.outnet.2.linear.bias	0.022318	run_hybrid_fixed_sA	hybrid_fixed	A	5000	5.924525297439452e-06
7001	atomwise.outnet.2.linear.weight	0.25526	run_hybrid_fixed_sA	hybrid_fixed	A	5000	5.924525297439452e-06
7101	atomwise.linear_nn.linear.bias	0.034907	run_hybrid_fixed_sA	hybrid_fixed	A	5000	5.924525297439452e-06
7101	atomwise.linear_nn.linear.weight	0.097916	run_hybrid_fixed_sA	hybrid_fixed	A	5000	5.924525297439452e-06
7101	atomwise.outnet.0.linear.bias	0.095069	run_hybrid_fixed_sA	hybrid_fixed	A	5000	5.924525297439452e-06
7101	atomwise.outnet.0.linear.weight	0.063793	run_hybrid_fixed_sA	hybrid_fixed	A	5000	5.924525297439452e-06
7101	atomwise.outnet.1.linear.bias	0.066523	run_hybrid_fixed_sA	hybrid_fixed	A	5000	5.924525297439452e-06
7101	atomwise.outnet.1.linear.weight	0.088677	run_hybrid_fixed_sA	hybrid_fixed	A	5000	5.924525297439452e-06
7101	atomwise.outnet.2.linear.bias	0.034907	run_hybrid_fixed_sA	hybrid_fixed	A	5000	5.924525297439452e-06
7101	atomwise.outnet.2.linear.weight	0.27856	run_hybrid_fixed_sA	hybrid_fixed	A	5000	5.924525297439452e-06
7201	atomwise.linear_nn.linear.bias	0.040394	run_hybrid_fixed_sA	hybrid_fixed	A	5000	5.924525297439452e-06
7201	atomwise.linear_nn.linear.weight	0.18845	run_hybrid_fixed_sA	hybrid_fixed	A	5000	5.924525297439452e-06
7201	atomwise.outnet.0.linear.bias	0.12128	run_hybrid_fixed_sA	hybrid_fixed	A	5000	5.924525297439452e-06
7201	atomwise.outnet.0.linear.weight	0.11047	run_hybrid_fixed_sA	hybrid_fixed	A	5000	5.924525297439452e-06
7201	atomwise.outnet.1.linear.bias	0.081912	run_hybrid_fixed_sA	hybrid_fixed	A	5000	5.924525297439452e-06
7201	atomwise.outnet.1.linear.weight	0.11276	run_hybrid_fixed_sA	hybrid_fixed	A	5000	5.924525297439452e-06
7201	atomwise.outnet.2.linear.bias	0.040394	run_hybrid_fixed_sA	hybrid_fixed	A	5000	5.924525297439452e-06
7201	atomwise.outnet.2.linear.weight	0.35043	run_hybrid_fixed_sA	hybrid_fixed	A	5000	5.924525297439452e-06
7301	atomwise.linear_nn.linear.bias	0.041774	run_hybrid_fixed_sA	hybrid_fixed	A	5000	5.924525297439452e-06
7301	atomwise.linear_nn.linear.weight	0.20238	run_hybrid_fixed_sA	hybrid_fixed	A	5000	5.924525297439452e-06
7301	atomwise.outnet.0.linear.bias	0.14869	run_hybrid_fixed_sA	hybrid_fixed	A	5000	5.924525297439452e-06
7301	atomwise.outnet.0.linear.weight	0.1246	run_hybrid_fixed_sA	hybrid_fixed	A	5000	5.924525297439452e-06
7301	atomwise.outnet.1.linear.bias	0.1064	run_hybrid_fixed_sA	hybrid_fixed	A	5000	5.924525297439452e-06
7301	atomwise.outnet.1.linear.weight	0.1491	run_hybrid_fixed_sA	hybrid_fixed	A	5000	5.924525297439452e-06
7301	atomwise.outnet.2.linear.bias	0.041774	run_hybrid_fixed_sA	hybrid_fixed	A	5000	5.924525297439452e-06
7301	atomwise.outnet.2.linear.weight	0.46344	run_hybrid_fixed_sA	hybrid_fixed	A	5000	5.924525297439452e-06
7401	atomwise.linear_nn.linear.bias	0.025108	run_hybrid_fixed_sA	hybrid_fixed	A	5000	5.924525297439452e-06
7401	atomwise.linear_nn.linear.weight	0.047667	run_hybrid_fixed_sA	hybrid_fixed	A	5000	5.924525297439452e-06
7401	atomwise.outnet.0.linear.bias	0.045479	run_hybrid_fixed_sA	hybrid_fixed	A	5000	5.924525297439452e-06
7401	atomwise.outnet.0.linear.weight	0.031672	run_hybrid_fixed_sA	hybrid_fixed	A	5000	5.924525297439452e-06
7401	atomwise.outnet.1.linear.bias	0.029177	run_hybrid_fixed_sA	hybrid_fixed	A	5000	5.924525297439452e-06
7401	atomwise.outnet.1.linear.weight	0.034643	run_hybrid_fixed_sA	hybrid_fixed	A	5000	5.924525297439452e-06
7401	atomwise.outnet.2.linear.bias	0.025108	run_hybrid_fixed_sA	hybrid_fixed	A	5000	5.924525297439452e-06
7401	atomwise.outnet.2.linear.weight	0.10934	run_hybrid_fixed_sA	hybrid_fixed	A	5000	5.924525297439452e-06
7501	atomwise.linear_nn.linear.bias	0.014531	run_hybrid_fixed_sA	hybrid_fixed	A	5000	5.924525297439452e-06
7501	atomwise.linear_nn.linear.weight	0.11633	run_hybrid_fixed_sA	hybrid_fixed	A	5000	5.924525297439452e-06
7501	atomwise.outnet.0.linear.bias	0.061773	run_hybrid_fixed_sA	hybrid_fixed	A	5000	5.924525297439452e-06
7501	atomwise.outnet.0.linear.weight	0.073003	run_hybrid_fixed_sA	hybrid_fixed	A	5000	5.924525297439452e-06
7501	atomwise.outnet.1.linear.bias	0.044536	run_hybrid_fixed_sA	hybrid_fixed	A	5000	5.924525297439452e-06
7501	atomwise.outnet.1.linear.weight	0.062637	run_hybrid_fixed_sA	hybrid_fixed	A	5000	5.924525297439452e-06
7501	atomwise.outnet.2.linear.bias	0.014531	run_hybrid_fixed_sA	hybrid_fixed	A	5000	5.924525297439452e-06
7501	atomwise.outnet.2.linear.weight	0.19311	run_hybrid_fixed_sA	hybrid_fixed	A	5000	5.924525297439452e-06
7601	atomwise.linear_nn.linear.bias	0.0078328	run_hybrid_fixed_sA	hybrid_fixed	A	5000	5.924525297439452e-06
7601	atomwise.linear_nn.linear.weight	0.10998	run_hybrid_fixed_sA	hybrid_fixed	A	5000	5.924525297439452e-06
7601	atomwise.outnet.0.linear.bias	0.05652	run_hybrid_fixed_sA	hybrid_fixed	A	5000	5.924525297439452e-06
7601	atomwise.outnet.0.linear.weight	0.06391	run_hybrid_fixed_sA	hybrid_fixed	A	5000	5.924525297439452e-06
7601	atomwise.outnet.1.linear.bias	0.042196	run_hybrid_fixed_sA	hybrid_fixed	A	5000	5.924525297439452e-06
7601	atomwise.outnet.1.linear.weight	0.062584	run_hybrid_fixed_sA	hybrid_fixed	A	5000	5.924525297439452e-06
7601	atomwise.outnet.2.linear.bias	0.0078328	run_hybrid_fixed_sA	hybrid_fixed	A	5000	5.924525297439452e-06
7601	atomwise.outnet.2.linear.weight	0.19228	run_hybrid_fixed_sA	hybrid_fixed	A	5000	5.924525297439452e-06
7701	atomwise.linear_nn.linear.bias	0.025849	run_hybrid_fixed_sA	hybrid_fixed	A	5000	5.924525297439452e-06
7701	atomwise.linear_nn.linear.weight	0.13579	run_hybrid_fixed_sA	hybrid_fixed	A	5000	5.924525297439452e-06
7701	atomwise.outnet.0.linear.bias	0.0936	run_hybrid_fixed_sA	hybrid_fixed	A	5000	5.924525297439452e-06
7701	atomwise.outnet.0.linear.weight	0.087322	run_hybrid_fixed_sA	hybrid_fixed	A	5000	5.924525297439452e-06
7701	atomwise.outnet.1.linear.bias	0.066075	run_hybrid_fixed_sA	hybrid_fixed	A	5000	5.924525297439452e-06
7701	atomwise.outnet.1.linear.weight	0.092712	run_hybrid_fixed_sA	hybrid_fixed	A	5000	5.924525297439452e-06
7701	atomwise.outnet.2.linear.bias	0.025849	run_hybrid_fixed_sA	hybrid_fixed	A	5000	5.924525297439452e-06
7701	atomwise.outnet.2.linear.weight	0.2876	run_hybrid_fixed_sA	hybrid_fixed	A	5000	5.924525297439452e-06
7801	atomwise.linear_nn.linear.bias	0.0030432	run_hybrid_fixed_sA	hybrid_fixed	A	5000	5.924525297439452e-06
7801	atomwise.linear_nn.linear.weight	0.064502	run_hybrid_fixed_sA	hybrid_fixed	A	5000	5.924525297439452e-06
7801	atomwise.outnet.0.linear.bias	0.036261	run_hybrid_fixed_sA	hybrid_fixed	A	5000	5.924525297439452e-06
7801	atomwise.outnet.0.linear.weight	0.041466	run_hybrid_fixed_sA	hybrid_fixed	A	5000	5.924525297439452e-06
7801	atomwise.outnet.1.linear.bias	0.027245	run_hybrid_fixed_sA	hybrid_fixed	A	5000	5.924525297439452e-06
7801	atomwise.outnet.1.linear.weight	0.040447	run_hybrid_fixed_sA	hybrid_fixed	A	5000	5.924525297439452e-06
7801	atomwise.outnet.2.linear.bias	0.0030432	run_hybrid_fixed_sA	hybrid_fixed	A	5000	5.924525297439452e-06
7801	atomwise.outnet.2.linear.weight	0.12412	run_hybrid_fixed_sA	hybrid_fixed	A	5000	5.924525297439452e-06
7901	atomwise.linear_nn.linear.bias	0.028509	run_hybrid_fixed_sA	hybrid_fixed	A	5000	5.924525297439452e-06
7901	atomwise.linear_nn.linear.weight	0.14914	run_hybrid_fixed_sA	hybrid_fixed	A	5000	5.924525297439452e-06
7901	atomwise.outnet.0.linear.bias	0.10903	run_hybrid_fixed_sA	hybrid_fixed	A	5000	5.924525297439452e-06
7901	atomwise.outnet.0.linear.weight	0.098122	run_hybrid_fixed_sA	hybrid_fixed	A	5000	5.924525297439452e-06
7901	atomwise.outnet.1.linear.bias	0.077559	run_hybrid_fixed_sA	hybrid_fixed	A	5000	5.924525297439452e-06
7901	atomwise.outnet.1.linear.weight	0.11061	run_hybrid_fixed_sA	hybrid_fixed	A	5000	5.924525297439452e-06
7901	atomwise.outnet.2.linear.bias	0.028509	run_hybrid_fixed_sA	hybrid_fixed	A	5000	5.924525297439452e-06
7901	atomwise.outnet.2.linear.weight	0.34272	run_hybrid_fixed_sA	hybrid_fixed	A	5000	5.924525297439452e-06
8001	atomwise.linear_nn.linear.bias	0.012014	run_hybrid_fixed_sA	hybrid_fixed	A	5000	5.924525297439452e-06
8001	atomwise.linear_nn.linear.weight	0.11025	run_hybrid_fixed_sA	hybrid_fixed	A	5000	5.924525297439452e-06
8001	atomwise.outnet.0.linear.bias	0.052961	run_hybrid_fixed_sA	hybrid_fixed	A	5000	5.924525297439452e-06
8001	atomwise.outnet.0.linear.weight	0.065519	run_hybrid_fixed_sA	hybrid_fixed	A	5000	5.924525297439452e-06
8001	atomwise.outnet.1.linear.bias	0.036321	run_hybrid_fixed_sA	hybrid_fixed	A	5000	5.924525297439452e-06
8001	atomwise.outnet.1.linear.weight	0.053578	run_hybrid_fixed_sA	hybrid_fixed	A	5000	5.924525297439452e-06
8001	atomwise.outnet.2.linear.bias	0.012014	run_hybrid_fixed_sA	hybrid_fixed	A	5000	5.924525297439452e-06
8001	atomwise.outnet.2.linear.weight	0.16454	run_hybrid_fixed_sA	hybrid_fixed	A	5000	5.924525297439452e-06
8101	atomwise.linear_nn.linear.bias	0.024897	run_hybrid_fixed_sA	hybrid_fixed	A	5000	5.924525297439452e-06
8101	atomwise.linear_nn.linear.weight	0.10033	run_hybrid_fixed_sA	hybrid_fixed	A	5000	5.924525297439452e-06
8101	atomwise.outnet.0.linear.bias	0.075829	run_hybrid_fixed_sA	hybrid_fixed	A	5000	5.924525297439452e-06
8101	atomwise.outnet.0.linear.weight	0.05975	run_hybrid_fixed_sA	hybrid_fixed	A	5000	5.924525297439452e-06
8101	atomwise.outnet.1.linear.bias	0.05198	run_hybrid_fixed_sA	hybrid_fixed	A	5000	5.924525297439452e-06
8101	atomwise.outnet.1.linear.weight	0.070874	run_hybrid_fixed_sA	hybrid_fixed	A	5000	5.924525297439452e-06
8101	atomwise.outnet.2.linear.bias	0.024897	run_hybrid_fixed_sA	hybrid_fixed	A	5000	5.924525297439452e-06
8101	atomwise.outnet.2.linear.weight	0.22123	run_hybrid_fixed_sA	hybrid_fixed	A	5000	5.924525297439452e-06
8201	atomwise.linear_nn.linear.bias	0.018561	run_hybrid_fixed_sA	hybrid_fixed	A	5000	5.924525297439452e-06
8201	atomwise.linear_nn.linear.weight	0.092296	run_hybrid_fixed_sA	hybrid_fixed	A	5000	5.924525297439452e-06
8201	atomwise.outnet.0.linear.bias	0.030155	run_hybrid_fixed_sA	hybrid_fixed	A	5000	5.924525297439452e-06
8201	atomwise.outnet.0.linear.weight	0.047943	run_hybrid_fixed_sA	hybrid_fixed	A	5000	5.924525297439452e-06
8201	atomwise.outnet.1.linear.bias	0.019306	run_hybrid_fixed_sA	hybrid_fixed	A	5000	5.924525297439452e-06
8201	atomwise.outnet.1.linear.weight	0.020194	run_hybrid_fixed_sA	hybrid_fixed	A	5000	5.924525297439452e-06
8201	atomwise.outnet.2.linear.bias	0.018561	run_hybrid_fixed_sA	hybrid_fixed	A	5000	5.924525297439452e-06
8201	atomwise.outnet.2.linear.weight	0.062534	run_hybrid_fixed_sA	hybrid_fixed	A	5000	5.924525297439452e-06
8301	atomwise.linear_nn.linear.bias	0.028195	run_hybrid_fixed_sA	hybrid_fixed	A	5000	5.924525297439452e-06
8301	atomwise.linear_nn.linear.weight	0.15247	run_hybrid_fixed_sA	hybrid_fixed	A	5000	5.924525297439452e-06
8301	atomwise.outnet.0.linear.bias	0.11435	run_hybrid_fixed_sA	hybrid_fixed	A	5000	5.924525297439452e-06
8301	atomwise.outnet.0.linear.weight	0.093905	run_hybrid_fixed_sA	hybrid_fixed	A	5000	5.924525297439452e-06
8301	atomwise.outnet.1.linear.bias	0.083858	run_hybrid_fixed_sA	hybrid_fixed	A	5000	5.924525297439452e-06
8301	atomwise.outnet.1.linear.weight	0.11778	run_hybrid_fixed_sA	hybrid_fixed	A	5000	5.924525297439452e-06
8301	atomwise.outnet.2.linear.bias	0.028195	run_hybrid_fixed_sA	hybrid_fixed	A	5000	5.924525297439452e-06
8301	atomwise.outnet.2.linear.weight	0.3642	run_hybrid_fixed_sA	hybrid_fixed	A	5000	5.924525297439452e-06
8401	atomwise.linear_nn.linear.bias	0.037208	run_hybrid_fixed_sA	hybrid_fixed	A	5000	5.924525297439452e-06
8401	atomwise.linear_nn.linear.weight	0.24572	run_hybrid_fixed_sA	hybrid_fixed	A	5000	5.924525297439452e-06
8401	atomwise.outnet.0.linear.bias	0.15262	run_hybrid_fixed_sA	hybrid_fixed	A	5000	5.924525297439452e-06
8401	atomwise.outnet.0.linear.weight	0.14684	run_hybrid_fixed_sA	hybrid_fixed	A	5000	5.924525297439452e-06
8401	atomwise.outnet.1.linear.bias	0.10871	run_hybrid_fixed_sA	hybrid_fixed	A	5000	5.924525297439452e-06
8401	atomwise.outnet.1.linear.weight	0.15304	run_hybrid_fixed_sA	hybrid_fixed	A	5000	5.924525297439452e-06
8401	atomwise.outnet.2.linear.bias	0.037208	run_hybrid_fixed_sA	hybrid_fixed	A	5000	5.924525297439452e-06
8401	atomwise.outnet.2.linear.weight	0.47338	run_hybrid_fixed_sA	hybrid_fixed	A	5000	5.924525297439452e-06
8501	atomwise.linear_nn.linear.bias	0.030096	run_hybrid_fixed_sA	hybrid_fixed	A	5000	5.924525297439452e-06
8501	atomwise.linear_nn.linear.weight	0.16721	run_hybrid_fixed_sA	hybrid_fixed	A	5000	5.924525297439452e-06
8501	atomwise.outnet.0.linear.bias	0.10651	run_hybrid_fixed_sA	hybrid_fixed	A	5000	5.924525297439452e-06
8501	atomwise.outnet.0.linear.weight	0.09339	run_hybrid_fixed_sA	hybrid_fixed	A	5000	5.924525297439452e-06
8501	atomwise.outnet.1.linear.bias	0.075597	run_hybrid_fixed_sA	hybrid_fixed	A	5000	5.924525297439452e-06
8501	atomwise.outnet.1.linear.weight	0.10473	run_hybrid_fixed_sA	hybrid_fixed	A	5000	5.924525297439452e-06
8501	atomwise.outnet.2.linear.bias	0.030096	run_hybrid_fixed_sA	hybrid_fixed	A	5000	5.924525297439452e-06
8501	atomwise.outnet.2.linear.weight	0.32644	run_hybrid_fixed_sA	hybrid_fixed	A	5000	5.924525297439452e-06
8601	atomwise.linear_nn.linear.bias	0.064252	run_hybrid_fixed_sA	hybrid_fixed	A	5000	5.924525297439452e-06
8601	atomwise.linear_nn.linear.weight	0.29902	run_hybrid_fixed_sA	hybrid_fixed	A	5000	5.924525297439452e-06
8601	atomwise.outnet.0.linear.bias	0.21255	run_hybrid_fixed_sA	hybrid_fixed	A	5000	5.924525297439452e-06
8601	atomwise.outnet.0.linear.weight	0.17842	run_hybrid_fixed_sA	hybrid_fixed	A	5000	5.924525297439452e-06
8601	atomwise.outnet.1.linear.bias	0.14786	run_hybrid_fixed_sA	hybrid_fixed	A	5000	5.924525297439452e-06
8601	atomwise.outnet.1.linear.weight	0.20269	run_hybrid_fixed_sA	hybrid_fixed	A	5000	5.924525297439452e-06
8601	atomwise.outnet.2.linear.bias	0.064252	run_hybrid_fixed_sA	hybrid_fixed	A	5000	5.924525297439452e-06
8601	atomwise.outnet.2.linear.weight	0.63041	run_hybrid_fixed_sA	hybrid_fixed	A	5000	5.924525297439452e-06
8701	atomwise.linear_nn.linear.bias	0.014254	run_hybrid_fixed_sA	hybrid_fixed	A	5000	5.924525297439452e-06
8701	atomwise.linear_nn.linear.weight	0.021492	run_hybrid_fixed_sA	hybrid_fixed	A	5000	5.924525297439452e-06
8701	atomwise.outnet.0.linear.bias	0.014675	run_hybrid_fixed_sA	hybrid_fixed	A	5000	5.924525297439452e-06
8701	atomwise.outnet.0.linear.weight	0.013712	run_hybrid_fixed_sA	hybrid_fixed	A	5000	5.924525297439452e-06
8701	atomwise.outnet.1.linear.bias	0.010024	run_hybrid_fixed_sA	hybrid_fixed	A	5000	5.924525297439452e-06
8701	atomwise.outnet.1.linear.weight	0.0065489	run_hybrid_fixed_sA	hybrid_fixed	A	5000	5.924525297439452e-06
8701	atomwise.outnet.2.linear.bias	0.014254	run_hybrid_fixed_sA	hybrid_fixed	A	5000	5.924525297439452e-06
8701	atomwise.outnet.2.linear.weight	0.019715	run_hybrid_fixed_sA	hybrid_fixed	A	5000	5.924525297439452e-06
8801	atomwise.linear_nn.linear.bias	0.015242	run_hybrid_fixed_sA	hybrid_fixed	A	5000	5.924525297439452e-06
8801	atomwise.linear_nn.linear.weight	0.03624	run_hybrid_fixed_sA	hybrid_fixed	A	5000	5.924525297439452e-06
8801	atomwise.outnet.0.linear.bias	0.012996	run_hybrid_fixed_sA	hybrid_fixed	A	5000	5.924525297439452e-06
8801	atomwise.outnet.0.linear.weight	0.022524	run_hybrid_fixed_sA	hybrid_fixed	A	5000	5.924525297439452e-06
8801	atomwise.outnet.1.linear.bias	0.0087311	run_hybrid_fixed_sA	hybrid_fixed	A	5000	5.924525297439452e-06
8801	atomwise.outnet.1.linear.weight	0.0042586	run_hybrid_fixed_sA	hybrid_fixed	A	5000	5.924525297439452e-06
8801	atomwise.outnet.2.linear.bias	0.015242	run_hybrid_fixed_sA	hybrid_fixed	A	5000	5.924525297439452e-06
8801	atomwise.outnet.2.linear.weight	0.013904	run_hybrid_fixed_sA	hybrid_fixed	A	5000	5.924525297439452e-06
8901	atomwise.linear_nn.linear.bias	0.014437	run_hybrid_fixed_sA	hybrid_fixed	A	5000	5.924525297439452e-06
8901	atomwise.linear_nn.linear.weight	0.18248	run_hybrid_fixed_sA	hybrid_fixed	A	5000	5.924525297439452e-06
8901	atomwise.outnet.0.linear.bias	0.089532	run_hybrid_fixed_sA	hybrid_fixed	A	5000	5.924525297439452e-06
8901	atomwise.outnet.0.linear.weight	0.1004	run_hybrid_fixed_sA	hybrid_fixed	A	5000	5.924525297439452e-06
8901	atomwise.outnet.1.linear.bias	0.066709	run_hybrid_fixed_sA	hybrid_fixed	A	5000	5.924525297439452e-06
8901	atomwise.outnet.1.linear.weight	0.09409	run_hybrid_fixed_sA	hybrid_fixed	A	5000	5.924525297439452e-06
8901	atomwise.outnet.2.linear.bias	0.014437	run_hybrid_fixed_sA	hybrid_fixed	A	5000	5.924525297439452e-06
8901	atomwise.outnet.2.linear.weight	0.28838	run_hybrid_fixed_sA	hybrid_fixed	A	5000	5.924525297439452e-06
9001	atomwise.linear_nn.linear.bias	0.012003	run_hybrid_fixed_sA	hybrid_fixed	A	5000	5.924525297439452e-06
9001	atomwise.linear_nn.linear.weight	0.042818	run_hybrid_fixed_sA	hybrid_fixed	A	5000	5.924525297439452e-06
9001	atomwise.outnet.0.linear.bias	0.026015	run_hybrid_fixed_sA	hybrid_fixed	A	5000	5.924525297439452e-06
9001	atomwise.outnet.0.linear.weight	0.027483	run_hybrid_fixed_sA	hybrid_fixed	A	5000	5.924525297439452e-06
9001	atomwise.outnet.1.linear.bias	0.018476	run_hybrid_fixed_sA	hybrid_fixed	A	5000	5.924525297439452e-06
9001	atomwise.outnet.1.linear.weight	0.026269	run_hybrid_fixed_sA	hybrid_fixed	A	5000	5.924525297439452e-06
9001	atomwise.outnet.2.linear.bias	0.012003	run_hybrid_fixed_sA	hybrid_fixed	A	5000	5.924525297439452e-06
9001	atomwise.outnet.2.linear.weight	0.081171	run_hybrid_fixed_sA	hybrid_fixed	A	5000	5.924525297439452e-06
9101	atomwise.linear_nn.linear.bias	0.019872	run_hybrid_fixed_sA	hybrid_fixed	A	5000	5.924525297439452e-06
9101	atomwise.linear_nn.linear.weight	0.046447	run_hybrid_fixed_sA	hybrid_fixed	A	5000	5.924525297439452e-06
9101	atomwise.outnet.0.linear.bias	0.031724	run_hybrid_fixed_sA	hybrid_fixed	A	5000	5.924525297439452e-06
9101	atomwise.outnet.0.linear.weight	0.030378	run_hybrid_fixed_sA	hybrid_fixed	A	5000	5.924525297439452e-06
9101	atomwise.outnet.1.linear.bias	0.020126	run_hybrid_fixed_sA	hybrid_fixed	A	5000	5.924525297439452e-06
9101	atomwise.outnet.1.linear.weight	0.022525	run_hybrid_fixed_sA	hybrid_fixed	A	5000	5.924525297439452e-06
9101	atomwise.outnet.2.linear.bias	0.019872	run_hybrid_fixed_sA	hybrid_fixed	A	5000	5.924525297439452e-06
9101	atomwise.outnet.2.linear.weight	0.070768	run_hybrid_fixed_sA	hybrid_fixed	A	5000	5.924525297439452e-06
9201	atomwise.linear_nn.linear.bias	0.0044769	run_hybrid_fixed_sA	hybrid_fixed	A	5000	5.924525297439452e-06
9201	atomwise.linear_nn.linear.weight	0.091685	run_hybrid_fixed_sA	hybrid_fixed	A	5000	5.924525297439452e-06
9201	atomwise.outnet.0.linear.bias	0.015063	run_hybrid_fixed_sA	hybrid_fixed	A	5000	5.924525297439452e-06
9201	atomwise.outnet.0.linear.weight	0.046573	run_hybrid_fixed_sA	hybrid_fixed	A	5000	5.924525297439452e-06
9201	atomwise.outnet.1.linear.bias	0.010738	run_hybrid_fixed_sA	hybrid_fixed	A	5000	5.924525297439452e-06
9201	atomwise.outnet.1.linear.weight	0.019693	run_hybrid_fixed_sA	hybrid_fixed	A	5000	5.924525297439452e-06
9201	atomwise.outnet.2.linear.bias	0.0044769	run_hybrid_fixed_sA	hybrid_fixed	A	5000	5.924525297439452e-06
9201	atomwise.outnet.2.linear.weight	0.055412	run_hybrid_fixed_sA	hybrid_fixed	A	5000	5.924525297439452e-06
9301	atomwise.linear_nn.linear.bias	0.05323	run_hybrid_fixed_sA	hybrid_fixed	A	5000	5.924525297439452e-06
9301	atomwise.linear_nn.linear.weight	0.209	run_hybrid_fixed_sA	hybrid_fixed	A	5000	5.924525297439452e-06
9301	atomwise.outnet.0.linear.bias	0.17277	run_hybrid_fixed_sA	hybrid_fixed	A	5000	5.924525297439452e-06
9301	atomwise.outnet.0.linear.weight	0.13338	run_hybrid_fixed_sA	hybrid_fixed	A	5000	5.924525297439452e-06
9301	atomwise.outnet.1.linear.bias	0.12078	run_hybrid_fixed_sA	hybrid_fixed	A	5000	5.924525297439452e-06
9301	atomwise.outnet.1.linear.weight	0.17077	run_hybrid_fixed_sA	hybrid_fixed	A	5000	5.924525297439452e-06
9301	atomwise.outnet.2.linear.bias	0.05323	run_hybrid_fixed_sA	hybrid_fixed	A	5000	5.924525297439452e-06
9301	atomwise.outnet.2.linear.weight	0.53244	run_hybrid_fixed_sA	hybrid_fixed	A	5000	5.924525297439452e-06
9401	atomwise.linear_nn.linear.bias	0.03102	run_hybrid_fixed_sA	hybrid_fixed	A	5000	5.924525297439452e-06
9401	atomwise.linear_nn.linear.weight	0.078771	run_hybrid_fixed_sA	hybrid_fixed	A	5000	5.924525297439452e-06
9401	atomwise.outnet.0.linear.bias	0.085019	run_hybrid_fixed_sA	hybrid_fixed	A	5000	5.924525297439452e-06
9401	atomwise.outnet.0.linear.weight	0.0539	run_hybrid_fixed_sA	hybrid_fixed	A	5000	5.924525297439452e-06
9401	atomwise.outnet.1.linear.bias	0.058476	run_hybrid_fixed_sA	hybrid_fixed	A	5000	5.924525297439452e-06
9401	atomwise.outnet.1.linear.weight	0.081596	run_hybrid_fixed_sA	hybrid_fixed	A	5000	5.924525297439452e-06
9401	atomwise.outnet.2.linear.bias	0.03102	run_hybrid_fixed_sA	hybrid_fixed	A	5000	5.924525297439452e-06
9401	atomwise.outnet.2.linear.weight	0.25572	run_hybrid_fixed_sA	hybrid_fixed	A	5000	5.924525297439452e-06
9501	atomwise.linear_nn.linear.bias	0.03777	run_hybrid_fixed_sA	hybrid_fixed	A	5000	5.924525297439452e-06
9501	atomwise.linear_nn.linear.weight	0.097778	run_hybrid_fixed_sA	hybrid_fixed	A	5000	5.924525297439452e-06
9501	atomwise.outnet.0.linear.bias	0.089656	run_hybrid_fixed_sA	hybrid_fixed	A	5000	5.924525297439452e-06
9501	atomwise.outnet.0.linear.weight	0.064972	run_hybrid_fixed_sA	hybrid_fixed	A	5000	5.924525297439452e-06
9501	atomwise.outnet.1.linear.bias	0.061326	run_hybrid_fixed_sA	hybrid_fixed	A	5000	5.924525297439452e-06
9501	atomwise.outnet.1.linear.weight	0.07981	run_hybrid_fixed_sA	hybrid_fixed	A	5000	5.924525297439452e-06
9501	atomwise.outnet.2.linear.bias	0.03777	run_hybrid_fixed_sA	hybrid_fixed	A	5000	5.924525297439452e-06
9501	atomwise.outnet.2.linear.weight	0.2518	run_hybrid_fixed_sA	hybrid_fixed	A	5000	5.924525297439452e-06
9601	atomwise.linear_nn.linear.bias	0.018803	run_hybrid_fixed_sA	hybrid_fixed	A	5000	5.924525297439452e-06
9601	atomwise.linear_nn.linear.weight	0.09064	run_hybrid_fixed_sA	hybrid_fixed	A	5000	5.924525297439452e-06
9601	atomwise.outnet.0.linear.bias	0.037271	run_hybrid_fixed_sA	hybrid_fixed	A	5000	5.924525297439452e-06
9601	atomwise.outnet.0.linear.weight	0.070475	run_hybrid_fixed_sA	hybrid_fixed	A	5000	5.924525297439452e-06
9601	atomwise.outnet.1.linear.bias	0.024086	run_hybrid_fixed_sA	hybrid_fixed	A	5000	5.924525297439452e-06
9601	atomwise.outnet.1.linear.weight	0.050059	run_hybrid_fixed_sA	hybrid_fixed	A	5000	5.924525297439452e-06
9601	atomwise.outnet.2.linear.bias	0.018803	run_hybrid_fixed_sA	hybrid_fixed	A	5000	5.924525297439452e-06
9601	atomwise.outnet.2.linear.weight	0.14002	run_hybrid_fixed_sA	hybrid_fixed	A	5000	5.924525297439452e-06
9701	atomwise.linear_nn.linear.bias	0.022484	run_hybrid_fixed_sA	hybrid_fixed	A	5000	5.924525297439452e-06
9701	atomwise.linear_nn.linear.weight	0.18334	run_hybrid_fixed_sA	hybrid_fixed	A	5000	5.924525297439452e-06
9701	atomwise.outnet.0.linear.bias	0.086982	run_hybrid_fixed_sA	hybrid_fixed	A	5000	5.924525297439452e-06
9701	atomwise.outnet.0.linear.weight	0.10145	run_hybrid_fixed_sA	hybrid_fixed	A	5000	5.924525297439452e-06
9701	atomwise.outnet.1.linear.bias	0.059938	run_hybrid_fixed_sA	hybrid_fixed	A	5000	5.924525297439452e-06
9701	atomwise.outnet.1.linear.weight	0.082937	run_hybrid_fixed_sA	hybrid_fixed	A	5000	5.924525297439452e-06
9701	atomwise.outnet.2.linear.bias	0.022484	run_hybrid_fixed_sA	hybrid_fixed	A	5000	5.924525297439452e-06
9701	atomwise.outnet.2.linear.weight	0.25468	run_hybrid_fixed_sA	hybrid_fixed	A	5000	5.924525297439452e-06
9801	atomwise.linear_nn.linear.bias	0.0094798	run_hybrid_fixed_sA	hybrid_fixed	A	5000	5.924525297439452e-06
9801	atomwise.linear_nn.linear.weight	0.055466	run_hybrid_fixed_sA	hybrid_fixed	A	5000	5.924525297439452e-06
9801	atomwise.outnet.0.linear.bias	0.0072617	run_hybrid_fixed_sA	hybrid_fixed	A	5000	5.924525297439452e-06
9801	atomwise.outnet.0.linear.weight	0.029364	run_hybrid_fixed_sA	hybrid_fixed	A	5000	5.924525297439452e-06
9801	atomwise.outnet.1.linear.bias	0.0048253	run_hybrid_fixed_sA	hybrid_fixed	A	5000	5.924525297439452e-06
9801	atomwise.outnet.1.linear.weight	0.0047458	run_hybrid_fixed_sA	hybrid_fixed	A	5000	5.924525297439452e-06
9801	atomwise.outnet.2.linear.bias	0.0094798	run_hybrid_fixed_sA	hybrid_fixed	A	5000	5.924525297439452e-06
9801	atomwise.outnet.2.linear.weight	0.011655	run_hybrid_fixed_sA	hybrid_fixed	A	5000	5.924525297439452e-06
9901	atomwise.linear_nn.linear.bias	0.014516	run_hybrid_fixed_sA	hybrid_fixed	A	5000	5.924525297439452e-06
9901	atomwise.linear_nn.linear.weight	0.061424	run_hybrid_fixed_sA	hybrid_fixed	A	5000	5.924525297439452e-06
9901	atomwise.outnet.0.linear.bias	0.046888	run_hybrid_fixed_sA	hybrid_fixed	A	5000	5.924525297439452e-06
9901	atomwise.outnet.0.linear.weight	0.038121	run_hybrid_fixed_sA	hybrid_fixed	A	5000	5.924525297439452e-06
9901	atomwise.outnet.1.linear.bias	0.031866	run_hybrid_fixed_sA	hybrid_fixed	A	5000	5.924525297439452e-06
9901	atomwise.outnet.1.linear.weight	0.043177	run_hybrid_fixed_sA	hybrid_fixed	A	5000	5.924525297439452e-06
9901	atomwise.outnet.2.linear.bias	0.014516	run_hybrid_fixed_sA	hybrid_fixed	A	5000	5.924525297439452e-06
9901	atomwise.outnet.2.linear.weight	0.13322	run_hybrid_fixed_sA	hybrid_fixed	A	5000	5.924525297439452e-06
1	atomwise.linear_nn.linear.bias	10.806	run_hybrid_fixed_sB	hybrid_fixed	B	5000	0.001
1	atomwise.linear_nn.linear.weight	425.95	run_hybrid_fixed_sB	hybrid_fixed	B	5000	0.001
1	atomwise.outnet.0.linear.bias	1.1056	run_hybrid_fixed_sB	hybrid_fixed	B	5000	0.001
1	atomwise.outnet.0.linear.weight	47.34	run_hybrid_fixed_sB	hybrid_fixed	B	5000	0.001
1	atomwise.outnet.1.linear.bias	3.744	run_hybrid_fixed_sB	hybrid_fixed	B	5000	0.001
1	atomwise.outnet.1.linear.weight	5.1802	run_hybrid_fixed_sB	hybrid_fixed	B	5000	0.001
1	atomwise.outnet.2.linear.bias	10.806	run_hybrid_fixed_sB	hybrid_fixed	B	5000	0.001
1	atomwise.outnet.2.linear.weight	4.0367	run_hybrid_fixed_sB	hybrid_fixed	B	5000	0.001
101	atomwise.linear_nn.linear.bias	17.773	run_hybrid_fixed_sB	hybrid_fixed	B	5000	0.001
101	atomwise.linear_nn.linear.weight	442.19	run_hybrid_fixed_sB	hybrid_fixed	B	5000	0.001
101	atomwise.outnet.0.linear.bias	1.6474	run_hybrid_fixed_sB	hybrid_fixed	B	5000	0.001
101	atomwise.outnet.0.linear.weight	78.841	run_hybrid_fixed_sB	hybrid_fixed	B	5000	0.001
101	atomwise.outnet.1.linear.bias	5.8901	run_hybrid_fixed_sB	hybrid_fixed	B	5000	0.001
101	atomwise.outnet.1.linear.weight	13.147	run_hybrid_fixed_sB	hybrid_fixed	B	5000	0.001
101	atomwise.outnet.2.linear.bias	17.773	run_hybrid_fixed_sB	hybrid_fixed	B	5000	0.001
101	atomwise.outnet.2.linear.weight	10.901	run_hybrid_fixed_sB	hybrid_fixed	B	5000	0.001
201	atomwise.linear_nn.linear.bias	6.8755	run_hybrid_fixed_sB	hybrid_fixed	B	5000	0.001
201	atomwise.linear_nn.linear.weight	196.22	run_hybrid_fixed_sB	hybrid_fixed	B	5000	0.001
201	atomwise.outnet.0.linear.bias	3.7443	run_hybrid_fixed_sB	hybrid_fixed	B	5000	0.001
201	atomwise.outnet.0.linear.weight	33.265	run_hybrid_fixed_sB	hybrid_fixed	B	5000	0.001
201	atomwise.outnet.1.linear.bias	5.1854	run_hybrid_fixed_sB	hybrid_fixed	B	5000	0.001
201	atomwise.outnet.1.linear.weight	16.779	run_hybrid_fixed_sB	hybrid_fixed	B	5000	0.001
201	atomwise.outnet.2.linear.bias	6.8755	run_hybrid_fixed_sB	hybrid_fixed	B	5000	0.001
201	atomwise.outnet.2.linear.weight	22.327	run_hybrid_fixed_sB	hybrid_fixed	B	5000	0.001
301	atomwise.linear_nn.linear.bias	13.287	run_hybrid_fixed_sB	hybrid_fixed	B	5000	0.001
301	atomwise.linear_nn.linear.weight	50.889	run_hybrid_fixed_sB	hybrid_fixed	B	5000	0.001
301	atomwise.outnet.0.linear.bias	1.7596	run_hybrid_fixed_sB	hybrid_fixed	B	5000	0.001
301	atomwise.outnet.0.linear.weight	8.05	run_hybrid_fixed_sB	hybrid_fixed	B	5000	0.001
301	atomwise.outnet.1.linear.bias	4.8105	run_hybrid_fixed_sB	hybrid_fixed	B	5000	0.001
301	atomwise.outnet.1.linear.weight	8.1471	run_hybrid_fixed_sB	hybrid_fixed	B	5000	0.001
301	atomwise.outnet.2.linear.bias	13.287	run_hybrid_fixed_sB	hybrid_fixed	B	5000	0.001
301	atomwise.outnet.2.linear.weight	11.984	run_hybrid_fixed_sB	hybrid_fixed	B	5000	0.001
401	atomwise.linear_nn.linear.bias	6.9477	run_hybrid_fixed_sB	hybrid_fixed	B	5000	0.001
401	atomwise.linear_nn.linear.weight	81.919	run_hybrid_fixed_sB	hybrid_fixed	B	5000	0.001
401	atomwise.outnet.0.linear.bias	3.0876	run_hybrid_fixed_sB	hybrid_fixed	B	5000	0.001
401	atomwise.outnet.0.linear.weight	13.634	run_hybrid_fixed_sB	hybrid_fixed	B	5000	0.001
401	atomwise.outnet.1.linear.bias	4.3799	run_hybrid_fixed_sB	hybrid_fixed	B	5000	0.001
401	atomwise.outnet.1.linear.weight	12.549	run_hybrid_fixed_sB	hybrid_fixed	B	5000	0.001
401	atomwise.outnet.2.linear.bias	6.9477	run_hybrid_fixed_sB	hybrid_fixed	B	5000	0.001
401	atomwise.outnet.2.linear.weight	18.217	run_hybrid_fixed_sB	hybrid_fixed	B	5000	0.001
501	atomwise.linear_nn.linear.bias	3.0161	run_hybrid_fixed_sB	hybrid_fixed	B	5000	0.001
501	atomwise.linear_nn.linear.weight	47.539	run_hybrid_fixed_sB	hybrid_fixed	B	5000	0.001
501	atomwise.outnet.0.linear.bias	1.0564	run_hybrid_fixed_sB	hybrid_fixed	B	5000	0.001
501	atomwise.outnet.0.linear.weight	10.03	run_hybrid_fixed_sB	hybrid_fixed	B	5000	0.001
501	atomwise.outnet.1.linear.bias	1.6185	run_hybrid_fixed_sB	hybrid_fixed	B	5000	0.001
501	atomwise.outnet.1.linear.weight	4.2229	run_hybrid_fixed_sB	hybrid_fixed	B	5000	0.001
501	atomwise.outnet.2.linear.bias	3.0161	run_hybrid_fixed_sB	hybrid_fixed	B	5000	0.001
501	atomwise.outnet.2.linear.weight	5.856	run_hybrid_fixed_sB	hybrid_fixed	B	5000	0.001
601	atomwise.linear_nn.linear.bias	7.6524	run_hybrid_fixed_sB	hybrid_fixed	B	5000	0.001
601	atomwise.linear_nn.linear.weight	182.88	run_hybrid_fixed_sB	hybrid_fixed	B	5000	0.001
601	atomwise.outnet.0.linear.bias	7.9315	run_hybrid_fixed_sB	hybrid_fixed	B	5000	0.001
601	atomwise.outnet.0.linear.weight	35.514	run_hybrid_fixed_sB	hybrid_fixed	B	5000	0.001
601	atomwise.outnet.1.linear.bias	9.1611	run_hybrid_fixed_sB	hybrid_fixed	B	5000	0.001
601	atomwise.outnet.1.linear.weight	25.351	run_hybrid_fixed_sB	hybrid_fixed	B	5000	0.001
601	atomwise.outnet.2.linear.bias	7.6524	run_hybrid_fixed_sB	hybrid_fixed	B	5000	0.001
601	atomwise.outnet.2.linear.weight	38.381	run_hybrid_fixed_sB	hybrid_fixed	B	5000	0.001
701	atomwise.linear_nn.linear.bias	3.9952	run_hybrid_fixed_sB	hybrid_fixed	B	5000	0.001
701	atomwise.linear_nn.linear.weight	178.29	run_hybrid_fixed_sB	hybrid_fixed	B	5000	0.001
701	atomwise.outnet.0.linear.bias	6.9902	run_hybrid_fixed_sB	hybrid_fixed	B	5000	0.001
701	atomwise.outnet.0.linear.weight	38.929	run_hybrid_fixed_sB	hybrid_fixed	B	5000	0.001
701	atomwise.outnet.1.linear.bias	7.1676	run_hybrid_fixed_sB	hybrid_fixed	B	5000	0.001
701	atomwise.outnet.1.linear.weight	16.573	run_hybrid_fixed_sB	hybrid_fixed	B	5000	0.001
701	atomwise.outnet.2.linear.bias	3.9952	run_hybrid_fixed_sB	hybrid_fixed	B	5000	0.001
701	atomwise.outnet.2.linear.weight	23.267	run_hybrid_fixed_sB	hybrid_fixed	B	5000	0.001
801	atomwise.linear_nn.linear.bias	0.75072	run_hybrid_fixed_sB	hybrid_fixed	B	5000	0.001
801	atomwise.linear_nn.linear.weight	147.28	run_hybrid_fixed_sB	hybrid_fixed	B	5000	0.001
801	atomwise.outnet.0.linear.bias	5.9199	run_hybrid_fixed_sB	hybrid_fixed	B	5000	0.001
801	atomwise.outnet.0.linear.weight	32.382	run_hybrid_fixed_sB	hybrid_fixed	B	5000	0.001
801	atomwise.outnet.1.linear.bias	6.0109	run_hybrid_fixed_sB	hybrid_fixed	B	5000	0.001
801	atomwise.outnet.1.linear.weight	14.7	run_hybrid_fixed_sB	hybrid_fixed	B	5000	0.001
801	atomwise.outnet.2.linear.bias	0.75072	run_hybrid_fixed_sB	hybrid_fixed	B	5000	0.001
801	atomwise.outnet.2.linear.weight	20.919	run_hybrid_fixed_sB	hybrid_fixed	B	5000	0.001
901	atomwise.linear_nn.linear.bias	1.3502	run_hybrid_fixed_sB	hybrid_fixed	B	5000	0.001
901	atomwise.linear_nn.linear.weight	20.532	run_hybrid_fixed_sB	hybrid_fixed	B	5000	0.001
901	atomwise.outnet.0.linear.bias	0.34644	run_hybrid_fixed_sB	hybrid_fixed	B	5000	0.001
901	atomwise.outnet.0.linear.weight	5.4408	run_hybrid_fixed_sB	hybrid_fixed	B	5000	0.001
901	atomwise.outnet.1.linear.bias	0.52168	run_hybrid_fixed_sB	hybrid_fixed	B	5000	0.001
901	atomwise.outnet.1.linear.weight	2.4665	run_hybrid_fixed_sB	hybrid_fixed	B	5000	0.001
901	atomwise.outnet.2.linear.bias	1.3502	run_hybrid_fixed_sB	hybrid_fixed	B	5000	0.001
901	atomwise.outnet.2.linear.weight	2.7899	run_hybrid_fixed_sB	hybrid_fixed	B	5000	0.001
1001	atomwise.linear_nn.linear.bias	9.7045	run_hybrid_fixed_sB	hybrid_fixed	B	5000	0.001
1001	atomwise.linear_nn.linear.weight	244.53	run_hybrid_fixed_sB	hybrid_fixed	B	5000	0.001
1001	atomwise.outnet.0.linear.bias	9.8124	run_hybrid_fixed_sB	hybrid_fixed	B	5000	0.001
1001	atomwise.outnet.0.linear.weight	50.755	run_hybrid_fixed_sB	hybrid_fixed	B	5000	0.001
1001	atomwise.outnet.1.linear.bias	10.592	run_hybrid_fixed_sB	hybrid_fixed	B	5000	0.001
1001	atomwise.outnet.1.linear.weight	28.122	run_hybrid_fixed_sB	hybrid_fixed	B	5000	0.001
1001	atomwise.outnet.2.linear.bias	9.7045	run_hybrid_fixed_sB	hybrid_fixed	B	5000	0.001
1001	atomwise.outnet.2.linear.weight	38.334	run_hybrid_fixed_sB	hybrid_fixed	B	5000	0.001
1101	atomwise.linear_nn.linear.bias	2.1415	run_hybrid_fixed_sB	hybrid_fixed	B	5000	0.001
1101	atomwise.linear_nn.linear.weight	26.545	run_hybrid_fixed_sB	hybrid_fixed	B	5000	0.001
1101	atomwise.outnet.0.linear.bias	0.41128	run_hybrid_fixed_sB	hybrid_fixed	B	5000	0.001
1101	atomwise.outnet.0.linear.weight	5.9753	run_hybrid_fixed_sB	hybrid_fixed	B	5000	0.001
1101	atomwise.outnet.1.linear.bias	0.8774	run_hybrid_fixed_sB	hybrid_fixed	B	5000	0.001
1101	atomwise.outnet.1.linear.weight	2.5421	run_hybrid_fixed_sB	hybrid_fixed	B	5000	0.001
1101	atomwise.outnet.2.linear.bias	2.1415	run_hybrid_fixed_sB	hybrid_fixed	B	5000	0.001
1101	atomwise.outnet.2.linear.weight	1.9455	run_hybrid_fixed_sB	hybrid_fixed	B	5000	0.001
1201	atomwise.linear_nn.linear.bias	1.9818	run_hybrid_fixed_sB	hybrid_fixed	B	5000	0.001
1201	atomwise.linear_nn.linear.weight	32.554	run_hybrid_fixed_sB	hybrid_fixed	B	5000	0.001
1201	atomwise.outnet.0.linear.bias	1.3956	run_hybrid_fixed_sB	hybrid_fixed	B	5000	0.001
1201	atomwise.outnet.0.linear.weight	7.3867	run_hybrid_fixed_sB	hybrid_fixed	B	5000	0.001
1201	atomwise.outnet.1.linear.bias	1.3606	run_hybrid_fixed_sB	hybrid_fixed	B	5000	0.001
1201	atomwise.outnet.1.linear.weight	3.0678	run_hybrid_fixed_sB	hybrid_fixed	B	5000	0.001
1201	atomwise.outnet.2.linear.bias	1.9818	run_hybrid_fixed_sB	hybrid_fixed	B	5000	0.001
1201	atomwise.outnet.2.linear.weight	3.0285	run_hybrid_fixed_sB	hybrid_fixed	B	5000	0.001
1301	atomwise.linear_nn.linear.bias	4.6142	run_hybrid_fixed_sB	hybrid_fixed	B	5000	0.001
1301	atomwise.linear_nn.linear.weight	6.7794	run_hybrid_fixed_sB	hybrid_fixed	B	5000	0.001
1301	atomwise.outnet.0.linear.bias	0.94033	run_hybrid_fixed_sB	hybrid_fixed	B	5000	0.001
1301	atomwise.outnet.0.linear.weight	1.9494	run_hybrid_fixed_sB	hybrid_fixed	B	5000	0.001
1301	atomwise.outnet.1.linear.bias	1.7309	run_hybrid_fixed_sB	hybrid_fixed	B	5000	0.001
1301	atomwise.outnet.1.linear.weight	1.0376	run_hybrid_fixed_sB	hybrid_fixed	B	5000	0.001
1301	atomwise.outnet.2.linear.bias	4.6142	run_hybrid_fixed_sB	hybrid_fixed	B	5000	0.001
1301	atomwise.outnet.2.linear.weight	1.621	run_hybrid_fixed_sB	hybrid_fixed	B	5000	0.001
1401	atomwise.linear_nn.linear.bias	7.791	run_hybrid_fixed_sB	hybrid_fixed	B	5000	0.001
1401	atomwise.linear_nn.linear.weight	128.94	run_hybrid_fixed_sB	hybrid_fixed	B	5000	0.001
1401	atomwise.outnet.0.linear.bias	4.2702	run_hybrid_fixed_sB	hybrid_fixed	B	5000	0.001
1401	atomwise.outnet.0.linear.weight	26.784	run_hybrid_fixed_sB	hybrid_fixed	B	5000	0.001
1401	atomwise.outnet.1.linear.bias	5.0157	run_hybrid_fixed_sB	hybrid_fixed	B	5000	0.001
1401	atomwise.outnet.1.linear.weight	14.213	run_hybrid_fixed_sB	hybrid_fixed	B	5000	0.001
1401	atomwise.outnet.2.linear.bias	7.791	run_hybrid_fixed_sB	hybrid_fixed	B	5000	0.001
1401	atomwise.outnet.2.linear.weight	15.214	run_hybrid_fixed_sB	hybrid_fixed	B	5000	0.001
1501	atomwise.linear_nn.linear.bias	3.8123	run_hybrid_fixed_sB	hybrid_fixed	B	5000	0.001
1501	atomwise.linear_nn.linear.weight	9.3956	run_hybrid_fixed_sB	hybrid_fixed	B	5000	0.001
1501	atomwise.outnet.0.linear.bias	0.93019	run_hybrid_fixed_sB	hybrid_fixed	B	5000	0.001
1501	atomwise.outnet.0.linear.weight	2.6099	run_hybrid_fixed_sB	hybrid_fixed	B	5000	0.001
1501	atomwise.outnet.1.linear.bias	1.4724	run_hybrid_fixed_sB	hybrid_fixed	B	5000	0.001
1501	atomwise.outnet.1.linear.weight	0.55484	run_hybrid_fixed_sB	hybrid_fixed	B	5000	0.001
1501	atomwise.outnet.2.linear.bias	3.8123	run_hybrid_fixed_sB	hybrid_fixed	B	5000	0.001
1501	atomwise.outnet.2.linear.weight	1.1967	run_hybrid_fixed_sB	hybrid_fixed	B	5000	0.001
1601	atomwise.linear_nn.linear.bias	12.869	run_hybrid_fixed_sB	hybrid_fixed	B	5000	0.001
1601	atomwise.linear_nn.linear.weight	61.248	run_hybrid_fixed_sB	hybrid_fixed	B	5000	0.001
1601	atomwise.outnet.0.linear.bias	1.5161	run_hybrid_fixed_sB	hybrid_fixed	B	5000	0.001
1601	atomwise.outnet.0.linear.weight	12.257	run_hybrid_fixed_sB	hybrid_fixed	B	5000	0.001
1601	atomwise.outnet.1.linear.bias	4.7541	run_hybrid_fixed_sB	hybrid_fixed	B	5000	0.001
1601	atomwise.outnet.1.linear.weight	7.4899	run_hybrid_fixed_sB	hybrid_fixed	B	5000	0.001
1601	atomwise.outnet.2.linear.bias	12.869	run_hybrid_fixed_sB	hybrid_fixed	B	5000	0.001
1601	atomwise.outnet.2.linear.weight	7.5713	run_hybrid_fixed_sB	hybrid_fixed	B	5000	0.001
1701	atomwise.linear_nn.linear.bias	6.7521	run_hybrid_fixed_sB	hybrid_fixed	B	5000	0.001
1701	atomwise.linear_nn.linear.weight	19.67	run_hybrid_fixed_sB	hybrid_fixed	B	5000	0.001
1701	atomwise.outnet.0.linear.bias	1.3133	run_hybrid_fixed_sB	hybrid_fixed	B	5000	0.001
1701	atomwise.outnet.0.linear.weight	5.3532	run_hybrid_fixed_sB	hybrid_fixed	B	5000	0.001
1701	atomwise.outnet.1.linear.bias	2.4852	run_hybrid_fixed_sB	hybrid_fixed	B	5000	0.001
1701	atomwise.outnet.1.linear.weight	2.6584	run_hybrid_fixed_sB	hybrid_fixed	B	5000	0.001
1701	atomwise.outnet.2.linear.bias	6.7521	run_hybrid_fixed_sB	hybrid_fixed	B	5000	0.001
1701	atomwise.outnet.2.linear.weight	3.9779	run_hybrid_fixed_sB	hybrid_fixed	B	5000	0.001
1801	atomwise.linear_nn.linear.bias	1.363	run_hybrid_fixed_sB	hybrid_fixed	B	5000	0.001
1801	atomwise.linear_nn.linear.weight	28.618	run_hybrid_fixed_sB	hybrid_fixed	B	5000	0.001
1801	atomwise.outnet.0.linear.bias	2.3487	run_hybrid_fixed_sB	hybrid_fixed	B	5000	0.001
1801	atomwise.outnet.0.linear.weight	5.4207	run_hybrid_fixed_sB	hybrid_fixed	B	5000	0.001
1801	atomwise.outnet.1.linear.bias	2.2941	run_hybrid_fixed_sB	hybrid_fixed	B	5000	0.001
1801	atomwise.outnet.1.linear.weight	5.8075	run_hybrid_fixed_sB	hybrid_fixed	B	5000	0.001
1801	atomwise.outnet.2.linear.bias	1.363	run_hybrid_fixed_sB	hybrid_fixed	B	5000	0.001
1801	atomwise.outnet.2.linear.weight	9.316	run_hybrid_fixed_sB	hybrid_fixed	B	5000	0.001
1901	atomwise.linear_nn.linear.bias	3.2804	run_hybrid_fixed_sB	hybrid_fixed	B	5000	0.001
1901	atomwise.linear_nn.linear.weight	15.032	run_hybrid_fixed_sB	hybrid_fixed	B	5000	0.001
1901	atomwise.outnet.0.linear.bias	1.8738	run_hybrid_fixed_sB	hybrid_fixed	B	5000	0.001
1901	atomwise.outnet.0.linear.weight	3.3892	run_hybrid_fixed_sB	hybrid_fixed	B	5000	0.001
1901	atomwise.outnet.1.linear.bias	1.9128	run_hybrid_fixed_sB	hybrid_fixed	B	5000	0.001
1901	atomwise.outnet.1.linear.weight	2.3283	run_hybrid_fixed_sB	hybrid_fixed	B	5000	0.001
1901	atomwise.outnet.2.linear.bias	3.2804	run_hybrid_fixed_sB	hybrid_fixed	B	5000	0.001
1901	atomwise.outnet.2.linear.weight	4.4573	run_hybrid_fixed_sB	hybrid_fixed	B	5000	0.001
2001	atomwise.linear_nn.linear.bias	5.3839	run_hybrid_fixed_sB	hybrid_fixed	B	5000	0.001
2001	atomwise.linear_nn.linear.weight	164.39	run_hybrid_fixed_sB	hybrid_fixed	B	5000	0.001
2001	atomwise.outnet.0.linear.bias	8.8944	run_hybrid_fixed_sB	hybrid_fixed	B	5000	0.001
2001	atomwise.outnet.0.linear.weight	36.178	run_hybrid_fixed_sB	hybrid_fixed	B	5000	0.001
2001	atomwise.outnet.1.linear.bias	8.3029	run_hybrid_fixed_sB	hybrid_fixed	B	5000	0.001
2001	atomwise.outnet.1.linear.weight	21.693	run_hybrid_fixed_sB	hybrid_fixed	B	5000	0.001
2001	atomwise.outnet.2.linear.bias	5.3839	run_hybrid_fixed_sB	hybrid_fixed	B	5000	0.001
2001	atomwise.outnet.2.linear.weight	27.486	run_hybrid_fixed_sB	hybrid_fixed	B	5000	0.001
2101	atomwise.linear_nn.linear.bias	3.6458	run_hybrid_fixed_sB	hybrid_fixed	B	5000	0.001
2101	atomwise.linear_nn.linear.weight	93.262	run_hybrid_fixed_sB	hybrid_fixed	B	5000	0.001
2101	atomwise.outnet.0.linear.bias	4.6616	run_hybrid_fixed_sB	hybrid_fixed	B	5000	0.001
2101	atomwise.outnet.0.linear.weight	20.714	run_hybrid_fixed_sB	hybrid_fixed	B	5000	0.001
2101	atomwise.outnet.1.linear.bias	4.4089	run_hybrid_fixed_sB	hybrid_fixed	B	5000	0.001
2101	atomwise.outnet.1.linear.weight	12.026	run_hybrid_fixed_sB	hybrid_fixed	B	5000	0.001
2101	atomwise.outnet.2.linear.bias	3.6458	run_hybrid_fixed_sB	hybrid_fixed	B	5000	0.001
2101	atomwise.outnet.2.linear.weight	13.946	run_hybrid_fixed_sB	hybrid_fixed	B	5000	0.001
2201	atomwise.linear_nn.linear.bias	0.17955	run_hybrid_fixed_sB	hybrid_fixed	B	5000	0.001
2201	atomwise.linear_nn.linear.weight	29.112	run_hybrid_fixed_sB	hybrid_fixed	B	5000	0.001
2201	atomwise.outnet.0.linear.bias	1.1904	run_hybrid_fixed_sB	hybrid_fixed	B	5000	0.001
2201	atomwise.outnet.0.linear.weight	7.2598	run_hybrid_fixed_sB	hybrid_fixed	B	5000	0.001
2201	atomwise.outnet.1.linear.bias	1.001	run_hybrid_fixed_sB	hybrid_fixed	B	5000	0.001
2201	atomwise.outnet.1.linear.weight	3.116	run_hybrid_fixed_sB	hybrid_fixed	B	5000	0.001
2201	atomwise.outnet.2.linear.bias	0.17955	run_hybrid_fixed_sB	hybrid_fixed	B	5000	0.001
2201	atomwise.outnet.2.linear.weight	2.7695	run_hybrid_fixed_sB	hybrid_fixed	B	5000	0.001
2301	atomwise.linear_nn.linear.bias	0.88573	run_hybrid_fixed_sB	hybrid_fixed	B	5000	0.001
2301	atomwise.linear_nn.linear.weight	12.948	run_hybrid_fixed_sB	hybrid_fixed	B	5000	0.001
2301	atomwise.outnet.0.linear.bias	0.73872	run_hybrid_fixed_sB	hybrid_fixed	B	5000	0.001
2301	atomwise.outnet.0.linear.weight	3.7615	run_hybrid_fixed_sB	hybrid_fixed	B	5000	0.001
2301	atomwise.outnet.1.linear.bias	0.58672	run_hybrid_fixed_sB	hybrid_fixed	B	5000	0.001
2301	atomwise.outnet.1.linear.weight	1.0434	run_hybrid_fixed_sB	hybrid_fixed	B	5000	0.001
2301	atomwise.outnet.2.linear.bias	0.88573	run_hybrid_fixed_sB	hybrid_fixed	B	5000	0.001
2301	atomwise.outnet.2.linear.weight	1.3224	run_hybrid_fixed_sB	hybrid_fixed	B	5000	0.001
2401	atomwise.linear_nn.linear.bias	5.5101	run_hybrid_fixed_sB	hybrid_fixed	B	5000	0.001
2401	atomwise.linear_nn.linear.weight	47.928	run_hybrid_fixed_sB	hybrid_fixed	B	5000	0.001
2401	atomwise.outnet.0.linear.bias	4.0663	run_hybrid_fixed_sB	hybrid_fixed	B	5000	0.001
2401	atomwise.outnet.0.linear.weight	12.872	run_hybrid_fixed_sB	hybrid_fixed	B	5000	0.001
2401	atomwise.outnet.1.linear.bias	3.6099	run_hybrid_fixed_sB	hybrid_fixed	B	5000	0.001
2401	atomwise.outnet.1.linear.weight	5.026	run_hybrid_fixed_sB	hybrid_fixed	B	5000	0.001
2401	atomwise.outnet.2.linear.bias	5.5101	run_hybrid_fixed_sB	hybrid_fixed	B	5000	0.001
2401	atomwise.outnet.2.linear.weight	7.1508	run_hybrid_fixed_sB	hybrid_fixed	B	5000	0.001
2501	atomwise.linear_nn.linear.bias	0.23317	run_hybrid_fixed_sB	hybrid_fixed	B	5000	0.001
2501	atomwise.linear_nn.linear.weight	20.542	run_hybrid_fixed_sB	hybrid_fixed	B	5000	0.001
2501	atomwise.outnet.0.linear.bias	2.4787	run_hybrid_fixed_sB	hybrid_fixed	B	5000	0.001
2501	atomwise.outnet.0.linear.weight	5.4292	run_hybrid_fixed_sB	hybrid_fixed	B	5000	0.001
2501	atomwise.outnet.1.linear.bias	2.2486	run_hybrid_fixed_sB	hybrid_fixed	B	5000	0.001
2501	atomwise.outnet.1.linear.weight	4.8087	run_hybrid_fixed_sB	hybrid_fixed	B	5000	0.001
2501	atomwise.outnet.2.linear.bias	0.23317	run_hybrid_fixed_sB	hybrid_fixed	B	5000	0.001
2501	atomwise.outnet.2.linear.weight	8.995	run_hybrid_fixed_sB	hybrid_fixed	B	5000	0.001
2601	atomwise.linear_nn.linear.bias	1.3761	run_hybrid_fixed_sB	hybrid_fixed	B	5000	0.001
2601	atomwise.linear_nn.linear.weight	4.7304	run_hybrid_fixed_sB	hybrid_fixed	B	5000	0.001
2601	atomwise.outnet.0.linear.bias	0.88498	run_hybrid_fixed_sB	hybrid_fixed	B	5000	0.001
2601	atomwise.outnet.0.linear.weight	1.5543	run_hybrid_fixed_sB	hybrid_fixed	B	5000	0.001
2601	atomwise.outnet.1.linear.bias	0.98739	run_hybrid_fixed_sB	hybrid_fixed	B	5000	0.001
2601	atomwise.outnet.1.linear.weight	1.5144	run_hybrid_fixed_sB	hybrid_fixed	B	5000	0.001
2601	atomwise.outnet.2.linear.bias	1.3761	run_hybrid_fixed_sB	hybrid_fixed	B	5000	0.001
2601	atomwise.outnet.2.linear.weight	3.2687	run_hybrid_fixed_sB	hybrid_fixed	B	5000	0.001
2701	atomwise.linear_nn.linear.bias	2.9398	run_hybrid_fixed_sB	hybrid_fixed	B	5000	0.001
2701	atomwise.linear_nn.linear.weight	85.578	run_hybrid_fixed_sB	hybrid_fixed	B	5000	0.001
2701	atomwise.outnet.0.linear.bias	4.4404	run_hybrid_fixed_sB	hybrid_fixed	B	5000	0.001
2701	atomwise.outnet.0.linear.weight	22.527	run_hybrid_fixed_sB	hybrid_fixed	B	5000	0.001
2701	atomwise.outnet.1.linear.bias	3.9243	run_hybrid_fixed_sB	hybrid_fixed	B	5000	0.001
2701	atomwise.outnet.1.linear.weight	11.233	run_hybrid_fixed_sB	hybrid_fixed	B	5000	0.001
2701	atomwise.outnet.2.linear.bias	2.9398	run_hybrid_fixed_sB	hybrid_fixed	B	5000	0.001
2701	atomwise.outnet.2.linear.weight	11.131	run_hybrid_fixed_sB	hybrid_fixed	B	5000	0.001
2801	atomwise.linear_nn.linear.bias	2.5729	run_hybrid_fixed_sB	hybrid_fixed	B	5000	0.001
2801	atomwise.linear_nn.linear.weight	96.859	run_hybrid_fixed_sB	hybrid_fixed	B	5000	0.001
2801	atomwise.outnet.0.linear.bias	7.664	run_hybrid_fixed_sB	hybrid_fixed	B	5000	0.001
2801	atomwise.outnet.0.linear.weight	27.894	run_hybrid_fixed_sB	hybrid_fixed	B	5000	0.001
2801	atomwise.outnet.1.linear.bias	6.3796	run_hybrid_fixed_sB	hybrid_fixed	B	5000	0.001
2801	atomwise.outnet.1.linear.weight	13.01	run_hybrid_fixed_sB	hybrid_fixed	B	5000	0.001
2801	atomwise.outnet.2.linear.bias	2.5729	run_hybrid_fixed_sB	hybrid_fixed	B	5000	0.001
2801	atomwise.outnet.2.linear.weight	17.457	run_hybrid_fixed_sB	hybrid_fixed	B	5000	0.001
2901	atomwise.linear_nn.linear.bias	0.098783	run_hybrid_fixed_sB	hybrid_fixed	B	5000	0.001
2901	atomwise.linear_nn.linear.weight	169.33	run_hybrid_fixed_sB	hybrid_fixed	B	5000	0.001
2901	atomwise.outnet.0.linear.bias	11.217	run_hybrid_fixed_sB	hybrid_fixed	B	5000	0.001
2901	atomwise.outnet.0.linear.weight	48.985	run_hybrid_fixed_sB	hybrid_fixed	B	5000	0.001
2901	atomwise.outnet.1.linear.bias	8.8331	run_hybrid_fixed_sB	hybrid_fixed	B	5000	0.001
2901	atomwise.outnet.1.linear.weight	21.346	run_hybrid_fixed_sB	hybrid_fixed	B	5000	0.001
2901	atomwise.outnet.2.linear.bias	0.098783	run_hybrid_fixed_sB	hybrid_fixed	B	5000	0.001
2901	atomwise.outnet.2.linear.weight	23.982	run_hybrid_fixed_sB	hybrid_fixed	B	5000	0.001
3001	atomwise.linear_nn.linear.bias	1.7546	run_hybrid_fixed_sB	hybrid_fixed	B	5000	0.001
3001	atomwise.linear_nn.linear.weight	40.938	run_hybrid_fixed_sB	hybrid_fixed	B	5000	0.001
3001	atomwise.outnet.0.linear.bias	1.116	run_hybrid_fixed_sB	hybrid_fixed	B	5000	0.001
3001	atomwise.outnet.0.linear.weight	11.491	run_hybrid_fixed_sB	hybrid_fixed	B	5000	0.001
3001	atomwise.outnet.1.linear.bias	0.90343	run_hybrid_fixed_sB	hybrid_fixed	B	5000	0.001
3001	atomwise.outnet.1.linear.weight	5.3528	run_hybrid_fixed_sB	hybrid_fixed	B	5000	0.001
3001	atomwise.outnet.2.linear.bias	1.7546	run_hybrid_fixed_sB	hybrid_fixed	B	5000	0.001
3001	atomwise.outnet.2.linear.weight	4.1323	run_hybrid_fixed_sB	hybrid_fixed	B	5000	0.001
3101	atomwise.linear_nn.linear.bias	5.7868	run_hybrid_fixed_sB	hybrid_fixed	B	5000	0.001
3101	atomwise.linear_nn.linear.weight	20.765	run_hybrid_fixed_sB	hybrid_fixed	B	5000	0.001
3101	atomwise.outnet.0.linear.bias	0.98797	run_hybrid_fixed_sB	hybrid_fixed	B	5000	0.001
3101	atomwise.outnet.0.linear.weight	6.2289	run_hybrid_fixed_sB	hybrid_fixed	B	5000	0.001
3101	atomwise.outnet.1.linear.bias	2.2403	run_hybrid_fixed_sB	hybrid_fixed	B	5000	0.001
3101	atomwise.outnet.1.linear.weight	3.3619	run_hybrid_fixed_sB	hybrid_fixed	B	5000	0.001
3101	atomwise.outnet.2.linear.bias	5.7868	run_hybrid_fixed_sB	hybrid_fixed	B	5000	0.001
3101	atomwise.outnet.2.linear.weight	3.9622	run_hybrid_fixed_sB	hybrid_fixed	B	5000	0.001
3201	atomwise.linear_nn.linear.bias	2.8146	run_hybrid_fixed_sB	hybrid_fixed	B	5000	0.001
3201	atomwise.linear_nn.linear.weight	52.221	run_hybrid_fixed_sB	hybrid_fixed	B	5000	0.001
3201	atomwise.outnet.0.linear.bias	2.9904	run_hybrid_fixed_sB	hybrid_fixed	B	5000	0.001
3201	atomwise.outnet.0.linear.weight	16.201	run_hybrid_fixed_sB	hybrid_fixed	B	5000	0.001
3201	atomwise.outnet.1.linear.bias	2.8437	run_hybrid_fixed_sB	hybrid_fixed	B	5000	0.001
3201	atomwise.outnet.1.linear.weight	7.4304	run_hybrid_fixed_sB	hybrid_fixed	B	5000	0.001
3201	atomwise.outnet.2.linear.bias	2.8146	run_hybrid_fixed_sB	hybrid_fixed	B	5000	0.001
3201	atomwise.outnet.2.linear.weight	8.3172	run_hybrid_fixed_sB	hybrid_fixed	B	5000	0.001
3301	atomwise.linear_nn.linear.bias	1.9368	run_hybrid_fixed_sB	hybrid_fixed	B	5000	0.001
3301	atomwise.linear_nn.linear.weight	47.951	run_hybrid_fixed_sB	hybrid_fixed	B	5000	0.001
3301	atomwise.outnet.0.linear.bias	1.6955	run_hybrid_fixed_sB	hybrid_fixed	B	5000	0.001
3301	atomwise.outnet.0.linear.weight	16.824	run_hybrid_fixed_sB	hybrid_fixed	B	5000	0.001
3301	atomwise.outnet.1.linear.bias	1.208	run_hybrid_fixed_sB	hybrid_fixed	B	5000	0.001
3301	atomwise.outnet.1.linear.weight	5.6529	run_hybrid_fixed_sB	hybrid_fixed	B	5000	0.001
3301	atomwise.outnet.2.linear.bias	1.9368	run_hybrid_fixed_sB	hybrid_fixed	B	5000	0.001
3301	atomwise.outnet.2.linear.weight	3.6554	run_hybrid_fixed_sB	hybrid_fixed	B	5000	0.001
3401	atomwise.linear_nn.linear.bias	3.7366	run_hybrid_fixed_sB	hybrid_fixed	B	5000	0.001
3401	atomwise.linear_nn.linear.weight	59.192	run_hybrid_fixed_sB	hybrid_fixed	B	5000	0.001
3401	atomwise.outnet.0.linear.bias	4.556	run_hybrid_fixed_sB	hybrid_fixed	B	5000	0.001
3401	atomwise.outnet.0.linear.weight	17.583	run_hybrid_fixed_sB	hybrid_fixed	B	5000	0.001
3401	atomwise.outnet.1.linear.bias	4.403	run_hybrid_fixed_sB	hybrid_fixed	B	5000	0.001
3401	atomwise.outnet.1.linear.weight	9.8988	run_hybrid_fixed_sB	hybrid_fixed	B	5000	0.001
3401	atomwise.outnet.2.linear.bias	3.7366	run_hybrid_fixed_sB	hybrid_fixed	B	5000	0.001
3401	atomwise.outnet.2.linear.weight	14.966	run_hybrid_fixed_sB	hybrid_fixed	B	5000	0.001
3501	atomwise.linear_nn.linear.bias	3.8693	run_hybrid_fixed_sB	hybrid_fixed	B	5000	0.001
3501	atomwise.linear_nn.linear.weight	35.835	run_hybrid_fixed_sB	hybrid_fixed	B	5000	0.001
3501	atomwise.outnet.0.linear.bias	0.74982	run_hybrid_fixed_sB	hybrid_fixed	B	5000	0.001
3501	atomwise.outnet.0.linear.weight	11.541	run_hybrid_fixed_sB	hybrid_fixed	B	5000	0.001
3501	atomwise.outnet.1.linear.bias	1.6071	run_hybrid_fixed_sB	hybrid_fixed	B	5000	0.001
3501	atomwise.outnet.1.linear.weight	4.9628	run_hybrid_fixed_sB	hybrid_fixed	B	5000	0.001
3501	atomwise.outnet.2.linear.bias	3.8693	run_hybrid_fixed_sB	hybrid_fixed	B	5000	0.001
3501	atomwise.outnet.2.linear.weight	3.231	run_hybrid_fixed_sB	hybrid_fixed	B	5000	0.001
3601	atomwise.linear_nn.linear.bias	3.4225	run_hybrid_fixed_sB	hybrid_fixed	B	5000	0.001
3601	atomwise.linear_nn.linear.weight	7.0454	run_hybrid_fixed_sB	hybrid_fixed	B	5000	0.001
3601	atomwise.outnet.0.linear.bias	2.3014	run_hybrid_fixed_sB	hybrid_fixed	B	5000	0.001
3601	atomwise.outnet.0.linear.weight	2.8447	run_hybrid_fixed_sB	hybrid_fixed	B	5000	0.001
3601	atomwise.outnet.1.linear.bias	2.4023	run_hybrid_fixed_sB	hybrid_fixed	B	5000	0.001
3601	atomwise.outnet.1.linear.weight	2.9145	run_hybrid_fixed_sB	hybrid_fixed	B	5000	0.001
3601	atomwise.outnet.2.linear.bias	3.4225	run_hybrid_fixed_sB	hybrid_fixed	B	5000	0.001
3601	atomwise.outnet.2.linear.weight	7.2579	run_hybrid_fixed_sB	hybrid_fixed	B	5000	0.001
3701	atomwise.linear_nn.linear.bias	3.2007	run_hybrid_fixed_sB	hybrid_fixed	B	5000	0.001
3701	atomwise.linear_nn.linear.weight	54.038	run_hybrid_fixed_sB	hybrid_fixed	B	5000	0.001
3701	atomwise.outnet.0.linear.bias	2.7656	run_hybrid_fixed_sB	hybrid_fixed	B	5000	0.001
3701	atomwise.outnet.0.linear.weight	16.532	run_hybrid_fixed_sB	hybrid_fixed	B	5000	0.001
3701	atomwise.outnet.1.linear.bias	2.6428	run_hybrid_fixed_sB	hybrid_fixed	B	5000	0.001
3701	atomwise.outnet.1.linear.weight	8.1698	run_hybrid_fixed_sB	hybrid_fixed	B	5000	0.001
3701	atomwise.outnet.2.linear.bias	3.2007	run_hybrid_fixed_sB	hybrid_fixed	B	5000	0.001
3701	atomwise.outnet.2.linear.weight	6.9348	run_hybrid_fixed_sB	hybrid_fixed	B	5000	0.001
3801	atomwise.linear_nn.linear.bias	2.794	run_hybrid_fixed_sB	hybrid_fixed	B	5000	0.001
3801	atomwise.linear_nn.linear.weight	31.904	run_hybrid_fixed_sB	hybrid_fixed	B	5000	0.001
3801	atomwise.outnet.0.linear.bias	1.4154	run_hybrid_fixed_sB	hybrid_fixed	B	5000	0.001
3801	atomwise.outnet.0.linear.weight	13.027	run_hybrid_fixed_sB	hybrid_fixed	B	5000	0.001
3801	atomwise.outnet.1.linear.bias	1.565	run_hybrid_fixed_sB	hybrid_fixed	B	5000	0.001
3801	atomwise.outnet.1.linear.weight	4.1367	run_hybrid_fixed_sB	hybrid_fixed	B	5000	0.001
3801	atomwise.outnet.2.linear.bias	2.794	run_hybrid_fixed_sB	hybrid_fixed	B	5000	0.001
3801	atomwise.outnet.2.linear.weight	4.575	run_hybrid_fixed_sB	hybrid_fixed	B	5000	0.001
3901	atomwise.linear_nn.linear.bias	5.022	run_hybrid_fixed_sB	hybrid_fixed	B	5000	0.001
3901	atomwise.linear_nn.linear.weight	27.975	run_hybrid_fixed_sB	hybrid_fixed	B	5000	0.001
3901	atomwise.outnet.0.linear.bias	0.94604	run_hybrid_fixed_sB	hybrid_fixed	B	5000	0.001
3901	atomwise.outnet.0.linear.weight	8.7119	run_hybrid_fixed_sB	hybrid_fixed	B	5000	0.001
3901	atomwise.outnet.1.linear.bias	1.9574	run_hybrid_fixed_sB	hybrid_fixed	B	5000	0.001
3901	atomwise.outnet.1.linear.weight	3.9701	run_hybrid_fixed_sB	hybrid_fixed	B	5000	0.001
3901	atomwise.outnet.2.linear.bias	5.022	run_hybrid_fixed_sB	hybrid_fixed	B	5000	0.001
3901	atomwise.outnet.2.linear.weight	2.5987	run_hybrid_fixed_sB	hybrid_fixed	B	5000	0.001
4001	atomwise.linear_nn.linear.bias	6.7494	run_hybrid_fixed_sB	hybrid_fixed	B	5000	0.001
4001	atomwise.linear_nn.linear.weight	63.755	run_hybrid_fixed_sB	hybrid_fixed	B	5000	0.001
4001	atomwise.outnet.0.linear.bias	2.4748	run_hybrid_fixed_sB	hybrid_fixed	B	5000	0.001
4001	atomwise.outnet.0.linear.weight	24.198	run_hybrid_fixed_sB	hybrid_fixed	B	5000	0.001
4001	atomwise.outnet.1.linear.bias	3.3579	run_hybrid_fixed_sB	hybrid_fixed	B	5000	0.001
4001	atomwise.outnet.1.linear.weight	8.6514	run_hybrid_fixed_sB	hybrid_fixed	B	5000	0.001
4001	atomwise.outnet.2.linear.bias	6.7494	run_hybrid_fixed_sB	hybrid_fixed	B	5000	0.001
4001	atomwise.outnet.2.linear.weight	8.1986	run_hybrid_fixed_sB	hybrid_fixed	B	5000	0.001
4101	atomwise.linear_nn.linear.bias	1.287	run_hybrid_fixed_sB	hybrid_fixed	B	5000	0.001
4101	atomwise.linear_nn.linear.weight	29.671	run_hybrid_fixed_sB	hybrid_fixed	B	5000	0.001
4101	atomwise.outnet.0.linear.bias	1.4937	run_hybrid_fixed_sB	hybrid_fixed	B	5000	0.001
4101	atomwise.outnet.0.linear.weight	10.371	run_hybrid_fixed_sB	hybrid_fixed	B	5000	0.001
4101	atomwise.outnet.1.linear.bias	1.4294	run_hybrid_fixed_sB	hybrid_fixed	B	5000	0.001
4101	atomwise.outnet.1.linear.weight	4.2849	run_hybrid_fixed_sB	hybrid_fixed	B	5000	0.001
4101	atomwise.outnet.2.linear.bias	1.287	run_hybrid_fixed_sB	hybrid_fixed	B	5000	0.001
4101	atomwise.outnet.2.linear.weight	3.8968	run_hybrid_fixed_sB	hybrid_fixed	B	5000	0.001
4201	atomwise.linear_nn.linear.bias	1.4314	run_hybrid_fixed_sB	hybrid_fixed	B	5000	0.001
4201	atomwise.linear_nn.linear.weight	19.885	run_hybrid_fixed_sB	hybrid_fixed	B	5000	0.001
4201	atomwise.outnet.0.linear.bias	1.4593	run_hybrid_fixed_sB	hybrid_fixed	B	5000	0.001
4201	atomwise.outnet.0.linear.weight	7.608	run_hybrid_fixed_sB	hybrid_fixed	B	5000	0.001
4201	atomwise.outnet.1.linear.bias	1.3516	run_hybrid_fixed_sB	hybrid_fixed	B	5000	0.001
4201	atomwise.outnet.1.linear.weight	3.1176	run_hybrid_fixed_sB	hybrid_fixed	B	5000	0.001
4201	atomwise.outnet.2.linear.bias	1.4314	run_hybrid_fixed_sB	hybrid_fixed	B	5000	0.001
4201	atomwise.outnet.2.linear.weight	4.8678	run_hybrid_fixed_sB	hybrid_fixed	B	5000	0.001
4301	atomwise.linear_nn.linear.bias	2.2726	run_hybrid_fixed_sB	hybrid_fixed	B	5000	0.001
4301	atomwise.linear_nn.linear.weight	71.319	run_hybrid_fixed_sB	hybrid_fixed	B	5000	0.001
4301	atomwise.outnet.0.linear.bias	3.9251	run_hybrid_fixed_sB	hybrid_fixed	B	5000	0.001
4301	atomwise.outnet.0.linear.weight	24.103	run_hybrid_fixed_sB	hybrid_fixed	B	5000	0.001
4301	atomwise.outnet.1.linear.bias	2.8293	run_hybrid_fixed_sB	hybrid_fixed	B	5000	0.001
4301	atomwise.outnet.1.linear.weight	9.8673	run_hybrid_fixed_sB	hybrid_fixed	B	5000	0.001
4301	atomwise.outnet.2.linear.bias	2.2726	run_hybrid_fixed_sB	hybrid_fixed	B	5000	0.001
4301	atomwise.outnet.2.linear.weight	7.2138	run_hybrid_fixed_sB	hybrid_fixed	B	5000	0.001
4401	atomwise.linear_nn.linear.bias	4.6079	run_hybrid_fixed_sB	hybrid_fixed	B	5000	0.001
4401	atomwise.linear_nn.linear.weight	94.534	run_hybrid_fixed_sB	hybrid_fixed	B	5000	0.001
4401	atomwise.outnet.0.linear.bias	4.4843	run_hybrid_fixed_sB	hybrid_fixed	B	5000	0.001
4401	atomwise.outnet.0.linear.weight	33.69	run_hybrid_fixed_sB	hybrid_fixed	B	5000	0.001
4401	atomwise.outnet.1.linear.bias	3.5352	run_hybrid_fixed_sB	hybrid_fixed	B	5000	0.001
4401	atomwise.outnet.1.linear.weight	13.154	run_hybrid_fixed_sB	hybrid_fixed	B	5000	0.001
4401	atomwise.outnet.2.linear.bias	4.6079	run_hybrid_fixed_sB	hybrid_fixed	B	5000	0.001
4401	atomwise.outnet.2.linear.weight	9.553	run_hybrid_fixed_sB	hybrid_fixed	B	5000	0.001
4501	atomwise.linear_nn.linear.bias	0.67713	run_hybrid_fixed_sB	hybrid_fixed	B	5000	0.001
4501	atomwise.linear_nn.linear.weight	4.621	run_hybrid_fixed_sB	hybrid_fixed	B	5000	0.001
4501	atomwise.outnet.0.linear.bias	0.88979	run_hybrid_fixed_sB	hybrid_fixed	B	5000	0.001
4501	atomwise.outnet.0.linear.weight	2.3218	run_hybrid_fixed_sB	hybrid_fixed	B	5000	0.001
4501	atomwise.outnet.1.linear.bias	0.84441	run_hybrid_fixed_sB	hybrid_fixed	B	5000	0.001
4501	atomwise.outnet.1.linear.weight	1.7629	run_hybrid_fixed_sB	hybrid_fixed	B	5000	0.001
4501	atomwise.outnet.2.linear.bias	0.67713	run_hybrid_fixed_sB	hybrid_fixed	B	5000	0.001
4501	atomwise.outnet.2.linear.weight	4.0762	run_hybrid_fixed_sB	hybrid_fixed	B	5000	0.001
4601	atomwise.linear_nn.linear.bias	5.1327	run_hybrid_fixed_sB	hybrid_fixed	B	5000	0.001
4601	atomwise.linear_nn.linear.weight	72.554	run_hybrid_fixed_sB	hybrid_fixed	B	5000	0.001
4601	atomwise.outnet.0.linear.bias	2.9174	run_hybrid_fixed_sB	hybrid_fixed	B	5000	0.001
4601	atomwise.outnet.0.linear.weight	24.41	run_hybrid_fixed_sB	hybrid_fixed	B	5000	0.001
4601	atomwise.outnet.1.linear.bias	3.3162	run_hybrid_fixed_sB	hybrid_fixed	B	5000	0.001
4601	atomwise.outnet.1.linear.weight	10.852	run_hybrid_fixed_sB	hybrid_fixed	B	5000	0.001
4601	atomwise.outnet.2.linear.bias	5.1327	run_hybrid_fixed_sB	hybrid_fixed	B	5000	0.001
4601	atomwise.outnet.2.linear.weight	8.7938	run_hybrid_fixed_sB	hybrid_fixed	B	5000	0.001
4701	atomwise.linear_nn.linear.bias	1.5826	run_hybrid_fixed_sB	hybrid_fixed	B	5000	0.001
4701	atomwise.linear_nn.linear.weight	39.124	run_hybrid_fixed_sB	hybrid_fixed	B	5000	0.001
4701	atomwise.outnet.0.linear.bias	1.468	run_hybrid_fixed_sB	hybrid_fixed	B	5000	0.001
4701	atomwise.outnet.0.linear.weight	14.566	run_hybrid_fixed_sB	hybrid_fixed	B	5000	0.001
4701	atomwise.outnet.1.linear.bias	0.78033	run_hybrid_fixed_sB	hybrid_fixed	B	5000	0.001
4701	atomwise.outnet.1.linear.weight	5.1292	run_hybrid_fixed_sB	hybrid_fixed	B	5000	0.001
4701	atomwise.outnet.2.linear.bias	1.5826	run_hybrid_fixed_sB	hybrid_fixed	B	5000	0.001
4701	atomwise.outnet.2.linear.weight	3.9926	run_hybrid_fixed_sB	hybrid_fixed	B	5000	0.001
4801	atomwise.linear_nn.linear.bias	2.5	run_hybrid_fixed_sB	hybrid_fixed	B	5000	0.001
4801	atomwise.linear_nn.linear.weight	73.583	run_hybrid_fixed_sB	hybrid_fixed	B	5000	0.001
4801	atomwise.outnet.0.linear.bias	3.8957	run_hybrid_fixed_sB	hybrid_fixed	B	5000	0.001
4801	atomwise.outnet.0.linear.weight	26.879	run_hybrid_fixed_sB	hybrid_fixed	B	5000	0.001
4801	atomwise.outnet.1.linear.bias	2.5166	run_hybrid_fixed_sB	hybrid_fixed	B	5000	0.001
4801	atomwise.outnet.1.linear.weight	9.9991	run_hybrid_fixed_sB	hybrid_fixed	B	5000	0.001
4801	atomwise.outnet.2.linear.bias	2.5	run_hybrid_fixed_sB	hybrid_fixed	B	5000	0.001
4801	atomwise.outnet.2.linear.weight	7.0851	run_hybrid_fixed_sB	hybrid_fixed	B	5000	0.001
4901	atomwise.linear_nn.linear.bias	5.9106	run_hybrid_fixed_sB	hybrid_fixed	B	5000	0.001
4901	atomwise.linear_nn.linear.weight	115.27	run_hybrid_fixed_sB	hybrid_fixed	B	5000	0.001
4901	atomwise.outnet.0.linear.bias	4.8794	run_hybrid_fixed_sB	hybrid_fixed	B	5000	0.001
4901	atomwise.outnet.0.linear.weight	40.789	run_hybrid_fixed_sB	hybrid_fixed	B	5000	0.001
4901	atomwise.outnet.1.linear.bias	3.8562	run_hybrid_fixed_sB	hybrid_fixed	B	5000	0.001
4901	atomwise.outnet.1.linear.weight	15.851	run_hybrid_fixed_sB	hybrid_fixed	B	5000	0.001
4901	atomwise.outnet.2.linear.bias	5.9106	run_hybrid_fixed_sB	hybrid_fixed	B	5000	0.001
4901	atomwise.outnet.2.linear.weight	10.967	run_hybrid_fixed_sB	hybrid_fixed	B	5000	0.001
5001	atomwise.linear_nn.linear.bias	0.28711	run_hybrid_fixed_sB	hybrid_fixed	B	5000	5.924525297439452e-06
5001	atomwise.linear_nn.linear.weight	2.1287	run_hybrid_fixed_sB	hybrid_fixed	B	5000	5.924525297439452e-06
5001	atomwise.outnet.0.linear.bias	0.94076	run_hybrid_fixed_sB	hybrid_fixed	B	5000	5.924525297439452e-06
5001	atomwise.outnet.0.linear.weight	0.95836	run_hybrid_fixed_sB	hybrid_fixed	B	5000	5.924525297439452e-06
5001	atomwise.outnet.1.linear.bias	0.87822	run_hybrid_fixed_sB	hybrid_fixed	B	5000	5.924525297439452e-06
5001	atomwise.outnet.1.linear.weight	1.2517	run_hybrid_fixed_sB	hybrid_fixed	B	5000	5.924525297439452e-06
5001	atomwise.outnet.2.linear.bias	0.28711	run_hybrid_fixed_sB	hybrid_fixed	B	5000	5.924525297439452e-06
5001	atomwise.outnet.2.linear.weight	3.1444	run_hybrid_fixed_sB	hybrid_fixed	B	5000	5.924525297439452e-06
5101	atomwise.linear_nn.linear.bias	0.0097888	run_hybrid_fixed_sB	hybrid_fixed	B	5000	5.924525297439452e-06
5101	atomwise.linear_nn.linear.weight	0.26039	run_hybrid_fixed_sB	hybrid_fixed	B	5000	5.924525297439452e-06
5101	atomwise.outnet.0.linear.bias	0.053785	run_hybrid_fixed_sB	hybrid_fixed	B	5000	5.924525297439452e-06
5101	atomwise.outnet.0.linear.weight	0.12557	run_hybrid_fixed_sB	hybrid_fixed	B	5000	5.924525297439452e-06
5101	atomwise.outnet.1.linear.bias	0.057612	run_hybrid_fixed_sB	hybrid_fixed	B	5000	5.924525297439452e-06
5101	atomwise.outnet.1.linear.weight	0.099402	run_hybrid_fixed_sB	hybrid_fixed	B	5000	5.924525297439452e-06
5101	atomwise.outnet.2.linear.bias	0.0097888	run_hybrid_fixed_sB	hybrid_fixed	B	5000	5.924525297439452e-06
5101	atomwise.outnet.2.linear.weight	0.251	run_hybrid_fixed_sB	hybrid_fixed	B	5000	5.924525297439452e-06
5201	atomwise.linear_nn.linear.bias	0.018862	run_hybrid_fixed_sB	hybrid_fixed	B	5000	5.924525297439452e-06
5201	atomwise.linear_nn.linear.weight	0.19382	run_hybrid_fixed_sB	hybrid_fixed	B	5000	5.924525297439452e-06
5201	atomwise.outnet.0.linear.bias	0.012513	run_hybrid_fixed_sB	hybrid_fixed	B	5000	5.924525297439452e-06
5201	atomwise.outnet.0.linear.weight	0.083469	run_hybrid_fixed_sB	hybrid_fixed	B	5000	5.924525297439452e-06
5201	atomwise.outnet.1.linear.bias	0.011186	run_hybrid_fixed_sB	hybrid_fixed	B	5000	5.924525297439452e-06
5201	atomwise.outnet.1.linear.weight	0.03537	run_hybrid_fixed_sB	hybrid_fixed	B	5000	5.924525297439452e-06
5201	atomwise.outnet.2.linear.bias	0.018862	run_hybrid_fixed_sB	hybrid_fixed	B	5000	5.924525297439452e-06
5201	atomwise.outnet.2.linear.weight	0.074929	run_hybrid_fixed_sB	hybrid_fixed	B	5000	5.924525297439452e-06
5301	atomwise.linear_nn.linear.bias	0.012129	run_hybrid_fixed_sB	hybrid_fixed	B	5000	5.924525297439452e-06
5301	atomwise.linear_nn.linear.weight	0.23624	run_hybrid_fixed_sB	hybrid_fixed	B	5000	5.924525297439452e-06
5301	atomwise.outnet.0.linear.bias	0.043029	run_hybrid_fixed_sB	hybrid_fixed	B	5000	5.924525297439452e-06
5301	atomwise.outnet.0.linear.weight	0.10316	run_hybrid_fixed_sB	hybrid_fixed	B	5000	5.924525297439452e-06
5301	atomwise.outnet.1.linear.bias	0.046542	run_hybrid_fixed_sB	hybrid_fixed	B	5000	5.924525297439452e-06
5301	atomwise.outnet.1.linear.weight	0.084746	run_hybrid_fixed_sB	hybrid_fixed	B	5000	5.924525297439452e-06
5301	atomwise.outnet.2.linear.bias	0.012129	run_hybrid_fixed_sB	hybrid_fixed	B	5000	5.924525297439452e-06
5301	atomwise.outnet.2.linear.weight	0.20945	run_hybrid_fixed_sB	hybrid_fixed	B	5000	5.924525297439452e-06
5401	atomwise.linear_nn.linear.bias	0.0029247	run_hybrid_fixed_sB	hybrid_fixed	B	5000	5.924525297439452e-06
5401	atomwise.linear_nn.linear.weight	0.18948	run_hybrid_fixed_sB	hybrid_fixed	B	5000	5.924525297439452e-06
5401	atomwise.outnet.0.linear.bias	0.024697	run_hybrid_fixed_sB	hybrid_fixed	B	5000	5.924525297439452e-06
5401	atomwise.outnet.0.linear.weight	0.081506	run_hybrid_fixed_sB	hybrid_fixed	B	5000	5.924525297439452e-06
5401	atomwise.outnet.1.linear.bias	0.017961	run_hybrid_fixed_sB	hybrid_fixed	B	5000	5.924525297439452e-06
5401	atomwise.outnet.1.linear.weight	0.032439	run_hybrid_fixed_sB	hybrid_fixed	B	5000	5.924525297439452e-06
5401	atomwise.outnet.2.linear.bias	0.0029247	run_hybrid_fixed_sB	hybrid_fixed	B	5000	5.924525297439452e-06
5401	atomwise.outnet.2.linear.weight	0.053006	run_hybrid_fixed_sB	hybrid_fixed	B	5000	5.924525297439452e-06
5501	atomwise.linear_nn.linear.bias	0.0066521	run_hybrid_fixed_sB	hybrid_fixed	B	5000	5.924525297439452e-06
5501	atomwise.linear_nn.linear.weight	0.21236	run_hybrid_fixed_sB	hybrid_fixed	B	5000	5.924525297439452e-06
5501	atomwise.outnet.0.linear.bias	0.045445	run_hybrid_fixed_sB	hybrid_fixed	B	5000	5.924525297439452e-06
5501	atomwise.outnet.0.linear.weight	0.086117	run_hybrid_fixed_sB	hybrid_fixed	B	5000	5.924525297439452e-06
5501	atomwise.outnet.1.linear.bias	0.038188	run_hybrid_fixed_sB	hybrid_fixed	B	5000	5.924525297439452e-06
5501	atomwise.outnet.1.linear.weight	0.057781	run_hybrid_fixed_sB	hybrid_fixed	B	5000	5.924525297439452e-06
5501	atomwise.outnet.2.linear.bias	0.0066521	run_hybrid_fixed_sB	hybrid_fixed	B	5000	5.924525297439452e-06
5501	atomwise.outnet.2.linear.weight	0.12545	run_hybrid_fixed_sB	hybrid_fixed	B	5000	5.924525297439452e-06
5601	atomwise.linear_nn.linear.bias	0.069153	run_hybrid_fixed_sB	hybrid_fixed	B	5000	5.924525297439452e-06
5601	atomwise.linear_nn.linear.weight	0.33701	run_hybrid_fixed_sB	hybrid_fixed	B	5000	5.924525297439452e-06
5601	atomwise.outnet.0.linear.bias	0.15086	run_hybrid_fixed_sB	hybrid_fixed	B	5000	5.924525297439452e-06
5601	atomwise.outnet.0.linear.weight	0.15123	run_hybrid_fixed_sB	hybrid_fixed	B	5000	5.924525297439452e-06
5601	atomwise.outnet.1.linear.bias	0.13855	run_hybrid_fixed_sB	hybrid_fixed	B	5000	5.924525297439452e-06
5601	atomwise.outnet.1.linear.weight	0.18363	run_hybrid_fixed_sB	hybrid_fixed	B	5000	5.924525297439452e-06
5601	atomwise.outnet.2.linear.bias	0.069153	run_hybrid_fixed_sB	hybrid_fixed	B	5000	5.924525297439452e-06
5601	atomwise.outnet.2.linear.weight	0.46442	run_hybrid_fixed_sB	hybrid_fixed	B	5000	5.924525297439452e-06
5701	atomwise.linear_nn.linear.bias	0.0012661	run_hybrid_fixed_sB	hybrid_fixed	B	5000	5.924525297439452e-06
5701	atomwise.linear_nn.linear.weight	0.12612	run_hybrid_fixed_sB	hybrid_fixed	B	5000	5.924525297439452e-06
5701	atomwise.outnet.0.linear.bias	0.049376	run_hybrid_fixed_sB	hybrid_fixed	B	5000	5.924525297439452e-06
5701	atomwise.outnet.0.linear.weight	0.062314	run_hybrid_fixed_sB	hybrid_fixed	B	5000	5.924525297439452e-06
5701	atomwise.outnet.1.linear.bias	0.051521	run_hybrid_fixed_sB	hybrid_fixed	B	5000	5.924525297439452e-06
5701	atomwise.outnet.1.linear.weight	0.082623	run_hybrid_fixed_sB	hybrid_fixed	B	5000	5.924525297439452e-06
5701	atomwise.outnet.2.linear.bias	0.0012661	run_hybrid_fixed_sB	hybrid_fixed	B	5000	5.924525297439452e-06
5701	atomwise.outnet.2.linear.weight	0.20878	run_hybrid_fixed_sB	hybrid_fixed	B	5000	5.924525297439452e-06
5801	atomwise.linear_nn.linear.bias	0.0020307	run_hybrid_fixed_sB	hybrid_fixed	B	5000	5.924525297439452e-06
5801	atomwise.linear_nn.linear.weight	0.10725	run_hybrid_fixed_sB	hybrid_fixed	B	5000	5.924525297439452e-06
5801	atomwise.outnet.0.linear.bias	0.028388	run_hybrid_fixed_sB	hybrid_fixed	B	5000	5.924525297439452e-06
5801	atomwise.outnet.0.linear.weight	0.055256	run_hybrid_fixed_sB	hybrid_fixed	B	5000	5.924525297439452e-06
5801	atomwise.outnet.1.linear.bias	0.027678	run_hybrid_fixed_sB	hybrid_fixed	B	5000	5.924525297439452e-06
5801	atomwise.outnet.1.linear.weight	0.051562	run_hybrid_fixed_sB	hybrid_fixed	B	5000	5.924525297439452e-06
5801	atomwise.outnet.2.linear.bias	0.0020307	run_hybrid_fixed_sB	hybrid_fixed	B	5000	5.924525297439452e-06
5801	atomwise.outnet.2.linear.weight	0.12784	run_hybrid_fixed_sB	hybrid_fixed	B	5000	5.924525297439452e-06
5901	atomwise.linear_nn.linear.bias	0.0026005	run_hybrid_fixed_sB	hybrid_fixed	B	5000	5.924525297439452e-06
5901	atomwise.linear_nn.linear.weight	0.13936	run_hybrid_fixed_sB	hybrid_fixed	B	5000	5.924525297439452e-06
5901	atomwise.outnet.0.linear.bias	0.038387	run_hybrid_fixed_sB	hybrid_fixed	B	5000	5.924525297439452e-06
5901	atomwise.outnet.0.linear.weight	0.075097	run_hybrid_fixed_sB	hybrid_fixed	B	5000	5.924525297439452e-06
5901	atomwise.outnet.1.linear.bias	0.039985	run_hybrid_fixed_sB	hybrid_fixed	B	5000	5.924525297439452e-06
5901	atomwise.outnet.1.linear.weight	0.069115	run_hybrid_fixed_sB	hybrid_fixed	B	5000	5.924525297439452e-06
5901	atomwise.outnet.2.linear.bias	0.0026005	run_hybrid_fixed_sB	hybrid_fixed	B	5000	5.924525297439452e-06
5901	atomwise.outnet.2.linear.weight	0.17514	run_hybrid_fixed_sB	hybrid_fixed	B	5000	5.924525297439452e-06
6001	atomwise.linear_nn.linear.bias	0.025787	run_hybrid_fixed_sB	hybrid_fixed	B	5000	5.924525297439452e-06
6001	atomwise.linear_nn.linear.weight	0.13053	run_hybrid_fixed_sB	hybrid_fixed	B	5000	5.924525297439452e-06
6001	atomwise.outnet.0.linear.bias	0.073186	run_hybrid_fixed_sB	hybrid_fixed	B	5000	5.924525297439452e-06
6001	atomwise.outnet.0.linear.weight	0.068916	run_hybrid_fixed_sB	hybrid_fixed	B	5000	5.924525297439452e-06
6001	atomwise.outnet.1.linear.bias	0.070443	run_hybrid_fixed_sB	hybrid_fixed	B	5000	5.924525297439452e-06
6001	atomwise.outnet.1.linear.weight	0.10076	run_hybrid_fixed_sB	hybrid_fixed	B	5000	5.924525297439452e-06
6001	atomwise.outnet.2.linear.bias	0.025787	run_hybrid_fixed_sB	hybrid_fixed	B	5000	5.924525297439452e-06
6001	atomwise.outnet.2.linear.weight	0.2588	run_hybrid_fixed_sB	hybrid_fixed	B	5000	5.924525297439452e-06
6101	atomwise.linear_nn.linear.bias	0.0097877	run_hybrid_fixed_sB	hybrid_fixed	B	5000	5.924525297439452e-06
6101	atomwise.linear_nn.linear.weight	0.045798	run_hybrid_fixed_sB	hybrid_fixed	B	5000	5.924525297439452e-06
6101	atomwise.outnet.0.linear.bias	0.020033	run_hybrid_fixed_sB	hybrid_fixed	B	5000	5.924525297439452e-06
6101	atomwise.outnet.0.linear.weight	0.021263	run_hybrid_fixed_sB	hybrid_fixed	B	5000	5.924525297439452e-06
6101	atomwise.outnet.1.linear.bias	0.019631	run_hybrid_fixed_sB	hybrid_fixed	B	5000	5.924525297439452e-06
6101	atomwise.outnet.1.linear.weight	0.025162	run_hybrid_fixed_sB	hybrid_fixed	B	5000	5.924525297439452e-06
6101	atomwise.outnet.2.linear.bias	0.0097877	run_hybrid_fixed_sB	hybrid_fixed	B	5000	5.924525297439452e-06
6101	atomwise.outnet.2.linear.weight	0.06385	run_hybrid_fixed_sB	hybrid_fixed	B	5000	5.924525297439452e-06
6201	atomwise.linear_nn.linear.bias	0.0051521	run_hybrid_fixed_sB	hybrid_fixed	B	5000	5.924525297439452e-06
6201	atomwise.linear_nn.linear.weight	0.02939	run_hybrid_fixed_sB	hybrid_fixed	B	5000	5.924525297439452e-06
6201	atomwise.outnet.0.linear.bias	0.0052999	run_hybrid_fixed_sB	hybrid_fixed	B	5000	5.924525297439452e-06
6201	atomwise.outnet.0.linear.weight	0.013746	run_hybrid_fixed_sB	hybrid_fixed	B	5000	5.924525297439452e-06
6201	atomwise.outnet.1.linear.bias	0.0064019	run_hybrid_fixed_sB	hybrid_fixed	B	5000	5.924525297439452e-06
6201	atomwise.outnet.1.linear.weight	0.0081069	run_hybrid_fixed_sB	hybrid_fixed	B	5000	5.924525297439452e-06
6201	atomwise.outnet.2.linear.bias	0.0051521	run_hybrid_fixed_sB	hybrid_fixed	B	5000	5.924525297439452e-06
6201	atomwise.outnet.2.linear.weight	0.017483	run_hybrid_fixed_sB	hybrid_fixed	B	5000	5.924525297439452e-06
6301	atomwise.linear_nn.linear.bias	0.037969	run_hybrid_fixed_sB	hybrid_fixed	B	5000	5.924525297439452e-06
6301	atomwise.linear_nn.linear.weight	0.22998	run_hybrid_fixed_sB	hybrid_fixed	B	5000	5.924525297439452e-06
6301	atomwise.outnet.0.linear.bias	0.11611	run_hybrid_fixed_sB	hybrid_fixed	B	5000	5.924525297439452e-06
6301	atomwise.outnet.0.linear.weight	0.11526	run_hybrid_fixed_sB	hybrid_fixed	B	5000	5.924525297439452e-06
6301	atomwise.outnet.1.linear.bias	0.10979	run_hybrid_fixed_sB	hybrid_fixed	B	5000	5.924525297439452e-06
6301	atomwise.outnet.1.linear.weight	0.15834	run_hybrid_fixed_sB	hybrid_fixed	B	5000	5.924525297439452e-06
6301	atomwise.outnet.2.linear.bias	0.037969	run_hybrid_fixed_sB	hybrid_fixed	B	5000	5.924525297439452e-06
6301	atomwise.outnet.2.linear.weight	0.40188	run_hybrid_fixed_sB	hybrid_fixed	B	5000	5.924525297439452e-06
6401	atomwise.linear_nn.linear.bias	0.045715	run_hybrid_fixed_sB	hybrid_fixed	B	5000	5.924525297439452e-06
6401	atomwise.linear_nn.linear.weight	0.28661	run_hybrid_fixed_sB	hybrid_fixed	B	5000	5.924525297439452e-06
6401	atomwise.outnet.0.linear.bias	0.14203	run_hybrid_fixed_sB	hybrid_fixed	B	5000	5.924525297439452e-06
6401	atomwise.outnet.0.linear.weight	0.14077	run_hybrid_fixed_sB	hybrid_fixed	B	5000	5.924525297439452e-06
6401	atomwise.outnet.1.linear.bias	0.13395	run_hybrid_fixed_sB	hybrid_fixed	B	5000	5.924525297439452e-06
6401	atomwise.outnet.1.linear.weight	0.19278	run_hybrid_fixed_sB	hybrid_fixed	B	5000	5.924525297439452e-06
6401	atomwise.outnet.2.linear.bias	0.045715	run_hybrid_fixed_sB	hybrid_fixed	B	5000	5.924525297439452e-06
6401	atomwise.outnet.2.linear.weight	0.48847	run_hybrid_fixed_sB	hybrid_fixed	B	5000	5.924525297439452e-06
6501	atomwise.linear_nn.linear.bias	0.024676	run_hybrid_fixed_sB	hybrid_fixed	B	5000	5.924525297439452e-06
6501	atomwise.linear_nn.linear.weight	0.20156	run_hybrid_fixed_sB	hybrid_fixed	B	5000	5.924525297439452e-06
6501	atomwise.outnet.0.linear.bias	0.10117	run_hybrid_fixed_sB	hybrid_fixed	B	5000	5.924525297439452e-06
6501	atomwise.outnet.0.linear.weight	0.10568	run_hybrid_fixed_sB	hybrid_fixed	B	5000	5.924525297439452e-06
6501	atomwise.outnet.1.linear.bias	0.099076	run_hybrid_fixed_sB	hybrid_fixed	B	5000	5.924525297439452e-06
6501	atomwise.outnet.1.linear.weight	0.14842	run_hybrid_fixed_sB	hybrid_fixed	B	5000	5.924525297439452e-06
6501	atomwise.outnet.2.linear.bias	0.024676	run_hybrid_fixed_sB	hybrid_fixed	B	5000	5.924525297439452e-06
6501	atomwise.outnet.2.linear.weight	0.37895	run_hybrid_fixed_sB	hybrid_fixed	B	5000	5.924525297439452e-06
6601	atomwise.linear_nn.linear.bias	0.019657	run_hybrid_fixed_sB	hybrid_fixed	B	5000	5.924525297439452e-06
6601	atomwise.linear_nn.linear.weight	0.050829	run_hybrid_fixed_sB	hybrid_fixed	B	5000	5.924525297439452e-06
6601	atomwise.outnet.0.linear.bias	0.026975	run_hybrid_fixed_sB	hybrid_fixed	B	5000	5.924525297439452e-06
6601	atomwise.outnet.0.linear.weight	0.02526	run_hybrid_fixed_sB	hybrid_fixed	B	5000	5.924525297439452e-06
6601	atomwise.outnet.1.linear.bias	0.026154	run_hybrid_fixed_sB	hybrid_fixed	B	5000	5.924525297439452e-06
6601	atomwise.outnet.1.linear.weight	0.030516	run_hybrid_fixed_sB	hybrid_fixed	B	5000	5.924525297439452e-06
6601	atomwise.outnet.2.linear.bias	0.019657	run_hybrid_fixed_sB	hybrid_fixed	B	5000	5.924525297439452e-06
6601	atomwise.outnet.2.linear.weight	0.080236	run_hybrid_fixed_sB	hybrid_fixed	B	5000	5.924525297439452e-06
6701	atomwise.linear_nn.linear.bias	0.0028684	run_hybrid_fixed_sB	hybrid_fixed	B	5000	5.924525297439452e-06
6701	atomwise.linear_nn.linear.weight	0.066494	run_hybrid_fixed_sB	hybrid_fixed	B	5000	5.924525297439452e-06
6701	atomwise.outnet.0.linear.bias	0.027988	run_hybrid_fixed_sB	hybrid_fixed	B	5000	5.924525297439452e-06
6701	atomwise.outnet.0.linear.weight	0.035932	run_hybrid_fixed_sB	hybrid_fixed	B	5000	5.924525297439452e-06
6701	atomwise.outnet.1.linear.bias	0.029103	run_hybrid_fixed_sB	hybrid_fixed	B	5000	5.924525297439452e-06
6701	atomwise.outnet.1.linear.weight	0.050999	run_hybrid_fixed_sB	hybrid_fixed	B	5000	5.924525297439452e-06
6701	atomwise.outnet.2.linear.bias	0.0028684	run_hybrid_fixed_sB	hybrid_fixed	B	5000	5.924525297439452e-06
6701	atomwise.outnet.2.linear.weight	0.12863	run_hybrid_fixed_sB	hybrid_fixed	B	5000	5.924525297439452e-06
6801	atomwise.linear_nn.linear.bias	0.053212	run_hybrid_fixed_sB	hybrid_fixed	B	5000	5.924525297439452e-06
6801	atomwise.linear_nn.linear.weight	0.30232	run_hybrid_fixed_sB	hybrid_fixed	B	5000	5.924525297439452e-06
6801	atomwise.outnet.0.linear.bias	0.14638	run_hybrid_fixed_sB	hybrid_fixed	B	5000	5.924525297439452e-06
6801	atomwise.outnet.0.linear.weight	0.14185	run_hybrid_fixed_sB	hybrid_fixed	B	5000	5.924525297439452e-06
6801	atomwise.outnet.1.linear.bias	0.13613	run_hybrid_fixed_sB	hybrid_fixed	B	5000	5.924525297439452e-06
6801	atomwise.outnet.1.linear.weight	0.19217	run_hybrid_fixed_sB	hybrid_fixed	B	5000	5.924525297439452e-06
6801	atomwise.outnet.2.linear.bias	0.053212	run_hybrid_fixed_sB	hybrid_fixed	B	5000	5.924525297439452e-06
6801	atomwise.outnet.2.linear.weight	0.48649	run_hybrid_fixed_sB	hybrid_fixed	B	5000	5.924525297439452e-06
6901	atomwise.linear_nn.linear.bias	0.034082	run_hybrid_fixed_sB	hybrid_fixed	B	5000	5.924525297439452e-06
6901	atomwise.linear_nn.linear.weight	0.084162	run_hybrid_fixed_sB	hybrid_fixed	B	5000	5.924525297439452e-06
6901	atomwise.outnet.0.linear.bias	0.051393	run_hybrid_fixed_sB	hybrid_fixed	B	5000	5.924525297439452e-06
6901	atomwise.outnet.0.linear.weight	0.04488	run_hybrid_fixed_sB	hybrid_fixed	B	5000	5.924525297439452e-06
6901	atomwise.outnet.1.linear.bias	0.049303	run_hybrid_fixed_sB	hybrid_fixed	B	5000	5.924525297439452e-06
6901	atomwise.outnet.1.linear.weight	0.065524	run_hybrid_fixed_sB	hybrid_fixed	B	5000	5.924525297439452e-06
6901	atomwise.outnet.2.linear.bias	0.034082	run_hybrid_fixed_sB	hybrid_fixed	B	5000	5.924525297439452e-06
6901	atomwise.outnet.2.linear.weight	0.17135	run_hybrid_fixed_sB	hybrid_fixed	B	5000	5.924525297439452e-06
7001	atomwise.linear_nn.linear.bias	0.0060179	run_hybrid_fixed_sB	hybrid_fixed	B	5000	5.924525297439452e-06
7001	atomwise.linear_nn.linear.weight	0.056386	run_hybrid_fixed_sB	hybrid_fixed	B	5000	5.924525297439452e-06
7001	atomwise.outnet.0.linear.bias	0.019568	run_hybrid_fixed_sB	hybrid_fixed	B	5000	5.924525297439452e-06
7001	atomwise.outnet.0.linear.weight	0.020604	run_hybrid_fixed_sB	hybrid_fixed	B	5000	5.924525297439452e-06
7001	atomwise.outnet.1.linear.bias	0.021736	run_hybrid_fixed_sB	hybrid_fixed	B	5000	5.924525297439452e-06
7001	atomwise.outnet.1.linear.weight	0.036153	run_hybrid_fixed_sB	hybrid_fixed	B	5000	5.924525297439452e-06
7001	atomwise.outnet.2.linear.bias	0.0060179	run_hybrid_fixed_sB	hybrid_fixed	B	5000	5.924525297439452e-06
7001	atomwise.outnet.2.linear.weight	0.088485	run_hybrid_fixed_sB	hybrid_fixed	B	5000	5.924525297439452e-06
7101	atomwise.linear_nn.linear.bias	0.037011	run_hybrid_fixed_sB	hybrid_fixed	B	5000	5.924525297439452e-06
7101	atomwise.linear_nn.linear.weight	0.2108	run_hybrid_fixed_sB	hybrid_fixed	B	5000	5.924525297439452e-06
7101	atomwise.outnet.0.linear.bias	0.10398	run_hybrid_fixed_sB	hybrid_fixed	B	5000	5.924525297439452e-06
7101	atomwise.outnet.0.linear.weight	0.09879	run_hybrid_fixed_sB	hybrid_fixed	B	5000	5.924525297439452e-06
7101	atomwise.outnet.1.linear.bias	0.097934	run_hybrid_fixed_sB	hybrid_fixed	B	5000	5.924525297439452e-06
7101	atomwise.outnet.1.linear.weight	0.1356	run_hybrid_fixed_sB	hybrid_fixed	B	5000	5.924525297439452e-06
7101	atomwise.outnet.2.linear.bias	0.037011	run_hybrid_fixed_sB	hybrid_fixed	B	5000	5.924525297439452e-06
7101	atomwise.outnet.2.linear.weight	0.34423	run_hybrid_fixed_sB	hybrid_fixed	B	5000	5.924525297439452e-06
7201	atomwise.linear_nn.linear.bias	0.056883	run_hybrid_fixed_sB	hybrid_fixed	B	5000	5.924525297439452e-06
7201	atomwise.linear_nn.linear.weight	0.18596	run_hybrid_fixed_sB	hybrid_fixed	B	5000	5.924525297439452e-06
7201	atomwise.outnet.0.linear.bias	0.11493	run_hybrid_fixed_sB	hybrid_fixed	B	5000	5.924525297439452e-06
7201	atomwise.outnet.0.linear.weight	0.095346	run_hybrid_fixed_sB	hybrid_fixed	B	5000	5.924525297439452e-06
7201	atomwise.outnet.1.linear.bias	0.10886	run_hybrid_fixed_sB	hybrid_fixed	B	5000	5.924525297439452e-06
7201	atomwise.outnet.1.linear.weight	0.14658	run_hybrid_fixed_sB	hybrid_fixed	B	5000	5.924525297439452e-06
7201	atomwise.outnet.2.linear.bias	0.056883	run_hybrid_fixed_sB	hybrid_fixed	B	5000	5.924525297439452e-06
7201	atomwise.outnet.2.linear.weight	0.37895	run_hybrid_fixed_sB	hybrid_fixed	B	5000	5.924525297439452e-06
7301	atomwise.linear_nn.linear.bias	0.0019999	run_hybrid_fixed_sB	hybrid_fixed	B	5000	5.924525297439452e-06
7301	atomwise.linear_nn.linear.weight	0.23656	run_hybrid_fixed_sB	hybrid_fixed	B	5000	5.924525297439452e-06
7301	atomwise.outnet.0.linear.bias	0.087659	run_hybrid_fixed_sB	hybrid_fixed	B	5000	5.924525297439452e-06
7301	atomwise.outnet.0.linear.weight	0.1111	run_hybrid_fixed_sB	hybrid_fixed	B	5000	5.924525297439452e-06
7301	atomwise.outnet.1.linear.bias	0.083563	run_hybrid_fixed_sB	hybrid_fixed	B	5000	5.924525297439452e-06
7301	atomwise.outnet.1.linear.weight	0.12951	run_hybrid_fixed_sB	hybrid_fixed	B	5000	5.924525297439452e-06
7301	atomwise.outnet.2.linear.bias	0.0019999	run_hybrid_fixed_sB	hybrid_fixed	B	5000	5.924525297439452e-06
7301	atomwise.outnet.2.linear.weight	0.31725	run_hybrid_fixed_sB	hybrid_fixed	B	5000	5.924525297439452e-06
7401	atomwise.linear_nn.linear.bias	0.022064	run_hybrid_fixed_sB	hybrid_fixed	B	5000	5.924525297439452e-06
7401	atomwise.linear_nn.linear.weight	0.15586	run_hybrid_fixed_sB	hybrid_fixed	B	5000	5.924525297439452e-06
7401	atomwise.outnet.0.linear.bias	0.04431	run_hybrid_fixed_sB	hybrid_fixed	B	5000	5.924525297439452e-06
7401	atomwise.outnet.0.linear.weight	0.057416	run_hybrid_fixed_sB	hybrid_fixed	B	5000	5.924525297439452e-06
7401	atomwise.outnet.1.linear.bias	0.038594	run_hybrid_fixed_sB	hybrid_fixed	B	5000	5.924525297439452e-06
7401	atomwise.outnet.1.linear.weight	0.048677	run_hybrid_fixed_sB	hybrid_fixed	B	5000	5.924525297439452e-06
7401	atomwise.outnet.2.linear.bias	0.022064	run_hybrid_fixed_sB	hybrid_fixed	B	5000	5.924525297439452e-06
7401	atomwise.outnet.2.linear.weight	0.11582	run_hybrid_fixed_sB	hybrid_fixed	B	5000	5.924525297439452e-06
7501	atomwise.linear_nn.linear.bias	0.025755	run_hybrid_fixed_sB	hybrid_fixed	B	5000	5.924525297439452e-06
7501	atomwise.linear_nn.linear.weight	0.28019	run_hybrid_fixed_sB	hybrid_fixed	B	5000	5.924525297439452e-06
7501	atomwise.outnet.0.linear.bias	0.12678	run_hybrid_fixed_sB	hybrid_fixed	B	5000	5.924525297439452e-06
7501	atomwise.outnet.0.linear.weight	0.13219	run_hybrid_fixed_sB	hybrid_fixed	B	5000	5.924525297439452e-06
7501	atomwise.outnet.1.linear.bias	0.12173	run_hybrid_fixed_sB	hybrid_fixed	B	5000	5.924525297439452e-06
7501	atomwise.outnet.1.linear.weight	0.17926	run_hybrid_fixed_sB	hybrid_fixed	B	5000	5.924525297439452e-06
7501	atomwise.outnet.2.linear.bias	0.025755	run_hybrid_fixed_sB	hybrid_fixed	B	5000	5.924525297439452e-06
7501	atomwise.outnet.2.linear.weight	0.45102	run_hybrid_fixed_sB	hybrid_fixed	B	5000	5.924525297439452e-06
7601	atomwise.linear_nn.linear.bias	0.016651	run_hybrid_fixed_sB	hybrid_fixed	B	5000	5.924525297439452e-06
7601	atomwise.linear_nn.linear.weight	0.052364	run_hybrid_fixed_sB	hybrid_fixed	B	5000	5.924525297439452e-06
7601	atomwise.outnet.0.linear.bias	0.013496	run_hybrid_fixed_sB	hybrid_fixed	B	5000	5.924525297439452e-06
7601	atomwise.outnet.0.linear.weight	0.022742	run_hybrid_fixed_sB	hybrid_fixed	B	5000	5.924525297439452e-06
7601	atomwise.outnet.1.linear.bias	0.012834	run_hybrid_fixed_sB	hybrid_fixed	B	5000	5.924525297439452e-06
7601	atomwise.outnet.1.linear.weight	0.0099522	run_hybrid_fixed_sB	hybrid_fixed	B	5000	5.924525297439452e-06
7601	atomwise.outnet.2.linear.bias	0.016651	run_hybrid_fixed_sB	hybrid_fixed	B	5000	5.924525297439452e-06
7601	atomwise.outnet.2.linear.weight	0.027336	run_hybrid_fixed_sB	hybrid_fixed	B	5000	5.924525297439452e-06
7701	atomwise.linear_nn.linear.bias	0.021034	run_hybrid_fixed_sB	hybrid_fixed	B	5000	5.924525297439452e-06
7701	atomwise.linear_nn.linear.weight	0.17128	run_hybrid_fixed_sB	hybrid_fixed	B	5000	5.924525297439452e-06
7701	atomwise.outnet.0.linear.bias	0.083727	run_hybrid_fixed_sB	hybrid_fixed	B	5000	5.924525297439452e-06
7701	atomwise.outnet.0.linear.weight	0.080285	run_hybrid_fixed_sB	hybrid_fixed	B	5000	5.924525297439452e-06
7701	atomwise.outnet.1.linear.bias	0.08059	run_hybrid_fixed_sB	hybrid_fixed	B	5000	5.924525297439452e-06
7701	atomwise.outnet.1.linear.weight	0.11884	run_hybrid_fixed_sB	hybrid_fixed	B	5000	5.924525297439452e-06
7701	atomwise.outnet.2.linear.bias	0.021034	run_hybrid_fixed_sB	hybrid_fixed	B	5000	5.924525297439452e-06
7701	atomwise.outnet.2.linear.weight	0.30135	run_hybrid_fixed_sB	hybrid_fixed	B	5000	5.924525297439452e-06
7801	atomwise.linear_nn.linear.bias	0.015941	run_hybrid_fixed_sB	hybrid_fixed	B	5000	5.924525297439452e-06
7801	atomwise.linear_nn.linear.weight	0.18934	run_hybrid_fixed_sB	hybrid_fixed	B	5000	5.924525297439452e-06
7801	atomwise.outnet.0.linear.bias	0.07505	run_hybrid_fixed_sB	hybrid_fixed	B	5000	5.924525297439452e-06
7801	atomwise.outnet.0.linear.weight	0.084921	run_hybrid_fixed_sB	hybrid_fixed	B	5000	5.924525297439452e-06
7801	atomwise.outnet.1.linear.bias	0.072316	run_hybrid_fixed_sB	hybrid_fixed	B	5000	5.924525297439452e-06
7801	atomwise.outnet.1.linear.weight	0.10476	run_hybrid_fixed_sB	hybrid_fixed	B	5000	5.924525297439452e-06
7801	atomwise.outnet.2.linear.bias	0.015941	run_hybrid_fixed_sB	hybrid_fixed	B	5000	5.924525297439452e-06
7801	atomwise.outnet.2.linear.weight	0.26024	run_hybrid_fixed_sB	hybrid_fixed	B	5000	5.924525297439452e-06
7901	atomwise.linear_nn.linear.bias	0.0038647	run_hybrid_fixed_sB	hybrid_fixed	B	5000	5.924525297439452e-06
7901	atomwise.linear_nn.linear.weight	0.074814	run_hybrid_fixed_sB	hybrid_fixed	B	5000	5.924525297439452e-06
7901	atomwise.outnet.0.linear.bias	0.035963	run_hybrid_fixed_sB	hybrid_fixed	B	5000	5.924525297439452e-06
7901	atomwise.outnet.0.linear.weight	0.041611	run_hybrid_fixed_sB	hybrid_fixed	B	5000	5.924525297439452e-06
7901	atomwise.outnet.1.linear.bias	0.033819	run_hybrid_fixed_sB	hybrid_fixed	B	5000	5.924525297439452e-06
7901	atomwise.outnet.1.linear.weight	0.056377	run_hybrid_fixed_sB	hybrid_fixed	B	5000	5.924525297439452e-06
7901	atomwise.outnet.2.linear.bias	0.0038647	run_hybrid_fixed_sB	hybrid_fixed	B	5000	5.924525297439452e-06
7901	atomwise.outnet.2.linear.weight	0.14116	run_hybrid_fixed_sB	hybrid_fixed	B	5000	5.924525297439452e-06
8001	atomwise.linear_nn.linear.bias	0.023776	run_hybrid_fixed_sB	hybrid_fixed	B	5000	5.924525297439452e-06
8001	atomwise.linear_nn.linear.weight	0.17499	run_hybrid_fixed_sB	hybrid_fixed	B	5000	5.924525297439452e-06
8001	atomwise.outnet.0.linear.bias	0.084143	run_hybrid_fixed_sB	hybrid_fixed	B	5000	5.924525297439452e-06
8001	atomwise.outnet.0.linear.weight	0.084396	run_hybrid_fixed_sB	hybrid_fixed	B	5000	5.924525297439452e-06
8001	atomwise.outnet.1.linear.bias	0.078642	run_hybrid_fixed_sB	hybrid_fixed	B	5000	5.924525297439452e-06
8001	atomwise.outnet.1.linear.weight	0.11552	run_hybrid_fixed_sB	hybrid_fixed	B	5000	5.924525297439452e-06
8001	atomwise.outnet.2.linear.bias	0.023776	run_hybrid_fixed_sB	hybrid_fixed	B	5000	5.924525297439452e-06
8001	atomwise.outnet.2.linear.weight	0.29117	run_hybrid_fixed_sB	hybrid_fixed	B	5000	5.924525297439452e-06
8101	atomwise.linear_nn.linear.bias	0.051091	run_hybrid_fixed_sB	hybrid_fixed	B	5000	5.924525297439452e-06
8101	atomwise.linear_nn.linear.weight	0.33145	run_hybrid_fixed_sB	hybrid_fixed	B	5000	5.924525297439452e-06
8101	atomwise.outnet.0.linear.bias	0.15863	run_hybrid_fixed_sB	hybrid_fixed	B	5000	5.924525297439452e-06
8101	atomwise.outnet.0.linear.weight	0.15779	run_hybrid_fixed_sB	hybrid_fixed	B	5000	5.924525297439452e-06
8101	atomwise.outnet.1.linear.bias	0.14808	run_hybrid_fixed_sB	hybrid_fixed	B	5000	5.924525297439452e-06
8101	atomwise.outnet.1.linear.weight	0.20969	run_hybrid_fixed_sB	hybrid_fixed	B	5000	5.924525297439452e-06
8101	atomwise.outnet.2.linear.bias	0.051091	run_hybrid_fixed_sB	hybrid_fixed	B	5000	5.924525297439452e-06
8101	atomwise.outnet.2.linear.weight	0.52917	run_hybrid_fixed_sB	hybrid_fixed	B	5000	5.924525297439452e-06
8201	atomwise.linear_nn.linear.bias	0.031722	run_hybrid_fixed_sB	hybrid_fixed	B	5000	5.924525297439452e-06
8201	atomwise.linear_nn.linear.weight	0.23152	run_hybrid_fixed_sB	hybrid_fixed	B	5000	5.924525297439452e-06
8201	atomwise.outnet.0.linear.bias	0.099496	run_hybrid_fixed_sB	hybrid_fixed	B	5000	5.924525297439452e-06
8201	atomwise.outnet.0.linear.weight	0.10379	run_hybrid_fixed_sB	hybrid_fixed	B	5000	5.924525297439452e-06
8201	atomwise.outnet.1.linear.bias	0.094423	run_hybrid_fixed_sB	hybrid_fixed	B	5000	5.924525297439452e-06
8201	atomwise.outnet.1.linear.weight	0.13149	run_hybrid_fixed_sB	hybrid_fixed	B	5000	5.924525297439452e-06
8201	atomwise.outnet.2.linear.bias	0.031722	run_hybrid_fixed_sB	hybrid_fixed	B	5000	5.924525297439452e-06
8201	atomwise.outnet.2.linear.weight	0.32985	run_hybrid_fixed_sB	hybrid_fixed	B	5000	5.924525297439452e-06
8301	atomwise.linear_nn.linear.bias	0.0036112	run_hybrid_fixed_sB	hybrid_fixed	B	5000	5.924525297439452e-06
8301	atomwise.linear_nn.linear.weight	0.12628	run_hybrid_fixed_sB	hybrid_fixed	B	5000	5.924525297439452e-06
8301	atomwise.outnet.0.linear.bias	0.049258	run_hybrid_fixed_sB	hybrid_fixed	B	5000	5.924525297439452e-06
8301	atomwise.outnet.0.linear.weight	0.057616	run_hybrid_fixed_sB	hybrid_fixed	B	5000	5.924525297439452e-06
8301	atomwise.outnet.1.linear.bias	0.050387	run_hybrid_fixed_sB	hybrid_fixed	B	5000	5.924525297439452e-06
8301	atomwise.outnet.1.linear.weight	0.079527	run_hybrid_fixed_sB	hybrid_fixed	B	5000	5.924525297439452e-06
8301	atomwise.outnet.2.linear.bias	0.0036112	run_hybrid_fixed_sB	hybrid_fixed	B	5000	5.924525297439452e-06
8301	atomwise.outnet.2.linear.weight	0.19858	run_hybrid_fixed_sB	hybrid_fixed	B	5000	5.924525297439452e-06
8401	atomwise.linear_nn.linear.bias	3.4823e-05	run_hybrid_fixed_sB	hybrid_fixed	B	5000	5.924525297439452e-06
8401	atomwise.linear_nn.linear.weight	0.045816	run_hybrid_fixed_sB	hybrid_fixed	B	5000	5.924525297439452e-06
8401	atomwise.outnet.0.linear.bias	0.01518	run_hybrid_fixed_sB	hybrid_fixed	B	5000	5.924525297439452e-06
8401	atomwise.outnet.0.linear.weight	0.026084	run_hybrid_fixed_sB	hybrid_fixed	B	5000	5.924525297439452e-06
8401	atomwise.outnet.1.linear.bias	0.015637	run_hybrid_fixed_sB	hybrid_fixed	B	5000	5.924525297439452e-06
8401	atomwise.outnet.1.linear.weight	0.026686	run_hybrid_fixed_sB	hybrid_fixed	B	5000	5.924525297439452e-06
8401	atomwise.outnet.2.linear.bias	3.4823e-05	run_hybrid_fixed_sB	hybrid_fixed	B	5000	5.924525297439452e-06
8401	atomwise.outnet.2.linear.weight	0.066909	run_hybrid_fixed_sB	hybrid_fixed	B	5000	5.924525297439452e-06
8501	atomwise.linear_nn.linear.bias	0.0075821	run_hybrid_fixed_sB	hybrid_fixed	B	5000	5.924525297439452e-06
8501	atomwise.linear_nn.linear.weight	0.15106	run_hybrid_fixed_sB	hybrid_fixed	B	5000	5.924525297439452e-06
8501	atomwise.outnet.0.linear.bias	0.053547	run_hybrid_fixed_sB	hybrid_fixed	B	5000	5.924525297439452e-06
8501	atomwise.outnet.0.linear.weight	0.070471	run_hybrid_fixed_sB	hybrid_fixed	B	5000	5.924525297439452e-06
8501	atomwise.outnet.1.linear.bias	0.05321	run_hybrid_fixed_sB	hybrid_fixed	B	5000	5.924525297439452e-06
8501	atomwise.outnet.1.linear.weight	0.086975	run_hybrid_fixed_sB	hybrid_fixed	B	5000	5.924525297439452e-06
8501	atomwise.outnet.2.linear.bias	0.0075821	run_hybrid_fixed_sB	hybrid_fixed	B	5000	5.924525297439452e-06
8501	atomwise.outnet.2.linear.weight	0.21426	run_hybrid_fixed_sB	hybrid_fixed	B	5000	5.924525297439452e-06
8601	atomwise.linear_nn.linear.bias	0.025312	run_hybrid_fixed_sB	hybrid_fixed	B	5000	5.924525297439452e-06
8601	atomwise.linear_nn.linear.weight	0.078221	run_hybrid_fixed_sB	hybrid_fixed	B	5000	5.924525297439452e-06
8601	atomwise.outnet.0.linear.bias	0.032664	run_hybrid_fixed_sB	hybrid_fixed	B	5000	5.924525297439452e-06
8601	atomwise.outnet.0.linear.weight	0.031077	run_hybrid_fixed_sB	hybrid_fixed	B	5000	5.924525297439452e-06
8601	atomwise.outnet.1.linear.bias	0.027974	run_hybrid_fixed_sB	hybrid_fixed	B	5000	5.924525297439452e-06
8601	atomwise.outnet.1.linear.weight	0.032021	run_hybrid_fixed_sB	hybrid_fixed	B	5000	5.924525297439452e-06
8601	atomwise.outnet.2.linear.bias	0.025312	run_hybrid_fixed_sB	hybrid_fixed	B	5000	5.924525297439452e-06
8601	atomwise.outnet.2.linear.weight	0.081218	run_hybrid_fixed_sB	hybrid_fixed	B	5000	5.924525297439452e-06
8701	atomwise.linear_nn.linear.bias	0.017954	run_hybrid_fixed_sB	hybrid_fixed	B	5000	5.924525297439452e-06
8701	atomwise.linear_nn.linear.weight	0.25544	run_hybrid_fixed_sB	hybrid_fixed	B	5000	5.924525297439452e-06
8701	atomwise.outnet.0.linear.bias	0.11082	run_hybrid_fixed_sB	hybrid_fixed	B	5000	5.924525297439452e-06
8701	atomwise.outnet.0.linear.weight	0.11699	run_hybrid_fixed_sB	hybrid_fixed	B	5000	5.924525297439452e-06
8701	atomwise.outnet.1.linear.bias	0.10564	run_hybrid_fixed_sB	hybrid_fixed	B	5000	5.924525297439452e-06
8701	atomwise.outnet.1.linear.weight	0.15824	run_hybrid_fixed_sB	hybrid_fixed	B	5000	5.924525297439452e-06
8701	atomwise.outnet.2.linear.bias	0.017954	run_hybrid_fixed_sB	hybrid_fixed	B	5000	5.924525297439452e-06
8701	atomwise.outnet.2.linear.weight	0.39562	run_hybrid_fixed_sB	hybrid_fixed	B	5000	5.924525297439452e-06
8801	atomwise.linear_nn.linear.bias	0.019877	run_hybrid_fixed_sB	hybrid_fixed	B	5000	5.924525297439452e-06
8801	atomwise.linear_nn.linear.weight	0.16271	run_hybrid_fixed_sB	hybrid_fixed	B	5000	5.924525297439452e-06
8801	atomwise.outnet.0.linear.bias	0.079712	run_hybrid_fixed_sB	hybrid_fixed	B	5000	5.924525297439452e-06
8801	atomwise.outnet.0.linear.weight	0.085923	run_hybrid_fixed_sB	hybrid_fixed	B	5000	5.924525297439452e-06
8801	atomwise.outnet.1.linear.bias	0.077622	run_hybrid_fixed_sB	hybrid_fixed	B	5000	5.924525297439452e-06
8801	atomwise.outnet.1.linear.weight	0.11613	run_hybrid_fixed_sB	hybrid_fixed	B	5000	5.924525297439452e-06
8801	atomwise.outnet.2.linear.bias	0.019877	run_hybrid_fixed_sB	hybrid_fixed	B	5000	5.924525297439452e-06
8801	atomwise.outnet.2.linear.weight	0.29629	run_hybrid_fixed_sB	hybrid_fixed	B	5000	5.924525297439452e-06
8901	atomwise.linear_nn.linear.bias	0.021436	run_hybrid_fixed_sB	hybrid_fixed	B	5000	5.924525297439452e-06
8901	atomwise.linear_nn.linear.weight	0.25796	run_hybrid_fixed_sB	hybrid_fixed	B	5000	5.924525297439452e-06
8901	atomwise.outnet.0.linear.bias	0.10995	run_hybrid_fixed_sB	hybrid_fixed	B	5000	5.924525297439452e-06
8901	atomwise.outnet.0.linear.weight	0.11992	run_hybrid_fixed_sB	hybrid_fixed	B	5000	5.924525297439452e-06
8901	atomwise.outnet.1.linear.bias	0.10516	run_hybrid_fixed_sB	hybrid_fixed	B	5000	5.924525297439452e-06
8901	atomwise.outnet.1.linear.weight	0.15642	run_hybrid_fixed_sB	hybrid_fixed	B	5000	5.924525297439452e-06
8901	atomwise.outnet.2.linear.bias	0.021436	run_hybrid_fixed_sB	hybrid_fixed	B	5000	5.924525297439452e-06
8901	atomwise.outnet.2.linear.weight	0.39103	run_hybrid_fixed_sB	hybrid_fixed	B	5000	5.924525297439452e-06
9001	atomwise.linear_nn.linear.bias	0.075211	run_hybrid_fixed_sB	hybrid_fixed	B	5000	5.924525297439452e-06
9001	atomwise.linear_nn.linear.weight	0.35695	run_hybrid_fixed_sB	hybrid_fixed	B	5000	5.924525297439452e-06
9001	atomwise.outnet.0.linear.bias	0.19398	run_hybrid_fixed_sB	hybrid_fixed	B	5000	5.924525297439452e-06
9001	atomwise.outnet.0.linear.weight	0.1814	run_hybrid_fixed_sB	hybrid_fixed	B	5000	5.924525297439452e-06
9001	atomwise.outnet.1.linear.bias	0.18206	run_hybrid_fixed_sB	hybrid_fixed	B	5000	5.924525297439452e-06
9001	atomwise.outnet.1.linear.weight	0.2589	run_hybrid_fixed_sB	hybrid_fixed	B	5000	5.924525297439452e-06
9001	atomwise.outnet.2.linear.bias	0.075211	run_hybrid_fixed_sB	hybrid_fixed	B	5000	5.924525297439452e-06
9001	atomwise.outnet.2.linear.weight	0.66224	run_hybrid_fixed_sB	hybrid_fixed	B	5000	5.924525297439452e-06
9101	atomwise.linear_nn.linear.bias	0.0039944	run_hybrid_fixed_sB	hybrid_fixed	B	5000	5.924525297439452e-06
9101	atomwise.linear_nn.linear.weight	0.051691	run_hybrid_fixed_sB	hybrid_fixed	B	5000	5.924525297439452e-06
9101	atomwise.outnet.0.linear.bias	0.0026218	run_hybrid_fixed_sB	hybrid_fixed	B	5000	5.924525297439452e-06
9101	atomwise.outnet.0.linear.weight	0.017614	run_hybrid_fixed_sB	hybrid_fixed	B	5000	5.924525297439452e-06
9101	atomwise.outnet.1.linear.bias	0.0037818	run_hybrid_fixed_sB	hybrid_fixed	B	5000	5.924525297439452e-06
9101	atomwise.outnet.1.linear.weight	0.010441	run_hybrid_fixed_sB	hybrid_fixed	B	5000	5.924525297439452e-06
9101	atomwise.outnet.2.linear.bias	0.0039944	run_hybrid_fixed_sB	hybrid_fixed	B	5000	5.924525297439452e-06
9101	atomwise.outnet.2.linear.weight	0.01816	run_hybrid_fixed_sB	hybrid_fixed	B	5000	5.924525297439452e-06
9201	atomwise.linear_nn.linear.bias	0.0064334	run_hybrid_fixed_sB	hybrid_fixed	B	5000	5.924525297439452e-06
9201	atomwise.linear_nn.linear.weight	0.088567	run_hybrid_fixed_sB	hybrid_fixed	B	5000	5.924525297439452e-06
9201	atomwise.outnet.0.linear.bias	0.031891	run_hybrid_fixed_sB	hybrid_fixed	B	5000	5.924525297439452e-06
9201	atomwise.outnet.0.linear.weight	0.039016	run_hybrid_fixed_sB	hybrid_fixed	B	5000	5.924525297439452e-06
9201	atomwise.outnet.1.linear.bias	0.028822	run_hybrid_fixed_sB	hybrid_fixed	B	5000	5.924525297439452e-06
9201	atomwise.outnet.1.linear.weight	0.043941	run_hybrid_fixed_sB	hybrid_fixed	B	5000	5.924525297439452e-06
9201	atomwise.outnet.2.linear.bias	0.0064334	run_hybrid_fixed_sB	hybrid_fixed	B	5000	5.924525297439452e-06
9201	atomwise.outnet.2.linear.weight	0.1071	run_hybrid_fixed_sB	hybrid_fixed	B	5000	5.924525297439452e-06
9301	atomwise.linear_nn.linear.bias	0.037251	run_hybrid_fixed_sB	hybrid_fixed	B	5000	5.924525297439452e-06
9301	atomwise.linear_nn.linear.weight	0.25692	run_hybrid_fixed_sB	hybrid_fixed	B	5000	5.924525297439452e-06
9301	atomwise.outnet.0.linear.bias	0.11323	run_hybrid_fixed_sB	hybrid_fixed	B	5000	5.924525297439452e-06
9301	atomwise.outnet.0.linear.weight	0.11617	run_hybrid_fixed_sB	hybrid_fixed	B	5000	5.924525297439452e-06
9301	atomwise.outnet.1.linear.bias	0.10476	run_hybrid_fixed_sB	hybrid_fixed	B	5000	5.924525297439452e-06
9301	atomwise.outnet.1.linear.weight	0.14707	run_hybrid_fixed_sB	hybrid_fixed	B	5000	5.924525297439452e-06
9301	atomwise.outnet.2.linear.bias	0.037251	run_hybrid_fixed_sB	hybrid_fixed	B	5000	5.924525297439452e-06
9301	atomwise.outnet.2.linear.weight	0.36887	run_hybrid_fixed_sB	hybrid_fixed	B	5000	5.924525297439452e-06
9401	atomwise.linear_nn.linear.bias	0.016832	run_hybrid_fixed_sB	hybrid_fixed	B	5000	5.924525297439452e-06
9401	atomwise.linear_nn.linear.weight	0.15861	run_hybrid_fixed_sB	hybrid_fixed	B	5000	5.924525297439452e-06
9401	atomwise.outnet.0.linear.bias	0.067458	run_hybrid_fixed_sB	hybrid_fixed	B	5000	5.924525297439452e-06
9401	atomwise.outnet.0.linear.weight	0.075007	run_hybrid_fixed_sB	hybrid_fixed	B	5000	5.924525297439452e-06
9401	atomwise.outnet.1.linear.bias	0.061889	run_hybrid_fixed_sB	hybrid_fixed	B	5000	5.924525297439452e-06
9401	atomwise.outnet.1.linear.weight	0.090856	run_hybrid_fixed_sB	hybrid_fixed	B	5000	5.924525297439452e-06
9401	atomwise.outnet.2.linear.bias	0.016832	run_hybrid_fixed_sB	hybrid_fixed	B	5000	5.924525297439452e-06
9401	atomwise.outnet.2.linear.weight	0.22542	run_hybrid_fixed_sB	hybrid_fixed	B	5000	5.924525297439452e-06
9501	atomwise.linear_nn.linear.bias	0.01536	run_hybrid_fixed_sB	hybrid_fixed	B	5000	5.924525297439452e-06
9501	atomwise.linear_nn.linear.weight	0.085415	run_hybrid_fixed_sB	hybrid_fixed	B	5000	5.924525297439452e-06
9501	atomwise.outnet.0.linear.bias	0.047087	run_hybrid_fixed_sB	hybrid_fixed	B	5000	5.924525297439452e-06
9501	atomwise.outnet.0.linear.weight	0.045187	run_hybrid_fixed_sB	hybrid_fixed	B	5000	5.924525297439452e-06
9501	atomwise.outnet.1.linear.bias	0.044891	run_hybrid_fixed_sB	hybrid_fixed	B	5000	5.924525297439452e-06
9501	atomwise.outnet.1.linear.weight	0.068407	run_hybrid_fixed_sB	hybrid_fixed	B	5000	5.924525297439452e-06
9501	atomwise.outnet.2.linear.bias	0.01536	run_hybrid_fixed_sB	hybrid_fixed	B	5000	5.924525297439452e-06
9501	atomwise.outnet.2.linear.weight	0.17457	run_hybrid_fixed_sB	hybrid_fixed	B	5000	5.924525297439452e-06
9601	atomwise.linear_nn.linear.bias	0.0032722	run_hybrid_fixed_sB	hybrid_fixed	B	5000	5.924525297439452e-06
9601	atomwise.linear_nn.linear.weight	0.049051	run_hybrid_fixed_sB	hybrid_fixed	B	5000	5.924525297439452e-06
9601	atomwise.outnet.0.linear.bias	0.020302	run_hybrid_fixed_sB	hybrid_fixed	B	5000	5.924525297439452e-06
9601	atomwise.outnet.0.linear.weight	0.028046	run_hybrid_fixed_sB	hybrid_fixed	B	5000	5.924525297439452e-06
9601	atomwise.outnet.1.linear.bias	0.020647	run_hybrid_fixed_sB	hybrid_fixed	B	5000	5.924525297439452e-06
9601	atomwise.outnet.1.linear.weight	0.035017	run_hybrid_fixed_sB	hybrid_fixed	B	5000	5.924525297439452e-06
9601	atomwise.outnet.2.linear.bias	0.0032722	run_hybrid_fixed_sB	hybrid_fixed	B	5000	5.924525297439452e-06
9601	atomwise.outnet.2.linear.weight	0.088661	run_hybrid_fixed_sB	hybrid_fixed	B	5000	5.924525297439452e-06
9701	atomwise.linear_nn.linear.bias	0.018597	run_hybrid_fixed_sB	hybrid_fixed	B	5000	5.924525297439452e-06
9701	atomwise.linear_nn.linear.weight	0.18707	run_hybrid_fixed_sB	hybrid_fixed	B	5000	5.924525297439452e-06
9701	atomwise.outnet.0.linear.bias	0.081485	run_hybrid_fixed_sB	hybrid_fixed	B	5000	5.924525297439452e-06
9701	atomwise.outnet.0.linear.weight	0.088773	run_hybrid_fixed_sB	hybrid_fixed	B	5000	5.924525297439452e-06
9701	atomwise.outnet.1.linear.bias	0.078696	run_hybrid_fixed_sB	hybrid_fixed	B	5000	5.924525297439452e-06
9701	atomwise.outnet.1.linear.weight	0.11523	run_hybrid_fixed_sB	hybrid_fixed	B	5000	5.924525297439452e-06
9701	atomwise.outnet.2.linear.bias	0.018597	run_hybrid_fixed_sB	hybrid_fixed	B	5000	5.924525297439452e-06
9701	atomwise.outnet.2.linear.weight	0.28979	run_hybrid_fixed_sB	hybrid_fixed	B	5000	5.924525297439452e-06
9801	atomwise.linear_nn.linear.bias	0.040342	run_hybrid_fixed_sB	hybrid_fixed	B	5000	5.924525297439452e-06
9801	atomwise.linear_nn.linear.weight	0.26444	run_hybrid_fixed_sB	hybrid_fixed	B	5000	5.924525297439452e-06
9801	atomwise.outnet.0.linear.bias	0.13731	run_hybrid_fixed_sB	hybrid_fixed	B	5000	5.924525297439452e-06
9801	atomwise.outnet.0.linear.weight	0.13664	run_hybrid_fixed_sB	hybrid_fixed	B	5000	5.924525297439452e-06
9801	atomwise.outnet.1.linear.bias	0.13054	run_hybrid_fixed_sB	hybrid_fixed	B	5000	5.924525297439452e-06
9801	atomwise.outnet.1.linear.weight	0.19082	run_hybrid_fixed_sB	hybrid_fixed	B	5000	5.924525297439452e-06
9801	atomwise.outnet.2.linear.bias	0.040342	run_hybrid_fixed_sB	hybrid_fixed	B	5000	5.924525297439452e-06
9801	atomwise.outnet.2.linear.weight	0.48471	run_hybrid_fixed_sB	hybrid_fixed	B	5000	5.924525297439452e-06
9901	atomwise.linear_nn.linear.bias	0.044541	run_hybrid_fixed_sB	hybrid_fixed	B	5000	5.924525297439452e-06
9901	atomwise.linear_nn.linear.weight	0.3123	run_hybrid_fixed_sB	hybrid_fixed	B	5000	5.924525297439452e-06
9901	atomwise.outnet.0.linear.bias	0.15348	run_hybrid_fixed_sB	hybrid_fixed	B	5000	5.924525297439452e-06
9901	atomwise.outnet.0.linear.weight	0.15589	run_hybrid_fixed_sB	hybrid_fixed	B	5000	5.924525297439452e-06
9901	atomwise.outnet.1.linear.bias	0.14499	run_hybrid_fixed_sB	hybrid_fixed	B	5000	5.924525297439452e-06
9901	atomwise.outnet.1.linear.weight	0.21036	run_hybrid_fixed_sB	hybrid_fixed	B	5000	5.924525297439452e-06
9901	atomwise.outnet.2.linear.bias	0.044541	run_hybrid_fixed_sB	hybrid_fixed	B	5000	5.924525297439452e-06
9901	atomwise.outnet.2.linear.weight	0.53216	run_hybrid_fixed_sB	hybrid_fixed	B	5000	5.924525297439452e-06
1	atomwise.linear_nn.linear.bias	0.20328	run_hybrid_q_sA	hybrid_q	A	5000	0.001
1	atomwise.linear_nn.linear.weight	1.0929	run_hybrid_q_sA	hybrid_q	A	5000	0.001
1	atomwise.outnet.0.linear.bias	0.011268	run_hybrid_q_sA	hybrid_q	A	5000	0.001
1	atomwise.outnet.0.linear.weight	0.06069	run_hybrid_q_sA	hybrid_q	A	5000	0.001
1	atomwise.outnet.1.linear.bias	0.04915	run_hybrid_q_sA	hybrid_q	A	5000	0.001
1	atomwise.outnet.1.linear.weight	0.011729	run_hybrid_q_sA	hybrid_q	A	5000	0.001
1	atomwise.outnet.2.linear.bias	0.20328	run_hybrid_q_sA	hybrid_q	A	5000	0.001
1	atomwise.outnet.2.linear.weight	0.03419	run_hybrid_q_sA	hybrid_q	A	5000	0.001
101	atomwise.linear_nn.linear.bias	1.7821	run_hybrid_q_sA	hybrid_q	A	5000	0.001
101	atomwise.linear_nn.linear.weight	9.4951	run_hybrid_q_sA	hybrid_q	A	5000	0.001
101	atomwise.outnet.0.linear.bias	0.26749	run_hybrid_q_sA	hybrid_q	A	5000	0.001
101	atomwise.outnet.0.linear.weight	1.0659	run_hybrid_q_sA	hybrid_q	A	5000	0.001
101	atomwise.outnet.1.linear.bias	0.57385	run_hybrid_q_sA	hybrid_q	A	5000	0.001
101	atomwise.outnet.1.linear.weight	0.92715	run_hybrid_q_sA	hybrid_q	A	5000	0.001
101	atomwise.outnet.2.linear.bias	1.7821	run_hybrid_q_sA	hybrid_q	A	5000	0.001
101	atomwise.outnet.2.linear.weight	1.5051	run_hybrid_q_sA	hybrid_q	A	5000	0.001
201	atomwise.linear_nn.linear.bias	3.0768	run_hybrid_q_sA	hybrid_q	A	5000	0.001
201	atomwise.linear_nn.linear.weight	6.6133	run_hybrid_q_sA	hybrid_q	A	5000	0.001
201	atomwise.outnet.0.linear.bias	0.69832	run_hybrid_q_sA	hybrid_q	A	5000	0.001
201	atomwise.outnet.0.linear.weight	2.1058	run_hybrid_q_sA	hybrid_q	A	5000	0.001
201	atomwise.outnet.1.linear.bias	0.95046	run_hybrid_q_sA	hybrid_q	A	5000	0.001
201	atomwise.outnet.1.linear.weight	0.94631	run_hybrid_q_sA	hybrid_q	A	5000	0.001
201	atomwise.outnet.2.linear.bias	3.0768	run_hybrid_q_sA	hybrid_q	A	5000	0.001
201	atomwise.outnet.2.linear.weight	0.89262	run_hybrid_q_sA	hybrid_q	A	5000	0.001
301	atomwise.linear_nn.linear.bias	6.9803	run_hybrid_q_sA	hybrid_q	A	5000	0.001
301	atomwise.linear_nn.linear.weight	5.7397	run_hybrid_q_sA	hybrid_q	A	5000	0.001
301	atomwise.outnet.0.linear.bias	2.4009	run_hybrid_q_sA	hybrid_q	A	5000	0.001
301	atomwise.outnet.0.linear.weight	2.0577	run_hybrid_q_sA	hybrid_q	A	5000	0.001
301	atomwise.outnet.1.linear.bias	2.4842	run_hybrid_q_sA	hybrid_q	A	5000	0.001
301	atomwise.outnet.1.linear.weight	1.9256	run_hybrid_q_sA	hybrid_q	A	5000	0.001
301	atomwise.outnet.2.linear.bias	6.9803	run_hybrid_q_sA	hybrid_q	A	5000	0.001
301	atomwise.outnet.2.linear.weight	3.0279	run_hybrid_q_sA	hybrid_q	A	5000	0.001
401	atomwise.linear_nn.linear.bias	19.898	run_hybrid_q_sA	hybrid_q	A	5000	0.001
401	atomwise.linear_nn.linear.weight	16.015	run_hybrid_q_sA	hybrid_q	A	5000	0.001
401	atomwise.outnet.0.linear.bias	7.3965	run_hybrid_q_sA	hybrid_q	A	5000	0.001
401	atomwise.outnet.0.linear.weight	6.6647	run_hybrid_q_sA	hybrid_q	A	5000	0.001
401	atomwise.outnet.1.linear.bias	7.208	run_hybrid_q_sA	hybrid_q	A	5000	0.001
401	atomwise.outnet.1.linear.weight	4.6908	run_hybrid_q_sA	hybrid_q	A	5000	0.001
401	atomwise.outnet.2.linear.bias	19.898	run_hybrid_q_sA	hybrid_q	A	5000	0.001
401	atomwise.outnet.2.linear.weight	8.3761	run_hybrid_q_sA	hybrid_q	A	5000	0.001
501	atomwise.linear_nn.linear.bias	1.5918	run_hybrid_q_sA	hybrid_q	A	5000	0.001
501	atomwise.linear_nn.linear.weight	2.6859	run_hybrid_q_sA	hybrid_q	A	5000	0.001
501	atomwise.outnet.0.linear.bias	0.85221	run_hybrid_q_sA	hybrid_q	A	5000	0.001
501	atomwise.outnet.0.linear.weight	1.4083	run_hybrid_q_sA	hybrid_q	A	5000	0.001
501	atomwise.outnet.1.linear.bias	0.71419	run_hybrid_q_sA	hybrid_q	A	5000	0.001
501	atomwise.outnet.1.linear.weight	0.76535	run_hybrid_q_sA	hybrid_q	A	5000	0.001
501	atomwise.outnet.2.linear.bias	1.5918	run_hybrid_q_sA	hybrid_q	A	5000	0.001
501	atomwise.outnet.2.linear.weight	2.0838	run_hybrid_q_sA	hybrid_q	A	5000	0.001
601	atomwise.linear_nn.linear.bias	2.9595	run_hybrid_q_sA	hybrid_q	A	5000	0.001
601	atomwise.linear_nn.linear.weight	1.8888	run_hybrid_q_sA	hybrid_q	A	5000	0.001
601	atomwise.outnet.0.linear.bias	1.6808	run_hybrid_q_sA	hybrid_q	A	5000	0.001
601	atomwise.outnet.0.linear.weight	1.0611	run_hybrid_q_sA	hybrid_q	A	5000	0.001
601	atomwise.outnet.1.linear.bias	1.3934	run_hybrid_q_sA	hybrid_q	A	5000	0.001
601	atomwise.outnet.1.linear.weight	1.256	run_hybrid_q_sA	hybrid_q	A	5000	0.001
601	atomwise.outnet.2.linear.bias	2.9595	run_hybrid_q_sA	hybrid_q	A	5000	0.001
601	atomwise.outnet.2.linear.weight	3.7032	run_hybrid_q_sA	hybrid_q	A	5000	0.001
701	atomwise.linear_nn.linear.bias	11.757	run_hybrid_q_sA	hybrid_q	A	5000	0.001
701	atomwise.linear_nn.linear.weight	3.5874	run_hybrid_q_sA	hybrid_q	A	5000	0.001
701	atomwise.outnet.0.linear.bias	7.1348	run_hybrid_q_sA	hybrid_q	A	5000	0.001
701	atomwise.outnet.0.linear.weight	2.3744	run_hybrid_q_sA	hybrid_q	A	5000	0.001
701	atomwise.outnet.1.linear.bias	5.501	run_hybrid_q_sA	hybrid_q	A	5000	0.001
701	atomwise.outnet.1.linear.weight	4.5438	run_hybrid_q_sA	hybrid_q	A	5000	0.001
701	atomwise.outnet.2.linear.bias	11.757	run_hybrid_q_sA	hybrid_q	A	5000	0.001
701	atomwise.outnet.2.linear.weight	12.261	run_hybrid_q_sA	hybrid_q	A	5000	0.001
801	atomwise.linear_nn.linear.bias	4.6496	run_hybrid_q_sA	hybrid_q	A	5000	0.001
801	atomwise.linear_nn.linear.weight	4.8911	run_hybrid_q_sA	hybrid_q	A	5000	0.001
801	atomwise.outnet.0.linear.bias	3.0176	run_hybrid_q_sA	hybrid_q	A	5000	0.001
801	atomwise.outnet.0.linear.weight	2.8644	run_hybrid_q_sA	hybrid_q	A	5000	0.001
801	atomwise.outnet.1.linear.bias	2.1505	run_hybrid_q_sA	hybrid_q	A	5000	0.001
801	atomwise.outnet.1.linear.weight	2.0784	run_hybrid_q_sA	hybrid_q	A	5000	0.001
801	atomwise.outnet.2.linear.bias	4.6496	run_hybrid_q_sA	hybrid_q	A	5000	0.001
801	atomwise.outnet.2.linear.weight	3.0825	run_hybrid_q_sA	hybrid_q	A	5000	0.001
901	atomwise.linear_nn.linear.bias	0.07127	run_hybrid_q_sA	hybrid_q	A	5000	0.001
901	atomwise.linear_nn.linear.weight	4.1246	run_hybrid_q_sA	hybrid_q	A	5000	0.001
901	atomwise.outnet.0.linear.bias	0.46582	run_hybrid_q_sA	hybrid_q	A	5000	0.001
901	atomwise.outnet.0.linear.weight	2.4294	run_hybrid_q_sA	hybrid_q	A	5000	0.001
901	atomwise.outnet.1.linear.bias	0.25269	run_hybrid_q_sA	hybrid_q	A	5000	0.001
901	atomwise.outnet.1.linear.weight	1.2391	run_hybrid_q_sA	hybrid_q	A	5000	0.001
901	atomwise.outnet.2.linear.bias	0.07127	run_hybrid_q_sA	hybrid_q	A	5000	0.001
901	atomwise.outnet.2.linear.weight	1.1812	run_hybrid_q_sA	hybrid_q	A	5000	0.001
1001	atomwise.linear_nn.linear.bias	5.3555	run_hybrid_q_sA	hybrid_q	A	5000	0.001
1001	atomwise.linear_nn.linear.weight	7.066	run_hybrid_q_sA	hybrid_q	A	5000	0.001
1001	atomwise.outnet.0.linear.bias	3.5211	run_hybrid_q_sA	hybrid_q	A	5000	0.001
1001	atomwise.outnet.0.linear.weight	4.4205	run_hybrid_q_sA	hybrid_q	A	5000	0.001
1001	atomwise.outnet.1.linear.bias	2.4484	run_hybrid_q_sA	hybrid_q	A	5000	0.001
1001	atomwise.outnet.1.linear.weight	2.8744	run_hybrid_q_sA	hybrid_q	A	5000	0.001
1001	atomwise.outnet.2.linear.bias	5.3555	run_hybrid_q_sA	hybrid_q	A	5000	0.001
1001	atomwise.outnet.2.linear.weight	2.704	run_hybrid_q_sA	hybrid_q	A	5000	0.001
1101	atomwise.linear_nn.linear.bias	4.0947	run_hybrid_q_sA	hybrid_q	A	5000	0.001
1101	atomwise.linear_nn.linear.weight	8.5906	run_hybrid_q_sA	hybrid_q	A	5000	0.001
1101	atomwise.outnet.0.linear.bias	2.8805	run_hybrid_q_sA	hybrid_q	A	5000	0.001
1101	atomwise.outnet.0.linear.weight	5.3078	run_hybrid_q_sA	hybrid_q	A	5000	0.001
1101	atomwise.outnet.1.linear.bias	1.9472	run_hybrid_q_sA	hybrid_q	A	5000	0.001
1101	atomwise.outnet.1.linear.weight	2.7813	run_hybrid_q_sA	hybrid_q	A	5000	0.001
1101	atomwise.outnet.2.linear.bias	4.0947	run_hybrid_q_sA	hybrid_q	A	5000	0.001
1101	atomwise.outnet.2.linear.weight	2.7542	run_hybrid_q_sA	hybrid_q	A	5000	0.001
1201	atomwise.linear_nn.linear.bias	11.789	run_hybrid_q_sA	hybrid_q	A	5000	0.001
1201	atomwise.linear_nn.linear.weight	20.947	run_hybrid_q_sA	hybrid_q	A	5000	0.001
1201	atomwise.outnet.0.linear.bias	8.1782	run_hybrid_q_sA	hybrid_q	A	5000	0.001
1201	atomwise.outnet.0.linear.weight	13.03	run_hybrid_q_sA	hybrid_q	A	5000	0.001
1201	atomwise.outnet.1.linear.bias	5.5795	run_hybrid_q_sA	hybrid_q	A	5000	0.001
1201	atomwise.outnet.1.linear.weight	7.6174	run_hybrid_q_sA	hybrid_q	A	5000	0.001
1201	atomwise.outnet.2.linear.bias	11.789	run_hybrid_q_sA	hybrid_q	A	5000	0.001
1201	atomwise.outnet.2.linear.weight	8.2557	run_hybrid_q_sA	hybrid_q	A	5000	0.001
1301	atomwise.linear_nn.linear.bias	3.2553	run_hybrid_q_sA	hybrid_q	A	5000	0.001
1301	atomwise.linear_nn.linear.weight	8.4261	run_hybrid_q_sA	hybrid_q	A	5000	0.001
1301	atomwise.outnet.0.linear.bias	2.3085	run_hybrid_q_sA	hybrid_q	A	5000	0.001
1301	atomwise.outnet.0.linear.weight	5.2458	run_hybrid_q_sA	hybrid_q	A	5000	0.001
1301	atomwise.outnet.1.linear.bias	1.7942	run_hybrid_q_sA	hybrid_q	A	5000	0.001
1301	atomwise.outnet.1.linear.weight	3.0853	run_hybrid_q_sA	hybrid_q	A	5000	0.001
1301	atomwise.outnet.2.linear.bias	3.2553	run_hybrid_q_sA	hybrid_q	A	5000	0.001
1301	atomwise.outnet.2.linear.weight	5.4008	run_hybrid_q_sA	hybrid_q	A	5000	0.001
1401	atomwise.linear_nn.linear.bias	2.5953	run_hybrid_q_sA	hybrid_q	A	5000	0.001
1401	atomwise.linear_nn.linear.weight	4.1038	run_hybrid_q_sA	hybrid_q	A	5000	0.001
1401	atomwise.outnet.0.linear.bias	1.7253	run_hybrid_q_sA	hybrid_q	A	5000	0.001
1401	atomwise.outnet.0.linear.weight	2.59	run_hybrid_q_sA	hybrid_q	A	5000	0.001
1401	atomwise.outnet.1.linear.bias	1.4854	run_hybrid_q_sA	hybrid_q	A	5000	0.001
1401	atomwise.outnet.1.linear.weight	1.5825	run_hybrid_q_sA	hybrid_q	A	5000	0.001
1401	atomwise.outnet.2.linear.bias	2.5953	run_hybrid_q_sA	hybrid_q	A	5000	0.001
1401	atomwise.outnet.2.linear.weight	4.5388	run_hybrid_q_sA	hybrid_q	A	5000	0.001
1501	atomwise.linear_nn.linear.bias	1.8198	run_hybrid_q_sA	hybrid_q	A	5000	0.001
1501	atomwise.linear_nn.linear.weight	13.602	run_hybrid_q_sA	hybrid_q	A	5000	0.001
1501	atomwise.outnet.0.linear.bias	2.2954	run_hybrid_q_sA	hybrid_q	A	5000	0.001
1501	atomwise.outnet.0.linear.weight	8.6928	run_hybrid_q_sA	hybrid_q	A	5000	0.001
1501	atomwise.outnet.1.linear.bias	2.2389	run_hybrid_q_sA	hybrid_q	A	5000	0.001
1501	atomwise.outnet.1.linear.weight	4.9884	run_hybrid_q_sA	hybrid_q	A	5000	0.001
1501	atomwise.outnet.2.linear.bias	1.8198	run_hybrid_q_sA	hybrid_q	A	5000	0.001
1501	atomwise.outnet.2.linear.weight	10.238	run_hybrid_q_sA	hybrid_q	A	5000	0.001
1601	atomwise.linear_nn.linear.bias	0.6156	run_hybrid_q_sA	hybrid_q	A	5000	0.001
1601	atomwise.linear_nn.linear.weight	4.8756	run_hybrid_q_sA	hybrid_q	A	5000	0.001
1601	atomwise.outnet.0.linear.bias	0.77369	run_hybrid_q_sA	hybrid_q	A	5000	0.001
1601	atomwise.outnet.0.linear.weight	3.189	run_hybrid_q_sA	hybrid_q	A	5000	0.001
1601	atomwise.outnet.1.linear.bias	0.83626	run_hybrid_q_sA	hybrid_q	A	5000	0.001
1601	atomwise.outnet.1.linear.weight	1.7786	run_hybrid_q_sA	hybrid_q	A	5000	0.001
1601	atomwise.outnet.2.linear.bias	0.6156	run_hybrid_q_sA	hybrid_q	A	5000	0.001
1601	atomwise.outnet.2.linear.weight	3.8876	run_hybrid_q_sA	hybrid_q	A	5000	0.001
1701	atomwise.linear_nn.linear.bias	3.7947	run_hybrid_q_sA	hybrid_q	A	5000	0.001
1701	atomwise.linear_nn.linear.weight	3.5314	run_hybrid_q_sA	hybrid_q	A	5000	0.001
1701	atomwise.outnet.0.linear.bias	2.6778	run_hybrid_q_sA	hybrid_q	A	5000	0.001
1701	atomwise.outnet.0.linear.weight	2.171	run_hybrid_q_sA	hybrid_q	A	5000	0.001
1701	atomwise.outnet.1.linear.bias	1.9073	run_hybrid_q_sA	hybrid_q	A	5000	0.001
1701	atomwise.outnet.1.linear.weight	1.1153	run_hybrid_q_sA	hybrid_q	A	5000	0.001
1701	atomwise.outnet.2.linear.bias	3.7947	run_hybrid_q_sA	hybrid_q	A	5000	0.001
1701	atomwise.outnet.2.linear.weight	3.0982	run_hybrid_q_sA	hybrid_q	A	5000	0.001
1801	atomwise.linear_nn.linear.bias	2.451	run_hybrid_q_sA	hybrid_q	A	5000	0.001
1801	atomwise.linear_nn.linear.weight	18.161	run_hybrid_q_sA	hybrid_q	A	5000	0.001
1801	atomwise.outnet.0.linear.bias	3.3748	run_hybrid_q_sA	hybrid_q	A	5000	0.001
1801	atomwise.outnet.0.linear.weight	11.266	run_hybrid_q_sA	hybrid_q	A	5000	0.001
1801	atomwise.outnet.1.linear.bias	4.1312	run_hybrid_q_sA	hybrid_q	A	5000	0.001
1801	atomwise.outnet.1.linear.weight	7.7213	run_hybrid_q_sA	hybrid_q	A	5000	0.001
1801	atomwise.outnet.2.linear.bias	2.451	run_hybrid_q_sA	hybrid_q	A	5000	0.001
1801	atomwise.outnet.2.linear.weight	19.117	run_hybrid_q_sA	hybrid_q	A	5000	0.001
1901	atomwise.linear_nn.linear.bias	2.6051	run_hybrid_q_sA	hybrid_q	A	5000	0.001
1901	atomwise.linear_nn.linear.weight	8.8435	run_hybrid_q_sA	hybrid_q	A	5000	0.001
1901	atomwise.outnet.0.linear.bias	1.8237	run_hybrid_q_sA	hybrid_q	A	5000	0.001
1901	atomwise.outnet.0.linear.weight	5.1448	run_hybrid_q_sA	hybrid_q	A	5000	0.001
1901	atomwise.outnet.1.linear.bias	1.9053	run_hybrid_q_sA	hybrid_q	A	5000	0.001
1901	atomwise.outnet.1.linear.weight	3.3507	run_hybrid_q_sA	hybrid_q	A	5000	0.001
1901	atomwise.outnet.2.linear.bias	2.6051	run_hybrid_q_sA	hybrid_q	A	5000	0.001
1901	atomwise.outnet.2.linear.weight	7.7775	run_hybrid_q_sA	hybrid_q	A	5000	0.001
2001	atomwise.linear_nn.linear.bias	0.61308	run_hybrid_q_sA	hybrid_q	A	5000	0.001
2001	atomwise.linear_nn.linear.weight	9.3262	run_hybrid_q_sA	hybrid_q	A	5000	0.001
2001	atomwise.outnet.0.linear.bias	2.7075	run_hybrid_q_sA	hybrid_q	A	5000	0.001
2001	atomwise.outnet.0.linear.weight	5.4314	run_hybrid_q_sA	hybrid_q	A	5000	0.001
2001	atomwise.outnet.1.linear.bias	3.0913	run_hybrid_q_sA	hybrid_q	A	5000	0.001
2001	atomwise.outnet.1.linear.weight	4.9302	run_hybrid_q_sA	hybrid_q	A	5000	0.001
2001	atomwise.outnet.2.linear.bias	0.61308	run_hybrid_q_sA	hybrid_q	A	5000	0.001
2001	atomwise.outnet.2.linear.weight	13.777	run_hybrid_q_sA	hybrid_q	A	5000	0.001
2101	atomwise.linear_nn.linear.bias	5.3162	run_hybrid_q_sA	hybrid_q	A	5000	0.001
2101	atomwise.linear_nn.linear.weight	19.658	run_hybrid_q_sA	hybrid_q	A	5000	0.001
2101	atomwise.outnet.0.linear.bias	4.2298	run_hybrid_q_sA	hybrid_q	A	5000	0.001
2101	atomwise.outnet.0.linear.weight	11.464	run_hybrid_q_sA	hybrid_q	A	5000	0.001
2101	atomwise.outnet.1.linear.bias	5.203	run_hybrid_q_sA	hybrid_q	A	5000	0.001
2101	atomwise.outnet.1.linear.weight	8.9876	run_hybrid_q_sA	hybrid_q	A	5000	0.001
2101	atomwise.outnet.2.linear.bias	5.3162	run_hybrid_q_sA	hybrid_q	A	5000	0.001
2101	atomwise.outnet.2.linear.weight	22.812	run_hybrid_q_sA	hybrid_q	A	5000	0.001
2201	atomwise.linear_nn.linear.bias	1.0948	run_hybrid_q_sA	hybrid_q	A	5000	0.001
2201	atomwise.linear_nn.linear.weight	4.7458	run_hybrid_q_sA	hybrid_q	A	5000	0.001
2201	atomwise.outnet.0.linear.bias	1.0143	run_hybrid_q_sA	hybrid_q	A	5000	0.001
2201	atomwise.outnet.0.linear.weight	2.7731	run_hybrid_q_sA	hybrid_q	A	5000	0.001
2201	atomwise.outnet.1.linear.bias	1.2932	run_hybrid_q_sA	hybrid_q	A	5000	0.001
2201	atomwise.outnet.1.linear.weight	2.2446	run_hybrid_q_sA	hybrid_q	A	5000	0.001
2201	atomwise.outnet.2.linear.bias	1.0948	run_hybrid_q_sA	hybrid_q	A	5000	0.001
2201	atomwise.outnet.2.linear.weight	5.7912	run_hybrid_q_sA	hybrid_q	A	5000	0.001
2301	atomwise.linear_nn.linear.bias	2.9819	run_hybrid_q_sA	hybrid_q	A	5000	0.001
2301	atomwise.linear_nn.linear.weight	2.31	run_hybrid_q_sA	hybrid_q	A	5000	0.001
2301	atomwise.outnet.0.linear.bias	1.8848	run_hybrid_q_sA	hybrid_q	A	5000	0.001
2301	atomwise.outnet.0.linear.weight	1.4257	run_hybrid_q_sA	hybrid_q	A	5000	0.001
2301	atomwise.outnet.1.linear.bias	1.3581	run_hybrid_q_sA	hybrid_q	A	5000	0.001
2301	atomwise.outnet.1.linear.weight	0.55824	run_hybrid_q_sA	hybrid_q	A	5000	0.001
2301	atomwise.outnet.2.linear.bias	2.9819	run_hybrid_q_sA	hybrid_q	A	5000	0.001
2301	atomwise.outnet.2.linear.weight	1.1527	run_hybrid_q_sA	hybrid_q	A	5000	0.001
2401	atomwise.linear_nn.linear.bias	3.1436	run_hybrid_q_sA	hybrid_q	A	5000	0.001
2401	atomwise.linear_nn.linear.weight	13.486	run_hybrid_q_sA	hybrid_q	A	5000	0.001
2401	atomwise.outnet.0.linear.bias	2.645	run_hybrid_q_sA	hybrid_q	A	5000	0.001
2401	atomwise.outnet.0.linear.weight	7.9965	run_hybrid_q_sA	hybrid_q	A	5000	0.001
2401	atomwise.outnet.1.linear.bias	3.3187	run_hybrid_q_sA	hybrid_q	A	5000	0.001
2401	atomwise.outnet.1.linear.weight	5.8165	run_hybrid_q_sA	hybrid_q	A	5000	0.001
2401	atomwise.outnet.2.linear.bias	3.1436	run_hybrid_q_sA	hybrid_q	A	5000	0.001
2401	atomwise.outnet.2.linear.weight	14.642	run_hybrid_q_sA	hybrid_q	A	5000	0.001
2501	atomwise.linear_nn.linear.bias	0.59135	run_hybrid_q_sA	hybrid_q	A	5000	0.001
2501	atomwise.linear_nn.linear.weight	2.9109	run_hybrid_q_sA	hybrid_q	A	5000	0.001
2501	atomwise.outnet.0.linear.bias	0.59972	run_hybrid_q_sA	hybrid_q	A	5000	0.001
2501	atomwise.outnet.0.linear.weight	1.5928	run_hybrid_q_sA	hybrid_q	A	5000	0.001
2501	atomwise.outnet.1.linear.bias	0.86088	run_hybrid_q_sA	hybrid_q	A	5000	0.001
2501	atomwise.outnet.1.linear.weight	1.5148	run_hybrid_q_sA	hybrid_q	A	5000	0.001
2501	atomwise.outnet.2.linear.bias	0.59135	run_hybrid_q_sA	hybrid_q	A	5000	0.001
2501	atomwise.outnet.2.linear.weight	3.853	run_hybrid_q_sA	hybrid_q	A	5000	0.001
2601	atomwise.linear_nn.linear.bias	2.4693	run_hybrid_q_sA	hybrid_q	A	5000	0.001
2601	atomwise.linear_nn.linear.weight	12.265	run_hybrid_q_sA	hybrid_q	A	5000	0.001
2601	atomwise.outnet.0.linear.bias	2.7403	run_hybrid_q_sA	hybrid_q	A	5000	0.001
2601	atomwise.outnet.0.linear.weight	6.984	run_hybrid_q_sA	hybrid_q	A	5000	0.001
2601	atomwise.outnet.1.linear.bias	3.6749	run_hybrid_q_sA	hybrid_q	A	5000	0.001
2601	atomwise.outnet.1.linear.weight	6.152	run_hybrid_q_sA	hybrid_q	A	5000	0.001
2601	atomwise.outnet.2.linear.bias	2.4693	run_hybrid_q_sA	hybrid_q	A	5000	0.001
2601	atomwise.outnet.2.linear.weight	16.406	run_hybrid_q_sA	hybrid_q	A	5000	0.001
2701	atomwise.linear_nn.linear.bias	0.0029712	run_hybrid_q_sA	hybrid_q	A	5000	0.001
2701	atomwise.linear_nn.linear.weight	3.284	run_hybrid_q_sA	hybrid_q	A	5000	0.001
2701	atomwise.outnet.0.linear.bias	0.92263	run_hybrid_q_sA	hybrid_q	A	5000	0.001
2701	atomwise.outnet.0.linear.weight	1.9193	run_hybrid_q_sA	hybrid_q	A	5000	0.001
2701	atomwise.outnet.1.linear.bias	1.0755	run_hybrid_q_sA	hybrid_q	A	5000	0.001
2701	atomwise.outnet.1.linear.weight	1.7252	run_hybrid_q_sA	hybrid_q	A	5000	0.001
2701	atomwise.outnet.2.linear.bias	0.0029712	run_hybrid_q_sA	hybrid_q	A	5000	0.001
2701	atomwise.outnet.2.linear.weight	4.7546	run_hybrid_q_sA	hybrid_q	A	5000	0.001
2801	atomwise.linear_nn.linear.bias	0.51715	run_hybrid_q_sA	hybrid_q	A	5000	0.001
2801	atomwise.linear_nn.linear.weight	6.3794	run_hybrid_q_sA	hybrid_q	A	5000	0.001
2801	atomwise.outnet.0.linear.bias	1.8675	run_hybrid_q_sA	hybrid_q	A	5000	0.001
2801	atomwise.outnet.0.linear.weight	3.6753	run_hybrid_q_sA	hybrid_q	A	5000	0.001
2801	atomwise.outnet.1.linear.bias	2.2579	run_hybrid_q_sA	hybrid_q	A	5000	0.001
2801	atomwise.outnet.1.linear.weight	3.5788	run_hybrid_q_sA	hybrid_q	A	5000	0.001
2801	atomwise.outnet.2.linear.bias	0.51715	run_hybrid_q_sA	hybrid_q	A	5000	0.001
2801	atomwise.outnet.2.linear.weight	10.14	run_hybrid_q_sA	hybrid_q	A	5000	0.001
2901	atomwise.linear_nn.linear.bias	2.2866	run_hybrid_q_sA	hybrid_q	A	5000	0.001
2901	atomwise.linear_nn.linear.weight	15.344	run_hybrid_q_sA	hybrid_q	A	5000	0.001
2901	atomwise.outnet.0.linear.bias	3.7406	run_hybrid_q_sA	hybrid_q	A	5000	0.001
2901	atomwise.outnet.0.linear.weight	8.5756	run_hybrid_q_sA	hybrid_q	A	5000	0.001
2901	atomwise.outnet.1.linear.bias	4.7941	run_hybrid_q_sA	hybrid_q	A	5000	0.001
2901	atomwise.outnet.1.linear.weight	7.763	run_hybrid_q_sA	hybrid_q	A	5000	0.001
2901	atomwise.outnet.2.linear.bias	2.2866	run_hybrid_q_sA	hybrid_q	A	5000	0.001
2901	atomwise.outnet.2.linear.weight	21.376	run_hybrid_q_sA	hybrid_q	A	5000	0.001
3001	atomwise.linear_nn.linear.bias	2.2089	run_hybrid_q_sA	hybrid_q	A	5000	0.001
3001	atomwise.linear_nn.linear.weight	14.249	run_hybrid_q_sA	hybrid_q	A	5000	0.001
3001	atomwise.outnet.0.linear.bias	3.0722	run_hybrid_q_sA	hybrid_q	A	5000	0.001
3001	atomwise.outnet.0.linear.weight	8.2181	run_hybrid_q_sA	hybrid_q	A	5000	0.001
3001	atomwise.outnet.1.linear.bias	3.9448	run_hybrid_q_sA	hybrid_q	A	5000	0.001
3001	atomwise.outnet.1.linear.weight	6.5626	run_hybrid_q_sA	hybrid_q	A	5000	0.001
3001	atomwise.outnet.2.linear.bias	2.2089	run_hybrid_q_sA	hybrid_q	A	5000	0.001
3001	atomwise.outnet.2.linear.weight	17.604	run_hybrid_q_sA	hybrid_q	A	5000	0.001
3101	atomwise.linear_nn.linear.bias	0.73104	run_hybrid_q_sA	hybrid_q	A	5000	0.001
3101	atomwise.linear_nn.linear.weight	2.3583	run_hybrid_q_sA	hybrid_q	A	5000	0.001
3101	atomwise.outnet.0.linear.bias	0.9188	run_hybrid_q_sA	hybrid_q	A	5000	0.001
3101	atomwise.outnet.0.linear.weight	1.5397	run_hybrid_q_sA	hybrid_q	A	5000	0.001
3101	atomwise.outnet.1.linear.bias	0.95137	run_hybrid_q_sA	hybrid_q	A	5000	0.001
3101	atomwise.outnet.1.linear.weight	1.4962	run_hybrid_q_sA	hybrid_q	A	5000	0.001
3101	atomwise.outnet.2.linear.bias	0.73104	run_hybrid_q_sA	hybrid_q	A	5000	0.001
3101	atomwise.outnet.2.linear.weight	3.9164	run_hybrid_q_sA	hybrid_q	A	5000	0.001
3201	atomwise.linear_nn.linear.bias	2.0786	run_hybrid_q_sA	hybrid_q	A	5000	0.001
3201	atomwise.linear_nn.linear.weight	12.639	run_hybrid_q_sA	hybrid_q	A	5000	0.001
3201	atomwise.outnet.0.linear.bias	2.83	run_hybrid_q_sA	hybrid_q	A	5000	0.001
3201	atomwise.outnet.0.linear.weight	7.359	run_hybrid_q_sA	hybrid_q	A	5000	0.001
3201	atomwise.outnet.1.linear.bias	3.6564	run_hybrid_q_sA	hybrid_q	A	5000	0.001
3201	atomwise.outnet.1.linear.weight	6.2563	run_hybrid_q_sA	hybrid_q	A	5000	0.001
3201	atomwise.outnet.2.linear.bias	2.0786	run_hybrid_q_sA	hybrid_q	A	5000	0.001
3201	atomwise.outnet.2.linear.weight	16.365	run_hybrid_q_sA	hybrid_q	A	5000	0.001
3301	atomwise.linear_nn.linear.bias	3.5566	run_hybrid_q_sA	hybrid_q	A	5000	0.001
3301	atomwise.linear_nn.linear.weight	8.7666	run_hybrid_q_sA	hybrid_q	A	5000	0.001
3301	atomwise.outnet.0.linear.bias	2.2576	run_hybrid_q_sA	hybrid_q	A	5000	0.001
3301	atomwise.outnet.0.linear.weight	5.1115	run_hybrid_q_sA	hybrid_q	A	5000	0.001
3301	atomwise.outnet.1.linear.bias	2.4538	run_hybrid_q_sA	hybrid_q	A	5000	0.001
3301	atomwise.outnet.1.linear.weight	3.9875	run_hybrid_q_sA	hybrid_q	A	5000	0.001
3301	atomwise.outnet.2.linear.bias	3.5566	run_hybrid_q_sA	hybrid_q	A	5000	0.001
3301	atomwise.outnet.2.linear.weight	9.664	run_hybrid_q_sA	hybrid_q	A	5000	0.001
3401	atomwise.linear_nn.linear.bias	1.2243	run_hybrid_q_sA	hybrid_q	A	5000	0.001
3401	atomwise.linear_nn.linear.weight	0.90698	run_hybrid_q_sA	hybrid_q	A	5000	0.001
3401	atomwise.outnet.0.linear.bias	1.2756	run_hybrid_q_sA	hybrid_q	A	5000	0.001
3401	atomwise.outnet.0.linear.weight	0.62112	run_hybrid_q_sA	hybrid_q	A	5000	0.001
3401	atomwise.outnet.1.linear.bias	0.94835	run_hybrid_q_sA	hybrid_q	A	5000	0.001
3401	atomwise.outnet.1.linear.weight	0.91102	run_hybrid_q_sA	hybrid_q	A	5000	0.001
3401	atomwise.outnet.2.linear.bias	1.2243	run_hybrid_q_sA	hybrid_q	A	5000	0.001
3401	atomwise.outnet.2.linear.weight	2.8933	run_hybrid_q_sA	hybrid_q	A	5000	0.001
3501	atomwise.linear_nn.linear.bias	2.8451	run_hybrid_q_sA	hybrid_q	A	5000	0.001
3501	atomwise.linear_nn.linear.weight	6.3285	run_hybrid_q_sA	hybrid_q	A	5000	0.001
3501	atomwise.outnet.0.linear.bias	1.8079	run_hybrid_q_sA	hybrid_q	A	5000	0.001
3501	atomwise.outnet.0.linear.weight	3.7807	run_hybrid_q_sA	hybrid_q	A	5000	0.001
3501	atomwise.outnet.1.linear.bias	1.884	run_hybrid_q_sA	hybrid_q	A	5000	0.001
3501	atomwise.outnet.1.linear.weight	3.0428	run_hybrid_q_sA	hybrid_q	A	5000	0.001
3501	atomwise.outnet.2.linear.bias	2.8451	run_hybrid_q_sA	hybrid_q	A	5000	0.001
3501	atomwise.outnet.2.linear.weight	7.3316	run_hybrid_q_sA	hybrid_q	A	5000	0.001
3601	atomwise.linear_nn.linear.bias	1.2719	run_hybrid_q_sA	hybrid_q	A	5000	0.001
3601	atomwise.linear_nn.linear.weight	3.11	run_hybrid_q_sA	hybrid_q	A	5000	0.001
3601	atomwise.outnet.0.linear.bias	0.94715	run_hybrid_q_sA	hybrid_q	A	5000	0.001
3601	atomwise.outnet.0.linear.weight	2.1261	run_hybrid_q_sA	hybrid_q	A	5000	0.001
3601	atomwise.outnet.1.linear.bias	0.67225	run_hybrid_q_sA	hybrid_q	A	5000	0.001
3601	atomwise.outnet.1.linear.weight	0.71501	run_hybrid_q_sA	hybrid_q	A	5000	0.001
3601	atomwise.outnet.2.linear.bias	1.2719	run_hybrid_q_sA	hybrid_q	A	5000	0.001
3601	atomwise.outnet.2.linear.weight	1.4021	run_hybrid_q_sA	hybrid_q	A	5000	0.001
3701	atomwise.linear_nn.linear.bias	3.1075	run_hybrid_q_sA	hybrid_q	A	5000	0.001
3701	atomwise.linear_nn.linear.weight	22.447	run_hybrid_q_sA	hybrid_q	A	5000	0.001
3701	atomwise.outnet.0.linear.bias	6.1749	run_hybrid_q_sA	hybrid_q	A	5000	0.001
3701	atomwise.outnet.0.linear.weight	13.376	run_hybrid_q_sA	hybrid_q	A	5000	0.001
3701	atomwise.outnet.1.linear.bias	7.7293	run_hybrid_q_sA	hybrid_q	A	5000	0.001
3701	atomwise.outnet.1.linear.weight	12.781	run_hybrid_q_sA	hybrid_q	A	5000	0.001
3701	atomwise.outnet.2.linear.bias	3.1075	run_hybrid_q_sA	hybrid_q	A	5000	0.001
3701	atomwise.outnet.2.linear.weight	34.722	run_hybrid_q_sA	hybrid_q	A	5000	0.001
3801	atomwise.linear_nn.linear.bias	1.4023	run_hybrid_q_sA	hybrid_q	A	5000	0.001
3801	atomwise.linear_nn.linear.weight	6.0812	run_hybrid_q_sA	hybrid_q	A	5000	0.001
3801	atomwise.outnet.0.linear.bias	1.3797	run_hybrid_q_sA	hybrid_q	A	5000	0.001
3801	atomwise.outnet.0.linear.weight	3.5453	run_hybrid_q_sA	hybrid_q	A	5000	0.001
3801	atomwise.outnet.1.linear.bias	1.8523	run_hybrid_q_sA	hybrid_q	A	5000	0.001
3801	atomwise.outnet.1.linear.weight	3.3195	run_hybrid_q_sA	hybrid_q	A	5000	0.001
3801	atomwise.outnet.2.linear.bias	1.4023	run_hybrid_q_sA	hybrid_q	A	5000	0.001
3801	atomwise.outnet.2.linear.weight	8.4503	run_hybrid_q_sA	hybrid_q	A	5000	0.001
3901	atomwise.linear_nn.linear.bias	0.45941	run_hybrid_q_sA	hybrid_q	A	5000	0.001
3901	atomwise.linear_nn.linear.weight	10.308	run_hybrid_q_sA	hybrid_q	A	5000	0.001
3901	atomwise.outnet.0.linear.bias	4.0	run_hybrid_q_sA	hybrid_q	A	5000	0.001
3901	atomwise.outnet.0.linear.weight	6.0717	run_hybrid_q_sA	hybrid_q	A	5000	0.001
3901	atomwise.outnet.1.linear.bias	4.6801	run_hybrid_q_sA	hybrid_q	A	5000	0.001
3901	atomwise.outnet.1.linear.weight	7.4216	run_hybrid_q_sA	hybrid_q	A	5000	0.001
3901	atomwise.outnet.2.linear.bias	0.45941	run_hybrid_q_sA	hybrid_q	A	5000	0.001
3901	atomwise.outnet.2.linear.weight	20.838	run_hybrid_q_sA	hybrid_q	A	5000	0.001
4001	atomwise.linear_nn.linear.bias	0.22722	run_hybrid_q_sA	hybrid_q	A	5000	0.001
4001	atomwise.linear_nn.linear.weight	9.8472	run_hybrid_q_sA	hybrid_q	A	5000	0.001
4001	atomwise.outnet.0.linear.bias	3.0444	run_hybrid_q_sA	hybrid_q	A	5000	0.001
4001	atomwise.outnet.0.linear.weight	5.8631	run_hybrid_q_sA	hybrid_q	A	5000	0.001
4001	atomwise.outnet.1.linear.bias	3.1986	run_hybrid_q_sA	hybrid_q	A	5000	0.001
4001	atomwise.outnet.1.linear.weight	5.5346	run_hybrid_q_sA	hybrid_q	A	5000	0.001
4001	atomwise.outnet.2.linear.bias	0.22722	run_hybrid_q_sA	hybrid_q	A	5000	0.001
4001	atomwise.outnet.2.linear.weight	14.052	run_hybrid_q_sA	hybrid_q	A	5000	0.001
4101	atomwise.linear_nn.linear.bias	1.4957	run_hybrid_q_sA	hybrid_q	A	5000	0.001
4101	atomwise.linear_nn.linear.weight	1.6923	run_hybrid_q_sA	hybrid_q	A	5000	0.001
4101	atomwise.outnet.0.linear.bias	1.5201	run_hybrid_q_sA	hybrid_q	A	5000	0.001
4101	atomwise.outnet.0.linear.weight	1.2095	run_hybrid_q_sA	hybrid_q	A	5000	0.001
4101	atomwise.outnet.1.linear.bias	0.96324	run_hybrid_q_sA	hybrid_q	A	5000	0.001
4101	atomwise.outnet.1.linear.weight	0.90774	run_hybrid_q_sA	hybrid_q	A	5000	0.001
4101	atomwise.outnet.2.linear.bias	1.4957	run_hybrid_q_sA	hybrid_q	A	5000	0.001
4101	atomwise.outnet.2.linear.weight	2.5946	run_hybrid_q_sA	hybrid_q	A	5000	0.001
4201	atomwise.linear_nn.linear.bias	1.1484	run_hybrid_q_sA	hybrid_q	A	5000	0.001
4201	atomwise.linear_nn.linear.weight	1.944	run_hybrid_q_sA	hybrid_q	A	5000	0.001
4201	atomwise.outnet.0.linear.bias	0.63392	run_hybrid_q_sA	hybrid_q	A	5000	0.001
4201	atomwise.outnet.0.linear.weight	1.238	run_hybrid_q_sA	hybrid_q	A	5000	0.001
4201	atomwise.outnet.1.linear.bias	0.49299	run_hybrid_q_sA	hybrid_q	A	5000	0.001
4201	atomwise.outnet.1.linear.weight	0.81032	run_hybrid_q_sA	hybrid_q	A	5000	0.001
4201	atomwise.outnet.2.linear.bias	1.1484	run_hybrid_q_sA	hybrid_q	A	5000	0.001
4201	atomwise.outnet.2.linear.weight	1.0449	run_hybrid_q_sA	hybrid_q	A	5000	0.001
4301	atomwise.linear_nn.linear.bias	1.702	run_hybrid_q_sA	hybrid_q	A	5000	0.001
4301	atomwise.linear_nn.linear.weight	7.5931	run_hybrid_q_sA	hybrid_q	A	5000	0.001
4301	atomwise.outnet.0.linear.bias	1.7035	run_hybrid_q_sA	hybrid_q	A	5000	0.001
4301	atomwise.outnet.0.linear.weight	4.618	run_hybrid_q_sA	hybrid_q	A	5000	0.001
4301	atomwise.outnet.1.linear.bias	2.2456	run_hybrid_q_sA	hybrid_q	A	5000	0.001
4301	atomwise.outnet.1.linear.weight	4.2932	run_hybrid_q_sA	hybrid_q	A	5000	0.001
4301	atomwise.outnet.2.linear.bias	1.702	run_hybrid_q_sA	hybrid_q	A	5000	0.001
4301	atomwise.outnet.2.linear.weight	10.205	run_hybrid_q_sA	hybrid_q	A	5000	0.001
4401	atomwise.linear_nn.linear.bias	0.20321	run_hybrid_q_sA	hybrid_q	A	5000	0.001
4401	atomwise.linear_nn.linear.weight	1.7717	run_hybrid_q_sA	hybrid_q	A	5000	0.001
4401	atomwise.outnet.0.linear.bias	1.2471	run_hybrid_q_sA	hybrid_q	A	5000	0.001
4401	atomwise.outnet.0.linear.weight	1.3179	run_hybrid_q_sA	hybrid_q	A	5000	0.001
4401	atomwise.outnet.1.linear.bias	1.4568	run_hybrid_q_sA	hybrid_q	A	5000	0.001
4401	atomwise.outnet.1.linear.weight	2.3591	run_hybrid_q_sA	hybrid_q	A	5000	0.001
4401	atomwise.outnet.2.linear.bias	0.20321	run_hybrid_q_sA	hybrid_q	A	5000	0.001
4401	atomwise.outnet.2.linear.weight	6.625	run_hybrid_q_sA	hybrid_q	A	5000	0.001
4501	atomwise.linear_nn.linear.bias	1.5462	run_hybrid_q_sA	hybrid_q	A	5000	0.001
4501	atomwise.linear_nn.linear.weight	3.7221	run_hybrid_q_sA	hybrid_q	A	5000	0.001
4501	atomwise.outnet.0.linear.bias	2.2271	run_hybrid_q_sA	hybrid_q	A	5000	0.001
4501	atomwise.outnet.0.linear.weight	2.6987	run_hybrid_q_sA	hybrid_q	A	5000	0.001
4501	atomwise.outnet.1.linear.bias	2.0595	run_hybrid_q_sA	hybrid_q	A	5000	0.001
4501	atomwise.outnet.1.linear.weight	2.7605	run_hybrid_q_sA	hybrid_q	A	5000	0.001
4501	atomwise.outnet.2.linear.bias	1.5462	run_hybrid_q_sA	hybrid_q	A	5000	0.001
4501	atomwise.outnet.2.linear.weight	7.9175	run_hybrid_q_sA	hybrid_q	A	5000	0.001
4601	atomwise.linear_nn.linear.bias	2.0071	run_hybrid_q_sA	hybrid_q	A	5000	0.001
4601	atomwise.linear_nn.linear.weight	7.8959	run_hybrid_q_sA	hybrid_q	A	5000	0.001
4601	atomwise.outnet.0.linear.bias	2.1528	run_hybrid_q_sA	hybrid_q	A	5000	0.001
4601	atomwise.outnet.0.linear.weight	4.9282	run_hybrid_q_sA	hybrid_q	A	5000	0.001
4601	atomwise.outnet.1.linear.bias	2.8279	run_hybrid_q_sA	hybrid_q	A	5000	0.001
4601	atomwise.outnet.1.linear.weight	4.8046	run_hybrid_q_sA	hybrid_q	A	5000	0.001
4601	atomwise.outnet.2.linear.bias	2.0071	run_hybrid_q_sA	hybrid_q	A	5000	0.001
4601	atomwise.outnet.2.linear.weight	12.602	run_hybrid_q_sA	hybrid_q	A	5000	0.001
4701	atomwise.linear_nn.linear.bias	1.2983	run_hybrid_q_sA	hybrid_q	A	5000	0.001
4701	atomwise.linear_nn.linear.weight	19.171	run_hybrid_q_sA	hybrid_q	A	5000	0.001
4701	atomwise.outnet.0.linear.bias	5.4708	run_hybrid_q_sA	hybrid_q	A	5000	0.001
4701	atomwise.outnet.0.linear.weight	12.087	run_hybrid_q_sA	hybrid_q	A	5000	0.001
4701	atomwise.outnet.1.linear.bias	6.4175	run_hybrid_q_sA	hybrid_q	A	5000	0.001
4701	atomwise.outnet.1.linear.weight	11.528	run_hybrid_q_sA	hybrid_q	A	5000	0.001
4701	atomwise.outnet.2.linear.bias	1.2983	run_hybrid_q_sA	hybrid_q	A	5000	0.001
4701	atomwise.outnet.2.linear.weight	30.052	run_hybrid_q_sA	hybrid_q	A	5000	0.001
4801	atomwise.linear_nn.linear.bias	0.00025578	run_hybrid_q_sA	hybrid_q	A	5000	0.001
4801	atomwise.linear_nn.linear.weight	4.0641	run_hybrid_q_sA	hybrid_q	A	5000	0.001
4801	atomwise.outnet.0.linear.bias	1.1572	run_hybrid_q_sA	hybrid_q	A	5000	0.001
4801	atomwise.outnet.0.linear.weight	2.6583	run_hybrid_q_sA	hybrid_q	A	5000	0.001
4801	atomwise.outnet.1.linear.bias	1.1849	run_hybrid_q_sA	hybrid_q	A	5000	0.001
4801	atomwise.outnet.1.linear.weight	2.0191	run_hybrid_q_sA	hybrid_q	A	5000	0.001
4801	atomwise.outnet.2.linear.bias	0.00025578	run_hybrid_q_sA	hybrid_q	A	5000	0.001
4801	atomwise.outnet.2.linear.weight	5.4237	run_hybrid_q_sA	hybrid_q	A	5000	0.001
4901	atomwise.linear_nn.linear.bias	0.11902	run_hybrid_q_sA	hybrid_q	A	5000	0.001
4901	atomwise.linear_nn.linear.weight	5.3017	run_hybrid_q_sA	hybrid_q	A	5000	0.001
4901	atomwise.outnet.0.linear.bias	1.9802	run_hybrid_q_sA	hybrid_q	A	5000	0.001
4901	atomwise.outnet.0.linear.weight	3.4561	run_hybrid_q_sA	hybrid_q	A	5000	0.001
4901	atomwise.outnet.1.linear.bias	2.2253	run_hybrid_q_sA	hybrid_q	A	5000	0.001
4901	atomwise.outnet.1.linear.weight	3.9564	run_hybrid_q_sA	hybrid_q	A	5000	0.001
4901	atomwise.outnet.2.linear.bias	0.11902	run_hybrid_q_sA	hybrid_q	A	5000	0.001
4901	atomwise.outnet.2.linear.weight	10.625	run_hybrid_q_sA	hybrid_q	A	5000	0.001
5001	atomwise.linear_nn.linear.bias	0.20749	run_hybrid_q_sA	hybrid_q	A	5000	5.924525297439452e-06
5001	atomwise.linear_nn.linear.weight	0.78806	run_hybrid_q_sA	hybrid_q	A	5000	5.924525297439452e-06
5001	atomwise.outnet.0.linear.bias	0.4842	run_hybrid_q_sA	hybrid_q	A	5000	5.924525297439452e-06
5001	atomwise.outnet.0.linear.weight	0.5537	run_hybrid_q_sA	hybrid_q	A	5000	5.924525297439452e-06
5001	atomwise.outnet.1.linear.bias	0.50385	run_hybrid_q_sA	hybrid_q	A	5000	5.924525297439452e-06
5001	atomwise.outnet.1.linear.weight	0.76561	run_hybrid_q_sA	hybrid_q	A	5000	5.924525297439452e-06
5001	atomwise.outnet.2.linear.bias	0.20749	run_hybrid_q_sA	hybrid_q	A	5000	5.924525297439452e-06
5001	atomwise.outnet.2.linear.weight	2.1547	run_hybrid_q_sA	hybrid_q	A	5000	5.924525297439452e-06
5101	atomwise.linear_nn.linear.bias	0.00082287	run_hybrid_q_sA	hybrid_q	A	5000	5.924525297439452e-06
5101	atomwise.linear_nn.linear.weight	0.049127	run_hybrid_q_sA	hybrid_q	A	5000	5.924525297439452e-06
5101	atomwise.outnet.0.linear.bias	0.012779	run_hybrid_q_sA	hybrid_q	A	5000	5.924525297439452e-06
5101	atomwise.outnet.0.linear.weight	0.031856	run_hybrid_q_sA	hybrid_q	A	5000	5.924525297439452e-06
5101	atomwise.outnet.1.linear.bias	0.013321	run_hybrid_q_sA	hybrid_q	A	5000	5.924525297439452e-06
5101	atomwise.outnet.1.linear.weight	0.02383	run_hybrid_q_sA	hybrid_q	A	5000	5.924525297439452e-06
5101	atomwise.outnet.2.linear.bias	0.00082287	run_hybrid_q_sA	hybrid_q	A	5000	5.924525297439452e-06
5101	atomwise.outnet.2.linear.weight	0.060134	run_hybrid_q_sA	hybrid_q	A	5000	5.924525297439452e-06
5201	atomwise.linear_nn.linear.bias	0.0056909	run_hybrid_q_sA	hybrid_q	A	5000	5.924525297439452e-06
5201	atomwise.linear_nn.linear.weight	0.056019	run_hybrid_q_sA	hybrid_q	A	5000	5.924525297439452e-06
5201	atomwise.outnet.0.linear.bias	0.023712	run_hybrid_q_sA	hybrid_q	A	5000	5.924525297439452e-06
5201	atomwise.outnet.0.linear.weight	0.037133	run_hybrid_q_sA	hybrid_q	A	5000	5.924525297439452e-06
5201	atomwise.outnet.1.linear.bias	0.023791	run_hybrid_q_sA	hybrid_q	A	5000	5.924525297439452e-06
5201	atomwise.outnet.1.linear.weight	0.037322	run_hybrid_q_sA	hybrid_q	A	5000	5.924525297439452e-06
5201	atomwise.outnet.2.linear.bias	0.0056909	run_hybrid_q_sA	hybrid_q	A	5000	5.924525297439452e-06
5201	atomwise.outnet.2.linear.weight	0.10084	run_hybrid_q_sA	hybrid_q	A	5000	5.924525297439452e-06
5301	atomwise.linear_nn.linear.bias	0.017823	run_hybrid_q_sA	hybrid_q	A	5000	5.924525297439452e-06
5301	atomwise.linear_nn.linear.weight	0.050734	run_hybrid_q_sA	hybrid_q	A	5000	5.924525297439452e-06
5301	atomwise.outnet.0.linear.bias	0.030423	run_hybrid_q_sA	hybrid_q	A	5000	5.924525297439452e-06
5301	atomwise.outnet.0.linear.weight	0.035116	run_hybrid_q_sA	hybrid_q	A	5000	5.924525297439452e-06
5301	atomwise.outnet.1.linear.bias	0.025996	run_hybrid_q_sA	hybrid_q	A	5000	5.924525297439452e-06
5301	atomwise.outnet.1.linear.weight	0.036619	run_hybrid_q_sA	hybrid_q	A	5000	5.924525297439452e-06
5301	atomwise.outnet.2.linear.bias	0.017823	run_hybrid_q_sA	hybrid_q	A	5000	5.924525297439452e-06
5301	atomwise.outnet.2.linear.weight	0.10481	run_hybrid_q_sA	hybrid_q	A	5000	5.924525297439452e-06
5401	atomwise.linear_nn.linear.bias	0.020071	run_hybrid_q_sA	hybrid_q	A	5000	5.924525297439452e-06
5401	atomwise.linear_nn.linear.weight	0.029477	run_hybrid_q_sA	hybrid_q	A	5000	5.924525297439452e-06
5401	atomwise.outnet.0.linear.bias	0.024118	run_hybrid_q_sA	hybrid_q	A	5000	5.924525297439452e-06
5401	atomwise.outnet.0.linear.weight	0.021265	run_hybrid_q_sA	hybrid_q	A	5000	5.924525297439452e-06
5401	atomwise.outnet.1.linear.bias	0.016374	run_hybrid_q_sA	hybrid_q	A	5000	5.924525297439452e-06
5401	atomwise.outnet.1.linear.weight	0.017702	run_hybrid_q_sA	hybrid_q	A	5000	5.924525297439452e-06
5401	atomwise.outnet.2.linear.bias	0.020071	run_hybrid_q_sA	hybrid_q	A	5000	5.924525297439452e-06
5401	atomwise.outnet.2.linear.weight	0.051941	run_hybrid_q_sA	hybrid_q	A	5000	5.924525297439452e-06
5501	atomwise.linear_nn.linear.bias	0.0088667	run_hybrid_q_sA	hybrid_q	A	5000	5.924525297439452e-06
5501	atomwise.linear_nn.linear.weight	0.034243	run_hybrid_q_sA	hybrid_q	A	5000	5.924525297439452e-06
5501	atomwise.outnet.0.linear.bias	0.024043	run_hybrid_q_sA	hybrid_q	A	5000	5.924525297439452e-06
5501	atomwise.outnet.0.linear.weight	0.024742	run_hybrid_q_sA	hybrid_q	A	5000	5.924525297439452e-06
5501	atomwise.outnet.1.linear.bias	0.027949	run_hybrid_q_sA	hybrid_q	A	5000	5.924525297439452e-06
5501	atomwise.outnet.1.linear.weight	0.043629	run_hybrid_q_sA	hybrid_q	A	5000	5.924525297439452e-06
5501	atomwise.outnet.2.linear.bias	0.0088667	run_hybrid_q_sA	hybrid_q	A	5000	5.924525297439452e-06
5501	atomwise.outnet.2.linear.weight	0.12205	run_hybrid_q_sA	hybrid_q	A	5000	5.924525297439452e-06
5601	atomwise.linear_nn.linear.bias	0.0011765	run_hybrid_q_sA	hybrid_q	A	5000	5.924525297439452e-06
5601	atomwise.linear_nn.linear.weight	0.010862	run_hybrid_q_sA	hybrid_q	A	5000	5.924525297439452e-06
5601	atomwise.outnet.0.linear.bias	0.0032572	run_hybrid_q_sA	hybrid_q	A	5000	5.924525297439452e-06
5601	atomwise.outnet.0.linear.weight	0.0085601	run_hybrid_q_sA	hybrid_q	A	5000	5.924525297439452e-06
5601	atomwise.outnet.1.linear.bias	0.0034742	run_hybrid_q_sA	hybrid_q	A	5000	5.924525297439452e-06
5601	atomwise.outnet.1.linear.weight	0.0078153	run_hybrid_q_sA	hybrid_q	A	5000	5.924525297439452e-06
5601	atomwise.outnet.2.linear.bias	0.0011765	run_hybrid_q_sA	hybrid_q	A	5000	5.924525297439452e-06
5601	atomwise.outnet.2.linear.weight	0.018761	run_hybrid_q_sA	hybrid_q	A	5000	5.924525297439452e-06
5701	atomwise.linear_nn.linear.bias	0.0010334	run_hybrid_q_sA	hybrid_q	A	5000	5.924525297439452e-06
5701	atomwise.linear_nn.linear.weight	0.044705	run_hybrid_q_sA	hybrid_q	A	5000	5.924525297439452e-06
5701	atomwise.outnet.0.linear.bias	0.015203	run_hybrid_q_sA	hybrid_q	A	5000	5.924525297439452e-06
5701	atomwise.outnet.0.linear.weight	0.02998	run_hybrid_q_sA	hybrid_q	A	5000	5.924525297439452e-06
5701	atomwise.outnet.1.linear.bias	0.016467	run_hybrid_q_sA	hybrid_q	A	5000	5.924525297439452e-06
5701	atomwise.outnet.1.linear.weight	0.030828	run_hybrid_q_sA	hybrid_q	A	5000	5.924525297439452e-06
5701	atomwise.outnet.2.linear.bias	0.0010334	run_hybrid_q_sA	hybrid_q	A	5000	5.924525297439452e-06
5701	atomwise.outnet.2.linear.weight	0.080163	run_hybrid_q_sA	hybrid_q	A	5000	5.924525297439452e-06
5801	atomwise.linear_nn.linear.bias	0.030695	run_hybrid_q_sA	hybrid_q	A	5000	5.924525297439452e-06
5801	atomwise.linear_nn.linear.weight	0.065262	run_hybrid_q_sA	hybrid_q	A	5000	5.924525297439452e-06
5801	atomwise.outnet.0.linear.bias	0.047857	run_hybrid_q_sA	hybrid_q	A	5000	5.924525297439452e-06
5801	atomwise.outnet.0.linear.weight	0.046668	run_hybrid_q_sA	hybrid_q	A	5000	5.924525297439452e-06
5801	atomwise.outnet.1.linear.bias	0.04485	run_hybrid_q_sA	hybrid_q	A	5000	5.924525297439452e-06
5801	atomwise.outnet.1.linear.weight	0.063568	run_hybrid_q_sA	hybrid_q	A	5000	5.924525297439452e-06
5801	atomwise.outnet.2.linear.bias	0.030695	run_hybrid_q_sA	hybrid_q	A	5000	5.924525297439452e-06
5801	atomwise.outnet.2.linear.weight	0.18377	run_hybrid_q_sA	hybrid_q	A	5000	5.924525297439452e-06
5901	atomwise.linear_nn.linear.bias	0.013517	run_hybrid_q_sA	hybrid_q	A	5000	5.924525297439452e-06
5901	atomwise.linear_nn.linear.weight	0.042219	run_hybrid_q_sA	hybrid_q	A	5000	5.924525297439452e-06
5901	atomwise.outnet.0.linear.bias	0.027327	run_hybrid_q_sA	hybrid_q	A	5000	5.924525297439452e-06
5901	atomwise.outnet.0.linear.weight	0.030463	run_hybrid_q_sA	hybrid_q	A	5000	5.924525297439452e-06
5901	atomwise.outnet.1.linear.bias	0.027306	run_hybrid_q_sA	hybrid_q	A	5000	5.924525297439452e-06
5901	atomwise.outnet.1.linear.weight	0.039288	run_hybrid_q_sA	hybrid_q	A	5000	5.924525297439452e-06
5901	atomwise.outnet.2.linear.bias	0.013517	run_hybrid_q_sA	hybrid_q	A	5000	5.924525297439452e-06
5901	atomwise.outnet.2.linear.weight	0.11319	run_hybrid_q_sA	hybrid_q	A	5000	5.924525297439452e-06
6001	atomwise.linear_nn.linear.bias	0.0049429	run_hybrid_q_sA	hybrid_q	A	5000	5.924525297439452e-06
6001	atomwise.linear_nn.linear.weight	0.01907	run_hybrid_q_sA	hybrid_q	A	5000	5.924525297439452e-06
6001	atomwise.outnet.0.linear.bias	0.011121	run_hybrid_q_sA	hybrid_q	A	5000	5.924525297439452e-06
6001	atomwise.outnet.0.linear.weight	0.014489	run_hybrid_q_sA	hybrid_q	A	5000	5.924525297439452e-06
6001	atomwise.outnet.1.linear.bias	0.012774	run_hybrid_q_sA	hybrid_q	A	5000	5.924525297439452e-06
6001	atomwise.outnet.1.linear.weight	0.020132	run_hybrid_q_sA	hybrid_q	A	5000	5.924525297439452e-06
6001	atomwise.outnet.2.linear.bias	0.0049429	run_hybrid_q_sA	hybrid_q	A	5000	5.924525297439452e-06
6001	atomwise.outnet.2.linear.weight	0.054812	run_hybrid_q_sA	hybrid_q	A	5000	5.924525297439452e-06
6101	atomwise.linear_nn.linear.bias	0.0076925	run_hybrid_q_sA	hybrid_q	A	5000	5.924525297439452e-06
6101	atomwise.linear_nn.linear.weight	0.017066	run_hybrid_q_sA	hybrid_q	A	5000	5.924525297439452e-06
6101	atomwise.outnet.0.linear.bias	0.014085	run_hybrid_q_sA	hybrid_q	A	5000	5.924525297439452e-06
6101	atomwise.outnet.0.linear.weight	0.012958	run_hybrid_q_sA	hybrid_q	A	5000	5.924525297439452e-06
6101	atomwise.outnet.1.linear.bias	0.014372	run_hybrid_q_sA	hybrid_q	A	5000	5.924525297439452e-06
6101	atomwise.outnet.1.linear.weight	0.020897	run_hybrid_q_sA	hybrid_q	A	5000	5.924525297439452e-06
6101	atomwise.outnet.2.linear.bias	0.0076925	run_hybrid_q_sA	hybrid_q	A	5000	5.924525297439452e-06
6101	atomwise.outnet.2.linear.weight	0.060481	run_hybrid_q_sA	hybrid_q	A	5000	5.924525297439452e-06
6201	atomwise.linear_nn.linear.bias	0.011456	run_hybrid_q_sA	hybrid_q	A	5000	5.924525297439452e-06
6201	atomwise.linear_nn.linear.weight	0.014111	run_hybrid_q_sA	hybrid_q	A	5000	5.924525297439452e-06
6201	atomwise.outnet.0.linear.bias	0.012247	run_hybrid_q_sA	hybrid_q	A	5000	5.924525297439452e-06
6201	atomwise.outnet.0.linear.weight	0.011834	run_hybrid_q_sA	hybrid_q	A	5000	5.924525297439452e-06
6201	atomwise.outnet.1.linear.bias	0.010069	run_hybrid_q_sA	hybrid_q	A	5000	5.924525297439452e-06
6201	atomwise.outnet.1.linear.weight	0.012679	run_hybrid_q_sA	hybrid_q	A	5000	5.924525297439452e-06
6201	atomwise.outnet.2.linear.bias	0.011456	run_hybrid_q_sA	hybrid_q	A	5000	5.924525297439452e-06
6201	atomwise.outnet.2.linear.weight	0.035549	run_hybrid_q_sA	hybrid_q	A	5000	5.924525297439452e-06
6301	atomwise.linear_nn.linear.bias	0.010104	run_hybrid_q_sA	hybrid_q	A	5000	5.924525297439452e-06
6301	atomwise.linear_nn.linear.weight	0.018369	run_hybrid_q_sA	hybrid_q	A	5000	5.924525297439452e-06
6301	atomwise.outnet.0.linear.bias	0.015451	run_hybrid_q_sA	hybrid_q	A	5000	5.924525297439452e-06
6301	atomwise.outnet.0.linear.weight	0.012878	run_hybrid_q_sA	hybrid_q	A	5000	5.924525297439452e-06
6301	atomwise.outnet.1.linear.bias	0.013709	run_hybrid_q_sA	hybrid_q	A	5000	5.924525297439452e-06
6301	atomwise.outnet.1.linear.weight	0.017604	run_hybrid_q_sA	hybrid_q	A	5000	5.924525297439452e-06
6301	atomwise.outnet.2.linear.bias	0.010104	run_hybrid_q_sA	hybrid_q	A	5000	5.924525297439452e-06
6301	atomwise.outnet.2.linear.weight	0.05296	run_hybrid_q_sA	hybrid_q	A	5000	5.924525297439452e-06
6401	atomwise.linear_nn.linear.bias	0.011894	run_hybrid_q_sA	hybrid_q	A	5000	5.924525297439452e-06
6401	atomwise.linear_nn.linear.weight	0.030619	run_hybrid_q_sA	hybrid_q	A	5000	5.924525297439452e-06
6401	atomwise.outnet.0.linear.bias	0.023235	run_hybrid_q_sA	hybrid_q	A	5000	5.924525297439452e-06
6401	atomwise.outnet.0.linear.weight	0.022544	run_hybrid_q_sA	hybrid_q	A	5000	5.924525297439452e-06
6401	atomwise.outnet.1.linear.bias	0.024254	run_hybrid_q_sA	hybrid_q	A	5000	5.924525297439452e-06
6401	atomwise.outnet.1.linear.weight	0.036077	run_hybrid_q_sA	hybrid_q	A	5000	5.924525297439452e-06
6401	atomwise.outnet.2.linear.bias	0.011894	run_hybrid_q_sA	hybrid_q	A	5000	5.924525297439452e-06
6401	atomwise.outnet.2.linear.weight	0.10175	run_hybrid_q_sA	hybrid_q	A	5000	5.924525297439452e-06
6501	atomwise.linear_nn.linear.bias	0.0068218	run_hybrid_q_sA	hybrid_q	A	5000	5.924525297439452e-06
6501	atomwise.linear_nn.linear.weight	0.061912	run_hybrid_q_sA	hybrid_q	A	5000	5.924525297439452e-06
6501	atomwise.outnet.0.linear.bias	0.032995	run_hybrid_q_sA	hybrid_q	A	5000	5.924525297439452e-06
6501	atomwise.outnet.0.linear.weight	0.042823	run_hybrid_q_sA	hybrid_q	A	5000	5.924525297439452e-06
6501	atomwise.outnet.1.linear.bias	0.038512	run_hybrid_q_sA	hybrid_q	A	5000	5.924525297439452e-06
6501	atomwise.outnet.1.linear.weight	0.062252	run_hybrid_q_sA	hybrid_q	A	5000	5.924525297439452e-06
6501	atomwise.outnet.2.linear.bias	0.0068218	run_hybrid_q_sA	hybrid_q	A	5000	5.924525297439452e-06
6501	atomwise.outnet.2.linear.weight	0.16935	run_hybrid_q_sA	hybrid_q	A	5000	5.924525297439452e-06
6601	atomwise.linear_nn.linear.bias	0.0072206	run_hybrid_q_sA	hybrid_q	A	5000	5.924525297439452e-06
6601	atomwise.linear_nn.linear.weight	0.033119	run_hybrid_q_sA	hybrid_q	A	5000	5.924525297439452e-06
6601	atomwise.outnet.0.linear.bias	0.019783	run_hybrid_q_sA	hybrid_q	A	5000	5.924525297439452e-06
6601	atomwise.outnet.0.linear.weight	0.023932	run_hybrid_q_sA	hybrid_q	A	5000	5.924525297439452e-06
6601	atomwise.outnet.1.linear.bias	0.022007	run_hybrid_q_sA	hybrid_q	A	5000	5.924525297439452e-06
6601	atomwise.outnet.1.linear.weight	0.033797	run_hybrid_q_sA	hybrid_q	A	5000	5.924525297439452e-06
6601	atomwise.outnet.2.linear.bias	0.0072206	run_hybrid_q_sA	hybrid_q	A	5000	5.924525297439452e-06
6601	atomwise.outnet.2.linear.weight	0.093804	run_hybrid_q_sA	hybrid_q	A	5000	5.924525297439452e-06
6701	atomwise.linear_nn.linear.bias	0.017918	run_hybrid_q_sA	hybrid_q	A	5000	5.924525297439452e-06
6701	atomwise.linear_nn.linear.weight	0.050425	run_hybrid_q_sA	hybrid_q	A	5000	5.924525297439452e-06
6701	atomwise.outnet.0.linear.bias	0.031154	run_hybrid_q_sA	hybrid_q	A	5000	5.924525297439452e-06
6701	atomwise.outnet.0.linear.weight	0.037854	run_hybrid_q_sA	hybrid_q	A	5000	5.924525297439452e-06
6701	atomwise.outnet.1.linear.bias	0.031547	run_hybrid_q_sA	hybrid_q	A	5000	5.924525297439452e-06
6701	atomwise.outnet.1.linear.weight	0.047379	run_hybrid_q_sA	hybrid_q	A	5000	5.924525297439452e-06
6701	atomwise.outnet.2.linear.bias	0.017918	run_hybrid_q_sA	hybrid_q	A	5000	5.924525297439452e-06
6701	atomwise.outnet.2.linear.weight	0.13034	run_hybrid_q_sA	hybrid_q	A	5000	5.924525297439452e-06
6801	atomwise.linear_nn.linear.bias	0.001802	run_hybrid_q_sA	hybrid_q	A	5000	5.924525297439452e-06
6801	atomwise.linear_nn.linear.weight	0.022938	run_hybrid_q_sA	hybrid_q	A	5000	5.924525297439452e-06
6801	atomwise.outnet.0.linear.bias	0.0096618	run_hybrid_q_sA	hybrid_q	A	5000	5.924525297439452e-06
6801	atomwise.outnet.0.linear.weight	0.016181	run_hybrid_q_sA	hybrid_q	A	5000	5.924525297439452e-06
6801	atomwise.outnet.1.linear.bias	0.010807	run_hybrid_q_sA	hybrid_q	A	5000	5.924525297439452e-06
6801	atomwise.outnet.1.linear.weight	0.019202	run_hybrid_q_sA	hybrid_q	A	5000	5.924525297439452e-06
6801	atomwise.outnet.2.linear.bias	0.001802	run_hybrid_q_sA	hybrid_q	A	5000	5.924525297439452e-06
6801	atomwise.outnet.2.linear.weight	0.049357	run_hybrid_q_sA	hybrid_q	A	5000	5.924525297439452e-06
6901	atomwise.linear_nn.linear.bias	0.0079874	run_hybrid_q_sA	hybrid_q	A	5000	5.924525297439452e-06
6901	atomwise.linear_nn.linear.weight	0.012833	run_hybrid_q_sA	hybrid_q	A	5000	5.924525297439452e-06
6901	atomwise.outnet.0.linear.bias	0.011489	run_hybrid_q_sA	hybrid_q	A	5000	5.924525297439452e-06
6901	atomwise.outnet.0.linear.weight	0.010019	run_hybrid_q_sA	hybrid_q	A	5000	5.924525297439452e-06
6901	atomwise.outnet.1.linear.bias	0.0066309	run_hybrid_q_sA	hybrid_q	A	5000	5.924525297439452e-06
6901	atomwise.outnet.1.linear.weight	0.011531	run_hybrid_q_sA	hybrid_q	A	5000	5.924525297439452e-06
6901	atomwise.outnet.2.linear.bias	0.0079874	run_hybrid_q_sA	hybrid_q	A	5000	5.924525297439452e-06
6901	atomwise.outnet.2.linear.weight	0.020035	run_hybrid_q_sA	hybrid_q	A	5000	5.924525297439452e-06
7001	atomwise.linear_nn.linear.bias	0.016766	run_hybrid_q_sA	hybrid_q	A	5000	5.924525297439452e-06
7001	atomwise.linear_nn.linear.weight	0.015986	run_hybrid_q_sA	hybrid_q	A	5000	5.924525297439452e-06
7001	atomwise.outnet.0.linear.bias	0.012571	run_hybrid_q_sA	hybrid_q	A	5000	5.924525297439452e-06
7001	atomwise.outnet.0.linear.weight	0.010561	run_hybrid_q_sA	hybrid_q	A	5000	5.924525297439452e-06
7001	atomwise.outnet.1.linear.bias	0.0086368	run_hybrid_q_sA	hybrid_q	A	5000	5.924525297439452e-06
7001	atomwise.outnet.1.linear.weight	0.013284	run_hybrid_q_sA	hybrid_q	A	5000	5.924525297439452e-06
7001	atomwise.outnet.2.linear.bias	0.016766	run_hybrid_q_sA	hybrid_q	A	5000	5.924525297439452e-06
7001	atomwise.outnet.2.linear.weight	0.02554	run_hybrid_q_sA	hybrid_q	A	5000	5.924525297439452e-06
7101	atomwise.linear_nn.linear.bias	0.010346	run_hybrid_q_sA	hybrid_q	A	5000	5.924525297439452e-06
7101	atomwise.linear_nn.linear.weight	0.0068573	run_hybrid_q_sA	hybrid_q	A	5000	5.924525297439452e-06
7101	atomwise.outnet.0.linear.bias	0.011055	run_hybrid_q_sA	hybrid_q	A	5000	5.924525297439452e-06
7101	atomwise.outnet.0.linear.weight	0.0055005	run_hybrid_q_sA	hybrid_q	A	5000	5.924525297439452e-06
7101	atomwise.outnet.1.linear.bias	0.0082363	run_hybrid_q_sA	hybrid_q	A	5000	5.924525297439452e-06
7101	atomwise.outnet.1.linear.weight	0.0081897	run_hybrid_q_sA	hybrid_q	A	5000	5.924525297439452e-06
7101	atomwise.outnet.2.linear.bias	0.010346	run_hybrid_q_sA	hybrid_q	A	5000	5.924525297439452e-06
7101	atomwise.outnet.2.linear.weight	0.027387	run_hybrid_q_sA	hybrid_q	A	5000	5.924525297439452e-06
7201	atomwise.linear_nn.linear.bias	0.0048937	run_hybrid_q_sA	hybrid_q	A	5000	5.924525297439452e-06
7201	atomwise.linear_nn.linear.weight	0.039401	run_hybrid_q_sA	hybrid_q	A	5000	5.924525297439452e-06
7201	atomwise.outnet.0.linear.bias	0.021383	run_hybrid_q_sA	hybrid_q	A	5000	5.924525297439452e-06
7201	atomwise.outnet.0.linear.weight	0.026405	run_hybrid_q_sA	hybrid_q	A	5000	5.924525297439452e-06
7201	atomwise.outnet.1.linear.bias	0.02433	run_hybrid_q_sA	hybrid_q	A	5000	5.924525297439452e-06
7201	atomwise.outnet.1.linear.weight	0.038985	run_hybrid_q_sA	hybrid_q	A	5000	5.924525297439452e-06
7201	atomwise.outnet.2.linear.bias	0.0048937	run_hybrid_q_sA	hybrid_q	A	5000	5.924525297439452e-06
7201	atomwise.outnet.2.linear.weight	0.10764	run_hybrid_q_sA	hybrid_q	A	5000	5.924525297439452e-06
7301	atomwise.linear_nn.linear.bias	0.020155	run_hybrid_q_sA	hybrid_q	A	5000	5.924525297439452e-06
7301	atomwise.linear_nn.linear.weight	0.041299	run_hybrid_q_sA	hybrid_q	A	5000	5.924525297439452e-06
7301	atomwise.outnet.0.linear.bias	0.032016	run_hybrid_q_sA	hybrid_q	A	5000	5.924525297439452e-06
7301	atomwise.outnet.0.linear.weight	0.029574	run_hybrid_q_sA	hybrid_q	A	5000	5.924525297439452e-06
7301	atomwise.outnet.1.linear.bias	0.030482	run_hybrid_q_sA	hybrid_q	A	5000	5.924525297439452e-06
7301	atomwise.outnet.1.linear.weight	0.04306	run_hybrid_q_sA	hybrid_q	A	5000	5.924525297439452e-06
7301	atomwise.outnet.2.linear.bias	0.020155	run_hybrid_q_sA	hybrid_q	A	5000	5.924525297439452e-06
7301	atomwise.outnet.2.linear.weight	0.12491	run_hybrid_q_sA	hybrid_q	A	5000	5.924525297439452e-06
7401	atomwise.linear_nn.linear.bias	0.0047616	run_hybrid_q_sA	hybrid_q	A	5000	5.924525297439452e-06
7401	atomwise.linear_nn.linear.weight	0.014564	run_hybrid_q_sA	hybrid_q	A	5000	5.924525297439452e-06
7401	atomwise.outnet.0.linear.bias	0.0067756	run_hybrid_q_sA	hybrid_q	A	5000	5.924525297439452e-06
7401	atomwise.outnet.0.linear.weight	0.011625	run_hybrid_q_sA	hybrid_q	A	5000	5.924525297439452e-06
7401	atomwise.outnet.1.linear.bias	0.0067791	run_hybrid_q_sA	hybrid_q	A	5000	5.924525297439452e-06
7401	atomwise.outnet.1.linear.weight	0.011302	run_hybrid_q_sA	hybrid_q	A	5000	5.924525297439452e-06
7401	atomwise.outnet.2.linear.bias	0.0047616	run_hybrid_q_sA	hybrid_q	A	5000	5.924525297439452e-06
7401	atomwise.outnet.2.linear.weight	0.026246	run_hybrid_q_sA	hybrid_q	A	5000	5.924525297439452e-06
7501	atomwise.linear_nn.linear.bias	0.0022907	run_hybrid_q_sA	hybrid_q	A	5000	5.924525297439452e-06
7501	atomwise.linear_nn.linear.weight	0.014393	run_hybrid_q_sA	hybrid_q	A	5000	5.924525297439452e-06
7501	atomwise.outnet.0.linear.bias	0.005533	run_hybrid_q_sA	hybrid_q	A	5000	5.924525297439452e-06
7501	atomwise.outnet.0.linear.weight	0.011205	run_hybrid_q_sA	hybrid_q	A	5000	5.924525297439452e-06
7501	atomwise.outnet.1.linear.bias	0.0054145	run_hybrid_q_sA	hybrid_q	A	5000	5.924525297439452e-06
7501	atomwise.outnet.1.linear.weight	0.0098041	run_hybrid_q_sA	hybrid_q	A	5000	5.924525297439452e-06
7501	atomwise.outnet.2.linear.bias	0.0022907	run_hybrid_q_sA	hybrid_q	A	5000	5.924525297439452e-06
7501	atomwise.outnet.2.linear.weight	0.025522	run_hybrid_q_sA	hybrid_q	A	5000	5.924525297439452e-06
7601	atomwise.linear_nn.linear.bias	0.0072773	run_hybrid_q_sA	hybrid_q	A	5000	5.924525297439452e-06
7601	atomwise.linear_nn.linear.weight	0.01008	run_hybrid_q_sA	hybrid_q	A	5000	5.924525297439452e-06
7601	atomwise.outnet.0.linear.bias	0.0062351	run_hybrid_q_sA	hybrid_q	A	5000	5.924525297439452e-06
7601	atomwise.outnet.0.linear.weight	0.0071374	run_hybrid_q_sA	hybrid_q	A	5000	5.924525297439452e-06
7601	atomwise.outnet.1.linear.bias	0.0045017	run_hybrid_q_sA	hybrid_q	A	5000	5.924525297439452e-06
7601	atomwise.outnet.1.linear.weight	0.0085034	run_hybrid_q_sA	hybrid_q	A	5000	5.924525297439452e-06
7601	atomwise.outnet.2.linear.bias	0.0072773	run_hybrid_q_sA	hybrid_q	A	5000	5.924525297439452e-06
7601	atomwise.outnet.2.linear.weight	0.01524	run_hybrid_q_sA	hybrid_q	A	5000	5.924525297439452e-06
7701	atomwise.linear_nn.linear.bias	0.0014547	run_hybrid_q_sA	hybrid_q	A	5000	5.924525297439452e-06
7701	atomwise.linear_nn.linear.weight	0.013413	run_hybrid_q_sA	hybrid_q	A	5000	5.924525297439452e-06
7701	atomwise.outnet.0.linear.bias	0.0066349	run_hybrid_q_sA	hybrid_q	A	5000	5.924525297439452e-06
7701	atomwise.outnet.0.linear.weight	0.0098573	run_hybrid_q_sA	hybrid_q	A	5000	5.924525297439452e-06
7701	atomwise.outnet.1.linear.bias	0.0080539	run_hybrid_q_sA	hybrid_q	A	5000	5.924525297439452e-06
7701	atomwise.outnet.1.linear.weight	0.012681	run_hybrid_q_sA	hybrid_q	A	5000	5.924525297439452e-06
7701	atomwise.outnet.2.linear.bias	0.0014547	run_hybrid_q_sA	hybrid_q	A	5000	5.924525297439452e-06
7701	atomwise.outnet.2.linear.weight	0.033859	run_hybrid_q_sA	hybrid_q	A	5000	5.924525297439452e-06
7801	atomwise.linear_nn.linear.bias	0.00047847	run_hybrid_q_sA	hybrid_q	A	5000	5.924525297439452e-06
7801	atomwise.linear_nn.linear.weight	0.02561	run_hybrid_q_sA	hybrid_q	A	5000	5.924525297439452e-06
7801	atomwise.outnet.0.linear.bias	0.011627	run_hybrid_q_sA	hybrid_q	A	5000	5.924525297439452e-06
7801	atomwise.outnet.0.linear.weight	0.017029	run_hybrid_q_sA	hybrid_q	A	5000	5.924525297439452e-06
7801	atomwise.outnet.1.linear.bias	0.014757	run_hybrid_q_sA	hybrid_q	A	5000	5.924525297439452e-06
7801	atomwise.outnet.1.linear.weight	0.026052	run_hybrid_q_sA	hybrid_q	A	5000	5.924525297439452e-06
7801	atomwise.outnet.2.linear.bias	0.00047847	run_hybrid_q_sA	hybrid_q	A	5000	5.924525297439452e-06
7801	atomwise.outnet.2.linear.weight	0.068702	run_hybrid_q_sA	hybrid_q	A	5000	5.924525297439452e-06
7901	atomwise.linear_nn.linear.bias	0.0051968	run_hybrid_q_sA	hybrid_q	A	5000	5.924525297439452e-06
7901	atomwise.linear_nn.linear.weight	0.018474	run_hybrid_q_sA	hybrid_q	A	5000	5.924525297439452e-06
7901	atomwise.outnet.0.linear.bias	0.0068353	run_hybrid_q_sA	hybrid_q	A	5000	5.924525297439452e-06
7901	atomwise.outnet.0.linear.weight	0.015943	run_hybrid_q_sA	hybrid_q	A	5000	5.924525297439452e-06
7901	atomwise.outnet.1.linear.bias	0.0059298	run_hybrid_q_sA	hybrid_q	A	5000	5.924525297439452e-06
7901	atomwise.outnet.1.linear.weight	0.01479	run_hybrid_q_sA	hybrid_q	A	5000	5.924525297439452e-06
7901	atomwise.outnet.2.linear.bias	0.0051968	run_hybrid_q_sA	hybrid_q	A	5000	5.924525297439452e-06
7901	atomwise.outnet.2.linear.weight	0.02473	run_hybrid_q_sA	hybrid_q	A	5000	5.924525297439452e-06
8001	atomwise.linear_nn.linear.bias	0.0029346	run_hybrid_q_sA	hybrid_q	A	5000	5.924525297439452e-06
8001	atomwise.linear_nn.linear.weight	0.0081256	run_hybrid_q_sA	hybrid_q	A	5000	5.924525297439452e-06
8001	atomwise.outnet.0.linear.bias	0.0021829	run_hybrid_q_sA	hybrid_q	A	5000	5.924525297439452e-06
8001	atomwise.outnet.0.linear.weight	0.0062395	run_hybrid_q_sA	hybrid_q	A	5000	5.924525297439452e-06
8001	atomwise.outnet.1.linear.bias	0.0015596	run_hybrid_q_sA	hybrid_q	A	5000	5.924525297439452e-06
8001	atomwise.outnet.1.linear.weight	0.002318	run_hybrid_q_sA	hybrid_q	A	5000	5.924525297439452e-06
8001	atomwise.outnet.2.linear.bias	0.0029346	run_hybrid_q_sA	hybrid_q	A	5000	5.924525297439452e-06
8001	atomwise.outnet.2.linear.weight	0.0056795	run_hybrid_q_sA	hybrid_q	A	5000	5.924525297439452e-06
8101	atomwise.linear_nn.linear.bias	0.0033405	run_hybrid_q_sA	hybrid_q	A	5000	5.924525297439452e-06
8101	atomwise.linear_nn.linear.weight	0.010777	run_hybrid_q_sA	hybrid_q	A	5000	5.924525297439452e-06
8101	atomwise.outnet.0.linear.bias	0.0038358	run_hybrid_q_sA	hybrid_q	A	5000	5.924525297439452e-06
8101	atomwise.outnet.0.linear.weight	0.007433	run_hybrid_q_sA	hybrid_q	A	5000	5.924525297439452e-06
8101	atomwise.outnet.1.linear.bias	0.0040578	run_hybrid_q_sA	hybrid_q	A	5000	5.924525297439452e-06
8101	atomwise.outnet.1.linear.weight	0.0080469	run_hybrid_q_sA	hybrid_q	A	5000	5.924525297439452e-06
8101	atomwise.outnet.2.linear.bias	0.0033405	run_hybrid_q_sA	hybrid_q	A	5000	5.924525297439452e-06
8101	atomwise.outnet.2.linear.weight	0.017629	run_hybrid_q_sA	hybrid_q	A	5000	5.924525297439452e-06
8201	atomwise.linear_nn.linear.bias	0.0078359	run_hybrid_q_sA	hybrid_q	A	5000	5.924525297439452e-06
8201	atomwise.linear_nn.linear.weight	0.030876	run_hybrid_q_sA	hybrid_q	A	5000	5.924525297439452e-06
8201	atomwise.outnet.0.linear.bias	0.016602	run_hybrid_q_sA	hybrid_q	A	5000	5.924525297439452e-06
8201	atomwise.outnet.0.linear.weight	0.021339	run_hybrid_q_sA	hybrid_q	A	5000	5.924525297439452e-06
8201	atomwise.outnet.1.linear.bias	0.016253	run_hybrid_q_sA	hybrid_q	A	5000	5.924525297439452e-06
8201	atomwise.outnet.1.linear.weight	0.025427	run_hybrid_q_sA	hybrid_q	A	5000	5.924525297439452e-06
8201	atomwise.outnet.2.linear.bias	0.0078359	run_hybrid_q_sA	hybrid_q	A	5000	5.924525297439452e-06
8201	atomwise.outnet.2.linear.weight	0.069995	run_hybrid_q_sA	hybrid_q	A	5000	5.924525297439452e-06
8301	atomwise.linear_nn.linear.bias	0.0069124	run_hybrid_q_sA	hybrid_q	A	5000	5.924525297439452e-06
8301	atomwise.linear_nn.linear.weight	0.046252	run_hybrid_q_sA	hybrid_q	A	5000	5.924525297439452e-06
8301	atomwise.outnet.0.linear.bias	0.025884	run_hybrid_q_sA	hybrid_q	A	5000	5.924525297439452e-06
8301	atomwise.outnet.0.linear.weight	0.032152	run_hybrid_q_sA	hybrid_q	A	5000	5.924525297439452e-06
8301	atomwise.outnet.1.linear.bias	0.029378	run_hybrid_q_sA	hybrid_q	A	5000	5.924525297439452e-06
8301	atomwise.outnet.1.linear.weight	0.046601	run_hybrid_q_sA	hybrid_q	A	5000	5.924525297439452e-06
8301	atomwise.outnet.2.linear.bias	0.0069124	run_hybrid_q_sA	hybrid_q	A	5000	5.924525297439452e-06
8301	atomwise.outnet.2.linear.weight	0.12633	run_hybrid_q_sA	hybrid_q	A	5000	5.924525297439452e-06
8401	atomwise.linear_nn.linear.bias	0.013335	run_hybrid_q_sA	hybrid_q	A	5000	5.924525297439452e-06
8401	atomwise.linear_nn.linear.weight	0.058304	run_hybrid_q_sA	hybrid_q	A	5000	5.924525297439452e-06
8401	atomwise.outnet.0.linear.bias	0.034366	run_hybrid_q_sA	hybrid_q	A	5000	5.924525297439452e-06
8401	atomwise.outnet.0.linear.weight	0.041076	run_hybrid_q_sA	hybrid_q	A	5000	5.924525297439452e-06
8401	atomwise.outnet.1.linear.bias	0.037027	run_hybrid_q_sA	hybrid_q	A	5000	5.924525297439452e-06
8401	atomwise.outnet.1.linear.weight	0.05667	run_hybrid_q_sA	hybrid_q	A	5000	5.924525297439452e-06
8401	atomwise.outnet.2.linear.bias	0.013335	run_hybrid_q_sA	hybrid_q	A	5000	5.924525297439452e-06
8401	atomwise.outnet.2.linear.weight	0.15851	run_hybrid_q_sA	hybrid_q	A	5000	5.924525297439452e-06
8501	atomwise.linear_nn.linear.bias	0.0065499	run_hybrid_q_sA	hybrid_q	A	5000	5.924525297439452e-06
8501	atomwise.linear_nn.linear.weight	0.02995	run_hybrid_q_sA	hybrid_q	A	5000	5.924525297439452e-06
8501	atomwise.outnet.0.linear.bias	0.018736	run_hybrid_q_sA	hybrid_q	A	5000	5.924525297439452e-06
8501	atomwise.outnet.0.linear.weight	0.019435	run_hybrid_q_sA	hybrid_q	A	5000	5.924525297439452e-06
8501	atomwise.outnet.1.linear.bias	0.019767	run_hybrid_q_sA	hybrid_q	A	5000	5.924525297439452e-06
8501	atomwise.outnet.1.linear.weight	0.029746	run_hybrid_q_sA	hybrid_q	A	5000	5.924525297439452e-06
8501	atomwise.outnet.2.linear.bias	0.0065499	run_hybrid_q_sA	hybrid_q	A	5000	5.924525297439452e-06
8501	atomwise.outnet.2.linear.weight	0.085308	run_hybrid_q_sA	hybrid_q	A	5000	5.924525297439452e-06
8601	atomwise.linear_nn.linear.bias	0.016556	run_hybrid_q_sA	hybrid_q	A	5000	5.924525297439452e-06
8601	atomwise.linear_nn.linear.weight	0.079661	run_hybrid_q_sA	hybrid_q	A	5000	5.924525297439452e-06
8601	atomwise.outnet.0.linear.bias	0.049814	run_hybrid_q_sA	hybrid_q	A	5000	5.924525297439452e-06
8601	atomwise.outnet.0.linear.weight	0.054312	run_hybrid_q_sA	hybrid_q	A	5000	5.924525297439452e-06
8601	atomwise.outnet.1.linear.bias	0.054546	run_hybrid_q_sA	hybrid_q	A	5000	5.924525297439452e-06
8601	atomwise.outnet.1.linear.weight	0.085011	run_hybrid_q_sA	hybrid_q	A	5000	5.924525297439452e-06
8601	atomwise.outnet.2.linear.bias	0.016556	run_hybrid_q_sA	hybrid_q	A	5000	5.924525297439452e-06
8601	atomwise.outnet.2.linear.weight	0.23923	run_hybrid_q_sA	hybrid_q	A	5000	5.924525297439452e-06
8701	atomwise.linear_nn.linear.bias	0.00010956	run_hybrid_q_sA	hybrid_q	A	5000	5.924525297439452e-06
8701	atomwise.linear_nn.linear.weight	0.018547	run_hybrid_q_sA	hybrid_q	A	5000	5.924525297439452e-06
8701	atomwise.outnet.0.linear.bias	0.010793	run_hybrid_q_sA	hybrid_q	A	5000	5.924525297439452e-06
8701	atomwise.outnet.0.linear.weight	0.012556	run_hybrid_q_sA	hybrid_q	A	5000	5.924525297439452e-06
8701	atomwise.outnet.1.linear.bias	0.013059	run_hybrid_q_sA	hybrid_q	A	5000	5.924525297439452e-06
8701	atomwise.outnet.1.linear.weight	0.021106	run_hybrid_q_sA	hybrid_q	A	5000	5.924525297439452e-06
8701	atomwise.outnet.2.linear.bias	0.00010956	run_hybrid_q_sA	hybrid_q	A	5000	5.924525297439452e-06
8701	atomwise.outnet.2.linear.weight	0.060251	run_hybrid_q_sA	hybrid_q	A	5000	5.924525297439452e-06
8801	atomwise.linear_nn.linear.bias	0.005759	run_hybrid_q_sA	hybrid_q	A	5000	5.924525297439452e-06
8801	atomwise.linear_nn.linear.weight	0.011873	run_hybrid_q_sA	hybrid_q	A	5000	5.924525297439452e-06
8801	atomwise.outnet.0.linear.bias	0.0048906	run_hybrid_q_sA	hybrid_q	A	5000	5.924525297439452e-06
8801	atomwise.outnet.0.linear.weight	0.0077738	run_hybrid_q_sA	hybrid_q	A	5000	5.924525297439452e-06
8801	atomwise.outnet.1.linear.bias	0.0043398	run_hybrid_q_sA	hybrid_q	A	5000	5.924525297439452e-06
8801	atomwise.outnet.1.linear.weight	0.0099883	run_hybrid_q_sA	hybrid_q	A	5000	5.924525297439452e-06
8801	atomwise.outnet.2.linear.bias	0.005759	run_hybrid_q_sA	hybrid_q	A	5000	5.924525297439452e-06
8801	atomwise.outnet.2.linear.weight	0.020685	run_hybrid_q_sA	hybrid_q	A	5000	5.924525297439452e-06
8901	atomwise.linear_nn.linear.bias	0.0019244	run_hybrid_q_sA	hybrid_q	A	5000	5.924525297439452e-06
8901	atomwise.linear_nn.linear.weight	0.019746	run_hybrid_q_sA	hybrid_q	A	5000	5.924525297439452e-06
8901	atomwise.outnet.0.linear.bias	0.0087656	run_hybrid_q_sA	hybrid_q	A	5000	5.924525297439452e-06
8901	atomwise.outnet.0.linear.weight	0.012647	run_hybrid_q_sA	hybrid_q	A	5000	5.924525297439452e-06
8901	atomwise.outnet.1.linear.bias	0.011001	run_hybrid_q_sA	hybrid_q	A	5000	5.924525297439452e-06
8901	atomwise.outnet.1.linear.weight	0.019973	run_hybrid_q_sA	hybrid_q	A	5000	5.924525297439452e-06
8901	atomwise.outnet.2.linear.bias	0.0019244	run_hybrid_q_sA	hybrid_q	A	5000	5.924525297439452e-06
8901	atomwise.outnet.2.linear.weight	0.050715	run_hybrid_q_sA	hybrid_q	A	5000	5.924525297439452e-06
9001	atomwise.linear_nn.linear.bias	0.0049726	run_hybrid_q_sA	hybrid_q	A	5000	5.924525297439452e-06
9001	atomwise.linear_nn.linear.weight	0.016673	run_hybrid_q_sA	hybrid_q	A	5000	5.924525297439452e-06
9001	atomwise.outnet.0.linear.bias	0.0047944	run_hybrid_q_sA	hybrid_q	A	5000	5.924525297439452e-06
9001	atomwise.outnet.0.linear.weight	0.010297	run_hybrid_q_sA	hybrid_q	A	5000	5.924525297439452e-06
9001	atomwise.outnet.1.linear.bias	0.0065144	run_hybrid_q_sA	hybrid_q	A	5000	5.924525297439452e-06
9001	atomwise.outnet.1.linear.weight	0.011644	run_hybrid_q_sA	hybrid_q	A	5000	5.924525297439452e-06
9001	atomwise.outnet.2.linear.bias	0.0049726	run_hybrid_q_sA	hybrid_q	A	5000	5.924525297439452e-06
9001	atomwise.outnet.2.linear.weight	0.029139	run_hybrid_q_sA	hybrid_q	A	5000	5.924525297439452e-06
9101	atomwise.linear_nn.linear.bias	0.0012072	run_hybrid_q_sA	hybrid_q	A	5000	5.924525297439452e-06
9101	atomwise.linear_nn.linear.weight	0.0088278	run_hybrid_q_sA	hybrid_q	A	5000	5.924525297439452e-06
9101	atomwise.outnet.0.linear.bias	0.0041846	run_hybrid_q_sA	hybrid_q	A	5000	5.924525297439452e-06
9101	atomwise.outnet.0.linear.weight	0.0057785	run_hybrid_q_sA	hybrid_q	A	5000	5.924525297439452e-06
9101	atomwise.outnet.1.linear.bias	0.0057181	run_hybrid_q_sA	hybrid_q	A	5000	5.924525297439452e-06
9101	atomwise.outnet.1.linear.weight	0.0090763	run_hybrid_q_sA	hybrid_q	A	5000	5.924525297439452e-06
9101	atomwise.outnet.2.linear.bias	0.0012072	run_hybrid_q_sA	hybrid_q	A	5000	5.924525297439452e-06
9101	atomwise.outnet.2.linear.weight	0.025985	run_hybrid_q_sA	hybrid_q	A	5000	5.924525297439452e-06
9201	atomwise.linear_nn.linear.bias	0.0006247	run_hybrid_q_sA	hybrid_q	A	5000	5.924525297439452e-06
9201	atomwise.linear_nn.linear.weight	0.036994	run_hybrid_q_sA	hybrid_q	A	5000	5.924525297439452e-06
9201	atomwise.outnet.0.linear.bias	0.015148	run_hybrid_q_sA	hybrid_q	A	5000	5.924525297439452e-06
9201	atomwise.outnet.0.linear.weight	0.025447	run_hybrid_q_sA	hybrid_q	A	5000	5.924525297439452e-06
9201	atomwise.outnet.1.linear.bias	0.017975	run_hybrid_q_sA	hybrid_q	A	5000	5.924525297439452e-06
9201	atomwise.outnet.1.linear.weight	0.033074	run_hybrid_q_sA	hybrid_q	A	5000	5.924525297439452e-06
9201	atomwise.outnet.2.linear.bias	0.0006247	run_hybrid_q_sA	hybrid_q	A	5000	5.924525297439452e-06
9201	atomwise.outnet.2.linear.weight	0.086583	run_hybrid_q_sA	hybrid_q	A	5000	5.924525297439452e-06
9301	atomwise.linear_nn.linear.bias	0.022326	run_hybrid_q_sA	hybrid_q	A	5000	5.924525297439452e-06
9301	atomwise.linear_nn.linear.weight	0.040421	run_hybrid_q_sA	hybrid_q	A	5000	5.924525297439452e-06
9301	atomwise.outnet.0.linear.bias	0.033309	run_hybrid_q_sA	hybrid_q	A	5000	5.924525297439452e-06
9301	atomwise.outnet.0.linear.weight	0.031215	run_hybrid_q_sA	hybrid_q	A	5000	5.924525297439452e-06
9301	atomwise.outnet.1.linear.bias	0.031883	run_hybrid_q_sA	hybrid_q	A	5000	5.924525297439452e-06
9301	atomwise.outnet.1.linear.weight	0.045283	run_hybrid_q_sA	hybrid_q	A	5000	5.924525297439452e-06
9301	atomwise.outnet.2.linear.bias	0.022326	run_hybrid_q_sA	hybrid_q	A	5000	5.924525297439452e-06
9301	atomwise.outnet.2.linear.weight	0.13096	run_hybrid_q_sA	hybrid_q	A	5000	5.924525297439452e-06
9401	atomwise.linear_nn.linear.bias	0.018481	run_hybrid_q_sA	hybrid_q	A	5000	5.924525297439452e-06
9401	atomwise.linear_nn.linear.weight	0.031019	run_hybrid_q_sA	hybrid_q	A	5000	5.924525297439452e-06
9401	atomwise.outnet.0.linear.bias	0.027427	run_hybrid_q_sA	hybrid_q	A	5000	5.924525297439452e-06
9401	atomwise.outnet.0.linear.weight	0.022736	run_hybrid_q_sA	hybrid_q	A	5000	5.924525297439452e-06
9401	atomwise.outnet.1.linear.bias	0.025392	run_hybrid_q_sA	hybrid_q	A	5000	5.924525297439452e-06
9401	atomwise.outnet.1.linear.weight	0.036657	run_hybrid_q_sA	hybrid_q	A	5000	5.924525297439452e-06
9401	atomwise.outnet.2.linear.bias	0.018481	run_hybrid_q_sA	hybrid_q	A	5000	5.924525297439452e-06
9401	atomwise.outnet.2.linear.weight	0.10527	run_hybrid_q_sA	hybrid_q	A	5000	5.924525297439452e-06
9501	atomwise.linear_nn.linear.bias	0.014726	run_hybrid_q_sA	hybrid_q	A	5000	5.924525297439452e-06
9501	atomwise.linear_nn.linear.weight	0.028609	run_hybrid_q_sA	hybrid_q	A	5000	5.924525297439452e-06
9501	atomwise.outnet.0.linear.bias	0.024322	run_hybrid_q_sA	hybrid_q	A	5000	5.924525297439452e-06
9501	atomwise.outnet.0.linear.weight	0.021105	run_hybrid_q_sA	hybrid_q	A	5000	5.924525297439452e-06
9501	atomwise.outnet.1.linear.bias	0.023626	run_hybrid_q_sA	hybrid_q	A	5000	5.924525297439452e-06
9501	atomwise.outnet.1.linear.weight	0.031227	run_hybrid_q_sA	hybrid_q	A	5000	5.924525297439452e-06
9501	atomwise.outnet.2.linear.bias	0.014726	run_hybrid_q_sA	hybrid_q	A	5000	5.924525297439452e-06
9501	atomwise.outnet.2.linear.weight	0.093717	run_hybrid_q_sA	hybrid_q	A	5000	5.924525297439452e-06
9601	atomwise.linear_nn.linear.bias	0.0088316	run_hybrid_q_sA	hybrid_q	A	5000	5.924525297439452e-06
9601	atomwise.linear_nn.linear.weight	0.022948	run_hybrid_q_sA	hybrid_q	A	5000	5.924525297439452e-06
9601	atomwise.outnet.0.linear.bias	0.012732	run_hybrid_q_sA	hybrid_q	A	5000	5.924525297439452e-06
9601	atomwise.outnet.0.linear.weight	0.016937	run_hybrid_q_sA	hybrid_q	A	5000	5.924525297439452e-06
9601	atomwise.outnet.1.linear.bias	0.013718	run_hybrid_q_sA	hybrid_q	A	5000	5.924525297439452e-06
9601	atomwise.outnet.1.linear.weight	0.021011	run_hybrid_q_sA	hybrid_q	A	5000	5.924525297439452e-06
9601	atomwise.outnet.2.linear.bias	0.0088316	run_hybrid_q_sA	hybrid_q	A	5000	5.924525297439452e-06
9601	atomwise.outnet.2.linear.weight	0.059226	run_hybrid_q_sA	hybrid_q	A	5000	5.924525297439452e-06
9701	atomwise.linear_nn.linear.bias	0.0048331	run_hybrid_q_sA	hybrid_q	A	5000	5.924525297439452e-06
9701	atomwise.linear_nn.linear.weight	0.017427	run_hybrid_q_sA	hybrid_q	A	5000	5.924525297439452e-06
9701	atomwise.outnet.0.linear.bias	0.0046831	run_hybrid_q_sA	hybrid_q	A	5000	5.924525297439452e-06
9701	atomwise.outnet.0.linear.weight	0.010722	run_hybrid_q_sA	hybrid_q	A	5000	5.924525297439452e-06
9701	atomwise.outnet.1.linear.bias	0.0060572	run_hybrid_q_sA	hybrid_q	A	5000	5.924525297439452e-06
9701	atomwise.outnet.1.linear.weight	0.010133	run_hybrid_q_sA	hybrid_q	A	5000	5.924525297439452e-06
9701	atomwise.outnet.2.linear.bias	0.0048331	run_hybrid_q_sA	hybrid_q	A	5000	5.924525297439452e-06
9701	atomwise.outnet.2.linear.weight	0.026174	run_hybrid_q_sA	hybrid_q	A	5000	5.924525297439452e-06
9801	atomwise.linear_nn.linear.bias	0.0090801	run_hybrid_q_sA	hybrid_q	A	5000	5.924525297439452e-06
9801	atomwise.linear_nn.linear.weight	0.006444	run_hybrid_q_sA	hybrid_q	A	5000	5.924525297439452e-06
9801	atomwise.outnet.0.linear.bias	0.010984	run_hybrid_q_sA	hybrid_q	A	5000	5.924525297439452e-06
9801	atomwise.outnet.0.linear.weight	0.0052093	run_hybrid_q_sA	hybrid_q	A	5000	5.924525297439452e-06
9801	atomwise.outnet.1.linear.bias	0.0084305	run_hybrid_q_sA	hybrid_q	A	5000	5.924525297439452e-06
9801	atomwise.outnet.1.linear.weight	0.0094621	run_hybrid_q_sA	hybrid_q	A	5000	5.924525297439452e-06
9801	atomwise.outnet.2.linear.bias	0.0090801	run_hybrid_q_sA	hybrid_q	A	5000	5.924525297439452e-06
9801	atomwise.outnet.2.linear.weight	0.030317	run_hybrid_q_sA	hybrid_q	A	5000	5.924525297439452e-06
9901	atomwise.linear_nn.linear.bias	3.077e-05	run_hybrid_q_sA	hybrid_q	A	5000	5.924525297439452e-06
9901	atomwise.linear_nn.linear.weight	0.034034	run_hybrid_q_sA	hybrid_q	A	5000	5.924525297439452e-06
9901	atomwise.outnet.0.linear.bias	0.016331	run_hybrid_q_sA	hybrid_q	A	5000	5.924525297439452e-06
9901	atomwise.outnet.0.linear.weight	0.02387	run_hybrid_q_sA	hybrid_q	A	5000	5.924525297439452e-06
9901	atomwise.outnet.1.linear.bias	0.020041	run_hybrid_q_sA	hybrid_q	A	5000	5.924525297439452e-06
9901	atomwise.outnet.1.linear.weight	0.033644	run_hybrid_q_sA	hybrid_q	A	5000	5.924525297439452e-06
9901	atomwise.outnet.2.linear.bias	3.077e-05	run_hybrid_q_sA	hybrid_q	A	5000	5.924525297439452e-06
9901	atomwise.outnet.2.linear.weight	0.088658	run_hybrid_q_sA	hybrid_q	A	5000	5.924525297439452e-06
1	atomwise.linear_nn.linear.bias	0.28566	run_hybrid_q_sB	hybrid_q	B	5000	0.001
1	atomwise.linear_nn.linear.weight	3.2125	run_hybrid_q_sB	hybrid_q	B	5000	0.001
1	atomwise.outnet.0.linear.bias	0.029949	run_hybrid_q_sB	hybrid_q	B	5000	0.001
1	atomwise.outnet.0.linear.weight	0.35808	run_hybrid_q_sB	hybrid_q	B	5000	0.001
1	atomwise.outnet.1.linear.bias	0.094302	run_hybrid_q_sB	hybrid_q	B	5000	0.001
1	atomwise.outnet.1.linear.weight	0.042854	run_hybrid_q_sB	hybrid_q	B	5000	0.001
1	atomwise.outnet.2.linear.bias	0.28566	run_hybrid_q_sB	hybrid_q	B	5000	0.001
1	atomwise.outnet.2.linear.weight	0.06281	run_hybrid_q_sB	hybrid_q	B	5000	0.001
101	atomwise.linear_nn.linear.bias	28.443	run_hybrid_q_sB	hybrid_q	B	5000	0.001
101	atomwise.linear_nn.linear.weight	15.796	run_hybrid_q_sB	hybrid_q	B	5000	0.001
101	atomwise.outnet.0.linear.bias	9.0258	run_hybrid_q_sB	hybrid_q	B	5000	0.001
101	atomwise.outnet.0.linear.weight	5.016	run_hybrid_q_sB	hybrid_q	B	5000	0.001
101	atomwise.outnet.1.linear.bias	11.327	run_hybrid_q_sB	hybrid_q	B	5000	0.001
101	atomwise.outnet.1.linear.weight	6.4427	run_hybrid_q_sB	hybrid_q	B	5000	0.001
101	atomwise.outnet.2.linear.bias	28.443	run_hybrid_q_sB	hybrid_q	B	5000	0.001
101	atomwise.outnet.2.linear.weight	10.833	run_hybrid_q_sB	hybrid_q	B	5000	0.001
201	atomwise.linear_nn.linear.bias	25.931	run_hybrid_q_sB	hybrid_q	B	5000	0.001
201	atomwise.linear_nn.linear.weight	15.558	run_hybrid_q_sB	hybrid_q	B	5000	0.001
201	atomwise.outnet.0.linear.bias	8.3099	run_hybrid_q_sB	hybrid_q	B	5000	0.001
201	atomwise.outnet.0.linear.weight	5.0242	run_hybrid_q_sB	hybrid_q	B	5000	0.001
201	atomwise.outnet.1.linear.bias	10.381	run_hybrid_q_sB	hybrid_q	B	5000	0.001
201	atomwise.outnet.1.linear.weight	7.2348	run_hybrid_q_sB	hybrid_q	B	5000	0.001
201	atomwise.outnet.2.linear.bias	25.931	run_hybrid_q_sB	hybrid_q	B	5000	0.001
201	atomwise.outnet.2.linear.weight	13.261	run_hybrid_q_sB	hybrid_q	B	5000	0.001
301	atomwise.linear_nn.linear.bias	3.637	run_hybrid_q_sB	hybrid_q	B	5000	0.001
301	atomwise.linear_nn.linear.weight	2.7055	run_hybrid_q_sB	hybrid_q	B	5000	0.001
301	atomwise.outnet.0.linear.bias	1.2536	run_hybrid_q_sB	hybrid_q	B	5000	0.001
301	atomwise.outnet.0.linear.weight	0.93209	run_hybrid_q_sB	hybrid_q	B	5000	0.001
301	atomwise.outnet.1.linear.bias	1.4899	run_hybrid_q_sB	hybrid_q	B	5000	0.001
301	atomwise.outnet.1.linear.weight	1.1487	run_hybrid_q_sB	hybrid_q	B	5000	0.001
301	atomwise.outnet.2.linear.bias	3.637	run_hybrid_q_sB	hybrid_q	B	5000	0.001
301	atomwise.outnet.2.linear.weight	2.1247	run_hybrid_q_sB	hybrid_q	B	5000	0.001
401	atomwise.linear_nn.linear.bias	10.057	run_hybrid_q_sB	hybrid_q	B	5000	0.001
401	atomwise.linear_nn.linear.weight	8.9338	run_hybrid_q_sB	hybrid_q	B	5000	0.001
401	atomwise.outnet.0.linear.bias	3.3585	run_hybrid_q_sB	hybrid_q	B	5000	0.001
401	atomwise.outnet.0.linear.weight	2.879	run_hybrid_q_sB	hybrid_q	B	5000	0.001
401	atomwise.outnet.1.linear.bias	4.346	run_hybrid_q_sB	hybrid_q	B	5000	0.001
401	atomwise.outnet.1.linear.weight	5.248	run_hybrid_q_sB	hybrid_q	B	5000	0.001
401	atomwise.outnet.2.linear.bias	10.057	run_hybrid_q_sB	hybrid_q	B	5000	0.001
401	atomwise.outnet.2.linear.weight	9.5829	run_hybrid_q_sB	hybrid_q	B	5000	0.001
501	atomwise.linear_nn.linear.bias	1.3512	run_hybrid_q_sB	hybrid_q	B	5000	0.001
501	atomwise.linear_nn.linear.weight	1.3243	run_hybrid_q_sB	hybrid_q	B	5000	0.001
501	atomwise.outnet.0.linear.bias	0.41355	run_hybrid_q_sB	hybrid_q	B	5000	0.001
501	atomwise.outnet.0.linear.weight	0.38231	run_hybrid_q_sB	hybrid_q	B	5000	0.001
501	atomwise.outnet.1.linear.bias	0.55926	run_hybrid_q_sB	hybrid_q	B	5000	0.001
501	atomwise.outnet.1.linear.weight	0.58822	run_hybrid_q_sB	hybrid_q	B	5000	0.001
501	atomwise.outnet.2.linear.bias	1.3512	run_hybrid_q_sB	hybrid_q	B	5000	0.001
501	atomwise.outnet.2.linear.weight	1.1262	run_hybrid_q_sB	hybrid_q	B	5000	0.001
601	atomwise.linear_nn.linear.bias	11.648	run_hybrid_q_sB	hybrid_q	B	5000	0.001
601	atomwise.linear_nn.linear.weight	10.605	run_hybrid_q_sB	hybrid_q	B	5000	0.001
601	atomwise.outnet.0.linear.bias	3.4313	run_hybrid_q_sB	hybrid_q	B	5000	0.001
601	atomwise.outnet.0.linear.weight	3.0696	run_hybrid_q_sB	hybrid_q	B	5000	0.001
601	atomwise.outnet.1.linear.bias	4.6718	run_hybrid_q_sB	hybrid_q	B	5000	0.001
601	atomwise.outnet.1.linear.weight	4.601	run_hybrid_q_sB	hybrid_q	B	5000	0.001
601	atomwise.outnet.2.linear.bias	11.648	run_hybrid_q_sB	hybrid_q	B	5000	0.001
601	atomwise.outnet.2.linear.weight	8.6452	run_hybrid_q_sB	hybrid_q	B	5000	0.001
701	atomwise.linear_nn.linear.bias	4.4584	run_hybrid_q_sB	hybrid_q	B	5000	0.001
701	atomwise.linear_nn.linear.weight	5.7673	run_hybrid_q_sB	hybrid_q	B	5000	0.001
701	atomwise.outnet.0.linear.bias	1.3992	run_hybrid_q_sB	hybrid_q	B	5000	0.001
701	atomwise.outnet.0.linear.weight	1.7445	run_hybrid_q_sB	hybrid_q	B	5000	0.001
701	atomwise.outnet.1.linear.bias	1.8963	run_hybrid_q_sB	hybrid_q	B	5000	0.001
701	atomwise.outnet.1.linear.weight	2.3579	run_hybrid_q_sB	hybrid_q	B	5000	0.001
701	atomwise.outnet.2.linear.bias	4.4584	run_hybrid_q_sB	hybrid_q	B	5000	0.001
701	atomwise.outnet.2.linear.weight	4.3195	run_hybrid_q_sB	hybrid_q	B	5000	0.001
801	atomwise.linear_nn.linear.bias	15.502	run_hybrid_q_sB	hybrid_q	B	5000	0.001
801	atomwise.linear_nn.linear.weight	16.129	run_hybrid_q_sB	hybrid_q	B	5000	0.001
801	atomwise.outnet.0.linear.bias	4.7826	run_hybrid_q_sB	hybrid_q	B	5000	0.001
801	atomwise.outnet.0.linear.weight	5.1469	run_hybrid_q_sB	hybrid_q	B	5000	0.001
801	atomwise.outnet.1.linear.bias	6.2537	run_hybrid_q_sB	hybrid_q	B	5000	0.001
801	atomwise.outnet.1.linear.weight	6.1086	run_hybrid_q_sB	hybrid_q	B	5000	0.001
801	atomwise.outnet.2.linear.bias	15.502	run_hybrid_q_sB	hybrid_q	B	5000	0.001
801	atomwise.outnet.2.linear.weight	11.236	run_hybrid_q_sB	hybrid_q	B	5000	0.001
901	atomwise.linear_nn.linear.bias	0.67657	run_hybrid_q_sB	hybrid_q	B	5000	0.001
901	atomwise.linear_nn.linear.weight	5.4834	run_hybrid_q_sB	hybrid_q	B	5000	0.001
901	atomwise.outnet.0.linear.bias	0.65433	run_hybrid_q_sB	hybrid_q	B	5000	0.001
901	atomwise.outnet.0.linear.weight	1.9695	run_hybrid_q_sB	hybrid_q	B	5000	0.001
901	atomwise.outnet.1.linear.bias	0.91474	run_hybrid_q_sB	hybrid_q	B	5000	0.001
901	atomwise.outnet.1.linear.weight	2.2631	run_hybrid_q_sB	hybrid_q	B	5000	0.001
901	atomwise.outnet.2.linear.bias	0.67657	run_hybrid_q_sB	hybrid_q	B	5000	0.001
901	atomwise.outnet.2.linear.weight	4.0852	run_hybrid_q_sB	hybrid_q	B	5000	0.001
1001	atomwise.linear_nn.linear.bias	9.3482	run_hybrid_q_sB	hybrid_q	B	5000	0.001
1001	atomwise.linear_nn.linear.weight	13.731	run_hybrid_q_sB	hybrid_q	B	5000	0.001
1001	atomwise.outnet.0.linear.bias	3.3146	run_hybrid_q_sB	hybrid_q	B	5000	0.001
1001	atomwise.outnet.0.linear.weight	4.9156	run_hybrid_q_sB	hybrid_q	B	5000	0.001
1001	atomwise.outnet.1.linear.bias	3.8526	run_hybrid_q_sB	hybrid_q	B	5000	0.001
1001	atomwise.outnet.1.linear.weight	3.6384	run_hybrid_q_sB	hybrid_q	B	5000	0.001
1001	atomwise.outnet.2.linear.bias	9.3482	run_hybrid_q_sB	hybrid_q	B	5000	0.001
1001	atomwise.outnet.2.linear.weight	6.0871	run_hybrid_q_sB	hybrid_q	B	5000	0.001
1101	atomwise.linear_nn.linear.bias	5.9697	run_hybrid_q_sB	hybrid_q	B	5000	0.001
1101	atomwise.linear_nn.linear.weight	6.3153	run_hybrid_q_sB	hybrid_q	B	5000	0.001
1101	atomwise.outnet.0.linear.bias	2.2435	run_hybrid_q_sB	hybrid_q	B	5000	0.001
1101	atomwise.outnet.0.linear.weight	2.4023	run_hybrid_q_sB	hybrid_q	B	5000	0.001
1101	atomwise.outnet.1.linear.bias	2.4127	run_hybrid_q_sB	hybrid_q	B	5000	0.001
1101	atomwise.outnet.1.linear.weight	1.6308	run_hybrid_q_sB	hybrid_q	B	5000	0.001
1101	atomwise.outnet.2.linear.bias	5.9697	run_hybrid_q_sB	hybrid_q	B	5000	0.001
1101	atomwise.outnet.2.linear.weight	2.4199	run_hybrid_q_sB	hybrid_q	B	5000	0.001
1201	atomwise.linear_nn.linear.bias	9.5418	run_hybrid_q_sB	hybrid_q	B	5000	0.001
1201	atomwise.linear_nn.linear.weight	17.328	run_hybrid_q_sB	hybrid_q	B	5000	0.001
1201	atomwise.outnet.0.linear.bias	3.634	run_hybrid_q_sB	hybrid_q	B	5000	0.001
1201	atomwise.outnet.0.linear.weight	6.8115	run_hybrid_q_sB	hybrid_q	B	5000	0.001
1201	atomwise.outnet.1.linear.bias	4.1578	run_hybrid_q_sB	hybrid_q	B	5000	0.001
1201	atomwise.outnet.1.linear.weight	4.779	run_hybrid_q_sB	hybrid_q	B	5000	0.001
1201	atomwise.outnet.2.linear.bias	9.5418	run_hybrid_q_sB	hybrid_q	B	5000	0.001
1201	atomwise.outnet.2.linear.weight	8.2709	run_hybrid_q_sB	hybrid_q	B	5000	0.001
1301	atomwise.linear_nn.linear.bias	3.3467	run_hybrid_q_sB	hybrid_q	B	5000	0.001
1301	atomwise.linear_nn.linear.weight	9.5546	run_hybrid_q_sB	hybrid_q	B	5000	0.001
1301	atomwise.outnet.0.linear.bias	1.3092	run_hybrid_q_sB	hybrid_q	B	5000	0.001
1301	atomwise.outnet.0.linear.weight	3.7777	run_hybrid_q_sB	hybrid_q	B	5000	0.001
1301	atomwise.outnet.1.linear.bias	1.8872	run_hybrid_q_sB	hybrid_q	B	5000	0.001
1301	atomwise.outnet.1.linear.weight	3.1331	run_hybrid_q_sB	hybrid_q	B	5000	0.001
1301	atomwise.outnet.2.linear.bias	3.3467	run_hybrid_q_sB	hybrid_q	B	5000	0.001
1301	atomwise.outnet.2.linear.weight	6.5487	run_hybrid_q_sB	hybrid_q	B	5000	0.001
1401	atomwise.linear_nn.linear.bias	5.4102	run_hybrid_q_sB	hybrid_q	B	5000	0.001
1401	atomwise.linear_nn.linear.weight	16.117	run_hybrid_q_sB	hybrid_q	B	5000	0.001
1401	atomwise.outnet.0.linear.bias	2.0388	run_hybrid_q_sB	hybrid_q	B	5000	0.001
1401	atomwise.outnet.0.linear.weight	6.5259	run_hybrid_q_sB	hybrid_q	B	5000	0.001
1401	atomwise.outnet.1.linear.bias	3.0785	run_hybrid_q_sB	hybrid_q	B	5000	0.001
1401	atomwise.outnet.1.linear.weight	5.3592	run_hybrid_q_sB	hybrid_q	B	5000	0.001
1401	atomwise.outnet.2.linear.bias	5.4102	run_hybrid_q_sB	hybrid_q	B	5000	0.001
1401	atomwise.outnet.2.linear.weight	11.109	run_hybrid_q_sB	hybrid_q	B	5000	0.001
1501	atomwise.linear_nn.linear.bias	4.8771	run_hybrid_q_sB	hybrid_q	B	5000	0.001
1501	atomwise.linear_nn.linear.weight	4.0305	run_hybrid_q_sB	hybrid_q	B	5000	0.001
1501	atomwise.outnet.0.linear.bias	2.0475	run_hybrid_q_sB	hybrid_q	B	5000	0.001
1501	atomwise.outnet.0.linear.weight	1.7762	run_hybrid_q_sB	hybrid_q	B	5000	0.001
1501	atomwise.outnet.1.linear.bias	2.0182	run_hybrid_q_sB	hybrid_q	B	5000	0.001
1501	atomwise.outnet.1.linear.weight	0.59742	run_hybrid_q_sB	hybrid_q	B	5000	0.001
1501	atomwise.outnet.2.linear.bias	4.8771	run_hybrid_q_sB	hybrid_q	B	5000	0.001
1501	atomwise.outnet.2.linear.weight	1.1321	run_hybrid_q_sB	hybrid_q	B	5000	0.001
1601	atomwise.linear_nn.linear.bias	5.7205	run_hybrid_q_sB	hybrid_q	B	5000	0.001
1601	atomwise.linear_nn.linear.weight	19.286	run_hybrid_q_sB	hybrid_q	B	5000	0.001
1601	atomwise.outnet.0.linear.bias	2.4039	run_hybrid_q_sB	hybrid_q	B	5000	0.001
1601	atomwise.outnet.0.linear.weight	7.683	run_hybrid_q_sB	hybrid_q	B	5000	0.001
1601	atomwise.outnet.1.linear.bias	3.7281	run_hybrid_q_sB	hybrid_q	B	5000	0.001
1601	atomwise.outnet.1.linear.weight	6.8323	run_hybrid_q_sB	hybrid_q	B	5000	0.001
1601	atomwise.outnet.2.linear.bias	5.7205	run_hybrid_q_sB	hybrid_q	B	5000	0.001
1601	atomwise.outnet.2.linear.weight	14.635	run_hybrid_q_sB	hybrid_q	B	5000	0.001
1701	atomwise.linear_nn.linear.bias	4.018	run_hybrid_q_sB	hybrid_q	B	5000	0.001
1701	atomwise.linear_nn.linear.weight	9.5355	run_hybrid_q_sB	hybrid_q	B	5000	0.001
1701	atomwise.outnet.0.linear.bias	1.1688	run_hybrid_q_sB	hybrid_q	B	5000	0.001
1701	atomwise.outnet.0.linear.weight	3.6079	run_hybrid_q_sB	hybrid_q	B	5000	0.001
1701	atomwise.outnet.1.linear.bias	1.9102	run_hybrid_q_sB	hybrid_q	B	5000	0.001
1701	atomwise.outnet.1.linear.weight	2.8387	run_hybrid_q_sB	hybrid_q	B	5000	0.001
1701	atomwise.outnet.2.linear.bias	4.018	run_hybrid_q_sB	hybrid_q	B	5000	0.001
1701	atomwise.outnet.2.linear.weight	6.1274	run_hybrid_q_sB	hybrid_q	B	5000	0.001
1801	atomwise.linear_nn.linear.bias	0.7258	run_hybrid_q_sB	hybrid_q	B	5000	0.001
1801	atomwise.linear_nn.linear.weight	5.3838	run_hybrid_q_sB	hybrid_q	B	5000	0.001
1801	atomwise.outnet.0.linear.bias	0.77565	run_hybrid_q_sB	hybrid_q	B	5000	0.001
1801	atomwise.outnet.0.linear.weight	2.096	run_hybrid_q_sB	hybrid_q	B	5000	0.001
1801	atomwise.outnet.1.linear.bias	0.91415	run_hybrid_q_sB	hybrid_q	B	5000	0.001
1801	atomwise.outnet.1.linear.weight	1.8197	run_hybrid_q_sB	hybrid_q	B	5000	0.001
1801	atomwise.outnet.2.linear.bias	0.7258	run_hybrid_q_sB	hybrid_q	B	5000	0.001
1801	atomwise.outnet.2.linear.weight	3.946	run_hybrid_q_sB	hybrid_q	B	5000	0.001
1901	atomwise.linear_nn.linear.bias	3.6264	run_hybrid_q_sB	hybrid_q	B	5000	0.001
1901	atomwise.linear_nn.linear.weight	9.1964	run_hybrid_q_sB	hybrid_q	B	5000	0.001
1901	atomwise.outnet.0.linear.bias	1.118	run_hybrid_q_sB	hybrid_q	B	5000	0.001
1901	atomwise.outnet.0.linear.weight	3.6925	run_hybrid_q_sB	hybrid_q	B	5000	0.001
1901	atomwise.outnet.1.linear.bias	1.8643	run_hybrid_q_sB	hybrid_q	B	5000	0.001
1901	atomwise.outnet.1.linear.weight	3.0646	run_hybrid_q_sB	hybrid_q	B	5000	0.001
1901	atomwise.outnet.2.linear.bias	3.6264	run_hybrid_q_sB	hybrid_q	B	5000	0.001
1901	atomwise.outnet.2.linear.weight	6.5878	run_hybrid_q_sB	hybrid_q	B	5000	0.001
2001	atomwise.linear_nn.linear.bias	4.4574	run_hybrid_q_sB	hybrid_q	B	5000	0.001
2001	atomwise.linear_nn.linear.weight	26.19	run_hybrid_q_sB	hybrid_q	B	5000	0.001
2001	atomwise.outnet.0.linear.bias	5.3869	run_hybrid_q_sB	hybrid_q	B	5000	0.001
2001	atomwise.outnet.0.linear.weight	11.056	run_hybrid_q_sB	hybrid_q	B	5000	0.001
2001	atomwise.outnet.1.linear.bias	6.086	run_hybrid_q_sB	hybrid_q	B	5000	0.001
2001	atomwise.outnet.1.linear.weight	11.888	run_hybrid_q_sB	hybrid_q	B	5000	0.001
2001	atomwise.outnet.2.linear.bias	4.4574	run_hybrid_q_sB	hybrid_q	B	5000	0.001
2001	atomwise.outnet.2.linear.weight	28.186	run_hybrid_q_sB	hybrid_q	B	5000	0.001
2101	atomwise.linear_nn.linear.bias	4.8363	run_hybrid_q_sB	hybrid_q	B	5000	0.001
2101	atomwise.linear_nn.linear.weight	33.293	run_hybrid_q_sB	hybrid_q	B	5000	0.001
2101	atomwise.outnet.0.linear.bias	6.926	run_hybrid_q_sB	hybrid_q	B	5000	0.001
2101	atomwise.outnet.0.linear.weight	13.39	run_hybrid_q_sB	hybrid_q	B	5000	0.001
2101	atomwise.outnet.1.linear.bias	7.6501	run_hybrid_q_sB	hybrid_q	B	5000	0.001
2101	atomwise.outnet.1.linear.weight	15.045	run_hybrid_q_sB	hybrid_q	B	5000	0.001
2101	atomwise.outnet.2.linear.bias	4.8363	run_hybrid_q_sB	hybrid_q	B	5000	0.001
2101	atomwise.outnet.2.linear.weight	34.783	run_hybrid_q_sB	hybrid_q	B	5000	0.001
2201	atomwise.linear_nn.linear.bias	0.46217	run_hybrid_q_sB	hybrid_q	B	5000	0.001
2201	atomwise.linear_nn.linear.weight	5.0586	run_hybrid_q_sB	hybrid_q	B	5000	0.001
2201	atomwise.outnet.0.linear.bias	1.1801	run_hybrid_q_sB	hybrid_q	B	5000	0.001
2201	atomwise.outnet.0.linear.weight	2.1218	run_hybrid_q_sB	hybrid_q	B	5000	0.001
2201	atomwise.outnet.1.linear.bias	1.1727	run_hybrid_q_sB	hybrid_q	B	5000	0.001
2201	atomwise.outnet.1.linear.weight	2.2751	run_hybrid_q_sB	hybrid_q	B	5000	0.001
2201	atomwise.outnet.2.linear.bias	0.46217	run_hybrid_q_sB	hybrid_q	B	5000	0.001
2201	atomwise.outnet.2.linear.weight	5.5479	run_hybrid_q_sB	hybrid_q	B	5000	0.001
2301	atomwise.linear_nn.linear.bias	1.4798	run_hybrid_q_sB	hybrid_q	B	5000	0.001
2301	atomwise.linear_nn.linear.weight	13.869	run_hybrid_q_sB	hybrid_q	B	5000	0.001
2301	atomwise.outnet.0.linear.bias	3.4983	run_hybrid_q_sB	hybrid_q	B	5000	0.001
2301	atomwise.outnet.0.linear.weight	6.2633	run_hybrid_q_sB	hybrid_q	B	5000	0.001
2301	atomwise.outnet.1.linear.bias	3.5667	run_hybrid_q_sB	hybrid_q	B	5000	0.001
2301	atomwise.outnet.1.linear.weight	7.0865	run_hybrid_q_sB	hybrid_q	B	5000	0.001
2301	atomwise.outnet.2.linear.bias	1.4798	run_hybrid_q_sB	hybrid_q	B	5000	0.001
2301	atomwise.outnet.2.linear.weight	16.911	run_hybrid_q_sB	hybrid_q	B	5000	0.001
2401	atomwise.linear_nn.linear.bias	1.4688	run_hybrid_q_sB	hybrid_q	B	5000	0.001
2401	atomwise.linear_nn.linear.weight	4.8344	run_hybrid_q_sB	hybrid_q	B	5000	0.001
2401	atomwise.outnet.0.linear.bias	2.1421	run_hybrid_q_sB	hybrid_q	B	5000	0.001
2401	atomwise.outnet.0.linear.weight	2.7483	run_hybrid_q_sB	hybrid_q	B	5000	0.001
2401	atomwise.outnet.1.linear.bias	1.8387	run_hybrid_q_sB	hybrid_q	B	5000	0.001
2401	atomwise.outnet.1.linear.weight	3.0712	run_hybrid_q_sB	hybrid_q	B	5000	0.001
2401	atomwise.outnet.2.linear.bias	1.4688	run_hybrid_q_sB	hybrid_q	B	5000	0.001
2401	atomwise.outnet.2.linear.weight	7.4847	run_hybrid_q_sB	hybrid_q	B	5000	0.001
2501	atomwise.linear_nn.linear.bias	1.9158	run_hybrid_q_sB	hybrid_q	B	5000	0.001
2501	atomwise.linear_nn.linear.weight	2.9028	run_hybrid_q_sB	hybrid_q	B	5000	0.001
2501	atomwise.outnet.0.linear.bias	0.51665	run_hybrid_q_sB	hybrid_q	B	5000	0.001
2501	atomwise.outnet.0.linear.weight	1.1867	run_hybrid_q_sB	hybrid_q	B	5000	0.001
2501	atomwise.outnet.1.linear.bias	0.9006	run_hybrid_q_sB	hybrid_q	B	5000	0.001
2501	atomwise.outnet.1.linear.weight	1.2584	run_hybrid_q_sB	hybrid_q	B	5000	0.001
2501	atomwise.outnet.2.linear.bias	1.9158	run_hybrid_q_sB	hybrid_q	B	5000	0.001
2501	atomwise.outnet.2.linear.weight	2.5054	run_hybrid_q_sB	hybrid_q	B	5000	0.001
2601	atomwise.linear_nn.linear.bias	0.29105	run_hybrid_q_sB	hybrid_q	B	5000	0.001
2601	atomwise.linear_nn.linear.weight	2.317	run_hybrid_q_sB	hybrid_q	B	5000	0.001
2601	atomwise.outnet.0.linear.bias	0.2647	run_hybrid_q_sB	hybrid_q	B	5000	0.001
2601	atomwise.outnet.0.linear.weight	1.4252	run_hybrid_q_sB	hybrid_q	B	5000	0.001
2601	atomwise.outnet.1.linear.bias	0.18027	run_hybrid_q_sB	hybrid_q	B	5000	0.001
2601	atomwise.outnet.1.linear.weight	0.3592	run_hybrid_q_sB	hybrid_q	B	5000	0.001
2601	atomwise.outnet.2.linear.bias	0.29105	run_hybrid_q_sB	hybrid_q	B	5000	0.001
2601	atomwise.outnet.2.linear.weight	0.50405	run_hybrid_q_sB	hybrid_q	B	5000	0.001
2701	atomwise.linear_nn.linear.bias	9.3643	run_hybrid_q_sB	hybrid_q	B	5000	0.001
2701	atomwise.linear_nn.linear.weight	45.062	run_hybrid_q_sB	hybrid_q	B	5000	0.001
2701	atomwise.outnet.0.linear.bias	8.3706	run_hybrid_q_sB	hybrid_q	B	5000	0.001
2701	atomwise.outnet.0.linear.weight	18.918	run_hybrid_q_sB	hybrid_q	B	5000	0.001
2701	atomwise.outnet.1.linear.bias	10.111	run_hybrid_q_sB	hybrid_q	B	5000	0.001
2701	atomwise.outnet.1.linear.weight	19.813	run_hybrid_q_sB	hybrid_q	B	5000	0.001
2701	atomwise.outnet.2.linear.bias	9.3643	run_hybrid_q_sB	hybrid_q	B	5000	0.001
2701	atomwise.outnet.2.linear.weight	45.521	run_hybrid_q_sB	hybrid_q	B	5000	0.001
2801	atomwise.linear_nn.linear.bias	0.59838	run_hybrid_q_sB	hybrid_q	B	5000	0.001
2801	atomwise.linear_nn.linear.weight	11.406	run_hybrid_q_sB	hybrid_q	B	5000	0.001
2801	atomwise.outnet.0.linear.bias	3.2866	run_hybrid_q_sB	hybrid_q	B	5000	0.001
2801	atomwise.outnet.0.linear.weight	5.0499	run_hybrid_q_sB	hybrid_q	B	5000	0.001
2801	atomwise.outnet.1.linear.bias	3.0836	run_hybrid_q_sB	hybrid_q	B	5000	0.001
2801	atomwise.outnet.1.linear.weight	5.6889	run_hybrid_q_sB	hybrid_q	B	5000	0.001
2801	atomwise.outnet.2.linear.bias	0.59838	run_hybrid_q_sB	hybrid_q	B	5000	0.001
2801	atomwise.outnet.2.linear.weight	14.612	run_hybrid_q_sB	hybrid_q	B	5000	0.001
2901	atomwise.linear_nn.linear.bias	4.1797	run_hybrid_q_sB	hybrid_q	B	5000	0.001
2901	atomwise.linear_nn.linear.weight	33.346	run_hybrid_q_sB	hybrid_q	B	5000	0.001
2901	atomwise.outnet.0.linear.bias	8.7768	run_hybrid_q_sB	hybrid_q	B	5000	0.001
2901	atomwise.outnet.0.linear.weight	15.443	run_hybrid_q_sB	hybrid_q	B	5000	0.001
2901	atomwise.outnet.1.linear.bias	8.9433	run_hybrid_q_sB	hybrid_q	B	5000	0.001
2901	atomwise.outnet.1.linear.weight	17.105	run_hybrid_q_sB	hybrid_q	B	5000	0.001
2901	atomwise.outnet.2.linear.bias	4.1797	run_hybrid_q_sB	hybrid_q	B	5000	0.001
2901	atomwise.outnet.2.linear.weight	42.174	run_hybrid_q_sB	hybrid_q	B	5000	0.001
3001	atomwise.linear_nn.linear.bias	0.15761	run_hybrid_q_sB	hybrid_q	B	5000	0.001
3001	atomwise.linear_nn.linear.weight	3.5798	run_hybrid_q_sB	hybrid_q	B	5000	0.001
3001	atomwise.outnet.0.linear.bias	1.1266	run_hybrid_q_sB	hybrid_q	B	5000	0.001
3001	atomwise.outnet.0.linear.weight	1.7394	run_hybrid_q_sB	hybrid_q	B	5000	0.001
3001	atomwise.outnet.1.linear.bias	1.0952	run_hybrid_q_sB	hybrid_q	B	5000	0.001
3001	atomwise.outnet.1.linear.weight	2.1009	run_hybrid_q_sB	hybrid_q	B	5000	0.001
3001	atomwise.outnet.2.linear.bias	0.15761	run_hybrid_q_sB	hybrid_q	B	5000	0.001
3001	atomwise.outnet.2.linear.weight	4.9794	run_hybrid_q_sB	hybrid_q	B	5000	0.001
3101	atomwise.linear_nn.linear.bias	4.6841	run_hybrid_q_sB	hybrid_q	B	5000	0.001
3101	atomwise.linear_nn.linear.weight	18.527	run_hybrid_q_sB	hybrid_q	B	5000	0.001
3101	atomwise.outnet.0.linear.bias	3.2627	run_hybrid_q_sB	hybrid_q	B	5000	0.001
3101	atomwise.outnet.0.linear.weight	8.4305	run_hybrid_q_sB	hybrid_q	B	5000	0.001
3101	atomwise.outnet.1.linear.bias	4.1769	run_hybrid_q_sB	hybrid_q	B	5000	0.001
3101	atomwise.outnet.1.linear.weight	7.9587	run_hybrid_q_sB	hybrid_q	B	5000	0.001
3101	atomwise.outnet.2.linear.bias	4.6841	run_hybrid_q_sB	hybrid_q	B	5000	0.001
3101	atomwise.outnet.2.linear.weight	18.877	run_hybrid_q_sB	hybrid_q	B	5000	0.001
3201	atomwise.linear_nn.linear.bias	1.714	run_hybrid_q_sB	hybrid_q	B	5000	0.001
3201	atomwise.linear_nn.linear.weight	1.7853	run_hybrid_q_sB	hybrid_q	B	5000	0.001
3201	atomwise.outnet.0.linear.bias	1.3536	run_hybrid_q_sB	hybrid_q	B	5000	0.001
3201	atomwise.outnet.0.linear.weight	1.1864	run_hybrid_q_sB	hybrid_q	B	5000	0.001
3201	atomwise.outnet.1.linear.bias	1.0812	run_hybrid_q_sB	hybrid_q	B	5000	0.001
3201	atomwise.outnet.1.linear.weight	1.2199	run_hybrid_q_sB	hybrid_q	B	5000	0.001
3201	atomwise.outnet.2.linear.bias	1.714	run_hybrid_q_sB	hybrid_q	B	5000	0.001
3201	atomwise.outnet.2.linear.weight	3.1181	run_hybrid_q_sB	hybrid_q	B	5000	0.001
3301	atomwise.linear_nn.linear.bias	1.1207	run_hybrid_q_sB	hybrid_q	B	5000	0.001
3301	atomwise.linear_nn.linear.weight	3.8804	run_hybrid_q_sB	hybrid_q	B	5000	0.001
3301	atomwise.outnet.0.linear.bias	0.68859	run_hybrid_q_sB	hybrid_q	B	5000	0.001
3301	atomwise.outnet.0.linear.weight	1.8122	run_hybrid_q_sB	hybrid_q	B	5000	0.001
3301	atomwise.outnet.1.linear.bias	1.0048	run_hybrid_q_sB	hybrid_q	B	5000	0.001
3301	atomwise.outnet.1.linear.weight	2.2231	run_hybrid_q_sB	hybrid_q	B	5000	0.001
3301	atomwise.outnet.2.linear.bias	1.1207	run_hybrid_q_sB	hybrid_q	B	5000	0.001
3301	atomwise.outnet.2.linear.weight	4.2572	run_hybrid_q_sB	hybrid_q	B	5000	0.001
3401	atomwise.linear_nn.linear.bias	5.5936	run_hybrid_q_sB	hybrid_q	B	5000	0.001
3401	atomwise.linear_nn.linear.weight	30.503	run_hybrid_q_sB	hybrid_q	B	5000	0.001
3401	atomwise.outnet.0.linear.bias	7.0961	run_hybrid_q_sB	hybrid_q	B	5000	0.001
3401	atomwise.outnet.0.linear.weight	13.893	run_hybrid_q_sB	hybrid_q	B	5000	0.001
3401	atomwise.outnet.1.linear.bias	8.0759	run_hybrid_q_sB	hybrid_q	B	5000	0.001
3401	atomwise.outnet.1.linear.weight	15.799	run_hybrid_q_sB	hybrid_q	B	5000	0.001
3401	atomwise.outnet.2.linear.bias	5.5936	run_hybrid_q_sB	hybrid_q	B	5000	0.001
3401	atomwise.outnet.2.linear.weight	37.707	run_hybrid_q_sB	hybrid_q	B	5000	0.001
3501	atomwise.linear_nn.linear.bias	1.2663	run_hybrid_q_sB	hybrid_q	B	5000	0.001
3501	atomwise.linear_nn.linear.weight	6.0053	run_hybrid_q_sB	hybrid_q	B	5000	0.001
3501	atomwise.outnet.0.linear.bias	1.3266	run_hybrid_q_sB	hybrid_q	B	5000	0.001
3501	atomwise.outnet.0.linear.weight	2.7388	run_hybrid_q_sB	hybrid_q	B	5000	0.001
3501	atomwise.outnet.1.linear.bias	1.5935	run_hybrid_q_sB	hybrid_q	B	5000	0.001
3501	atomwise.outnet.1.linear.weight	3.2385	run_hybrid_q_sB	hybrid_q	B	5000	0.001
3501	atomwise.outnet.2.linear.bias	1.2663	run_hybrid_q_sB	hybrid_q	B	5000	0.001
3501	atomwise.outnet.2.linear.weight	7.7376	run_hybrid_q_sB	hybrid_q	B	5000	0.001
3601	atomwise.linear_nn.linear.bias	1.7377	run_hybrid_q_sB	hybrid_q	B	5000	0.001
3601	atomwise.linear_nn.linear.weight	9.4764	run_hybrid_q_sB	hybrid_q	B	5000	0.001
3601	atomwise.outnet.0.linear.bias	1.6736	run_hybrid_q_sB	hybrid_q	B	5000	0.001
3601	atomwise.outnet.0.linear.weight	4.2465	run_hybrid_q_sB	hybrid_q	B	5000	0.001
3601	atomwise.outnet.1.linear.bias	1.9983	run_hybrid_q_sB	hybrid_q	B	5000	0.001
3601	atomwise.outnet.1.linear.weight	4.1035	run_hybrid_q_sB	hybrid_q	B	5000	0.001
3601	atomwise.outnet.2.linear.bias	1.7377	run_hybrid_q_sB	hybrid_q	B	5000	0.001
3601	atomwise.outnet.2.linear.weight	8.7039	run_hybrid_q_sB	hybrid_q	B	5000	0.001
3701	atomwise.linear_nn.linear.bias	2.5299	run_hybrid_q_sB	hybrid_q	B	5000	0.001
3701	atomwise.linear_nn.linear.weight	9.1995	run_hybrid_q_sB	hybrid_q	B	5000	0.001
3701	atomwise.outnet.0.linear.bias	1.8199	run_hybrid_q_sB	hybrid_q	B	5000	0.001
3701	atomwise.outnet.0.linear.weight	4.61	run_hybrid_q_sB	hybrid_q	B	5000	0.001
3701	atomwise.outnet.1.linear.bias	2.5218	run_hybrid_q_sB	hybrid_q	B	5000	0.001
3701	atomwise.outnet.1.linear.weight	5.1857	run_hybrid_q_sB	hybrid_q	B	5000	0.001
3701	atomwise.outnet.2.linear.bias	2.5299	run_hybrid_q_sB	hybrid_q	B	5000	0.001
3701	atomwise.outnet.2.linear.weight	10.826	run_hybrid_q_sB	hybrid_q	B	5000	0.001
3801	atomwise.linear_nn.linear.bias	3.305	run_hybrid_q_sB	hybrid_q	B	5000	0.001
3801	atomwise.linear_nn.linear.weight	11.893	run_hybrid_q_sB	hybrid_q	B	5000	0.001
3801	atomwise.outnet.0.linear.bias	2.321	run_hybrid_q_sB	hybrid_q	B	5000	0.001
3801	atomwise.outnet.0.linear.weight	5.6914	run_hybrid_q_sB	hybrid_q	B	5000	0.001
3801	atomwise.outnet.1.linear.bias	3.0486	run_hybrid_q_sB	hybrid_q	B	5000	0.001
3801	atomwise.outnet.1.linear.weight	5.9599	run_hybrid_q_sB	hybrid_q	B	5000	0.001
3801	atomwise.outnet.2.linear.bias	3.305	run_hybrid_q_sB	hybrid_q	B	5000	0.001
3801	atomwise.outnet.2.linear.weight	13.837	run_hybrid_q_sB	hybrid_q	B	5000	0.001
3901	atomwise.linear_nn.linear.bias	0.06978	run_hybrid_q_sB	hybrid_q	B	5000	0.001
3901	atomwise.linear_nn.linear.weight	2.6804	run_hybrid_q_sB	hybrid_q	B	5000	0.001
3901	atomwise.outnet.0.linear.bias	0.72061	run_hybrid_q_sB	hybrid_q	B	5000	0.001
3901	atomwise.outnet.0.linear.weight	1.4202	run_hybrid_q_sB	hybrid_q	B	5000	0.001
3901	atomwise.outnet.1.linear.bias	0.62439	run_hybrid_q_sB	hybrid_q	B	5000	0.001
3901	atomwise.outnet.1.linear.weight	1.1331	run_hybrid_q_sB	hybrid_q	B	5000	0.001
3901	atomwise.outnet.2.linear.bias	0.06978	run_hybrid_q_sB	hybrid_q	B	5000	0.001
3901	atomwise.outnet.2.linear.weight	3.0365	run_hybrid_q_sB	hybrid_q	B	5000	0.001
4001	atomwise.linear_nn.linear.bias	0.28661	run_hybrid_q_sB	hybrid_q	B	5000	0.001
4001	atomwise.linear_nn.linear.weight	2.9934	run_hybrid_q_sB	hybrid_q	B	5000	0.001
4001	atomwise.outnet.0.linear.bias	0.69629	run_hybrid_q_sB	hybrid_q	B	5000	0.001
4001	atomwise.outnet.0.linear.weight	2.0761	run_hybrid_q_sB	hybrid_q	B	5000	0.001
4001	atomwise.outnet.1.linear.bias	0.65751	run_hybrid_q_sB	hybrid_q	B	5000	0.001
4001	atomwise.outnet.1.linear.weight	1.4306	run_hybrid_q_sB	hybrid_q	B	5000	0.001
4001	atomwise.outnet.2.linear.bias	0.28661	run_hybrid_q_sB	hybrid_q	B	5000	0.001
4001	atomwise.outnet.2.linear.weight	3.0834	run_hybrid_q_sB	hybrid_q	B	5000	0.001
4101	atomwise.linear_nn.linear.bias	2.3862	run_hybrid_q_sB	hybrid_q	B	5000	0.001
4101	atomwise.linear_nn.linear.weight	8.1922	run_hybrid_q_sB	hybrid_q	B	5000	0.001
4101	atomwise.outnet.0.linear.bias	1.3129	run_hybrid_q_sB	hybrid_q	B	5000	0.001
4101	atomwise.outnet.0.linear.weight	3.856	run_hybrid_q_sB	hybrid_q	B	5000	0.001
4101	atomwise.outnet.1.linear.bias	1.9762	run_hybrid_q_sB	hybrid_q	B	5000	0.001
4101	atomwise.outnet.1.linear.weight	4.2553	run_hybrid_q_sB	hybrid_q	B	5000	0.001
4101	atomwise.outnet.2.linear.bias	2.3862	run_hybrid_q_sB	hybrid_q	B	5000	0.001
4101	atomwise.outnet.2.linear.weight	8.3784	run_hybrid_q_sB	hybrid_q	B	5000	0.001
4201	atomwise.linear_nn.linear.bias	2.6003	run_hybrid_q_sB	hybrid_q	B	5000	0.001
4201	atomwise.linear_nn.linear.weight	13.592	run_hybrid_q_sB	hybrid_q	B	5000	0.001
4201	atomwise.outnet.0.linear.bias	3.1068	run_hybrid_q_sB	hybrid_q	B	5000	0.001
4201	atomwise.outnet.0.linear.weight	6.3084	run_hybrid_q_sB	hybrid_q	B	5000	0.001
4201	atomwise.outnet.1.linear.bias	3.649	run_hybrid_q_sB	hybrid_q	B	5000	0.001
4201	atomwise.outnet.1.linear.weight	7.4993	run_hybrid_q_sB	hybrid_q	B	5000	0.001
4201	atomwise.outnet.2.linear.bias	2.6003	run_hybrid_q_sB	hybrid_q	B	5000	0.001
4201	atomwise.outnet.2.linear.weight	16.632	run_hybrid_q_sB	hybrid_q	B	5000	0.001
4301	atomwise.linear_nn.linear.bias	3.2192	run_hybrid_q_sB	hybrid_q	B	5000	0.001
4301	atomwise.linear_nn.linear.weight	18.423	run_hybrid_q_sB	hybrid_q	B	5000	0.001
4301	atomwise.outnet.0.linear.bias	3.3857	run_hybrid_q_sB	hybrid_q	B	5000	0.001
4301	atomwise.outnet.0.linear.weight	8.0998	run_hybrid_q_sB	hybrid_q	B	5000	0.001
4301	atomwise.outnet.1.linear.bias	3.9748	run_hybrid_q_sB	hybrid_q	B	5000	0.001
4301	atomwise.outnet.1.linear.weight	8.29	run_hybrid_q_sB	hybrid_q	B	5000	0.001
4301	atomwise.outnet.2.linear.bias	3.2192	run_hybrid_q_sB	hybrid_q	B	5000	0.001
4301	atomwise.outnet.2.linear.weight	17.355	run_hybrid_q_sB	hybrid_q	B	5000	0.001
4401	atomwise.linear_nn.linear.bias	6.1444	run_hybrid_q_sB	hybrid_q	B	5000	0.001
4401	atomwise.linear_nn.linear.weight	33.01	run_hybrid_q_sB	hybrid_q	B	5000	0.001
4401	atomwise.outnet.0.linear.bias	6.6171	run_hybrid_q_sB	hybrid_q	B	5000	0.001
4401	atomwise.outnet.0.linear.weight	15.0	run_hybrid_q_sB	hybrid_q	B	5000	0.001
4401	atomwise.outnet.1.linear.bias	7.7202	run_hybrid_q_sB	hybrid_q	B	5000	0.001
4401	atomwise.outnet.1.linear.weight	16.332	run_hybrid_q_sB	hybrid_q	B	5000	0.001
4401	atomwise.outnet.2.linear.bias	6.1444	run_hybrid_q_sB	hybrid_q	B	5000	0.001
4401	atomwise.outnet.2.linear.weight	34.64	run_hybrid_q_sB	hybrid_q	B	5000	0.001
4501	atomwise.linear_nn.linear.bias	0.42367	run_hybrid_q_sB	hybrid_q	B	5000	0.001
4501	atomwise.linear_nn.linear.weight	6.0592	run_hybrid_q_sB	hybrid_q	B	5000	0.001
4501	atomwise.outnet.0.linear.bias	1.2744	run_hybrid_q_sB	hybrid_q	B	5000	0.001
4501	atomwise.outnet.0.linear.weight	2.654	run_hybrid_q_sB	hybrid_q	B	5000	0.001
4501	atomwise.outnet.1.linear.bias	1.2603	run_hybrid_q_sB	hybrid_q	B	5000	0.001
4501	atomwise.outnet.1.linear.weight	3.0029	run_hybrid_q_sB	hybrid_q	B	5000	0.001
4501	atomwise.outnet.2.linear.bias	0.42367	run_hybrid_q_sB	hybrid_q	B	5000	0.001
4501	atomwise.outnet.2.linear.weight	5.5543	run_hybrid_q_sB	hybrid_q	B	5000	0.001
4601	atomwise.linear_nn.linear.bias	1.5002	run_hybrid_q_sB	hybrid_q	B	5000	0.001
4601	atomwise.linear_nn.linear.weight	4.9746	run_hybrid_q_sB	hybrid_q	B	5000	0.001
4601	atomwise.outnet.0.linear.bias	0.6583	run_hybrid_q_sB	hybrid_q	B	5000	0.001
4601	atomwise.outnet.0.linear.weight	2.8663	run_hybrid_q_sB	hybrid_q	B	5000	0.001
4601	atomwise.outnet.1.linear.bias	0.62243	run_hybrid_q_sB	hybrid_q	B	5000	0.001
4601	atomwise.outnet.1.linear.weight	0.70194	run_hybrid_q_sB	hybrid_q	B	5000	0.001
4601	atomwise.outnet.2.linear.bias	1.5002	run_hybrid_q_sB	hybrid_q	B	5000	0.001
4601	atomwise.outnet.2.linear.weight	0.89191	run_hybrid_q_sB	hybrid_q	B	5000	0.001
4701	atomwise.linear_nn.linear.bias	2.2155	run_hybrid_q_sB	hybrid_q	B	5000	0.001
4701	atomwise.linear_nn.linear.weight	3.9681	run_hybrid_q_sB	hybrid_q	B	5000	0.001
4701	atomwise.outnet.0.linear.bias	0.71209	run_hybrid_q_sB	hybrid_q	B	5000	0.001
4701	atomwise.outnet.0.linear.weight	2.3577	run_hybrid_q_sB	hybrid_q	B	5000	0.001
4701	atomwise.outnet.1.linear.bias	1.2799	run_hybrid_q_sB	hybrid_q	B	5000	0.001
4701	atomwise.outnet.1.linear.weight	2.479	run_hybrid_q_sB	hybrid_q	B	5000	0.001
4701	atomwise.outnet.2.linear.bias	2.2155	run_hybrid_q_sB	hybrid_q	B	5000	0.001
4701	atomwise.outnet.2.linear.weight	4.7797	run_hybrid_q_sB	hybrid_q	B	5000	0.001
4801	atomwise.linear_nn.linear.bias	5.2979	run_hybrid_q_sB	hybrid_q	B	5000	0.001
4801	atomwise.linear_nn.linear.weight	29.408	run_hybrid_q_sB	hybrid_q	B	5000	0.001
4801	atomwise.outnet.0.linear.bias	6.1593	run_hybrid_q_sB	hybrid_q	B	5000	0.001
4801	atomwise.outnet.0.linear.weight	13.791	run_hybrid_q_sB	hybrid_q	B	5000	0.001
4801	atomwise.outnet.1.linear.bias	7.1267	run_hybrid_q_sB	hybrid_q	B	5000	0.001
4801	atomwise.outnet.1.linear.weight	15.899	run_hybrid_q_sB	hybrid_q	B	5000	0.001
4801	atomwise.outnet.2.linear.bias	5.2979	run_hybrid_q_sB	hybrid_q	B	5000	0.001
4801	atomwise.outnet.2.linear.weight	32.049	run_hybrid_q_sB	hybrid_q	B	5000	0.001
4901	atomwise.linear_nn.linear.bias	7.0778	run_hybrid_q_sB	hybrid_q	B	5000	0.001
4901	atomwise.linear_nn.linear.weight	35.945	run_hybrid_q_sB	hybrid_q	B	5000	0.001
4901	atomwise.outnet.0.linear.bias	6.4989	run_hybrid_q_sB	hybrid_q	B	5000	0.001
4901	atomwise.outnet.0.linear.weight	15.856	run_hybrid_q_sB	hybrid_q	B	5000	0.001
4901	atomwise.outnet.1.linear.bias	8.0843	run_hybrid_q_sB	hybrid_q	B	5000	0.001
4901	atomwise.outnet.1.linear.weight	18.448	run_hybrid_q_sB	hybrid_q	B	5000	0.001
4901	atomwise.outnet.2.linear.bias	7.0778	run_hybrid_q_sB	hybrid_q	B	5000	0.001
4901	atomwise.outnet.2.linear.weight	35.29	run_hybrid_q_sB	hybrid_q	B	5000	0.001
5001	atomwise.linear_nn.linear.bias	0.68694	run_hybrid_q_sB	hybrid_q	B	5000	5.924525297439452e-06
5001	atomwise.linear_nn.linear.weight	1.6657	run_hybrid_q_sB	hybrid_q	B	5000	5.924525297439452e-06
5001	atomwise.outnet.0.linear.bias	1.1331	run_hybrid_q_sB	hybrid_q	B	5000	5.924525297439452e-06
5001	atomwise.outnet.0.linear.weight	0.9454	run_hybrid_q_sB	hybrid_q	B	5000	5.924525297439452e-06
5001	atomwise.outnet.1.linear.bias	0.9254	run_hybrid_q_sB	hybrid_q	B	5000	5.924525297439452e-06
5001	atomwise.outnet.1.linear.weight	1.2732	run_hybrid_q_sB	hybrid_q	B	5000	5.924525297439452e-06
5001	atomwise.outnet.2.linear.bias	0.68694	run_hybrid_q_sB	hybrid_q	B	5000	5.924525297439452e-06
5001	atomwise.outnet.2.linear.weight	3.7232	run_hybrid_q_sB	hybrid_q	B	5000	5.924525297439452e-06
5101	atomwise.linear_nn.linear.bias	0.01587	run_hybrid_q_sB	hybrid_q	B	5000	5.924525297439452e-06
5101	atomwise.linear_nn.linear.weight	0.046744	run_hybrid_q_sB	hybrid_q	B	5000	5.924525297439452e-06
5101	atomwise.outnet.0.linear.bias	0.005883	run_hybrid_q_sB	hybrid_q	B	5000	5.924525297439452e-06
5101	atomwise.outnet.0.linear.weight	0.026065	run_hybrid_q_sB	hybrid_q	B	5000	5.924525297439452e-06
5101	atomwise.outnet.1.linear.bias	0.0073705	run_hybrid_q_sB	hybrid_q	B	5000	5.924525297439452e-06
5101	atomwise.outnet.1.linear.weight	0.019126	run_hybrid_q_sB	hybrid_q	B	5000	5.924525297439452e-06
5101	atomwise.outnet.2.linear.bias	0.01587	run_hybrid_q_sB	hybrid_q	B	5000	5.924525297439452e-06
5101	atomwise.outnet.2.linear.weight	0.020766	run_hybrid_q_sB	hybrid_q	B	5000	5.924525297439452e-06
5201	atomwise.linear_nn.linear.bias	0.0031983	run_hybrid_q_sB	hybrid_q	B	5000	5.924525297439452e-06
5201	atomwise.linear_nn.linear.weight	0.044887	run_hybrid_q_sB	hybrid_q	B	5000	5.924525297439452e-06
5201	atomwise.outnet.0.linear.bias	0.014596	run_hybrid_q_sB	hybrid_q	B	5000	5.924525297439452e-06
5201	atomwise.outnet.0.linear.weight	0.023621	run_hybrid_q_sB	hybrid_q	B	5000	5.924525297439452e-06
5201	atomwise.outnet.1.linear.bias	0.011585	run_hybrid_q_sB	hybrid_q	B	5000	5.924525297439452e-06
5201	atomwise.outnet.1.linear.weight	0.025568	run_hybrid_q_sB	hybrid_q	B	5000	5.924525297439452e-06
5201	atomwise.outnet.2.linear.bias	0.0031983	run_hybrid_q_sB	hybrid_q	B	5000	5.924525297439452e-06
5201	atomwise.outnet.2.linear.weight	0.054197	run_hybrid_q_sB	hybrid_q	B	5000	5.924525297439452e-06
5301	atomwise.linear_nn.linear.bias	0.020264	run_hybrid_q_sB	hybrid_q	B	5000	5.924525297439452e-06
5301	atomwise.linear_nn.linear.weight	0.03942	run_hybrid_q_sB	hybrid_q	B	5000	5.924525297439452e-06
5301	atomwise.outnet.0.linear.bias	0.015687	run_hybrid_q_sB	hybrid_q	B	5000	5.924525297439452e-06
5301	atomwise.outnet.0.linear.weight	0.023672	run_hybrid_q_sB	hybrid_q	B	5000	5.924525297439452e-06
5301	atomwise.outnet.1.linear.bias	0.01351	run_hybrid_q_sB	hybrid_q	B	5000	5.924525297439452e-06
5301	atomwise.outnet.1.linear.weight	0.019912	run_hybrid_q_sB	hybrid_q	B	5000	5.924525297439452e-06
5301	atomwise.outnet.2.linear.bias	0.020264	run_hybrid_q_sB	hybrid_q	B	5000	5.924525297439452e-06
5301	atomwise.outnet.2.linear.weight	0.048402	run_hybrid_q_sB	hybrid_q	B	5000	5.924525297439452e-06
5401	atomwise.linear_nn.linear.bias	0.0023566	run_hybrid_q_sB	hybrid_q	B	5000	5.924525297439452e-06
5401	atomwise.linear_nn.linear.weight	0.025252	run_hybrid_q_sB	hybrid_q	B	5000	5.924525297439452e-06
5401	atomwise.outnet.0.linear.bias	0.0045238	run_hybrid_q_sB	hybrid_q	B	5000	5.924525297439452e-06
5401	atomwise.outnet.0.linear.weight	0.014734	run_hybrid_q_sB	hybrid_q	B	5000	5.924525297439452e-06
5401	atomwise.outnet.1.linear.bias	0.0041451	run_hybrid_q_sB	hybrid_q	B	5000	5.924525297439452e-06
5401	atomwise.outnet.1.linear.weight	0.0096202	run_hybrid_q_sB	hybrid_q	B	5000	5.924525297439452e-06
5401	atomwise.outnet.2.linear.bias	0.0023566	run_hybrid_q_sB	hybrid_q	B	5000	5.924525297439452e-06
5401	atomwise.outnet.2.linear.weight	0.019941	run_hybrid_q_sB	hybrid_q	B	5000	5.924525297439452e-06
5501	atomwise.linear_nn.linear.bias	0.0094472	run_hybrid_q_sB	hybrid_q	B	5000	5.924525297439452e-06
5501	atomwise.linear_nn.linear.weight	0.046653	run_hybrid_q_sB	hybrid_q	B	5000	5.924525297439452e-06
5501	atomwise.outnet.0.linear.bias	0.024248	run_hybrid_q_sB	hybrid_q	B	5000	5.924525297439452e-06
5501	atomwise.outnet.0.linear.weight	0.024278	run_hybrid_q_sB	hybrid_q	B	5000	5.924525297439452e-06
5501	atomwise.outnet.1.linear.bias	0.019549	run_hybrid_q_sB	hybrid_q	B	5000	5.924525297439452e-06
5501	atomwise.outnet.1.linear.weight	0.030588	run_hybrid_q_sB	hybrid_q	B	5000	5.924525297439452e-06
5501	atomwise.outnet.2.linear.bias	0.0094472	run_hybrid_q_sB	hybrid_q	B	5000	5.924525297439452e-06
5501	atomwise.outnet.2.linear.weight	0.083494	run_hybrid_q_sB	hybrid_q	B	5000	5.924525297439452e-06
5601	atomwise.linear_nn.linear.bias	0.026159	run_hybrid_q_sB	hybrid_q	B	5000	5.924525297439452e-06
5601	atomwise.linear_nn.linear.weight	0.059957	run_hybrid_q_sB	hybrid_q	B	5000	5.924525297439452e-06
5601	atomwise.outnet.0.linear.bias	0.041176	run_hybrid_q_sB	hybrid_q	B	5000	5.924525297439452e-06
5601	atomwise.outnet.0.linear.weight	0.033749	run_hybrid_q_sB	hybrid_q	B	5000	5.924525297439452e-06
5601	atomwise.outnet.1.linear.bias	0.032853	run_hybrid_q_sB	hybrid_q	B	5000	5.924525297439452e-06
5601	atomwise.outnet.1.linear.weight	0.046345	run_hybrid_q_sB	hybrid_q	B	5000	5.924525297439452e-06
5601	atomwise.outnet.2.linear.bias	0.026159	run_hybrid_q_sB	hybrid_q	B	5000	5.924525297439452e-06
5601	atomwise.outnet.2.linear.weight	0.13031	run_hybrid_q_sB	hybrid_q	B	5000	5.924525297439452e-06
5701	atomwise.linear_nn.linear.bias	0.0096678	run_hybrid_q_sB	hybrid_q	B	5000	5.924525297439452e-06
5701	atomwise.linear_nn.linear.weight	0.03108	run_hybrid_q_sB	hybrid_q	B	5000	5.924525297439452e-06
5701	atomwise.outnet.0.linear.bias	0.016675	run_hybrid_q_sB	hybrid_q	B	5000	5.924525297439452e-06
5701	atomwise.outnet.0.linear.weight	0.018905	run_hybrid_q_sB	hybrid_q	B	5000	5.924525297439452e-06
5701	atomwise.outnet.1.linear.bias	0.01457	run_hybrid_q_sB	hybrid_q	B	5000	5.924525297439452e-06
5701	atomwise.outnet.1.linear.weight	0.020386	run_hybrid_q_sB	hybrid_q	B	5000	5.924525297439452e-06
5701	atomwise.outnet.2.linear.bias	0.0096678	run_hybrid_q_sB	hybrid_q	B	5000	5.924525297439452e-06
5701	atomwise.outnet.2.linear.weight	0.060991	run_hybrid_q_sB	hybrid_q	B	5000	5.924525297439452e-06
5801	atomwise.linear_nn.linear.bias	0.0034319	run_hybrid_q_sB	hybrid_q	B	5000	5.924525297439452e-06
5801	atomwise.linear_nn.linear.weight	0.026653	run_hybrid_q_sB	hybrid_q	B	5000	5.924525297439452e-06
5801	atomwise.outnet.0.linear.bias	0.012286	run_hybrid_q_sB	hybrid_q	B	5000	5.924525297439452e-06
5801	atomwise.outnet.0.linear.weight	0.013509	run_hybrid_q_sB	hybrid_q	B	5000	5.924525297439452e-06
5801	atomwise.outnet.1.linear.bias	0.01072	run_hybrid_q_sB	hybrid_q	B	5000	5.924525297439452e-06
5801	atomwise.outnet.1.linear.weight	0.020254	run_hybrid_q_sB	hybrid_q	B	5000	5.924525297439452e-06
5801	atomwise.outnet.2.linear.bias	0.0034319	run_hybrid_q_sB	hybrid_q	B	5000	5.924525297439452e-06
5801	atomwise.outnet.2.linear.weight	0.046217	run_hybrid_q_sB	hybrid_q	B	5000	5.924525297439452e-06
5901	atomwise.linear_nn.linear.bias	0.0074399	run_hybrid_q_sB	hybrid_q	B	5000	5.924525297439452e-06
5901	atomwise.linear_nn.linear.weight	0.023608	run_hybrid_q_sB	hybrid_q	B	5000	5.924525297439452e-06
5901	atomwise.outnet.0.linear.bias	0.0091352	run_hybrid_q_sB	hybrid_q	B	5000	5.924525297439452e-06
5901	atomwise.outnet.0.linear.weight	0.015792	run_hybrid_q_sB	hybrid_q	B	5000	5.924525297439452e-06
5901	atomwise.outnet.1.linear.bias	0.0075325	run_hybrid_q_sB	hybrid_q	B	5000	5.924525297439452e-06
5901	atomwise.outnet.1.linear.weight	0.010919	run_hybrid_q_sB	hybrid_q	B	5000	5.924525297439452e-06
5901	atomwise.outnet.2.linear.bias	0.0074399	run_hybrid_q_sB	hybrid_q	B	5000	5.924525297439452e-06
5901	atomwise.outnet.2.linear.weight	0.03065	run_hybrid_q_sB	hybrid_q	B	5000	5.924525297439452e-06
6001	atomwise.linear_nn.linear.bias	0.0019193	run_hybrid_q_sB	hybrid_q	B	5000	5.924525297439452e-06
6001	atomwise.linear_nn.linear.weight	0.028751	run_hybrid_q_sB	hybrid_q	B	5000	5.924525297439452e-06
6001	atomwise.outnet.0.linear.bias	0.010674	run_hybrid_q_sB	hybrid_q	B	5000	5.924525297439452e-06
6001	atomwise.outnet.0.linear.weight	0.013945	run_hybrid_q_sB	hybrid_q	B	5000	5.924525297439452e-06
6001	atomwise.outnet.1.linear.bias	0.0090889	run_hybrid_q_sB	hybrid_q	B	5000	5.924525297439452e-06
6001	atomwise.outnet.1.linear.weight	0.015613	run_hybrid_q_sB	hybrid_q	B	5000	5.924525297439452e-06
6001	atomwise.outnet.2.linear.bias	0.0019193	run_hybrid_q_sB	hybrid_q	B	5000	5.924525297439452e-06
6001	atomwise.outnet.2.linear.weight	0.041622	run_hybrid_q_sB	hybrid_q	B	5000	5.924525297439452e-06
6101	atomwise.linear_nn.linear.bias	0.019491	run_hybrid_q_sB	hybrid_q	B	5000	5.924525297439452e-06
6101	atomwise.linear_nn.linear.weight	0.04545	run_hybrid_q_sB	hybrid_q	B	5000	5.924525297439452e-06
6101	atomwise.outnet.0.linear.bias	0.031759	run_hybrid_q_sB	hybrid_q	B	5000	5.924525297439452e-06
6101	atomwise.outnet.0.linear.weight	0.026397	run_hybrid_q_sB	hybrid_q	B	5000	5.924525297439452e-06
6101	atomwise.outnet.1.linear.bias	0.026182	run_hybrid_q_sB	hybrid_q	B	5000	5.924525297439452e-06
6101	atomwise.outnet.1.linear.weight	0.036308	run_hybrid_q_sB	hybrid_q	B	5000	5.924525297439452e-06
6101	atomwise.outnet.2.linear.bias	0.019491	run_hybrid_q_sB	hybrid_q	B	5000	5.924525297439452e-06
6101	atomwise.outnet.2.linear.weight	0.10815	run_hybrid_q_sB	hybrid_q	B	5000	5.924525297439452e-06
6201	atomwise.linear_nn.linear.bias	0.0014599	run_hybrid_q_sB	hybrid_q	B	5000	5.924525297439452e-06
6201	atomwise.linear_nn.linear.weight	0.0073297	run_hybrid_q_sB	hybrid_q	B	5000	5.924525297439452e-06
6201	atomwise.outnet.0.linear.bias	0.0036174	run_hybrid_q_sB	hybrid_q	B	5000	5.924525297439452e-06
6201	atomwise.outnet.0.linear.weight	0.0041386	run_hybrid_q_sB	hybrid_q	B	5000	5.924525297439452e-06
6201	atomwise.outnet.1.linear.bias	0.0035718	run_hybrid_q_sB	hybrid_q	B	5000	5.924525297439452e-06
6201	atomwise.outnet.1.linear.weight	0.0060998	run_hybrid_q_sB	hybrid_q	B	5000	5.924525297439452e-06
6201	atomwise.outnet.2.linear.bias	0.0014599	run_hybrid_q_sB	hybrid_q	B	5000	5.924525297439452e-06
6201	atomwise.outnet.2.linear.weight	0.014658	run_hybrid_q_sB	hybrid_q	B	5000	5.924525297439452e-06
6301	atomwise.linear_nn.linear.bias	0.011303	run_hybrid_q_sB	hybrid_q	B	5000	5.924525297439452e-06
6301	atomwise.linear_nn.linear.weight	0.037165	run_hybrid_q_sB	hybrid_q	B	5000	5.924525297439452e-06
6301	atomwise.outnet.0.linear.bias	0.02228	run_hybrid_q_sB	hybrid_q	B	5000	5.924525297439452e-06
6301	atomwise.outnet.0.linear.weight	0.022058	run_hybrid_q_sB	hybrid_q	B	5000	5.924525297439452e-06
6301	atomwise.outnet.1.linear.bias	0.019222	run_hybrid_q_sB	hybrid_q	B	5000	5.924525297439452e-06
6301	atomwise.outnet.1.linear.weight	0.027409	run_hybrid_q_sB	hybrid_q	B	5000	5.924525297439452e-06
6301	atomwise.outnet.2.linear.bias	0.011303	run_hybrid_q_sB	hybrid_q	B	5000	5.924525297439452e-06
6301	atomwise.outnet.2.linear.weight	0.079091	run_hybrid_q_sB	hybrid_q	B	5000	5.924525297439452e-06
6401	atomwise.linear_nn.linear.bias	0.0069418	run_hybrid_q_sB	hybrid_q	B	5000	5.924525297439452e-06
6401	atomwise.linear_nn.linear.weight	0.028538	run_hybrid_q_sB	hybrid_q	B	5000	5.924525297439452e-06
6401	atomwise.outnet.0.linear.bias	0.015857	run_hybrid_q_sB	hybrid_q	B	5000	5.924525297439452e-06
6401	atomwise.outnet.0.linear.weight	0.016972	run_hybrid_q_sB	hybrid_q	B	5000	5.924525297439452e-06
6401	atomwise.outnet.1.linear.bias	0.014043	run_hybrid_q_sB	hybrid_q	B	5000	5.924525297439452e-06
6401	atomwise.outnet.1.linear.weight	0.020525	run_hybrid_q_sB	hybrid_q	B	5000	5.924525297439452e-06
6401	atomwise.outnet.2.linear.bias	0.0069418	run_hybrid_q_sB	hybrid_q	B	5000	5.924525297439452e-06
6401	atomwise.outnet.2.linear.weight	0.058365	run_hybrid_q_sB	hybrid_q	B	5000	5.924525297439452e-06
6501	atomwise.linear_nn.linear.bias	0.021182	run_hybrid_q_sB	hybrid_q	B	5000	5.924525297439452e-06
6501	atomwise.linear_nn.linear.weight	0.03584	run_hybrid_q_sB	hybrid_q	B	5000	5.924525297439452e-06
6501	atomwise.outnet.0.linear.bias	0.02491	run_hybrid_q_sB	hybrid_q	B	5000	5.924525297439452e-06
6501	atomwise.outnet.0.linear.weight	0.023133	run_hybrid_q_sB	hybrid_q	B	5000	5.924525297439452e-06
6501	atomwise.outnet.1.linear.bias	0.020616	run_hybrid_q_sB	hybrid_q	B	5000	5.924525297439452e-06
6501	atomwise.outnet.1.linear.weight	0.025177	run_hybrid_q_sB	hybrid_q	B	5000	5.924525297439452e-06
6501	atomwise.outnet.2.linear.bias	0.021182	run_hybrid_q_sB	hybrid_q	B	5000	5.924525297439452e-06
6501	atomwise.outnet.2.linear.weight	0.075266	run_hybrid_q_sB	hybrid_q	B	5000	5.924525297439452e-06
6601	atomwise.linear_nn.linear.bias	0.0016929	run_hybrid_q_sB	hybrid_q	B	5000	5.924525297439452e-06
6601	atomwise.linear_nn.linear.weight	0.0098474	run_hybrid_q_sB	hybrid_q	B	5000	5.924525297439452e-06
6601	atomwise.outnet.0.linear.bias	0.0018719	run_hybrid_q_sB	hybrid_q	B	5000	5.924525297439452e-06
6601	atomwise.outnet.0.linear.weight	0.0061027	run_hybrid_q_sB	hybrid_q	B	5000	5.924525297439452e-06
6601	atomwise.outnet.1.linear.bias	0.0025015	run_hybrid_q_sB	hybrid_q	B	5000	5.924525297439452e-06
6601	atomwise.outnet.1.linear.weight	0.0041027	run_hybrid_q_sB	hybrid_q	B	5000	5.924525297439452e-06
6601	atomwise.outnet.2.linear.bias	0.0016929	run_hybrid_q_sB	hybrid_q	B	5000	5.924525297439452e-06
6601	atomwise.outnet.2.linear.weight	0.010245	run_hybrid_q_sB	hybrid_q	B	5000	5.924525297439452e-06
6701	atomwise.linear_nn.linear.bias	0.0016897	run_hybrid_q_sB	hybrid_q	B	5000	5.924525297439452e-06
6701	atomwise.linear_nn.linear.weight	0.010851	run_hybrid_q_sB	hybrid_q	B	5000	5.924525297439452e-06
6701	atomwise.outnet.0.linear.bias	0.0037966	run_hybrid_q_sB	hybrid_q	B	5000	5.924525297439452e-06
6701	atomwise.outnet.0.linear.weight	0.0057645	run_hybrid_q_sB	hybrid_q	B	5000	5.924525297439452e-06
6701	atomwise.outnet.1.linear.bias	0.0025735	run_hybrid_q_sB	hybrid_q	B	5000	5.924525297439452e-06
6701	atomwise.outnet.1.linear.weight	0.0051613	run_hybrid_q_sB	hybrid_q	B	5000	5.924525297439452e-06
6701	atomwise.outnet.2.linear.bias	0.0016897	run_hybrid_q_sB	hybrid_q	B	5000	5.924525297439452e-06
6701	atomwise.outnet.2.linear.weight	0.010158	run_hybrid_q_sB	hybrid_q	B	5000	5.924525297439452e-06
6801	atomwise.linear_nn.linear.bias	0.005393	run_hybrid_q_sB	hybrid_q	B	5000	5.924525297439452e-06
6801	atomwise.linear_nn.linear.weight	0.021845	run_hybrid_q_sB	hybrid_q	B	5000	5.924525297439452e-06
6801	atomwise.outnet.0.linear.bias	0.011688	run_hybrid_q_sB	hybrid_q	B	5000	5.924525297439452e-06
6801	atomwise.outnet.0.linear.weight	0.012615	run_hybrid_q_sB	hybrid_q	B	5000	5.924525297439452e-06
6801	atomwise.outnet.1.linear.bias	0.0091829	run_hybrid_q_sB	hybrid_q	B	5000	5.924525297439452e-06
6801	atomwise.outnet.1.linear.weight	0.014205	run_hybrid_q_sB	hybrid_q	B	5000	5.924525297439452e-06
6801	atomwise.outnet.2.linear.bias	0.005393	run_hybrid_q_sB	hybrid_q	B	5000	5.924525297439452e-06
6801	atomwise.outnet.2.linear.weight	0.041403	run_hybrid_q_sB	hybrid_q	B	5000	5.924525297439452e-06
6901	atomwise.linear_nn.linear.bias	0.0175	run_hybrid_q_sB	hybrid_q	B	5000	5.924525297439452e-06
6901	atomwise.linear_nn.linear.weight	0.026107	run_hybrid_q_sB	hybrid_q	B	5000	5.924525297439452e-06
6901	atomwise.outnet.0.linear.bias	0.021104	run_hybrid_q_sB	hybrid_q	B	5000	5.924525297439452e-06
6901	atomwise.outnet.0.linear.weight	0.017811	run_hybrid_q_sB	hybrid_q	B	5000	5.924525297439452e-06
6901	atomwise.outnet.1.linear.bias	0.017224	run_hybrid_q_sB	hybrid_q	B	5000	5.924525297439452e-06
6901	atomwise.outnet.1.linear.weight	0.023801	run_hybrid_q_sB	hybrid_q	B	5000	5.924525297439452e-06
6901	atomwise.outnet.2.linear.bias	0.0175	run_hybrid_q_sB	hybrid_q	B	5000	5.924525297439452e-06
6901	atomwise.outnet.2.linear.weight	0.071515	run_hybrid_q_sB	hybrid_q	B	5000	5.924525297439452e-06
7001	atomwise.linear_nn.linear.bias	0.0037949	run_hybrid_q_sB	hybrid_q	B	5000	5.924525297439452e-06
7001	atomwise.linear_nn.linear.weight	0.025145	run_hybrid_q_sB	hybrid_q	B	5000	5.924525297439452e-06
7001	atomwise.outnet.0.linear.bias	0.014694	run_hybrid_q_sB	hybrid_q	B	5000	5.924525297439452e-06
7001	atomwise.outnet.0.linear.weight	0.013189	run_hybrid_q_sB	hybrid_q	B	5000	5.924525297439452e-06
7001	atomwise.outnet.1.linear.bias	0.013896	run_hybrid_q_sB	hybrid_q	B	5000	5.924525297439452e-06
7001	atomwise.outnet.1.linear.weight	0.02104	run_hybrid_q_sB	hybrid_q	B	5000	5.924525297439452e-06
7001	atomwise.outnet.2.linear.bias	0.0037949	run_hybrid_q_sB	hybrid_q	B	5000	5.924525297439452e-06
7001	atomwise.outnet.2.linear.weight	0.060635	run_hybrid_q_sB	hybrid_q	B	5000	5.924525297439452e-06
7101	atomwise.linear_nn.linear.bias	0.035839	run_hybrid_q_sB	hybrid_q	B	5000	5.924525297439452e-06
7101	atomwise.linear_nn.linear.weight	0.073478	run_hybrid_q_sB	hybrid_q	B	5000	5.924525297439452e-06
7101	atomwise.outnet.0.linear.bias	0.054616	run_hybrid_q_sB	hybrid_q	B	5000	5.924525297439452e-06
7101	atomwise.outnet.0.linear.weight	0.042882	run_hybrid_q_sB	hybrid_q	B	5000	5.924525297439452e-06
7101	atomwise.outnet.1.linear.bias	0.043975	run_hybrid_q_sB	hybrid_q	B	5000	5.924525297439452e-06
7101	atomwise.outnet.1.linear.weight	0.059062	run_hybrid_q_sB	hybrid_q	B	5000	5.924525297439452e-06
7101	atomwise.outnet.2.linear.bias	0.035839	run_hybrid_q_sB	hybrid_q	B	5000	5.924525297439452e-06
7101	atomwise.outnet.2.linear.weight	0.17598	run_hybrid_q_sB	hybrid_q	B	5000	5.924525297439452e-06
7201	atomwise.linear_nn.linear.bias	0.034281	run_hybrid_q_sB	hybrid_q	B	5000	5.924525297439452e-06
7201	atomwise.linear_nn.linear.weight	0.043904	run_hybrid_q_sB	hybrid_q	B	5000	5.924525297439452e-06
7201	atomwise.outnet.0.linear.bias	0.042619	run_hybrid_q_sB	hybrid_q	B	5000	5.924525297439452e-06
7201	atomwise.outnet.0.linear.weight	0.027321	run_hybrid_q_sB	hybrid_q	B	5000	5.924525297439452e-06
7201	atomwise.outnet.1.linear.bias	0.034024	run_hybrid_q_sB	hybrid_q	B	5000	5.924525297439452e-06
7201	atomwise.outnet.1.linear.weight	0.042469	run_hybrid_q_sB	hybrid_q	B	5000	5.924525297439452e-06
7201	atomwise.outnet.2.linear.bias	0.034281	run_hybrid_q_sB	hybrid_q	B	5000	5.924525297439452e-06
7201	atomwise.outnet.2.linear.weight	0.12769	run_hybrid_q_sB	hybrid_q	B	5000	5.924525297439452e-06
7301	atomwise.linear_nn.linear.bias	0.0066483	run_hybrid_q_sB	hybrid_q	B	5000	5.924525297439452e-06
7301	atomwise.linear_nn.linear.weight	0.016662	run_hybrid_q_sB	hybrid_q	B	5000	5.924525297439452e-06
7301	atomwise.outnet.0.linear.bias	0.001702	run_hybrid_q_sB	hybrid_q	B	5000	5.924525297439452e-06
7301	atomwise.outnet.0.linear.weight	0.0072771	run_hybrid_q_sB	hybrid_q	B	5000	5.924525297439452e-06
7301	atomwise.outnet.1.linear.bias	0.0042867	run_hybrid_q_sB	hybrid_q	B	5000	5.924525297439452e-06
7301	atomwise.outnet.1.linear.weight	0.01172	run_hybrid_q_sB	hybrid_q	B	5000	5.924525297439452e-06
7301	atomwise.outnet.2.linear.bias	0.0066483	run_hybrid_q_sB	hybrid_q	B	5000	5.924525297439452e-06
7301	atomwise.outnet.2.linear.weight	0.016243	run_hybrid_q_sB	hybrid_q	B	5000	5.924525297439452e-06
7401	atomwise.linear_nn.linear.bias	0.0098851	run_hybrid_q_sB	hybrid_q	B	5000	5.924525297439452e-06
7401	atomwise.linear_nn.linear.weight	0.048803	run_hybrid_q_sB	hybrid_q	B	5000	5.924525297439452e-06
7401	atomwise.outnet.0.linear.bias	0.02641	run_hybrid_q_sB	hybrid_q	B	5000	5.924525297439452e-06
7401	atomwise.outnet.0.linear.weight	0.023937	run_hybrid_q_sB	hybrid_q	B	5000	5.924525297439452e-06
7401	atomwise.outnet.1.linear.bias	0.021767	run_hybrid_q_sB	hybrid_q	B	5000	5.924525297439452e-06
7401	atomwise.outnet.1.linear.weight	0.033644	run_hybrid_q_sB	hybrid_q	B	5000	5.924525297439452e-06
7401	atomwise.outnet.2.linear.bias	0.0098851	run_hybrid_q_sB	hybrid_q	B	5000	5.924525297439452e-06
7401	atomwise.outnet.2.linear.weight	0.093487	run_hybrid_q_sB	hybrid_q	B	5000	5.924525297439452e-06
7501	atomwise.linear_nn.linear.bias	0.013202	run_hybrid_q_sB	hybrid_q	B	5000	5.924525297439452e-06
7501	atomwise.linear_nn.linear.weight	0.062786	run_hybrid_q_sB	hybrid_q	B	5000	5.924525297439452e-06
7501	atomwise.outnet.0.linear.bias	0.033613	run_hybrid_q_sB	hybrid_q	B	5000	5.924525297439452e-06
7501	atomwise.outnet.0.linear.weight	0.033833	run_hybrid_q_sB	hybrid_q	B	5000	5.924525297439452e-06
7501	atomwise.outnet.1.linear.bias	0.02997	run_hybrid_q_sB	hybrid_q	B	5000	5.924525297439452e-06
7501	atomwise.outnet.1.linear.weight	0.042459	run_hybrid_q_sB	hybrid_q	B	5000	5.924525297439452e-06
7501	atomwise.outnet.2.linear.bias	0.013202	run_hybrid_q_sB	hybrid_q	B	5000	5.924525297439452e-06
7501	atomwise.outnet.2.linear.weight	0.12019	run_hybrid_q_sB	hybrid_q	B	5000	5.924525297439452e-06
7601	atomwise.linear_nn.linear.bias	0.022084	run_hybrid_q_sB	hybrid_q	B	5000	5.924525297439452e-06
7601	atomwise.linear_nn.linear.weight	0.029598	run_hybrid_q_sB	hybrid_q	B	5000	5.924525297439452e-06
7601	atomwise.outnet.0.linear.bias	0.025365	run_hybrid_q_sB	hybrid_q	B	5000	5.924525297439452e-06
7601	atomwise.outnet.0.linear.weight	0.017447	run_hybrid_q_sB	hybrid_q	B	5000	5.924525297439452e-06
7601	atomwise.outnet.1.linear.bias	0.020074	run_hybrid_q_sB	hybrid_q	B	5000	5.924525297439452e-06
7601	atomwise.outnet.1.linear.weight	0.022979	run_hybrid_q_sB	hybrid_q	B	5000	5.924525297439452e-06
7601	atomwise.outnet.2.linear.bias	0.022084	run_hybrid_q_sB	hybrid_q	B	5000	5.924525297439452e-06
7601	atomwise.outnet.2.linear.weight	0.069588	run_hybrid_q_sB	hybrid_q	B	5000	5.924525297439452e-06
7701	atomwise.linear_nn.linear.bias	0.0035747	run_hybrid_q_sB	hybrid_q	B	5000	5.924525297439452e-06
7701	atomwise.linear_nn.linear.weight	0.013717	run_hybrid_q_sB	hybrid_q	B	5000	5.924525297439452e-06
7701	atomwise.outnet.0.linear.bias	0.0059934	run_hybrid_q_sB	hybrid_q	B	5000	5.924525297439452e-06
7701	atomwise.outnet.0.linear.weight	0.0085111	run_hybrid_q_sB	hybrid_q	B	5000	5.924525297439452e-06
7701	atomwise.outnet.1.linear.bias	0.0055539	run_hybrid_q_sB	hybrid_q	B	5000	5.924525297439452e-06
7701	atomwise.outnet.1.linear.weight	0.0073199	run_hybrid_q_sB	hybrid_q	B	5000	5.924525297439452e-06
7701	atomwise.outnet.2.linear.bias	0.0035747	run_hybrid_q_sB	hybrid_q	B	5000	5.924525297439452e-06
7701	atomwise.outnet.2.linear.weight	0.021089	run_hybrid_q_sB	hybrid_q	B	5000	5.924525297439452e-06
7801	atomwise.linear_nn.linear.bias	0.0063537	run_hybrid_q_sB	hybrid_q	B	5000	5.924525297439452e-06
7801	atomwise.linear_nn.linear.weight	0.036292	run_hybrid_q_sB	hybrid_q	B	5000	5.924525297439452e-06
7801	atomwise.outnet.0.linear.bias	0.016458	run_hybrid_q_sB	hybrid_q	B	5000	5.924525297439452e-06
7801	atomwise.outnet.0.linear.weight	0.019314	run_hybrid_q_sB	hybrid_q	B	5000	5.924525297439452e-06
7801	atomwise.outnet.1.linear.bias	0.014374	run_hybrid_q_sB	hybrid_q	B	5000	5.924525297439452e-06
7801	atomwise.outnet.1.linear.weight	0.021853	run_hybrid_q_sB	hybrid_q	B	5000	5.924525297439452e-06
7801	atomwise.outnet.2.linear.bias	0.0063537	run_hybrid_q_sB	hybrid_q	B	5000	5.924525297439452e-06
7801	atomwise.outnet.2.linear.weight	0.058085	run_hybrid_q_sB	hybrid_q	B	5000	5.924525297439452e-06
7901	atomwise.linear_nn.linear.bias	0.014522	run_hybrid_q_sB	hybrid_q	B	5000	5.924525297439452e-06
7901	atomwise.linear_nn.linear.weight	0.037015	run_hybrid_q_sB	hybrid_q	B	5000	5.924525297439452e-06
7901	atomwise.outnet.0.linear.bias	0.02621	run_hybrid_q_sB	hybrid_q	B	5000	5.924525297439452e-06
7901	atomwise.outnet.0.linear.weight	0.02277	run_hybrid_q_sB	hybrid_q	B	5000	5.924525297439452e-06
7901	atomwise.outnet.1.linear.bias	0.021867	run_hybrid_q_sB	hybrid_q	B	5000	5.924525297439452e-06
7901	atomwise.outnet.1.linear.weight	0.030356	run_hybrid_q_sB	hybrid_q	B	5000	5.924525297439452e-06
7901	atomwise.outnet.2.linear.bias	0.014522	run_hybrid_q_sB	hybrid_q	B	5000	5.924525297439452e-06
7901	atomwise.outnet.2.linear.weight	0.090439	run_hybrid_q_sB	hybrid_q	B	5000	5.924525297439452e-06
8001	atomwise.linear_nn.linear.bias	0.016917	run_hybrid_q_sB	hybrid_q	B	5000	5.924525297439452e-06
8001	atomwise.linear_nn.linear.weight	0.022103	run_hybrid_q_sB	hybrid_q	B	5000	5.924525297439452e-06
8001	atomwise.outnet.0.linear.bias	0.018127	run_hybrid_q_sB	hybrid_q	B	5000	5.924525297439452e-06
8001	atomwise.outnet.0.linear.weight	0.014913	run_hybrid_q_sB	hybrid_q	B	5000	5.924525297439452e-06
8001	atomwise.outnet.1.linear.bias	0.014082	run_hybrid_q_sB	hybrid_q	B	5000	5.924525297439452e-06
8001	atomwise.outnet.1.linear.weight	0.018044	run_hybrid_q_sB	hybrid_q	B	5000	5.924525297439452e-06
8001	atomwise.outnet.2.linear.bias	0.016917	run_hybrid_q_sB	hybrid_q	B	5000	5.924525297439452e-06
8001	atomwise.outnet.2.linear.weight	0.053271	run_hybrid_q_sB	hybrid_q	B	5000	5.924525297439452e-06
8101	atomwise.linear_nn.linear.bias	0.017395	run_hybrid_q_sB	hybrid_q	B	5000	5.924525297439452e-06
8101	atomwise.linear_nn.linear.weight	0.046465	run_hybrid_q_sB	hybrid_q	B	5000	5.924525297439452e-06
8101	atomwise.outnet.0.linear.bias	0.031512	run_hybrid_q_sB	hybrid_q	B	5000	5.924525297439452e-06
8101	atomwise.outnet.0.linear.weight	0.026392	run_hybrid_q_sB	hybrid_q	B	5000	5.924525297439452e-06
8101	atomwise.outnet.1.linear.bias	0.026376	run_hybrid_q_sB	hybrid_q	B	5000	5.924525297439452e-06
8101	atomwise.outnet.1.linear.weight	0.035997	run_hybrid_q_sB	hybrid_q	B	5000	5.924525297439452e-06
8101	atomwise.outnet.2.linear.bias	0.017395	run_hybrid_q_sB	hybrid_q	B	5000	5.924525297439452e-06
8101	atomwise.outnet.2.linear.weight	0.10544	run_hybrid_q_sB	hybrid_q	B	5000	5.924525297439452e-06
8201	atomwise.linear_nn.linear.bias	0.0083652	run_hybrid_q_sB	hybrid_q	B	5000	5.924525297439452e-06
8201	atomwise.linear_nn.linear.weight	0.014075	run_hybrid_q_sB	hybrid_q	B	5000	5.924525297439452e-06
8201	atomwise.outnet.0.linear.bias	0.0068622	run_hybrid_q_sB	hybrid_q	B	5000	5.924525297439452e-06
8201	atomwise.outnet.0.linear.weight	0.008843	run_hybrid_q_sB	hybrid_q	B	5000	5.924525297439452e-06
8201	atomwise.outnet.1.linear.bias	0.0050524	run_hybrid_q_sB	hybrid_q	B	5000	5.924525297439452e-06
8201	atomwise.outnet.1.linear.weight	0.0062108	run_hybrid_q_sB	hybrid_q	B	5000	5.924525297439452e-06
8201	atomwise.outnet.2.linear.bias	0.0083652	run_hybrid_q_sB	hybrid_q	B	5000	5.924525297439452e-06
8201	atomwise.outnet.2.linear.weight	0.015725	run_hybrid_q_sB	hybrid_q	B	5000	5.924525297439452e-06
8301	atomwise.linear_nn.linear.bias	0.0086821	run_hybrid_q_sB	hybrid_q	B	5000	5.924525297439452e-06
8301	atomwise.linear_nn.linear.weight	0.010302	run_hybrid_q_sB	hybrid_q	B	5000	5.924525297439452e-06
8301	atomwise.outnet.0.linear.bias	0.01004	run_hybrid_q_sB	hybrid_q	B	5000	5.924525297439452e-06
8301	atomwise.outnet.0.linear.weight	0.0066562	run_hybrid_q_sB	hybrid_q	B	5000	5.924525297439452e-06
8301	atomwise.outnet.1.linear.bias	0.0079862	run_hybrid_q_sB	hybrid_q	B	5000	5.924525297439452e-06
8301	atomwise.outnet.1.linear.weight	0.0096646	run_hybrid_q_sB	hybrid_q	B	5000	5.924525297439452e-06
8301	atomwise.outnet.2.linear.bias	0.0086821	run_hybrid_q_sB	hybrid_q	B	5000	5.924525297439452e-06
8301	atomwise.outnet.2.linear.weight	0.028326	run_hybrid_q_sB	hybrid_q	B	5000	5.924525297439452e-06
8401	atomwise.linear_nn.linear.bias	0.0088533	run_hybrid_q_sB	hybrid_q	B	5000	5.924525297439452e-06
8401	atomwise.linear_nn.linear.weight	0.022526	run_hybrid_q_sB	hybrid_q	B	5000	5.924525297439452e-06
8401	atomwise.outnet.0.linear.bias	0.013549	run_hybrid_q_sB	hybrid_q	B	5000	5.924525297439452e-06
8401	atomwise.outnet.0.linear.weight	0.014602	run_hybrid_q_sB	hybrid_q	B	5000	5.924525297439452e-06
8401	atomwise.outnet.1.linear.bias	0.011932	run_hybrid_q_sB	hybrid_q	B	5000	5.924525297439452e-06
8401	atomwise.outnet.1.linear.weight	0.015975	run_hybrid_q_sB	hybrid_q	B	5000	5.924525297439452e-06
8401	atomwise.outnet.2.linear.bias	0.0088533	run_hybrid_q_sB	hybrid_q	B	5000	5.924525297439452e-06
8401	atomwise.outnet.2.linear.weight	0.047809	run_hybrid_q_sB	hybrid_q	B	5000	5.924525297439452e-06
8501	atomwise.linear_nn.linear.bias	0.0026159	run_hybrid_q_sB	hybrid_q	B	5000	5.924525297439452e-06
8501	atomwise.linear_nn.linear.weight	0.027046	run_hybrid_q_sB	hybrid_q	B	5000	5.924525297439452e-06
8501	atomwise.outnet.0.linear.bias	0.011664	run_hybrid_q_sB	hybrid_q	B	5000	5.924525297439452e-06
8501	atomwise.outnet.0.linear.weight	0.016292	run_hybrid_q_sB	hybrid_q	B	5000	5.924525297439452e-06
8501	atomwise.outnet.1.linear.bias	0.011604	run_hybrid_q_sB	hybrid_q	B	5000	5.924525297439452e-06
8501	atomwise.outnet.1.linear.weight	0.016938	run_hybrid_q_sB	hybrid_q	B	5000	5.924525297439452e-06
8501	atomwise.outnet.2.linear.bias	0.0026159	run_hybrid_q_sB	hybrid_q	B	5000	5.924525297439452e-06
8501	atomwise.outnet.2.linear.weight	0.049514	run_hybrid_q_sB	hybrid_q	B	5000	5.924525297439452e-06
8601	atomwise.linear_nn.linear.bias	0.013889	run_hybrid_q_sB	hybrid_q	B	5000	5.924525297439452e-06
8601	atomwise.linear_nn.linear.weight	0.053699	run_hybrid_q_sB	hybrid_q	B	5000	5.924525297439452e-06
8601	atomwise.outnet.0.linear.bias	0.032402	run_hybrid_q_sB	hybrid_q	B	5000	5.924525297439452e-06
8601	atomwise.outnet.0.linear.weight	0.031517	run_hybrid_q_sB	hybrid_q	B	5000	5.924525297439452e-06
8601	atomwise.outnet.1.linear.bias	0.028571	run_hybrid_q_sB	hybrid_q	B	5000	5.924525297439452e-06
8601	atomwise.outnet.1.linear.weight	0.04255	run_hybrid_q_sB	hybrid_q	B	5000	5.924525297439452e-06
8601	atomwise.outnet.2.linear.bias	0.013889	run_hybrid_q_sB	hybrid_q	B	5000	5.924525297439452e-06
8601	atomwise.outnet.2.linear.weight	0.12094	run_hybrid_q_sB	hybrid_q	B	5000	5.924525297439452e-06
8701	atomwise.linear_nn.linear.bias	0.021265	run_hybrid_q_sB	hybrid_q	B	5000	5.924525297439452e-06
8701	atomwise.linear_nn.linear.weight	0.070217	run_hybrid_q_sB	hybrid_q	B	5000	5.924525297439452e-06
8701	atomwise.outnet.0.linear.bias	0.042223	run_hybrid_q_sB	hybrid_q	B	5000	5.924525297439452e-06
8701	atomwise.outnet.0.linear.weight	0.038514	run_hybrid_q_sB	hybrid_q	B	5000	5.924525297439452e-06
8701	atomwise.outnet.1.linear.bias	0.035525	run_hybrid_q_sB	hybrid_q	B	5000	5.924525297439452e-06
8701	atomwise.outnet.1.linear.weight	0.051564	run_hybrid_q_sB	hybrid_q	B	5000	5.924525297439452e-06
8701	atomwise.outnet.2.linear.bias	0.021265	run_hybrid_q_sB	hybrid_q	B	5000	5.924525297439452e-06
8701	atomwise.outnet.2.linear.weight	0.14645	run_hybrid_q_sB	hybrid_q	B	5000	5.924525297439452e-06
8801	atomwise.linear_nn.linear.bias	0.017995	run_hybrid_q_sB	hybrid_q	B	5000	5.924525297439452e-06
8801	atomwise.linear_nn.linear.weight	0.032742	run_hybrid_q_sB	hybrid_q	B	5000	5.924525297439452e-06
8801	atomwise.outnet.0.linear.bias	0.021914	run_hybrid_q_sB	hybrid_q	B	5000	5.924525297439452e-06
8801	atomwise.outnet.0.linear.weight	0.019833	run_hybrid_q_sB	hybrid_q	B	5000	5.924525297439452e-06
8801	atomwise.outnet.1.linear.bias	0.017871	run_hybrid_q_sB	hybrid_q	B	5000	5.924525297439452e-06
8801	atomwise.outnet.1.linear.weight	0.02121	run_hybrid_q_sB	hybrid_q	B	5000	5.924525297439452e-06
8801	atomwise.outnet.2.linear.bias	0.017995	run_hybrid_q_sB	hybrid_q	B	5000	5.924525297439452e-06
8801	atomwise.outnet.2.linear.weight	0.063458	run_hybrid_q_sB	hybrid_q	B	5000	5.924525297439452e-06
8901	atomwise.linear_nn.linear.bias	0.006762	run_hybrid_q_sB	hybrid_q	B	5000	5.924525297439452e-06
8901	atomwise.linear_nn.linear.weight	0.037067	run_hybrid_q_sB	hybrid_q	B	5000	5.924525297439452e-06
8901	atomwise.outnet.0.linear.bias	0.017805	run_hybrid_q_sB	hybrid_q	B	5000	5.924525297439452e-06
8901	atomwise.outnet.0.linear.weight	0.021015	run_hybrid_q_sB	hybrid_q	B	5000	5.924525297439452e-06
8901	atomwise.outnet.1.linear.bias	0.015647	run_hybrid_q_sB	hybrid_q	B	5000	5.924525297439452e-06
8901	atomwise.outnet.1.linear.weight	0.022867	run_hybrid_q_sB	hybrid_q	B	5000	5.924525297439452e-06
8901	atomwise.outnet.2.linear.bias	0.006762	run_hybrid_q_sB	hybrid_q	B	5000	5.924525297439452e-06
8901	atomwise.outnet.2.linear.weight	0.064266	run_hybrid_q_sB	hybrid_q	B	5000	5.924525297439452e-06
9001	atomwise.linear_nn.linear.bias	0.046462	run_hybrid_q_sB	hybrid_q	B	5000	5.924525297439452e-06
9001	atomwise.linear_nn.linear.weight	0.070853	run_hybrid_q_sB	hybrid_q	B	5000	5.924525297439452e-06
9001	atomwise.outnet.0.linear.bias	0.058837	run_hybrid_q_sB	hybrid_q	B	5000	5.924525297439452e-06
9001	atomwise.outnet.0.linear.weight	0.04557	run_hybrid_q_sB	hybrid_q	B	5000	5.924525297439452e-06
9001	atomwise.outnet.1.linear.bias	0.046882	run_hybrid_q_sB	hybrid_q	B	5000	5.924525297439452e-06
9001	atomwise.outnet.1.linear.weight	0.060197	run_hybrid_q_sB	hybrid_q	B	5000	5.924525297439452e-06
9001	atomwise.outnet.2.linear.bias	0.046462	run_hybrid_q_sB	hybrid_q	B	5000	5.924525297439452e-06
9001	atomwise.outnet.2.linear.weight	0.182	run_hybrid_q_sB	hybrid_q	B	5000	5.924525297439452e-06
9101	atomwise.linear_nn.linear.bias	0.019583	run_hybrid_q_sB	hybrid_q	B	5000	5.924525297439452e-06
9101	atomwise.linear_nn.linear.weight	0.025093	run_hybrid_q_sB	hybrid_q	B	5000	5.924525297439452e-06
9101	atomwise.outnet.0.linear.bias	0.021425	run_hybrid_q_sB	hybrid_q	B	5000	5.924525297439452e-06
9101	atomwise.outnet.0.linear.weight	0.016818	run_hybrid_q_sB	hybrid_q	B	5000	5.924525297439452e-06
9101	atomwise.outnet.1.linear.bias	0.017004	run_hybrid_q_sB	hybrid_q	B	5000	5.924525297439452e-06
9101	atomwise.outnet.1.linear.weight	0.021301	run_hybrid_q_sB	hybrid_q	B	5000	5.924525297439452e-06
9101	atomwise.outnet.2.linear.bias	0.019583	run_hybrid_q_sB	hybrid_q	B	5000	5.924525297439452e-06
9101	atomwise.outnet.2.linear.weight	0.063949	run_hybrid_q_sB	hybrid_q	B	5000	5.924525297439452e-06
9201	atomwise.linear_nn.linear.bias	0.022159	run_hybrid_q_sB	hybrid_q	B	5000	5.924525297439452e-06
9201	atomwise.linear_nn.linear.weight	0.056979	run_hybrid_q_sB	hybrid_q	B	5000	5.924525297439452e-06
9201	atomwise.outnet.0.linear.bias	0.03688	run_hybrid_q_sB	hybrid_q	B	5000	5.924525297439452e-06
9201	atomwise.outnet.0.linear.weight	0.0323	run_hybrid_q_sB	hybrid_q	B	5000	5.924525297439452e-06
9201	atomwise.outnet.1.linear.bias	0.030018	run_hybrid_q_sB	hybrid_q	B	5000	5.924525297439452e-06
9201	atomwise.outnet.1.linear.weight	0.041584	run_hybrid_q_sB	hybrid_q	B	5000	5.924525297439452e-06
9201	atomwise.outnet.2.linear.bias	0.022159	run_hybrid_q_sB	hybrid_q	B	5000	5.924525297439452e-06
9201	atomwise.outnet.2.linear.weight	0.12091	run_hybrid_q_sB	hybrid_q	B	5000	5.924525297439452e-06
9301	atomwise.linear_nn.linear.bias	0.017402	run_hybrid_q_sB	hybrid_q	B	5000	5.924525297439452e-06
9301	atomwise.linear_nn.linear.weight	0.042638	run_hybrid_q_sB	hybrid_q	B	5000	5.924525297439452e-06
9301	atomwise.outnet.0.linear.bias	0.029607	run_hybrid_q_sB	hybrid_q	B	5000	5.924525297439452e-06
9301	atomwise.outnet.0.linear.weight	0.024435	run_hybrid_q_sB	hybrid_q	B	5000	5.924525297439452e-06
9301	atomwise.outnet.1.linear.bias	0.024101	run_hybrid_q_sB	hybrid_q	B	5000	5.924525297439452e-06
9301	atomwise.outnet.1.linear.weight	0.033033	run_hybrid_q_sB	hybrid_q	B	5000	5.924525297439452e-06
9301	atomwise.outnet.2.linear.bias	0.017402	run_hybrid_q_sB	hybrid_q	B	5000	5.924525297439452e-06
9301	atomwise.outnet.2.linear.weight	0.096839	run_hybrid_q_sB	hybrid_q	B	5000	5.924525297439452e-06
9401	atomwise.linear_nn.linear.bias	0.0034586	run_hybrid_q_sB	hybrid_q	B	5000	5.924525297439452e-06
9401	atomwise.linear_nn.linear.weight	0.0099175	run_hybrid_q_sB	hybrid_q	B	5000	5.924525297439452e-06
9401	atomwise.outnet.0.linear.bias	0.005798	run_hybrid_q_sB	hybrid_q	B	5000	5.924525297439452e-06
9401	atomwise.outnet.0.linear.weight	0.0060854	run_hybrid_q_sB	hybrid_q	B	5000	5.924525297439452e-06
9401	atomwise.outnet.1.linear.bias	0.0048046	run_hybrid_q_sB	hybrid_q	B	5000	5.924525297439452e-06
9401	atomwise.outnet.1.linear.weight	0.0076221	run_hybrid_q_sB	hybrid_q	B	5000	5.924525297439452e-06
9401	atomwise.outnet.2.linear.bias	0.0034586	run_hybrid_q_sB	hybrid_q	B	5000	5.924525297439452e-06
9401	atomwise.outnet.2.linear.weight	0.022387	run_hybrid_q_sB	hybrid_q	B	5000	5.924525297439452e-06
9501	atomwise.linear_nn.linear.bias	0.021446	run_hybrid_q_sB	hybrid_q	B	5000	5.924525297439452e-06
9501	atomwise.linear_nn.linear.weight	0.048465	run_hybrid_q_sB	hybrid_q	B	5000	5.924525297439452e-06
9501	atomwise.outnet.0.linear.bias	0.033261	run_hybrid_q_sB	hybrid_q	B	5000	5.924525297439452e-06
9501	atomwise.outnet.0.linear.weight	0.029873	run_hybrid_q_sB	hybrid_q	B	5000	5.924525297439452e-06
9501	atomwise.outnet.1.linear.bias	0.026774	run_hybrid_q_sB	hybrid_q	B	5000	5.924525297439452e-06
9501	atomwise.outnet.1.linear.weight	0.037609	run_hybrid_q_sB	hybrid_q	B	5000	5.924525297439452e-06
9501	atomwise.outnet.2.linear.bias	0.021446	run_hybrid_q_sB	hybrid_q	B	5000	5.924525297439452e-06
9501	atomwise.outnet.2.linear.weight	0.11075	run_hybrid_q_sB	hybrid_q	B	5000	5.924525297439452e-06
9601	atomwise.linear_nn.linear.bias	0.01176	run_hybrid_q_sB	hybrid_q	B	5000	5.924525297439452e-06
9601	atomwise.linear_nn.linear.weight	0.02417	run_hybrid_q_sB	hybrid_q	B	5000	5.924525297439452e-06
9601	atomwise.outnet.0.linear.bias	0.0044438	run_hybrid_q_sB	hybrid_q	B	5000	5.924525297439452e-06
9601	atomwise.outnet.0.linear.weight	0.010111	run_hybrid_q_sB	hybrid_q	B	5000	5.924525297439452e-06
9601	atomwise.outnet.1.linear.bias	0.0049397	run_hybrid_q_sB	hybrid_q	B	5000	5.924525297439452e-06
9601	atomwise.outnet.1.linear.weight	0.008383	run_hybrid_q_sB	hybrid_q	B	5000	5.924525297439452e-06
9601	atomwise.outnet.2.linear.bias	0.01176	run_hybrid_q_sB	hybrid_q	B	5000	5.924525297439452e-06
9601	atomwise.outnet.2.linear.weight	0.010188	run_hybrid_q_sB	hybrid_q	B	5000	5.924525297439452e-06
9701	atomwise.linear_nn.linear.bias	0.0010452	run_hybrid_q_sB	hybrid_q	B	5000	5.924525297439452e-06
9701	atomwise.linear_nn.linear.weight	0.024426	run_hybrid_q_sB	hybrid_q	B	5000	5.924525297439452e-06
9701	atomwise.outnet.0.linear.bias	0.0089282	run_hybrid_q_sB	hybrid_q	B	5000	5.924525297439452e-06
9701	atomwise.outnet.0.linear.weight	0.013317	run_hybrid_q_sB	hybrid_q	B	5000	5.924525297439452e-06
9701	atomwise.outnet.1.linear.bias	0.0092323	run_hybrid_q_sB	hybrid_q	B	5000	5.924525297439452e-06
9701	atomwise.outnet.1.linear.weight	0.015447	run_hybrid_q_sB	hybrid_q	B	5000	5.924525297439452e-06
9701	atomwise.outnet.2.linear.bias	0.0010452	run_hybrid_q_sB	hybrid_q	B	5000	5.924525297439452e-06
9701	atomwise.outnet.2.linear.weight	0.040553	run_hybrid_q_sB	hybrid_q	B	5000	5.924525297439452e-06
9801	atomwise.linear_nn.linear.bias	0.024358	run_hybrid_q_sB	hybrid_q	B	5000	5.924525297439452e-06
9801	atomwise.linear_nn.linear.weight	0.055273	run_hybrid_q_sB	hybrid_q	B	5000	5.924525297439452e-06
9801	atomwise.outnet.0.linear.bias	0.039429	run_hybrid_q_sB	hybrid_q	B	5000	5.924525297439452e-06
9801	atomwise.outnet.0.linear.weight	0.034565	run_hybrid_q_sB	hybrid_q	B	5000	5.924525297439452e-06
9801	atomwise.outnet.1.linear.bias	0.032397	run_hybrid_q_sB	hybrid_q	B	5000	5.924525297439452e-06
9801	atomwise.outnet.1.linear.weight	0.045278	run_hybrid_q_sB	hybrid_q	B	5000	5.924525297439452e-06
9801	atomwise.outnet.2.linear.bias	0.024358	run_hybrid_q_sB	hybrid_q	B	5000	5.924525297439452e-06
9801	atomwise.outnet.2.linear.weight	0.13342	run_hybrid_q_sB	hybrid_q	B	5000	5.924525297439452e-06
9901	atomwise.linear_nn.linear.bias	0.039967	run_hybrid_q_sB	hybrid_q	B	5000	5.924525297439452e-06
9901	atomwise.linear_nn.linear.weight	0.109	run_hybrid_q_sB	hybrid_q	B	5000	5.924525297439452e-06
9901	atomwise.outnet.0.linear.bias	0.071557	run_hybrid_q_sB	hybrid_q	B	5000	5.924525297439452e-06
9901	atomwise.outnet.0.linear.weight	0.063076	run_hybrid_q_sB	hybrid_q	B	5000	5.924525297439452e-06
9901	atomwise.outnet.1.linear.bias	0.059529	run_hybrid_q_sB	hybrid_q	B	5000	5.924525297439452e-06
9901	atomwise.outnet.1.linear.weight	0.084083	run_hybrid_q_sB	hybrid_q	B	5000	5.924525297439452e-06
9901	atomwise.outnet.2.linear.bias	0.039967	run_hybrid_q_sB	hybrid_q	B	5000	5.924525297439452e-06
9901	atomwise.outnet.2.linear.weight	0.24392	run_hybrid_q_sB	hybrid_q	B	5000	5.924525297439452e-06
1	atomwise.linear_nn.linear.bias	0.7506	run_hybrid_fixed_sA_d7500	hybrid_fixed	A	7500	0.001
1	atomwise.linear_nn.linear.weight	424.7	run_hybrid_fixed_sA_d7500	hybrid_fixed	A	7500	0.001
1	atomwise.outnet.0.linear.bias	0.38564	run_hybrid_fixed_sA_d7500	hybrid_fixed	A	7500	0.001
1	atomwise.outnet.0.linear.weight	23.595	run_hybrid_fixed_sA_d7500	hybrid_fixed	A	7500	0.001
1	atomwise.outnet.1.linear.bias	0.29174	run_hybrid_fixed_sA_d7500	hybrid_fixed	A	7500	0.001
1	atomwise.outnet.1.linear.weight	3.9498	run_hybrid_fixed_sA_d7500	hybrid_fixed	A	7500	0.001
1	atomwise.outnet.2.linear.bias	0.7506	run_hybrid_fixed_sA_d7500	hybrid_fixed	A	7500	0.001
1	atomwise.outnet.2.linear.weight	2.5939	run_hybrid_fixed_sA_d7500	hybrid_fixed	A	7500	0.001
101	atomwise.linear_nn.linear.bias	25.225	run_hybrid_fixed_sA_d7500	hybrid_fixed	A	7500	0.001
101	atomwise.linear_nn.linear.weight	258.25	run_hybrid_fixed_sA_d7500	hybrid_fixed	A	7500	0.001
101	atomwise.outnet.0.linear.bias	2.791	run_hybrid_fixed_sA_d7500	hybrid_fixed	A	7500	0.001
101	atomwise.outnet.0.linear.weight	42.576	run_hybrid_fixed_sA_d7500	hybrid_fixed	A	7500	0.001
101	atomwise.outnet.1.linear.bias	6.7599	run_hybrid_fixed_sA_d7500	hybrid_fixed	A	7500	0.001
101	atomwise.outnet.1.linear.weight	6.8152	run_hybrid_fixed_sA_d7500	hybrid_fixed	A	7500	0.001
101	atomwise.outnet.2.linear.bias	25.225	run_hybrid_fixed_sA_d7500	hybrid_fixed	A	7500	0.001
101	atomwise.outnet.2.linear.weight	8.189	run_hybrid_fixed_sA_d7500	hybrid_fixed	A	7500	0.001
201	atomwise.linear_nn.linear.bias	7.9716	run_hybrid_fixed_sA_d7500	hybrid_fixed	A	7500	0.001
201	atomwise.linear_nn.linear.weight	78.903	run_hybrid_fixed_sA_d7500	hybrid_fixed	A	7500	0.001
201	atomwise.outnet.0.linear.bias	1.9849	run_hybrid_fixed_sA_d7500	hybrid_fixed	A	7500	0.001
201	atomwise.outnet.0.linear.weight	14.814	run_hybrid_fixed_sA_d7500	hybrid_fixed	A	7500	0.001
201	atomwise.outnet.1.linear.bias	2.5825	run_hybrid_fixed_sA_d7500	hybrid_fixed	A	7500	0.001
201	atomwise.outnet.1.linear.weight	2.8579	run_hybrid_fixed_sA_d7500	hybrid_fixed	A	7500	0.001
201	atomwise.outnet.2.linear.bias	7.9716	run_hybrid_fixed_sA_d7500	hybrid_fixed	A	7500	0.001
201	atomwise.outnet.2.linear.weight	5.246	run_hybrid_fixed_sA_d7500	hybrid_fixed	A	7500	0.001
301	atomwise.linear_nn.linear.bias	2.9774	run_hybrid_fixed_sA_d7500	hybrid_fixed	A	7500	0.001
301	atomwise.linear_nn.linear.weight	17.523	run_hybrid_fixed_sA_d7500	hybrid_fixed	A	7500	0.001
301	atomwise.outnet.0.linear.bias	0.55863	run_hybrid_fixed_sA_d7500	hybrid_fixed	A	7500	0.001
301	atomwise.outnet.0.linear.weight	3.4648	run_hybrid_fixed_sA_d7500	hybrid_fixed	A	7500	0.001
301	atomwise.outnet.1.linear.bias	1.1019	run_hybrid_fixed_sA_d7500	hybrid_fixed	A	7500	0.001
301	atomwise.outnet.1.linear.weight	1.7641	run_hybrid_fixed_sA_d7500	hybrid_fixed	A	7500	0.001
301	atomwise.outnet.2.linear.bias	2.9774	run_hybrid_fixed_sA_d7500	hybrid_fixed	A	7500	0.001
301	atomwise.outnet.2.linear.weight	3.5359	run_hybrid_fixed_sA_d7500	hybrid_fixed	A	7500	0.001
401	atomwise.linear_nn.linear.bias	2.0207	run_hybrid_fixed_sA_d7500	hybrid_fixed	A	7500	0.001
401	atomwise.linear_nn.linear.weight	165.49	run_hybrid_fixed_sA_d7500	hybrid_fixed	A	7500	0.001
401	atomwise.outnet.0.linear.bias	0.51722	run_hybrid_fixed_sA_d7500	hybrid_fixed	A	7500	0.001
401	atomwise.outnet.0.linear.weight	31.597	run_hybrid_fixed_sA_d7500	hybrid_fixed	A	7500	0.001
401	atomwise.outnet.1.linear.bias	0.50717	run_hybrid_fixed_sA_d7500	hybrid_fixed	A	7500	0.001
401	atomwise.outnet.1.linear.weight	3.548	run_hybrid_fixed_sA_d7500	hybrid_fixed	A	7500	0.001
401	atomwise.outnet.2.linear.bias	2.0207	run_hybrid_fixed_sA_d7500	hybrid_fixed	A	7500	0.001
401	atomwise.outnet.2.linear.weight	3.0358	run_hybrid_fixed_sA_d7500	hybrid_fixed	A	7500	0.001
501	atomwise.linear_nn.linear.bias	0.94393	run_hybrid_fixed_sA_d7500	hybrid_fixed	A	7500	0.001
501	atomwise.linear_nn.linear.weight	9.9737	run_hybrid_fixed_sA_d7500	hybrid_fixed	A	7500	0.001
501	atomwise.outnet.0.linear.bias	0.33545	run_hybrid_fixed_sA_d7500	hybrid_fixed	A	7500	0.001
501	atomwise.outnet.0.linear.weight	1.8877	run_hybrid_fixed_sA_d7500	hybrid_fixed	A	7500	0.001
501	atomwise.outnet.1.linear.bias	0.54985	run_hybrid_fixed_sA_d7500	hybrid_fixed	A	7500	0.001
501	atomwise.outnet.1.linear.weight	1.296	run_hybrid_fixed_sA_d7500	hybrid_fixed	A	7500	0.001
501	atomwise.outnet.2.linear.bias	0.94393	run_hybrid_fixed_sA_d7500	hybrid_fixed	A	7500	0.001
501	atomwise.outnet.2.linear.weight	2.6149	run_hybrid_fixed_sA_d7500	hybrid_fixed	A	7500	0.001
601	atomwise.linear_nn.linear.bias	0.19967	run_hybrid_fixed_sA_d7500	hybrid_fixed	A	7500	0.001
601	atomwise.linear_nn.linear.weight	23.869	run_hybrid_fixed_sA_d7500	hybrid_fixed	A	7500	0.001
601	atomwise.outnet.0.linear.bias	0.34052	run_hybrid_fixed_sA_d7500	hybrid_fixed	A	7500	0.001
601	atomwise.outnet.0.linear.weight	4.7549	run_hybrid_fixed_sA_d7500	hybrid_fixed	A	7500	0.001
601	atomwise.outnet.1.linear.bias	0.39257	run_hybrid_fixed_sA_d7500	hybrid_fixed	A	7500	0.001
601	atomwise.outnet.1.linear.weight	1.1444	run_hybrid_fixed_sA_d7500	hybrid_fixed	A	7500	0.001
601	atomwise.outnet.2.linear.bias	0.19967	run_hybrid_fixed_sA_d7500	hybrid_fixed	A	7500	0.001
601	atomwise.outnet.2.linear.weight	2.274	run_hybrid_fixed_sA_d7500	hybrid_fixed	A	7500	0.001
701	atomwise.linear_nn.linear.bias	4.2437	run_hybrid_fixed_sA_d7500	hybrid_fixed	A	7500	0.001
701	atomwise.linear_nn.linear.weight	26.114	run_hybrid_fixed_sA_d7500	hybrid_fixed	A	7500	0.001
701	atomwise.outnet.0.linear.bias	1.0706	run_hybrid_fixed_sA_d7500	hybrid_fixed	A	7500	0.001
701	atomwise.outnet.0.linear.weight	5.6303	run_hybrid_fixed_sA_d7500	hybrid_fixed	A	7500	0.001
701	atomwise.outnet.1.linear.bias	1.5617	run_hybrid_fixed_sA_d7500	hybrid_fixed	A	7500	0.001
701	atomwise.outnet.1.linear.weight	1.7196	run_hybrid_fixed_sA_d7500	hybrid_fixed	A	7500	0.001
701	atomwise.outnet.2.linear.bias	4.2437	run_hybrid_fixed_sA_d7500	hybrid_fixed	A	7500	0.001
701	atomwise.outnet.2.linear.weight	2.7448	run_hybrid_fixed_sA_d7500	hybrid_fixed	A	7500	0.001
801	atomwise.linear_nn.linear.bias	8.0141	run_hybrid_fixed_sA_d7500	hybrid_fixed	A	7500	0.001
801	atomwise.linear_nn.linear.weight	80.658	run_hybrid_fixed_sA_d7500	hybrid_fixed	A	7500	0.001
801	atomwise.outnet.0.linear.bias	1.5053	run_hybrid_fixed_sA_d7500	hybrid_fixed	A	7500	0.001
801	atomwise.outnet.0.linear.weight	18.487	run_hybrid_fixed_sA_d7500	hybrid_fixed	A	7500	0.001
801	atomwise.outnet.1.linear.bias	2.5974	run_hybrid_fixed_sA_d7500	hybrid_fixed	A	7500	0.001
801	atomwise.outnet.1.linear.weight	1.4622	run_hybrid_fixed_sA_d7500	hybrid_fixed	A	7500	0.001
801	atomwise.outnet.2.linear.bias	8.0141	run_hybrid_fixed_sA_d7500	hybrid_fixed	A	7500	0.001
801	atomwise.outnet.2.linear.weight	1.9362	run_hybrid_fixed_sA_d7500	hybrid_fixed	A	7500	0.001
901	atomwise.linear_nn.linear.bias	7.2656	run_hybrid_fixed_sA_d7500	hybrid_fixed	A	7500	0.001
901	atomwise.linear_nn.linear.weight	40.117	run_hybrid_fixed_sA_d7500	hybrid_fixed	A	7500	0.001
901	atomwise.outnet.0.linear.bias	2.0551	run_hybrid_fixed_sA_d7500	hybrid_fixed	A	7500	0.001
901	atomwise.outnet.0.linear.weight	10.556	run_hybrid_fixed_sA_d7500	hybrid_fixed	A	7500	0.001
901	atomwise.outnet.1.linear.bias	2.9893	run_hybrid_fixed_sA_d7500	hybrid_fixed	A	7500	0.001
901	atomwise.outnet.1.linear.weight	4.3534	run_hybrid_fixed_sA_d7500	hybrid_fixed	A	7500	0.001
901	atomwise.outnet.2.linear.bias	7.2656	run_hybrid_fixed_sA_d7500	hybrid_fixed	A	7500	0.001
901	atomwise.outnet.2.linear.weight	8.1161	run_hybrid_fixed_sA_d7500	hybrid_fixed	A	7500	0.001
1001	atomwise.linear_nn.linear.bias	4.8335	run_hybrid_fixed_sA_d7500	hybrid_fixed	A	7500	0.001
1001	atomwise.linear_nn.linear.weight	44.905	run_hybrid_fixed_sA_d7500	hybrid_fixed	A	7500	0.001
1001	atomwise.outnet.0.linear.bias	1.2361	run_hybrid_fixed_sA_d7500	hybrid_fixed	A	7500	0.001
1001	atomwise.outnet.0.linear.weight	12.204	run_hybrid_fixed_sA_d7500	hybrid_fixed	A	7500	0.001
1001	atomwise.outnet.1.linear.bias	2.0656	run_hybrid_fixed_sA_d7500	hybrid_fixed	A	7500	0.001
1001	atomwise.outnet.1.linear.weight	3.3093	run_hybrid_fixed_sA_d7500	hybrid_fixed	A	7500	0.001
1001	atomwise.outnet.2.linear.bias	4.8335	run_hybrid_fixed_sA_d7500	hybrid_fixed	A	7500	0.001
1001	atomwise.outnet.2.linear.weight	6.5984	run_hybrid_fixed_sA_d7500	hybrid_fixed	A	7500	0.001
1101	atomwise.linear_nn.linear.bias	3.0125	run_hybrid_fixed_sA_d7500	hybrid_fixed	A	7500	0.001
1101	atomwise.linear_nn.linear.weight	81.821	run_hybrid_fixed_sA_d7500	hybrid_fixed	A	7500	0.001
1101	atomwise.outnet.0.linear.bias	0.93896	run_hybrid_fixed_sA_d7500	hybrid_fixed	A	7500	0.001
1101	atomwise.outnet.0.linear.weight	23.639	run_hybrid_fixed_sA_d7500	hybrid_fixed	A	7500	0.001
1101	atomwise.outnet.1.linear.bias	1.5024	run_hybrid_fixed_sA_d7500	hybrid_fixed	A	7500	0.001
1101	atomwise.outnet.1.linear.weight	3.7816	run_hybrid_fixed_sA_d7500	hybrid_fixed	A	7500	0.001
1101	atomwise.outnet.2.linear.bias	3.0125	run_hybrid_fixed_sA_d7500	hybrid_fixed	A	7500	0.001
1101	atomwise.outnet.2.linear.weight	7.0803	run_hybrid_fixed_sA_d7500	hybrid_fixed	A	7500	0.001
1201	atomwise.linear_nn.linear.bias	6.5505	run_hybrid_fixed_sA_d7500	hybrid_fixed	A	7500	0.001
1201	atomwise.linear_nn.linear.weight	137.82	run_hybrid_fixed_sA_d7500	hybrid_fixed	A	7500	0.001
1201	atomwise.outnet.0.linear.bias	2.6904	run_hybrid_fixed_sA_d7500	hybrid_fixed	A	7500	0.001
1201	atomwise.outnet.0.linear.weight	42.317	run_hybrid_fixed_sA_d7500	hybrid_fixed	A	7500	0.001
1201	atomwise.outnet.1.linear.bias	3.5155	run_hybrid_fixed_sA_d7500	hybrid_fixed	A	7500	0.001
1201	atomwise.outnet.1.linear.weight	8.1224	run_hybrid_fixed_sA_d7500	hybrid_fixed	A	7500	0.001
1201	atomwise.outnet.2.linear.bias	6.5505	run_hybrid_fixed_sA_d7500	hybrid_fixed	A	7500	0.001
1201	atomwise.outnet.2.linear.weight	16.214	run_hybrid_fixed_sA_d7500	hybrid_fixed	A	7500	0.001
1301	atomwise.linear_nn.linear.bias	5.6063	run_hybrid_fixed_sA_d7500	hybrid_fixed	A	7500	0.001
1301	atomwise.linear_nn.linear.weight	172.01	run_hybrid_fixed_sA_d7500	hybrid_fixed	A	7500	0.001
1301	atomwise.outnet.0.linear.bias	0.60608	run_hybrid_fixed_sA_d7500	hybrid_fixed	A	7500	0.001
1301	atomwise.outnet.0.linear.weight	53.435	run_hybrid_fixed_sA_d7500	hybrid_fixed	A	7500	0.001
1301	atomwise.outnet.1.linear.bias	1.7467	run_hybrid_fixed_sA_d7500	hybrid_fixed	A	7500	0.001
1301	atomwise.outnet.1.linear.weight	5.5173	run_hybrid_fixed_sA_d7500	hybrid_fixed	A	7500	0.001
1301	atomwise.outnet.2.linear.bias	5.6063	run_hybrid_fixed_sA_d7500	hybrid_fixed	A	7500	0.001
1301	atomwise.outnet.2.linear.weight	3.3379	run_hybrid_fixed_sA_d7500	hybrid_fixed	A	7500	0.001
1401	atomwise.linear_nn.linear.bias	6.8228	run_hybrid_fixed_sA_d7500	hybrid_fixed	A	7500	0.001
1401	atomwise.linear_nn.linear.weight	68.557	run_hybrid_fixed_sA_d7500	hybrid_fixed	A	7500	0.001
1401	atomwise.outnet.0.linear.bias	2.0696	run_hybrid_fixed_sA_d7500	hybrid_fixed	A	7500	0.001
1401	atomwise.outnet.0.linear.weight	21.365	run_hybrid_fixed_sA_d7500	hybrid_fixed	A	7500	0.001
1401	atomwise.outnet.1.linear.bias	3.3777	run_hybrid_fixed_sA_d7500	hybrid_fixed	A	7500	0.001
1401	atomwise.outnet.1.linear.weight	6.5236	run_hybrid_fixed_sA_d7500	hybrid_fixed	A	7500	0.001
1401	atomwise.outnet.2.linear.bias	6.8228	run_hybrid_fixed_sA_d7500	hybrid_fixed	A	7500	0.001
1401	atomwise.outnet.2.linear.weight	14.077	run_hybrid_fixed_sA_d7500	hybrid_fixed	A	7500	0.001
1501	atomwise.linear_nn.linear.bias	7.7962	run_hybrid_fixed_sA_d7500	hybrid_fixed	A	7500	0.001
1501	atomwise.linear_nn.linear.weight	86.545	run_hybrid_fixed_sA_d7500	hybrid_fixed	A	7500	0.001
1501	atomwise.outnet.0.linear.bias	1.6967	run_hybrid_fixed_sA_d7500	hybrid_fixed	A	7500	0.001
1501	atomwise.outnet.0.linear.weight	28.013	run_hybrid_fixed_sA_d7500	hybrid_fixed	A	7500	0.001
1501	atomwise.outnet.1.linear.bias	2.7471	run_hybrid_fixed_sA_d7500	hybrid_fixed	A	7500	0.001
1501	atomwise.outnet.1.linear.weight	2.8683	run_hybrid_fixed_sA_d7500	hybrid_fixed	A	7500	0.001
1501	atomwise.outnet.2.linear.bias	7.7962	run_hybrid_fixed_sA_d7500	hybrid_fixed	A	7500	0.001
1501	atomwise.outnet.2.linear.weight	2.6025	run_hybrid_fixed_sA_d7500	hybrid_fixed	A	7500	0.001
1601	atomwise.linear_nn.linear.bias	3.4609	run_hybrid_fixed_sA_d7500	hybrid_fixed	A	7500	0.001
1601	atomwise.linear_nn.linear.weight	73.151	run_hybrid_fixed_sA_d7500	hybrid_fixed	A	7500	0.001
1601	atomwise.outnet.0.linear.bias	0.35873	run_hybrid_fixed_sA_d7500	hybrid_fixed	A	7500	0.001
1601	atomwise.outnet.0.linear.weight	24.379	run_hybrid_fixed_sA_d7500	hybrid_fixed	A	7500	0.001
1601	atomwise.outnet.1.linear.bias	1.1304	run_hybrid_fixed_sA_d7500	hybrid_fixed	A	7500	0.001
1601	atomwise.outnet.1.linear.weight	2.6388	run_hybrid_fixed_sA_d7500	hybrid_fixed	A	7500	0.001
1601	atomwise.outnet.2.linear.bias	3.4609	run_hybrid_fixed_sA_d7500	hybrid_fixed	A	7500	0.001
1601	atomwise.outnet.2.linear.weight	1.6272	run_hybrid_fixed_sA_d7500	hybrid_fixed	A	7500	0.001
1701	atomwise.linear_nn.linear.bias	6.6031	run_hybrid_fixed_sA_d7500	hybrid_fixed	A	7500	0.001
1701	atomwise.linear_nn.linear.weight	90.793	run_hybrid_fixed_sA_d7500	hybrid_fixed	A	7500	0.001
1701	atomwise.outnet.0.linear.bias	2.4997	run_hybrid_fixed_sA_d7500	hybrid_fixed	A	7500	0.001
1701	atomwise.outnet.0.linear.weight	31.369	run_hybrid_fixed_sA_d7500	hybrid_fixed	A	7500	0.001
1701	atomwise.outnet.1.linear.bias	3.1813	run_hybrid_fixed_sA_d7500	hybrid_fixed	A	7500	0.001
1701	atomwise.outnet.1.linear.weight	6.9872	run_hybrid_fixed_sA_d7500	hybrid_fixed	A	7500	0.001
1701	atomwise.outnet.2.linear.bias	6.6031	run_hybrid_fixed_sA_d7500	hybrid_fixed	A	7500	0.001
1701	atomwise.outnet.2.linear.weight	13.343	run_hybrid_fixed_sA_d7500	hybrid_fixed	A	7500	0.001
1801	atomwise.linear_nn.linear.bias	0.63359	run_hybrid_fixed_sA_d7500	hybrid_fixed	A	7500	0.001
1801	atomwise.linear_nn.linear.weight	82.101	run_hybrid_fixed_sA_d7500	hybrid_fixed	A	7500	0.001
1801	atomwise.outnet.0.linear.bias	1.542	run_hybrid_fixed_sA_d7500	hybrid_fixed	A	7500	0.001
1801	atomwise.outnet.0.linear.weight	29.269	run_hybrid_fixed_sA_d7500	hybrid_fixed	A	7500	0.001
1801	atomwise.outnet.1.linear.bias	1.0085	run_hybrid_fixed_sA_d7500	hybrid_fixed	A	7500	0.001
1801	atomwise.outnet.1.linear.weight	4.7387	run_hybrid_fixed_sA_d7500	hybrid_fixed	A	7500	0.001
1801	atomwise.outnet.2.linear.bias	0.63359	run_hybrid_fixed_sA_d7500	hybrid_fixed	A	7500	0.001
1801	atomwise.outnet.2.linear.weight	4.3796	run_hybrid_fixed_sA_d7500	hybrid_fixed	A	7500	0.001
1901	atomwise.linear_nn.linear.bias	0.15062	run_hybrid_fixed_sA_d7500	hybrid_fixed	A	7500	0.001
1901	atomwise.linear_nn.linear.weight	44.689	run_hybrid_fixed_sA_d7500	hybrid_fixed	A	7500	0.001
1901	atomwise.outnet.0.linear.bias	1.0413	run_hybrid_fixed_sA_d7500	hybrid_fixed	A	7500	0.001
1901	atomwise.outnet.0.linear.weight	16.14	run_hybrid_fixed_sA_d7500	hybrid_fixed	A	7500	0.001
1901	atomwise.outnet.1.linear.bias	1.0786	run_hybrid_fixed_sA_d7500	hybrid_fixed	A	7500	0.001
1901	atomwise.outnet.1.linear.weight	3.8111	run_hybrid_fixed_sA_d7500	hybrid_fixed	A	7500	0.001
1901	atomwise.outnet.2.linear.bias	0.15062	run_hybrid_fixed_sA_d7500	hybrid_fixed	A	7500	0.001
1901	atomwise.outnet.2.linear.weight	5.9796	run_hybrid_fixed_sA_d7500	hybrid_fixed	A	7500	0.001
2001	atomwise.linear_nn.linear.bias	8.3188	run_hybrid_fixed_sA_d7500	hybrid_fixed	A	7500	0.001
2001	atomwise.linear_nn.linear.weight	74.969	run_hybrid_fixed_sA_d7500	hybrid_fixed	A	7500	0.001
2001	atomwise.outnet.0.linear.bias	4.8685	run_hybrid_fixed_sA_d7500	hybrid_fixed	A	7500	0.001
2001	atomwise.outnet.0.linear.weight	28.133	run_hybrid_fixed_sA_d7500	hybrid_fixed	A	7500	0.001
2001	atomwise.outnet.1.linear.bias	3.8808	run_hybrid_fixed_sA_d7500	hybrid_fixed	A	7500	0.001
2001	atomwise.outnet.1.linear.weight	4.5886	run_hybrid_fixed_sA_d7500	hybrid_fixed	A	7500	0.001
2001	atomwise.outnet.2.linear.bias	8.3188	run_hybrid_fixed_sA_d7500	hybrid_fixed	A	7500	0.001
2001	atomwise.outnet.2.linear.weight	4.1115	run_hybrid_fixed_sA_d7500	hybrid_fixed	A	7500	0.001
2101	atomwise.linear_nn.linear.bias	2.3217	run_hybrid_fixed_sA_d7500	hybrid_fixed	A	7500	0.001
2101	atomwise.linear_nn.linear.weight	169.31	run_hybrid_fixed_sA_d7500	hybrid_fixed	A	7500	0.001
2101	atomwise.outnet.0.linear.bias	2.5024	run_hybrid_fixed_sA_d7500	hybrid_fixed	A	7500	0.001
2101	atomwise.outnet.0.linear.weight	62.314	run_hybrid_fixed_sA_d7500	hybrid_fixed	A	7500	0.001
2101	atomwise.outnet.1.linear.bias	0.92067	run_hybrid_fixed_sA_d7500	hybrid_fixed	A	7500	0.001
2101	atomwise.outnet.1.linear.weight	9.0998	run_hybrid_fixed_sA_d7500	hybrid_fixed	A	7500	0.001
2101	atomwise.outnet.2.linear.bias	2.3217	run_hybrid_fixed_sA_d7500	hybrid_fixed	A	7500	0.001
2101	atomwise.outnet.2.linear.weight	4.3979	run_hybrid_fixed_sA_d7500	hybrid_fixed	A	7500	0.001
2201	atomwise.linear_nn.linear.bias	0.34829	run_hybrid_fixed_sA_d7500	hybrid_fixed	A	7500	0.001
2201	atomwise.linear_nn.linear.weight	64.576	run_hybrid_fixed_sA_d7500	hybrid_fixed	A	7500	0.001
2201	atomwise.outnet.0.linear.bias	2.1167	run_hybrid_fixed_sA_d7500	hybrid_fixed	A	7500	0.001
2201	atomwise.outnet.0.linear.weight	24.976	run_hybrid_fixed_sA_d7500	hybrid_fixed	A	7500	0.001
2201	atomwise.outnet.1.linear.bias	2.4249	run_hybrid_fixed_sA_d7500	hybrid_fixed	A	7500	0.001
2201	atomwise.outnet.1.linear.weight	7.2683	run_hybrid_fixed_sA_d7500	hybrid_fixed	A	7500	0.001
2201	atomwise.outnet.2.linear.bias	0.34829	run_hybrid_fixed_sA_d7500	hybrid_fixed	A	7500	0.001
2201	atomwise.outnet.2.linear.weight	14.085	run_hybrid_fixed_sA_d7500	hybrid_fixed	A	7500	0.001
2301	atomwise.linear_nn.linear.bias	4.7047	run_hybrid_fixed_sA_d7500	hybrid_fixed	A	7500	0.001
2301	atomwise.linear_nn.linear.weight	47.992	run_hybrid_fixed_sA_d7500	hybrid_fixed	A	7500	0.001
2301	atomwise.outnet.0.linear.bias	0.9114	run_hybrid_fixed_sA_d7500	hybrid_fixed	A	7500	0.001
2301	atomwise.outnet.0.linear.weight	18.441	run_hybrid_fixed_sA_d7500	hybrid_fixed	A	7500	0.001
2301	atomwise.outnet.1.linear.bias	1.8334	run_hybrid_fixed_sA_d7500	hybrid_fixed	A	7500	0.001
2301	atomwise.outnet.1.linear.weight	2.5641	run_hybrid_fixed_sA_d7500	hybrid_fixed	A	7500	0.001
2301	atomwise.outnet.2.linear.bias	4.7047	run_hybrid_fixed_sA_d7500	hybrid_fixed	A	7500	0.001
2301	atomwise.outnet.2.linear.weight	3.6818	run_hybrid_fixed_sA_d7500	hybrid_fixed	A	7500	0.001
2401	atomwise.linear_nn.linear.bias	3.3965	run_hybrid_fixed_sA_d7500	hybrid_fixed	A	7500	0.001
2401	atomwise.linear_nn.linear.weight	112.17	run_hybrid_fixed_sA_d7500	hybrid_fixed	A	7500	0.001
2401	atomwise.outnet.0.linear.bias	4.3051	run_hybrid_fixed_sA_d7500	hybrid_fixed	A	7500	0.001
2401	atomwise.outnet.0.linear.weight	45.318	run_hybrid_fixed_sA_d7500	hybrid_fixed	A	7500	0.001
2401	atomwise.outnet.1.linear.bias	2.3431	run_hybrid_fixed_sA_d7500	hybrid_fixed	A	7500	0.001
2401	atomwise.outnet.1.linear.weight	8.0698	run_hybrid_fixed_sA_d7500	hybrid_fixed	A	7500	0.001
2401	atomwise.outnet.2.linear.bias	3.3965	run_hybrid_fixed_sA_d7500	hybrid_fixed	A	7500	0.001
2401	atomwise.outnet.2.linear.weight	3.9944	run_hybrid_fixed_sA_d7500	hybrid_fixed	A	7500	0.001
2501	atomwise.linear_nn.linear.bias	0.54924	run_hybrid_fixed_sA_d7500	hybrid_fixed	A	7500	0.001
2501	atomwise.linear_nn.linear.weight	100.4	run_hybrid_fixed_sA_d7500	hybrid_fixed	A	7500	0.001
2501	atomwise.outnet.0.linear.bias	2.3373	run_hybrid_fixed_sA_d7500	hybrid_fixed	A	7500	0.001
2501	atomwise.outnet.0.linear.weight	41.21	run_hybrid_fixed_sA_d7500	hybrid_fixed	A	7500	0.001
2501	atomwise.outnet.1.linear.bias	0.80988	run_hybrid_fixed_sA_d7500	hybrid_fixed	A	7500	0.001
2501	atomwise.outnet.1.linear.weight	6.1657	run_hybrid_fixed_sA_d7500	hybrid_fixed	A	7500	0.001
2501	atomwise.outnet.2.linear.bias	0.54924	run_hybrid_fixed_sA_d7500	hybrid_fixed	A	7500	0.001
2501	atomwise.outnet.2.linear.weight	2.9083	run_hybrid_fixed_sA_d7500	hybrid_fixed	A	7500	0.001
2601	atomwise.linear_nn.linear.bias	4.912	run_hybrid_fixed_sA_d7500	hybrid_fixed	A	7500	0.001
2601	atomwise.linear_nn.linear.weight	105.85	run_hybrid_fixed_sA_d7500	hybrid_fixed	A	7500	0.001
2601	atomwise.outnet.0.linear.bias	1.9228	run_hybrid_fixed_sA_d7500	hybrid_fixed	A	7500	0.001
2601	atomwise.outnet.0.linear.weight	44.706	run_hybrid_fixed_sA_d7500	hybrid_fixed	A	7500	0.001
2601	atomwise.outnet.1.linear.bias	2.4503	run_hybrid_fixed_sA_d7500	hybrid_fixed	A	7500	0.001
2601	atomwise.outnet.1.linear.weight	7.9736	run_hybrid_fixed_sA_d7500	hybrid_fixed	A	7500	0.001
2601	atomwise.outnet.2.linear.bias	4.912	run_hybrid_fixed_sA_d7500	hybrid_fixed	A	7500	0.001
2601	atomwise.outnet.2.linear.weight	10.337	run_hybrid_fixed_sA_d7500	hybrid_fixed	A	7500	0.001
2701	atomwise.linear_nn.linear.bias	5.4941	run_hybrid_fixed_sA_d7500	hybrid_fixed	A	7500	0.001
2701	atomwise.linear_nn.linear.weight	24.566	run_hybrid_fixed_sA_d7500	hybrid_fixed	A	7500	0.001
2701	atomwise.outnet.0.linear.bias	4.1517	run_hybrid_fixed_sA_d7500	hybrid_fixed	A	7500	0.001
2701	atomwise.outnet.0.linear.weight	10.995	run_hybrid_fixed_sA_d7500	hybrid_fixed	A	7500	0.001
2701	atomwise.outnet.1.linear.bias	3.1048	run_hybrid_fixed_sA_d7500	hybrid_fixed	A	7500	0.001
2701	atomwise.outnet.1.linear.weight	2.6407	run_hybrid_fixed_sA_d7500	hybrid_fixed	A	7500	0.001
2701	atomwise.outnet.2.linear.bias	5.4941	run_hybrid_fixed_sA_d7500	hybrid_fixed	A	7500	0.001
2701	atomwise.outnet.2.linear.weight	7.5854	run_hybrid_fixed_sA_d7500	hybrid_fixed	A	7500	0.001
2801	atomwise.linear_nn.linear.bias	2.0165	run_hybrid_fixed_sA_d7500	hybrid_fixed	A	7500	0.001
2801	atomwise.linear_nn.linear.weight	54.696	run_hybrid_fixed_sA_d7500	hybrid_fixed	A	7500	0.001
2801	atomwise.outnet.0.linear.bias	2.7175	run_hybrid_fixed_sA_d7500	hybrid_fixed	A	7500	0.001
2801	atomwise.outnet.0.linear.weight	25.148	run_hybrid_fixed_sA_d7500	hybrid_fixed	A	7500	0.001
2801	atomwise.outnet.1.linear.bias	1.5195	run_hybrid_fixed_sA_d7500	hybrid_fixed	A	7500	0.001
2801	atomwise.outnet.1.linear.weight	5.3431	run_hybrid_fixed_sA_d7500	hybrid_fixed	A	7500	0.001
2801	atomwise.outnet.2.linear.bias	2.0165	run_hybrid_fixed_sA_d7500	hybrid_fixed	A	7500	0.001
2801	atomwise.outnet.2.linear.weight	3.9419	run_hybrid_fixed_sA_d7500	hybrid_fixed	A	7500	0.001
2901	atomwise.linear_nn.linear.bias	1.0634	run_hybrid_fixed_sA_d7500	hybrid_fixed	A	7500	0.001
2901	atomwise.linear_nn.linear.weight	115.13	run_hybrid_fixed_sA_d7500	hybrid_fixed	A	7500	0.001
2901	atomwise.outnet.0.linear.bias	3.8773	run_hybrid_fixed_sA_d7500	hybrid_fixed	A	7500	0.001
2901	atomwise.outnet.0.linear.weight	51.562	run_hybrid_fixed_sA_d7500	hybrid_fixed	A	7500	0.001
2901	atomwise.outnet.1.linear.bias	2.5626	run_hybrid_fixed_sA_d7500	hybrid_fixed	A	7500	0.001
2901	atomwise.outnet.1.linear.weight	11.337	run_hybrid_fixed_sA_d7500	hybrid_fixed	A	7500	0.001
2901	atomwise.outnet.2.linear.bias	1.0634	run_hybrid_fixed_sA_d7500	hybrid_fixed	A	7500	0.001
2901	atomwise.outnet.2.linear.weight	12.753	run_hybrid_fixed_sA_d7500	hybrid_fixed	A	7500	0.001
3001	atomwise.linear_nn.linear.bias	6.2444	run_hybrid_fixed_sA_d7500	hybrid_fixed	A	7500	0.001
3001	atomwise.linear_nn.linear.weight	78.078	run_hybrid_fixed_sA_d7500	hybrid_fixed	A	7500	0.001
3001	atomwise.outnet.0.linear.bias	1.1677	run_hybrid_fixed_sA_d7500	hybrid_fixed	A	7500	0.001
3001	atomwise.outnet.0.linear.weight	34.728	run_hybrid_fixed_sA_d7500	hybrid_fixed	A	7500	0.001
3001	atomwise.outnet.1.linear.bias	2.4827	run_hybrid_fixed_sA_d7500	hybrid_fixed	A	7500	0.001
3001	atomwise.outnet.1.linear.weight	4.1586	run_hybrid_fixed_sA_d7500	hybrid_fixed	A	7500	0.001
3001	atomwise.outnet.2.linear.bias	6.2444	run_hybrid_fixed_sA_d7500	hybrid_fixed	A	7500	0.001
3001	atomwise.outnet.2.linear.weight	4.1152	run_hybrid_fixed_sA_d7500	hybrid_fixed	A	7500	0.001
3101	atomwise.linear_nn.linear.bias	0.99621	run_hybrid_fixed_sA_d7500	hybrid_fixed	A	7500	0.001
3101	atomwise.linear_nn.linear.weight	85.31	run_hybrid_fixed_sA_d7500	hybrid_fixed	A	7500	0.001
3101	atomwise.outnet.0.linear.bias	3.4342	run_hybrid_fixed_sA_d7500	hybrid_fixed	A	7500	0.001
3101	atomwise.outnet.0.linear.weight	41.416	run_hybrid_fixed_sA_d7500	hybrid_fixed	A	7500	0.001
3101	atomwise.outnet.1.linear.bias	2.5715	run_hybrid_fixed_sA_d7500	hybrid_fixed	A	7500	0.001
3101	atomwise.outnet.1.linear.weight	10.112	run_hybrid_fixed_sA_d7500	hybrid_fixed	A	7500	0.001
3101	atomwise.outnet.2.linear.bias	0.99621	run_hybrid_fixed_sA_d7500	hybrid_fixed	A	7500	0.001
3101	atomwise.outnet.2.linear.weight	11.997	run_hybrid_fixed_sA_d7500	hybrid_fixed	A	7500	0.001
3201	atomwise.linear_nn.linear.bias	8.6387	run_hybrid_fixed_sA_d7500	hybrid_fixed	A	7500	0.001
3201	atomwise.linear_nn.linear.weight	79.034	run_hybrid_fixed_sA_d7500	hybrid_fixed	A	7500	0.001
3201	atomwise.outnet.0.linear.bias	4.1754	run_hybrid_fixed_sA_d7500	hybrid_fixed	A	7500	0.001
3201	atomwise.outnet.0.linear.weight	37.31	run_hybrid_fixed_sA_d7500	hybrid_fixed	A	7500	0.001
3201	atomwise.outnet.1.linear.bias	4.0286	run_hybrid_fixed_sA_d7500	hybrid_fixed	A	7500	0.001
3201	atomwise.outnet.1.linear.weight	5.9218	run_hybrid_fixed_sA_d7500	hybrid_fixed	A	7500	0.001
3201	atomwise.outnet.2.linear.bias	8.6387	run_hybrid_fixed_sA_d7500	hybrid_fixed	A	7500	0.001
3201	atomwise.outnet.2.linear.weight	10.637	run_hybrid_fixed_sA_d7500	hybrid_fixed	A	7500	0.001
3301	atomwise.linear_nn.linear.bias	2.5596	run_hybrid_fixed_sA_d7500	hybrid_fixed	A	7500	0.001
3301	atomwise.linear_nn.linear.weight	64.323	run_hybrid_fixed_sA_d7500	hybrid_fixed	A	7500	0.001
3301	atomwise.outnet.0.linear.bias	1.2467	run_hybrid_fixed_sA_d7500	hybrid_fixed	A	7500	0.001
3301	atomwise.outnet.0.linear.weight	30.204	run_hybrid_fixed_sA_d7500	hybrid_fixed	A	7500	0.001
3301	atomwise.outnet.1.linear.bias	0.79715	run_hybrid_fixed_sA_d7500	hybrid_fixed	A	7500	0.001
3301	atomwise.outnet.1.linear.weight	5.2389	run_hybrid_fixed_sA_d7500	hybrid_fixed	A	7500	0.001
3301	atomwise.outnet.2.linear.bias	2.5596	run_hybrid_fixed_sA_d7500	hybrid_fixed	A	7500	0.001
3301	atomwise.outnet.2.linear.weight	2.3001	run_hybrid_fixed_sA_d7500	hybrid_fixed	A	7500	0.001
3401	atomwise.linear_nn.linear.bias	4.3687	run_hybrid_fixed_sA_d7500	hybrid_fixed	A	7500	0.001
3401	atomwise.linear_nn.linear.weight	8.0585	run_hybrid_fixed_sA_d7500	hybrid_fixed	A	7500	0.001
3401	atomwise.outnet.0.linear.bias	3.7944	run_hybrid_fixed_sA_d7500	hybrid_fixed	A	7500	0.001
3401	atomwise.outnet.0.linear.weight	4.382	run_hybrid_fixed_sA_d7500	hybrid_fixed	A	7500	0.001
3401	atomwise.outnet.1.linear.bias	2.6224	run_hybrid_fixed_sA_d7500	hybrid_fixed	A	7500	0.001
3401	atomwise.outnet.1.linear.weight	1.9102	run_hybrid_fixed_sA_d7500	hybrid_fixed	A	7500	0.001
3401	atomwise.outnet.2.linear.bias	4.3687	run_hybrid_fixed_sA_d7500	hybrid_fixed	A	7500	0.001
3401	atomwise.outnet.2.linear.weight	5.9736	run_hybrid_fixed_sA_d7500	hybrid_fixed	A	7500	0.001
3501	atomwise.linear_nn.linear.bias	6.0245	run_hybrid_fixed_sA_d7500	hybrid_fixed	A	7500	0.001
3501	atomwise.linear_nn.linear.weight	56.02	run_hybrid_fixed_sA_d7500	hybrid_fixed	A	7500	0.001
3501	atomwise.outnet.0.linear.bias	7.9759	run_hybrid_fixed_sA_d7500	hybrid_fixed	A	7500	0.001
3501	atomwise.outnet.0.linear.weight	26.986	run_hybrid_fixed_sA_d7500	hybrid_fixed	A	7500	0.001
3501	atomwise.outnet.1.linear.bias	4.911	run_hybrid_fixed_sA_d7500	hybrid_fixed	A	7500	0.001
3501	atomwise.outnet.1.linear.weight	6.243	run_hybrid_fixed_sA_d7500	hybrid_fixed	A	7500	0.001
3501	atomwise.outnet.2.linear.bias	6.0245	run_hybrid_fixed_sA_d7500	hybrid_fixed	A	7500	0.001
3501	atomwise.outnet.2.linear.weight	13.369	run_hybrid_fixed_sA_d7500	hybrid_fixed	A	7500	0.001
3601	atomwise.linear_nn.linear.bias	0.36984	run_hybrid_fixed_sA_d7500	hybrid_fixed	A	7500	0.001
3601	atomwise.linear_nn.linear.weight	31.391	run_hybrid_fixed_sA_d7500	hybrid_fixed	A	7500	0.001
3601	atomwise.outnet.0.linear.bias	1.5258	run_hybrid_fixed_sA_d7500	hybrid_fixed	A	7500	0.001
3601	atomwise.outnet.0.linear.weight	15.892	run_hybrid_fixed_sA_d7500	hybrid_fixed	A	7500	0.001
3601	atomwise.outnet.1.linear.bias	0.5297	run_hybrid_fixed_sA_d7500	hybrid_fixed	A	7500	0.001
3601	atomwise.outnet.1.linear.weight	3.437	run_hybrid_fixed_sA_d7500	hybrid_fixed	A	7500	0.001
3601	atomwise.outnet.2.linear.bias	0.36984	run_hybrid_fixed_sA_d7500	hybrid_fixed	A	7500	0.001
3601	atomwise.outnet.2.linear.weight	1.8921	run_hybrid_fixed_sA_d7500	hybrid_fixed	A	7500	0.001
3701	atomwise.linear_nn.linear.bias	1.3998	run_hybrid_fixed_sA_d7500	hybrid_fixed	A	7500	0.001
3701	atomwise.linear_nn.linear.weight	62.958	run_hybrid_fixed_sA_d7500	hybrid_fixed	A	7500	0.001
3701	atomwise.outnet.0.linear.bias	1.0717	run_hybrid_fixed_sA_d7500	hybrid_fixed	A	7500	0.001
3701	atomwise.outnet.0.linear.weight	31.263	run_hybrid_fixed_sA_d7500	hybrid_fixed	A	7500	0.001
3701	atomwise.outnet.1.linear.bias	0.70725	run_hybrid_fixed_sA_d7500	hybrid_fixed	A	7500	0.001
3701	atomwise.outnet.1.linear.weight	4.568	run_hybrid_fixed_sA_d7500	hybrid_fixed	A	7500	0.001
3701	atomwise.outnet.2.linear.bias	1.3998	run_hybrid_fixed_sA_d7500	hybrid_fixed	A	7500	0.001
3701	atomwise.outnet.2.linear.weight	5.5053	run_hybrid_fixed_sA_d7500	hybrid_fixed	A	7500	0.001
3801	atomwise.linear_nn.linear.bias	3.5959	run_hybrid_fixed_sA_d7500	hybrid_fixed	A	7500	0.001
3801	atomwise.linear_nn.linear.weight	46.088	run_hybrid_fixed_sA_d7500	hybrid_fixed	A	7500	0.001
3801	atomwise.outnet.0.linear.bias	1.698	run_hybrid_fixed_sA_d7500	hybrid_fixed	A	7500	0.001
3801	atomwise.outnet.0.linear.weight	23.342	run_hybrid_fixed_sA_d7500	hybrid_fixed	A	7500	0.001
3801	atomwise.outnet.1.linear.bias	1.8126	run_hybrid_fixed_sA_d7500	hybrid_fixed	A	7500	0.001
3801	atomwise.outnet.1.linear.weight	4.369	run_hybrid_fixed_sA_d7500	hybrid_fixed	A	7500	0.001
3801	atomwise.outnet.2.linear.bias	3.5959	run_hybrid_fixed_sA_d7500	hybrid_fixed	A	7500	0.001
3801	atomwise.outnet.2.linear.weight	5.3455	run_hybrid_fixed_sA_d7500	hybrid_fixed	A	7500	0.001
3901	atomwise.linear_nn.linear.bias	2.1098	run_hybrid_fixed_sA_d7500	hybrid_fixed	A	7500	0.001
3901	atomwise.linear_nn.linear.weight	5.3418	run_hybrid_fixed_sA_d7500	hybrid_fixed	A	7500	0.001
3901	atomwise.outnet.0.linear.bias	1.1514	run_hybrid_fixed_sA_d7500	hybrid_fixed	A	7500	0.001
3901	atomwise.outnet.0.linear.weight	3.316	run_hybrid_fixed_sA_d7500	hybrid_fixed	A	7500	0.001
3901	atomwise.outnet.1.linear.bias	1.3513	run_hybrid_fixed_sA_d7500	hybrid_fixed	A	7500	0.001
3901	atomwise.outnet.1.linear.weight	2.2068	run_hybrid_fixed_sA_d7500	hybrid_fixed	A	7500	0.001
3901	atomwise.outnet.2.linear.bias	2.1098	run_hybrid_fixed_sA_d7500	hybrid_fixed	A	7500	0.001
3901	atomwise.outnet.2.linear.weight	5.354	run_hybrid_fixed_sA_d7500	hybrid_fixed	A	7500	0.001
4001	atomwise.linear_nn.linear.bias	4.455	run_hybrid_fixed_sA_d7500	hybrid_fixed	A	7500	0.001
4001	atomwise.linear_nn.linear.weight	58.451	run_hybrid_fixed_sA_d7500	hybrid_fixed	A	7500	0.001
4001	atomwise.outnet.0.linear.bias	1.6479	run_hybrid_fixed_sA_d7500	hybrid_fixed	A	7500	0.001
4001	atomwise.outnet.0.linear.weight	29.079	run_hybrid_fixed_sA_d7500	hybrid_fixed	A	7500	0.001
4001	atomwise.outnet.1.linear.bias	1.7869	run_hybrid_fixed_sA_d7500	hybrid_fixed	A	7500	0.001
4001	atomwise.outnet.1.linear.weight	3.2567	run_hybrid_fixed_sA_d7500	hybrid_fixed	A	7500	0.001
4001	atomwise.outnet.2.linear.bias	4.455	run_hybrid_fixed_sA_d7500	hybrid_fixed	A	7500	0.001
4001	atomwise.outnet.2.linear.weight	3.4262	run_hybrid_fixed_sA_d7500	hybrid_fixed	A	7500	0.001
4101	atomwise.linear_nn.linear.bias	7.9947	run_hybrid_fixed_sA_d7500	hybrid_fixed	A	7500	0.001
4101	atomwise.linear_nn.linear.weight	70.12	run_hybrid_fixed_sA_d7500	hybrid_fixed	A	7500	0.001
4101	atomwise.outnet.0.linear.bias	4.8533	run_hybrid_fixed_sA_d7500	hybrid_fixed	A	7500	0.001
4101	atomwise.outnet.0.linear.weight	34.585	run_hybrid_fixed_sA_d7500	hybrid_fixed	A	7500	0.001
4101	atomwise.outnet.1.linear.bias	3.8851	run_hybrid_fixed_sA_d7500	hybrid_fixed	A	7500	0.001
4101	atomwise.outnet.1.linear.weight	5.0343	run_hybrid_fixed_sA_d7500	hybrid_fixed	A	7500	0.001
4101	atomwise.outnet.2.linear.bias	7.9947	run_hybrid_fixed_sA_d7500	hybrid_fixed	A	7500	0.001
4101	atomwise.outnet.2.linear.weight	10.064	run_hybrid_fixed_sA_d7500	hybrid_fixed	A	7500	0.001
4201	atomwise.linear_nn.linear.bias	4.0806	run_hybrid_fixed_sA_d7500	hybrid_fixed	A	7500	0.001
4201	atomwise.linear_nn.linear.weight	15.3	run_hybrid_fixed_sA_d7500	hybrid_fixed	A	7500	0.001
4201	atomwise.outnet.0.linear.bias	3.5626	run_hybrid_fixed_sA_d7500	hybrid_fixed	A	7500	0.001
4201	atomwise.outnet.0.linear.weight	9.8623	run_hybrid_fixed_sA_d7500	hybrid_fixed	A	7500	0.001
4201	atomwise.outnet.1.linear.bias	2.1941	run_hybrid_fixed_sA_d7500	hybrid_fixed	A	7500	0.001
4201	atomwise.outnet.1.linear.weight	3.7243	run_hybrid_fixed_sA_d7500	hybrid_fixed	A	7500	0.001
4201	atomwise.outnet.2.linear.bias	4.0806	run_hybrid_fixed_sA_d7500	hybrid_fixed	A	7500	0.001
4201	atomwise.outnet.2.linear.weight	4.1342	run_hybrid_fixed_sA_d7500	hybrid_fixed	A	7500	0.001
4301	atomwise.linear_nn.linear.bias	1.6795	run_hybrid_fixed_sA_d7500	hybrid_fixed	A	7500	0.001
4301	atomwise.linear_nn.linear.weight	15.628	run_hybrid_fixed_sA_d7500	hybrid_fixed	A	7500	0.001
4301	atomwise.outnet.0.linear.bias	0.65813	run_hybrid_fixed_sA_d7500	hybrid_fixed	A	7500	0.001
4301	atomwise.outnet.0.linear.weight	7.9725	run_hybrid_fixed_sA_d7500	hybrid_fixed	A	7500	0.001
4301	atomwise.outnet.1.linear.bias	0.83382	run_hybrid_fixed_sA_d7500	hybrid_fixed	A	7500	0.001
4301	atomwise.outnet.1.linear.weight	1.9426	run_hybrid_fixed_sA_d7500	hybrid_fixed	A	7500	0.001
4301	atomwise.outnet.2.linear.bias	1.6795	run_hybrid_fixed_sA_d7500	hybrid_fixed	A	7500	0.001
4301	atomwise.outnet.2.linear.weight	3.6329	run_hybrid_fixed_sA_d7500	hybrid_fixed	A	7500	0.001
4401	atomwise.linear_nn.linear.bias	3.4514	run_hybrid_fixed_sA_d7500	hybrid_fixed	A	7500	0.001
4401	atomwise.linear_nn.linear.weight	16.249	run_hybrid_fixed_sA_d7500	hybrid_fixed	A	7500	0.001
4401	atomwise.outnet.0.linear.bias	3.4491	run_hybrid_fixed_sA_d7500	hybrid_fixed	A	7500	0.001
4401	atomwise.outnet.0.linear.weight	8.8314	run_hybrid_fixed_sA_d7500	hybrid_fixed	A	7500	0.001
4401	atomwise.outnet.1.linear.bias	2.2033	run_hybrid_fixed_sA_d7500	hybrid_fixed	A	7500	0.001
4401	atomwise.outnet.1.linear.weight	1.7576	run_hybrid_fixed_sA_d7500	hybrid_fixed	A	7500	0.001
4401	atomwise.outnet.2.linear.bias	3.4514	run_hybrid_fixed_sA_d7500	hybrid_fixed	A	7500	0.001
4401	atomwise.outnet.2.linear.weight	5.1823	run_hybrid_fixed_sA_d7500	hybrid_fixed	A	7500	0.001
4501	atomwise.linear_nn.linear.bias	6.1269	run_hybrid_fixed_sA_d7500	hybrid_fixed	A	7500	0.001
4501	atomwise.linear_nn.linear.weight	22.438	run_hybrid_fixed_sA_d7500	hybrid_fixed	A	7500	0.001
4501	atomwise.outnet.0.linear.bias	6.3698	run_hybrid_fixed_sA_d7500	hybrid_fixed	A	7500	0.001
4501	atomwise.outnet.0.linear.weight	13.7	run_hybrid_fixed_sA_d7500	hybrid_fixed	A	7500	0.001
4501	atomwise.outnet.1.linear.bias	3.7124	run_hybrid_fixed_sA_d7500	hybrid_fixed	A	7500	0.001
4501	atomwise.outnet.1.linear.weight	4.5799	run_hybrid_fixed_sA_d7500	hybrid_fixed	A	7500	0.001
4501	atomwise.outnet.2.linear.bias	6.1269	run_hybrid_fixed_sA_d7500	hybrid_fixed	A	7500	0.001
4501	atomwise.outnet.2.linear.weight	5.6011	run_hybrid_fixed_sA_d7500	hybrid_fixed	A	7500	0.001
4601	atomwise.linear_nn.linear.bias	1.1426	run_hybrid_fixed_sA_d7500	hybrid_fixed	A	7500	0.001
4601	atomwise.linear_nn.linear.weight	66.937	run_hybrid_fixed_sA_d7500	hybrid_fixed	A	7500	0.001
4601	atomwise.outnet.0.linear.bias	3.4293	run_hybrid_fixed_sA_d7500	hybrid_fixed	A	7500	0.001
4601	atomwise.outnet.0.linear.weight	37.129	run_hybrid_fixed_sA_d7500	hybrid_fixed	A	7500	0.001
4601	atomwise.outnet.1.linear.bias	2.1011	run_hybrid_fixed_sA_d7500	hybrid_fixed	A	7500	0.001
4601	atomwise.outnet.1.linear.weight	8.7808	run_hybrid_fixed_sA_d7500	hybrid_fixed	A	7500	0.001
4601	atomwise.outnet.2.linear.bias	1.1426	run_hybrid_fixed_sA_d7500	hybrid_fixed	A	7500	0.001
4601	atomwise.outnet.2.linear.weight	8.0805	run_hybrid_fixed_sA_d7500	hybrid_fixed	A	7500	0.001
4701	atomwise.linear_nn.linear.bias	5.0121	run_hybrid_fixed_sA_d7500	hybrid_fixed	A	7500	0.001
4701	atomwise.linear_nn.linear.weight	73.84	run_hybrid_fixed_sA_d7500	hybrid_fixed	A	7500	0.001
4701	atomwise.outnet.0.linear.bias	1.8797	run_hybrid_fixed_sA_d7500	hybrid_fixed	A	7500	0.001
4701	atomwise.outnet.0.linear.weight	37.8	run_hybrid_fixed_sA_d7500	hybrid_fixed	A	7500	0.001
4701	atomwise.outnet.1.linear.bias	1.9997	run_hybrid_fixed_sA_d7500	hybrid_fixed	A	7500	0.001
4701	atomwise.outnet.1.linear.weight	4.032	run_hybrid_fixed_sA_d7500	hybrid_fixed	A	7500	0.001
4701	atomwise.outnet.2.linear.bias	5.0121	run_hybrid_fixed_sA_d7500	hybrid_fixed	A	7500	0.001
4701	atomwise.outnet.2.linear.weight	2.9608	run_hybrid_fixed_sA_d7500	hybrid_fixed	A	7500	0.001
4801	atomwise.linear_nn.linear.bias	0.3717	run_hybrid_fixed_sA_d7500	hybrid_fixed	A	7500	0.001
4801	atomwise.linear_nn.linear.weight	58.093	run_hybrid_fixed_sA_d7500	hybrid_fixed	A	7500	0.001
4801	atomwise.outnet.0.linear.bias	2.7222	run_hybrid_fixed_sA_d7500	hybrid_fixed	A	7500	0.001
4801	atomwise.outnet.0.linear.weight	31.324	run_hybrid_fixed_sA_d7500	hybrid_fixed	A	7500	0.001
4801	atomwise.outnet.1.linear.bias	0.96617	run_hybrid_fixed_sA_d7500	hybrid_fixed	A	7500	0.001
4801	atomwise.outnet.1.linear.weight	5.647	run_hybrid_fixed_sA_d7500	hybrid_fixed	A	7500	0.001
4801	atomwise.outnet.2.linear.bias	0.3717	run_hybrid_fixed_sA_d7500	hybrid_fixed	A	7500	0.001
4801	atomwise.outnet.2.linear.weight	3.7877	run_hybrid_fixed_sA_d7500	hybrid_fixed	A	7500	0.001
4901	atomwise.linear_nn.linear.bias	2.1737	run_hybrid_fixed_sA_d7500	hybrid_fixed	A	7500	0.001
4901	atomwise.linear_nn.linear.weight	7.1044	run_hybrid_fixed_sA_d7500	hybrid_fixed	A	7500	0.001
4901	atomwise.outnet.0.linear.bias	2.7861	run_hybrid_fixed_sA_d7500	hybrid_fixed	A	7500	0.001
4901	atomwise.outnet.0.linear.weight	4.1311	run_hybrid_fixed_sA_d7500	hybrid_fixed	A	7500	0.001
4901	atomwise.outnet.1.linear.bias	2.0313	run_hybrid_fixed_sA_d7500	hybrid_fixed	A	7500	0.001
4901	atomwise.outnet.1.linear.weight	2.2256	run_hybrid_fixed_sA_d7500	hybrid_fixed	A	7500	0.001
4901	atomwise.outnet.2.linear.bias	2.1737	run_hybrid_fixed_sA_d7500	hybrid_fixed	A	7500	0.001
4901	atomwise.outnet.2.linear.weight	6.6473	run_hybrid_fixed_sA_d7500	hybrid_fixed	A	7500	0.001
5001	atomwise.linear_nn.linear.bias	4.1091	run_hybrid_fixed_sA_d7500	hybrid_fixed	A	7500	0.001
5001	atomwise.linear_nn.linear.weight	47.642	run_hybrid_fixed_sA_d7500	hybrid_fixed	A	7500	0.001
5001	atomwise.outnet.0.linear.bias	2.2209	run_hybrid_fixed_sA_d7500	hybrid_fixed	A	7500	0.001
5001	atomwise.outnet.0.linear.weight	24.544	run_hybrid_fixed_sA_d7500	hybrid_fixed	A	7500	0.001
5001	atomwise.outnet.1.linear.bias	1.9486	run_hybrid_fixed_sA_d7500	hybrid_fixed	A	7500	0.001
5001	atomwise.outnet.1.linear.weight	2.3253	run_hybrid_fixed_sA_d7500	hybrid_fixed	A	7500	0.001
5001	atomwise.outnet.2.linear.bias	4.1091	run_hybrid_fixed_sA_d7500	hybrid_fixed	A	7500	0.001
5001	atomwise.outnet.2.linear.weight	2.8123	run_hybrid_fixed_sA_d7500	hybrid_fixed	A	7500	0.001
5101	atomwise.linear_nn.linear.bias	1.2997	run_hybrid_fixed_sA_d7500	hybrid_fixed	A	7500	0.001
5101	atomwise.linear_nn.linear.weight	62.575	run_hybrid_fixed_sA_d7500	hybrid_fixed	A	7500	0.001
5101	atomwise.outnet.0.linear.bias	3.9725	run_hybrid_fixed_sA_d7500	hybrid_fixed	A	7500	0.001
5101	atomwise.outnet.0.linear.weight	34.574	run_hybrid_fixed_sA_d7500	hybrid_fixed	A	7500	0.001
5101	atomwise.outnet.1.linear.bias	1.5019	run_hybrid_fixed_sA_d7500	hybrid_fixed	A	7500	0.001
5101	atomwise.outnet.1.linear.weight	6.8782	run_hybrid_fixed_sA_d7500	hybrid_fixed	A	7500	0.001
5101	atomwise.outnet.2.linear.bias	1.2997	run_hybrid_fixed_sA_d7500	hybrid_fixed	A	7500	0.001
5101	atomwise.outnet.2.linear.weight	6.4717	run_hybrid_fixed_sA_d7500	hybrid_fixed	A	7500	0.001
5201	atomwise.linear_nn.linear.bias	3.1328	run_hybrid_fixed_sA_d7500	hybrid_fixed	A	7500	0.001
5201	atomwise.linear_nn.linear.weight	67.033	run_hybrid_fixed_sA_d7500	hybrid_fixed	A	7500	0.001
5201	atomwise.outnet.0.linear.bias	1.5823	run_hybrid_fixed_sA_d7500	hybrid_fixed	A	7500	0.001
5201	atomwise.outnet.0.linear.weight	35.256	run_hybrid_fixed_sA_d7500	hybrid_fixed	A	7500	0.001
5201	atomwise.outnet.1.linear.bias	1.3538	run_hybrid_fixed_sA_d7500	hybrid_fixed	A	7500	0.001
5201	atomwise.outnet.1.linear.weight	3.0375	run_hybrid_fixed_sA_d7500	hybrid_fixed	A	7500	0.001
5201	atomwise.outnet.2.linear.bias	3.1328	run_hybrid_fixed_sA_d7500	hybrid_fixed	A	7500	0.001
5201	atomwise.outnet.2.linear.weight	3.0364	run_hybrid_fixed_sA_d7500	hybrid_fixed	A	7500	0.001
5301	atomwise.linear_nn.linear.bias	3.4407	run_hybrid_fixed_sA_d7500	hybrid_fixed	A	7500	0.001
5301	atomwise.linear_nn.linear.weight	11.312	run_hybrid_fixed_sA_d7500	hybrid_fixed	A	7500	0.001
5301	atomwise.outnet.0.linear.bias	4.6103	run_hybrid_fixed_sA_d7500	hybrid_fixed	A	7500	0.001
5301	atomwise.outnet.0.linear.weight	7.973	run_hybrid_fixed_sA_d7500	hybrid_fixed	A	7500	0.001
5301	atomwise.outnet.1.linear.bias	2.6276	run_hybrid_fixed_sA_d7500	hybrid_fixed	A	7500	0.001
5301	atomwise.outnet.1.linear.weight	3.5223	run_hybrid_fixed_sA_d7500	hybrid_fixed	A	7500	0.001
5301	atomwise.outnet.2.linear.bias	3.4407	run_hybrid_fixed_sA_d7500	hybrid_fixed	A	7500	0.001
5301	atomwise.outnet.2.linear.weight	9.8769	run_hybrid_fixed_sA_d7500	hybrid_fixed	A	7500	0.001
5401	atomwise.linear_nn.linear.bias	2.3999	run_hybrid_fixed_sA_d7500	hybrid_fixed	A	7500	0.001
5401	atomwise.linear_nn.linear.weight	4.1945	run_hybrid_fixed_sA_d7500	hybrid_fixed	A	7500	0.001
5401	atomwise.outnet.0.linear.bias	3.0915	run_hybrid_fixed_sA_d7500	hybrid_fixed	A	7500	0.001
5401	atomwise.outnet.0.linear.weight	3.4011	run_hybrid_fixed_sA_d7500	hybrid_fixed	A	7500	0.001
5401	atomwise.outnet.1.linear.bias	1.8439	run_hybrid_fixed_sA_d7500	hybrid_fixed	A	7500	0.001
5401	atomwise.outnet.1.linear.weight	1.7242	run_hybrid_fixed_sA_d7500	hybrid_fixed	A	7500	0.001
5401	atomwise.outnet.2.linear.bias	2.3999	run_hybrid_fixed_sA_d7500	hybrid_fixed	A	7500	0.001
5401	atomwise.outnet.2.linear.weight	4.9803	run_hybrid_fixed_sA_d7500	hybrid_fixed	A	7500	0.001
5501	atomwise.linear_nn.linear.bias	5.1184	run_hybrid_fixed_sA_d7500	hybrid_fixed	A	7500	0.001
5501	atomwise.linear_nn.linear.weight	97.029	run_hybrid_fixed_sA_d7500	hybrid_fixed	A	7500	0.001
5501	atomwise.outnet.0.linear.bias	2.0771	run_hybrid_fixed_sA_d7500	hybrid_fixed	A	7500	0.001
5501	atomwise.outnet.0.linear.weight	49.314	run_hybrid_fixed_sA_d7500	hybrid_fixed	A	7500	0.001
5501	atomwise.outnet.1.linear.bias	1.9939	run_hybrid_fixed_sA_d7500	hybrid_fixed	A	7500	0.001
5501	atomwise.outnet.1.linear.weight	3.9241	run_hybrid_fixed_sA_d7500	hybrid_fixed	A	7500	0.001
5501	atomwise.outnet.2.linear.bias	5.1184	run_hybrid_fixed_sA_d7500	hybrid_fixed	A	7500	0.001
5501	atomwise.outnet.2.linear.weight	2.4897	run_hybrid_fixed_sA_d7500	hybrid_fixed	A	7500	0.001
5601	atomwise.linear_nn.linear.bias	2.7731	run_hybrid_fixed_sA_d7500	hybrid_fixed	A	7500	0.001
5601	atomwise.linear_nn.linear.weight	81.644	run_hybrid_fixed_sA_d7500	hybrid_fixed	A	7500	0.001
5601	atomwise.outnet.0.linear.bias	3.1227	run_hybrid_fixed_sA_d7500	hybrid_fixed	A	7500	0.001
5601	atomwise.outnet.0.linear.weight	42.166	run_hybrid_fixed_sA_d7500	hybrid_fixed	A	7500	0.001
5601	atomwise.outnet.1.linear.bias	2.5685	run_hybrid_fixed_sA_d7500	hybrid_fixed	A	7500	0.001
5601	atomwise.outnet.1.linear.weight	6.0804	run_hybrid_fixed_sA_d7500	hybrid_fixed	A	7500	0.001
5601	atomwise.outnet.2.linear.bias	2.7731	run_hybrid_fixed_sA_d7500	hybrid_fixed	A	7500	0.001
5601	atomwise.outnet.2.linear.weight	11.515	run_hybrid_fixed_sA_d7500	hybrid_fixed	A	7500	0.001
5701	atomwise.linear_nn.linear.bias	4.4997	run_hybrid_fixed_sA_d7500	hybrid_fixed	A	7500	0.001
5701	atomwise.linear_nn.linear.weight	75.183	run_hybrid_fixed_sA_d7500	hybrid_fixed	A	7500	0.001
5701	atomwise.outnet.0.linear.bias	5.1888	run_hybrid_fixed_sA_d7500	hybrid_fixed	A	7500	0.001
5701	atomwise.outnet.0.linear.weight	39.814	run_hybrid_fixed_sA_d7500	hybrid_fixed	A	7500	0.001
5701	atomwise.outnet.1.linear.bias	3.0155	run_hybrid_fixed_sA_d7500	hybrid_fixed	A	7500	0.001
5701	atomwise.outnet.1.linear.weight	6.5956	run_hybrid_fixed_sA_d7500	hybrid_fixed	A	7500	0.001
5701	atomwise.outnet.2.linear.bias	4.4997	run_hybrid_fixed_sA_d7500	hybrid_fixed	A	7500	0.001
5701	atomwise.outnet.2.linear.weight	5.6915	run_hybrid_fixed_sA_d7500	hybrid_fixed	A	7500	0.001
5801	atomwise.linear_nn.linear.bias	2.3151	run_hybrid_fixed_sA_d7500	hybrid_fixed	A	7500	0.001
5801	atomwise.linear_nn.linear.weight	43.544	run_hybrid_fixed_sA_d7500	hybrid_fixed	A	7500	0.001
5801	atomwise.outnet.0.linear.bias	0.95157	run_hybrid_fixed_sA_d7500	hybrid_fixed	A	7500	0.001
5801	atomwise.outnet.0.linear.weight	23.524	run_hybrid_fixed_sA_d7500	hybrid_fixed	A	7500	0.001
5801	atomwise.outnet.1.linear.bias	1.0614	run_hybrid_fixed_sA_d7500	hybrid_fixed	A	7500	0.001
5801	atomwise.outnet.1.linear.weight	2.6074	run_hybrid_fixed_sA_d7500	hybrid_fixed	A	7500	0.001
5801	atomwise.outnet.2.linear.bias	2.3151	run_hybrid_fixed_sA_d7500	hybrid_fixed	A	7500	0.001
5801	atomwise.outnet.2.linear.weight	2.3924	run_hybrid_fixed_sA_d7500	hybrid_fixed	A	7500	0.001
5901	atomwise.linear_nn.linear.bias	2.883	run_hybrid_fixed_sA_d7500	hybrid_fixed	A	7500	0.001
5901	atomwise.linear_nn.linear.weight	40.04	run_hybrid_fixed_sA_d7500	hybrid_fixed	A	7500	0.001
5901	atomwise.outnet.0.linear.bias	3.3548	run_hybrid_fixed_sA_d7500	hybrid_fixed	A	7500	0.001
5901	atomwise.outnet.0.linear.weight	21.587	run_hybrid_fixed_sA_d7500	hybrid_fixed	A	7500	0.001
5901	atomwise.outnet.1.linear.bias	1.8058	run_hybrid_fixed_sA_d7500	hybrid_fixed	A	7500	0.001
5901	atomwise.outnet.1.linear.weight	3.344	run_hybrid_fixed_sA_d7500	hybrid_fixed	A	7500	0.001
5901	atomwise.outnet.2.linear.bias	2.883	run_hybrid_fixed_sA_d7500	hybrid_fixed	A	7500	0.001
5901	atomwise.outnet.2.linear.weight	3.5554	run_hybrid_fixed_sA_d7500	hybrid_fixed	A	7500	0.001
6001	atomwise.linear_nn.linear.bias	4.3247	run_hybrid_fixed_sA_d7500	hybrid_fixed	A	7500	0.001
6001	atomwise.linear_nn.linear.weight	29.897	run_hybrid_fixed_sA_d7500	hybrid_fixed	A	7500	0.001
6001	atomwise.outnet.0.linear.bias	4.2018	run_hybrid_fixed_sA_d7500	hybrid_fixed	A	7500	0.001
6001	atomwise.outnet.0.linear.weight	15.555	run_hybrid_fixed_sA_d7500	hybrid_fixed	A	7500	0.001
6001	atomwise.outnet.1.linear.bias	2.7957	run_hybrid_fixed_sA_d7500	hybrid_fixed	A	7500	0.001
6001	atomwise.outnet.1.linear.weight	2.6923	run_hybrid_fixed_sA_d7500	hybrid_fixed	A	7500	0.001
6001	atomwise.outnet.2.linear.bias	4.3247	run_hybrid_fixed_sA_d7500	hybrid_fixed	A	7500	0.001
6001	atomwise.outnet.2.linear.weight	8.4717	run_hybrid_fixed_sA_d7500	hybrid_fixed	A	7500	0.001
6101	atomwise.linear_nn.linear.bias	2.1977	run_hybrid_fixed_sA_d7500	hybrid_fixed	A	7500	0.001
6101	atomwise.linear_nn.linear.weight	25.046	run_hybrid_fixed_sA_d7500	hybrid_fixed	A	7500	0.001
6101	atomwise.outnet.0.linear.bias	2.7782	run_hybrid_fixed_sA_d7500	hybrid_fixed	A	7500	0.001
6101	atomwise.outnet.0.linear.weight	13.874	run_hybrid_fixed_sA_d7500	hybrid_fixed	A	7500	0.001
6101	atomwise.outnet.1.linear.bias	2.1656	run_hybrid_fixed_sA_d7500	hybrid_fixed	A	7500	0.001
6101	atomwise.outnet.1.linear.weight	3.2568	run_hybrid_fixed_sA_d7500	hybrid_fixed	A	7500	0.001
6101	atomwise.outnet.2.linear.bias	2.1977	run_hybrid_fixed_sA_d7500	hybrid_fixed	A	7500	0.001
6101	atomwise.outnet.2.linear.weight	7.943	run_hybrid_fixed_sA_d7500	hybrid_fixed	A	7500	0.001
6201	atomwise.linear_nn.linear.bias	0.84956	run_hybrid_fixed_sA_d7500	hybrid_fixed	A	7500	0.001
6201	atomwise.linear_nn.linear.weight	59.057	run_hybrid_fixed_sA_d7500	hybrid_fixed	A	7500	0.001
6201	atomwise.outnet.0.linear.bias	2.2638	run_hybrid_fixed_sA_d7500	hybrid_fixed	A	7500	0.001
6201	atomwise.outnet.0.linear.weight	30.922	run_hybrid_fixed_sA_d7500	hybrid_fixed	A	7500	0.001
6201	atomwise.outnet.1.linear.bias	1.6582	run_hybrid_fixed_sA_d7500	hybrid_fixed	A	7500	0.001
6201	atomwise.outnet.1.linear.weight	5.4923	run_hybrid_fixed_sA_d7500	hybrid_fixed	A	7500	0.001
6201	atomwise.outnet.2.linear.bias	0.84956	run_hybrid_fixed_sA_d7500	hybrid_fixed	A	7500	0.001
6201	atomwise.outnet.2.linear.weight	7.2103	run_hybrid_fixed_sA_d7500	hybrid_fixed	A	7500	0.001
6301	atomwise.linear_nn.linear.bias	3.9499	run_hybrid_fixed_sA_d7500	hybrid_fixed	A	7500	0.001
6301	atomwise.linear_nn.linear.weight	10.358	run_hybrid_fixed_sA_d7500	hybrid_fixed	A	7500	0.001
6301	atomwise.outnet.0.linear.bias	4.937	run_hybrid_fixed_sA_d7500	hybrid_fixed	A	7500	0.001
6301	atomwise.outnet.0.linear.weight	7.6981	run_hybrid_fixed_sA_d7500	hybrid_fixed	A	7500	0.001
6301	atomwise.outnet.1.linear.bias	3.0001	run_hybrid_fixed_sA_d7500	hybrid_fixed	A	7500	0.001
6301	atomwise.outnet.1.linear.weight	2.9888	run_hybrid_fixed_sA_d7500	hybrid_fixed	A	7500	0.001
6301	atomwise.outnet.2.linear.bias	3.9499	run_hybrid_fixed_sA_d7500	hybrid_fixed	A	7500	0.001
6301	atomwise.outnet.2.linear.weight	9.104	run_hybrid_fixed_sA_d7500	hybrid_fixed	A	7500	0.001
6401	atomwise.linear_nn.linear.bias	0.67788	run_hybrid_fixed_sA_d7500	hybrid_fixed	A	7500	0.001
6401	atomwise.linear_nn.linear.weight	30.816	run_hybrid_fixed_sA_d7500	hybrid_fixed	A	7500	0.001
6401	atomwise.outnet.0.linear.bias	1.6637	run_hybrid_fixed_sA_d7500	hybrid_fixed	A	7500	0.001
6401	atomwise.outnet.0.linear.weight	17.513	run_hybrid_fixed_sA_d7500	hybrid_fixed	A	7500	0.001
6401	atomwise.outnet.1.linear.bias	1.8803	run_hybrid_fixed_sA_d7500	hybrid_fixed	A	7500	0.001
6401	atomwise.outnet.1.linear.weight	4.2179	run_hybrid_fixed_sA_d7500	hybrid_fixed	A	7500	0.001
6401	atomwise.outnet.2.linear.bias	0.67788	run_hybrid_fixed_sA_d7500	hybrid_fixed	A	7500	0.001
6401	atomwise.outnet.2.linear.weight	6.7179	run_hybrid_fixed_sA_d7500	hybrid_fixed	A	7500	0.001
6501	atomwise.linear_nn.linear.bias	1.3188	run_hybrid_fixed_sA_d7500	hybrid_fixed	A	7500	0.001
6501	atomwise.linear_nn.linear.weight	10.799	run_hybrid_fixed_sA_d7500	hybrid_fixed	A	7500	0.001
6501	atomwise.outnet.0.linear.bias	1.0908	run_hybrid_fixed_sA_d7500	hybrid_fixed	A	7500	0.001
6501	atomwise.outnet.0.linear.weight	7.6518	run_hybrid_fixed_sA_d7500	hybrid_fixed	A	7500	0.001
6501	atomwise.outnet.1.linear.bias	0.80375	run_hybrid_fixed_sA_d7500	hybrid_fixed	A	7500	0.001
6501	atomwise.outnet.1.linear.weight	2.4689	run_hybrid_fixed_sA_d7500	hybrid_fixed	A	7500	0.001
6501	atomwise.outnet.2.linear.bias	1.3188	run_hybrid_fixed_sA_d7500	hybrid_fixed	A	7500	0.001
6501	atomwise.outnet.2.linear.weight	3.0594	run_hybrid_fixed_sA_d7500	hybrid_fixed	A	7500	0.001
6601	atomwise.linear_nn.linear.bias	8.4185	run_hybrid_fixed_sA_d7500	hybrid_fixed	A	7500	0.001
6601	atomwise.linear_nn.linear.weight	105.45	run_hybrid_fixed_sA_d7500	hybrid_fixed	A	7500	0.001
6601	atomwise.outnet.0.linear.bias	5.9683	run_hybrid_fixed_sA_d7500	hybrid_fixed	A	7500	0.001
6601	atomwise.outnet.0.linear.weight	54.08	run_hybrid_fixed_sA_d7500	hybrid_fixed	A	7500	0.001
6601	atomwise.outnet.1.linear.bias	4.0917	run_hybrid_fixed_sA_d7500	hybrid_fixed	A	7500	0.001
6601	atomwise.outnet.1.linear.weight	4.9923	run_hybrid_fixed_sA_d7500	hybrid_fixed	A	7500	0.001
6601	atomwise.outnet.2.linear.bias	8.4185	run_hybrid_fixed_sA_d7500	hybrid_fixed	A	7500	0.001
6601	atomwise.outnet.2.linear.weight	10.253	run_hybrid_fixed_sA_d7500	hybrid_fixed	A	7500	0.001
6701	atomwise.linear_nn.linear.bias	4.3961	run_hybrid_fixed_sA_d7500	hybrid_fixed	A	7500	0.001
6701	atomwise.linear_nn.linear.weight	59.028	run_hybrid_fixed_sA_d7500	hybrid_fixed	A	7500	0.001
6701	atomwise.outnet.0.linear.bias	5.8314	run_hybrid_fixed_sA_d7500	hybrid_fixed	A	7500	0.001
6701	atomwise.outnet.0.linear.weight	30.07	run_hybrid_fixed_sA_d7500	hybrid_fixed	A	7500	0.001
6701	atomwise.outnet.1.linear.bias	3.4236	run_hybrid_fixed_sA_d7500	hybrid_fixed	A	7500	0.001
6701	atomwise.outnet.1.linear.weight	3.5834	run_hybrid_fixed_sA_d7500	hybrid_fixed	A	7500	0.001
6701	atomwise.outnet.2.linear.bias	4.3961	run_hybrid_fixed_sA_d7500	hybrid_fixed	A	7500	0.001
6701	atomwise.outnet.2.linear.weight	6.6859	run_hybrid_fixed_sA_d7500	hybrid_fixed	A	7500	0.001
6801	atomwise.linear_nn.linear.bias	6.3234	run_hybrid_fixed_sA_d7500	hybrid_fixed	A	7500	0.001
6801	atomwise.linear_nn.linear.weight	73.144	run_hybrid_fixed_sA_d7500	hybrid_fixed	A	7500	0.001
6801	atomwise.outnet.0.linear.bias	7.4152	run_hybrid_fixed_sA_d7500	hybrid_fixed	A	7500	0.001
6801	atomwise.outnet.0.linear.weight	37.817	run_hybrid_fixed_sA_d7500	hybrid_fixed	A	7500	0.001
6801	atomwise.outnet.1.linear.bias	4.4951	run_hybrid_fixed_sA_d7500	hybrid_fixed	A	7500	0.001
6801	atomwise.outnet.1.linear.weight	5.9254	run_hybrid_fixed_sA_d7500	hybrid_fixed	A	7500	0.001
6801	atomwise.outnet.2.linear.bias	6.3234	run_hybrid_fixed_sA_d7500	hybrid_fixed	A	7500	0.001
6801	atomwise.outnet.2.linear.weight	17.242	run_hybrid_fixed_sA_d7500	hybrid_fixed	A	7500	0.001
6901	atomwise.linear_nn.linear.bias	3.7188	run_hybrid_fixed_sA_d7500	hybrid_fixed	A	7500	0.001
6901	atomwise.linear_nn.linear.weight	56.622	run_hybrid_fixed_sA_d7500	hybrid_fixed	A	7500	0.001
6901	atomwise.outnet.0.linear.bias	3.4196	run_hybrid_fixed_sA_d7500	hybrid_fixed	A	7500	0.001
6901	atomwise.outnet.0.linear.weight	30.093	run_hybrid_fixed_sA_d7500	hybrid_fixed	A	7500	0.001
6901	atomwise.outnet.1.linear.bias	2.6092	run_hybrid_fixed_sA_d7500	hybrid_fixed	A	7500	0.001
6901	atomwise.outnet.1.linear.weight	3.42	run_hybrid_fixed_sA_d7500	hybrid_fixed	A	7500	0.001
6901	atomwise.outnet.2.linear.bias	3.7188	run_hybrid_fixed_sA_d7500	hybrid_fixed	A	7500	0.001
6901	atomwise.outnet.2.linear.weight	7.0193	run_hybrid_fixed_sA_d7500	hybrid_fixed	A	7500	0.001
7001	atomwise.linear_nn.linear.bias	10.057	run_hybrid_fixed_sA_d7500	hybrid_fixed	A	7500	0.001
7001	atomwise.linear_nn.linear.weight	37.295	run_hybrid_fixed_sA_d7500	hybrid_fixed	A	7500	0.001
7001	atomwise.outnet.0.linear.bias	11.378	run_hybrid_fixed_sA_d7500	hybrid_fixed	A	7500	0.001
7001	atomwise.outnet.0.linear.weight	23.224	run_hybrid_fixed_sA_d7500	hybrid_fixed	A	7500	0.001
7001	atomwise.outnet.1.linear.bias	6.4966	run_hybrid_fixed_sA_d7500	hybrid_fixed	A	7500	0.001
7001	atomwise.outnet.1.linear.weight	6.7583	run_hybrid_fixed_sA_d7500	hybrid_fixed	A	7500	0.001
7001	atomwise.outnet.2.linear.bias	10.057	run_hybrid_fixed_sA_d7500	hybrid_fixed	A	7500	0.001
7001	atomwise.outnet.2.linear.weight	15.365	run_hybrid_fixed_sA_d7500	hybrid_fixed	A	7500	0.001
7101	atomwise.linear_nn.linear.bias	1.6409	run_hybrid_fixed_sA_d7500	hybrid_fixed	A	7500	0.001
7101	atomwise.linear_nn.linear.weight	17.755	run_hybrid_fixed_sA_d7500	hybrid_fixed	A	7500	0.001
7101	atomwise.outnet.0.linear.bias	1.5215	run_hybrid_fixed_sA_d7500	hybrid_fixed	A	7500	0.001
7101	atomwise.outnet.0.linear.weight	9.5794	run_hybrid_fixed_sA_d7500	hybrid_fixed	A	7500	0.001
7101	atomwise.outnet.1.linear.bias	1.2092	run_hybrid_fixed_sA_d7500	hybrid_fixed	A	7500	0.001
7101	atomwise.outnet.1.linear.weight	2.5373	run_hybrid_fixed_sA_d7500	hybrid_fixed	A	7500	0.001
7101	atomwise.outnet.2.linear.bias	1.6409	run_hybrid_fixed_sA_d7500	hybrid_fixed	A	7500	0.001
7101	atomwise.outnet.2.linear.weight	4.095	run_hybrid_fixed_sA_d7500	hybrid_fixed	A	7500	0.001
7201	atomwise.linear_nn.linear.bias	1.3564	run_hybrid_fixed_sA_d7500	hybrid_fixed	A	7500	0.001
7201	atomwise.linear_nn.linear.weight	48.813	run_hybrid_fixed_sA_d7500	hybrid_fixed	A	7500	0.001
7201	atomwise.outnet.0.linear.bias	1.8746	run_hybrid_fixed_sA_d7500	hybrid_fixed	A	7500	0.001
7201	atomwise.outnet.0.linear.weight	25.572	run_hybrid_fixed_sA_d7500	hybrid_fixed	A	7500	0.001
7201	atomwise.outnet.1.linear.bias	1.2946	run_hybrid_fixed_sA_d7500	hybrid_fixed	A	7500	0.001
7201	atomwise.outnet.1.linear.weight	3.7395	run_hybrid_fixed_sA_d7500	hybrid_fixed	A	7500	0.001
7201	atomwise.outnet.2.linear.bias	1.3564	run_hybrid_fixed_sA_d7500	hybrid_fixed	A	7500	0.001
7201	atomwise.outnet.2.linear.weight	4.6377	run_hybrid_fixed_sA_d7500	hybrid_fixed	A	7500	0.001
7301	atomwise.linear_nn.linear.bias	1.3232	run_hybrid_fixed_sA_d7500	hybrid_fixed	A	7500	0.001
7301	atomwise.linear_nn.linear.weight	9.2731	run_hybrid_fixed_sA_d7500	hybrid_fixed	A	7500	0.001
7301	atomwise.outnet.0.linear.bias	2.0314	run_hybrid_fixed_sA_d7500	hybrid_fixed	A	7500	0.001
7301	atomwise.outnet.0.linear.weight	6.3893	run_hybrid_fixed_sA_d7500	hybrid_fixed	A	7500	0.001
7301	atomwise.outnet.1.linear.bias	1.2109	run_hybrid_fixed_sA_d7500	hybrid_fixed	A	7500	0.001
7301	atomwise.outnet.1.linear.weight	2.265	run_hybrid_fixed_sA_d7500	hybrid_fixed	A	7500	0.001
7301	atomwise.outnet.2.linear.bias	1.3232	run_hybrid_fixed_sA_d7500	hybrid_fixed	A	7500	0.001
7301	atomwise.outnet.2.linear.weight	6.2849	run_hybrid_fixed_sA_d7500	hybrid_fixed	A	7500	0.001
7401	atomwise.linear_nn.linear.bias	1.125	run_hybrid_fixed_sA_d7500	hybrid_fixed	A	7500	0.001
7401	atomwise.linear_nn.linear.weight	37.557	run_hybrid_fixed_sA_d7500	hybrid_fixed	A	7500	0.001
7401	atomwise.outnet.0.linear.bias	1.3096	run_hybrid_fixed_sA_d7500	hybrid_fixed	A	7500	0.001
7401	atomwise.outnet.0.linear.weight	19.565	run_hybrid_fixed_sA_d7500	hybrid_fixed	A	7500	0.001
7401	atomwise.outnet.1.linear.bias	0.78049	run_hybrid_fixed_sA_d7500	hybrid_fixed	A	7500	0.001
7401	atomwise.outnet.1.linear.weight	1.1068	run_hybrid_fixed_sA_d7500	hybrid_fixed	A	7500	0.001
7401	atomwise.outnet.2.linear.bias	1.125	run_hybrid_fixed_sA_d7500	hybrid_fixed	A	7500	0.001
7401	atomwise.outnet.2.linear.weight	0.97925	run_hybrid_fixed_sA_d7500	hybrid_fixed	A	7500	0.001
7501	atomwise.linear_nn.linear.bias	0.24131	run_hybrid_fixed_sA_d7500	hybrid_fixed	A	7500	4.5601626938095613e-07
7501	atomwise.linear_nn.linear.weight	1.4226	run_hybrid_fixed_sA_d7500	hybrid_fixed	A	7500	4.5601626938095613e-07
7501	atomwise.outnet.0.linear.bias	1.0586	run_hybrid_fixed_sA_d7500	hybrid_fixed	A	7500	4.5601626938095613e-07
7501	atomwise.outnet.0.linear.weight	0.80685	run_hybrid_fixed_sA_d7500	hybrid_fixed	A	7500	4.5601626938095613e-07
7501	atomwise.outnet.1.linear.bias	0.74055	run_hybrid_fixed_sA_d7500	hybrid_fixed	A	7500	4.5601626938095613e-07
7501	atomwise.outnet.1.linear.weight	0.98261	run_hybrid_fixed_sA_d7500	hybrid_fixed	A	7500	4.5601626938095613e-07
7501	atomwise.outnet.2.linear.bias	0.24131	run_hybrid_fixed_sA_d7500	hybrid_fixed	A	7500	4.5601626938095613e-07
7501	atomwise.outnet.2.linear.weight	3.1154	run_hybrid_fixed_sA_d7500	hybrid_fixed	A	7500	4.5601626938095613e-07
7601	atomwise.linear_nn.linear.bias	0.013598	run_hybrid_fixed_sA_d7500	hybrid_fixed	A	7500	4.5601626938095613e-07
7601	atomwise.linear_nn.linear.weight	0.12265	run_hybrid_fixed_sA_d7500	hybrid_fixed	A	7500	4.5601626938095613e-07
7601	atomwise.outnet.0.linear.bias	0.038818	run_hybrid_fixed_sA_d7500	hybrid_fixed	A	7500	4.5601626938095613e-07
7601	atomwise.outnet.0.linear.weight	0.069388	run_hybrid_fixed_sA_d7500	hybrid_fixed	A	7500	4.5601626938095613e-07
7601	atomwise.outnet.1.linear.bias	0.02388	run_hybrid_fixed_sA_d7500	hybrid_fixed	A	7500	4.5601626938095613e-07
7601	atomwise.outnet.1.linear.weight	0.033929	run_hybrid_fixed_sA_d7500	hybrid_fixed	A	7500	4.5601626938095613e-07
7601	atomwise.outnet.2.linear.bias	0.013598	run_hybrid_fixed_sA_d7500	hybrid_fixed	A	7500	4.5601626938095613e-07
7601	atomwise.outnet.2.linear.weight	0.10487	run_hybrid_fixed_sA_d7500	hybrid_fixed	A	7500	4.5601626938095613e-07
7701	atomwise.linear_nn.linear.bias	0.013076	run_hybrid_fixed_sA_d7500	hybrid_fixed	A	7500	4.5601626938095613e-07
7701	atomwise.linear_nn.linear.weight	0.12835	run_hybrid_fixed_sA_d7500	hybrid_fixed	A	7500	4.5601626938095613e-07
7701	atomwise.outnet.0.linear.bias	0.045369	run_hybrid_fixed_sA_d7500	hybrid_fixed	A	7500	4.5601626938095613e-07
7701	atomwise.outnet.0.linear.weight	0.073664	run_hybrid_fixed_sA_d7500	hybrid_fixed	A	7500	4.5601626938095613e-07
7701	atomwise.outnet.1.linear.bias	0.028394	run_hybrid_fixed_sA_d7500	hybrid_fixed	A	7500	4.5601626938095613e-07
7701	atomwise.outnet.1.linear.weight	0.041502	run_hybrid_fixed_sA_d7500	hybrid_fixed	A	7500	4.5601626938095613e-07
7701	atomwise.outnet.2.linear.bias	0.013076	run_hybrid_fixed_sA_d7500	hybrid_fixed	A	7500	4.5601626938095613e-07
7701	atomwise.outnet.2.linear.weight	0.12854	run_hybrid_fixed_sA_d7500	hybrid_fixed	A	7500	4.5601626938095613e-07
7801	atomwise.linear_nn.linear.bias	0.013713	run_hybrid_fixed_sA_d7500	hybrid_fixed	A	7500	4.5601626938095613e-07
7801	atomwise.linear_nn.linear.weight	0.10685	run_hybrid_fixed_sA_d7500	hybrid_fixed	A	7500	4.5601626938095613e-07
7801	atomwise.outnet.0.linear.bias	0.079343	run_hybrid_fixed_sA_d7500	hybrid_fixed	A	7500	4.5601626938095613e-07
7801	atomwise.outnet.0.linear.weight	0.066803	run_hybrid_fixed_sA_d7500	hybrid_fixed	A	7500	4.5601626938095613e-07
7801	atomwise.outnet.1.linear.bias	0.059317	run_hybrid_fixed_sA_d7500	hybrid_fixed	A	7500	4.5601626938095613e-07
7801	atomwise.outnet.1.linear.weight	0.078066	run_hybrid_fixed_sA_d7500	hybrid_fixed	A	7500	4.5601626938095613e-07
7801	atomwise.outnet.2.linear.bias	0.013713	run_hybrid_fixed_sA_d7500	hybrid_fixed	A	7500	4.5601626938095613e-07
7801	atomwise.outnet.2.linear.weight	0.24121	run_hybrid_fixed_sA_d7500	hybrid_fixed	A	7500	4.5601626938095613e-07
7901	atomwise.linear_nn.linear.bias	0.035034	run_hybrid_fixed_sA_d7500	hybrid_fixed	A	7500	4.5601626938095613e-07
7901	atomwise.linear_nn.linear.weight	0.222	run_hybrid_fixed_sA_d7500	hybrid_fixed	A	7500	4.5601626938095613e-07
7901	atomwise.outnet.0.linear.bias	0.13931	run_hybrid_fixed_sA_d7500	hybrid_fixed	A	7500	4.5601626938095613e-07
7901	atomwise.outnet.0.linear.weight	0.12544	run_hybrid_fixed_sA_d7500	hybrid_fixed	A	7500	4.5601626938095613e-07
7901	atomwise.outnet.1.linear.bias	0.094616	run_hybrid_fixed_sA_d7500	hybrid_fixed	A	7500	4.5601626938095613e-07
7901	atomwise.outnet.1.linear.weight	0.1273	run_hybrid_fixed_sA_d7500	hybrid_fixed	A	7500	4.5601626938095613e-07
7901	atomwise.outnet.2.linear.bias	0.035034	run_hybrid_fixed_sA_d7500	hybrid_fixed	A	7500	4.5601626938095613e-07
7901	atomwise.outnet.2.linear.weight	0.40479	run_hybrid_fixed_sA_d7500	hybrid_fixed	A	7500	4.5601626938095613e-07
8001	atomwise.linear_nn.linear.bias	0.005211	run_hybrid_fixed_sA_d7500	hybrid_fixed	A	7500	4.5601626938095613e-07
8001	atomwise.linear_nn.linear.weight	0.0951	run_hybrid_fixed_sA_d7500	hybrid_fixed	A	7500	4.5601626938095613e-07
8001	atomwise.outnet.0.linear.bias	0.0097477	run_hybrid_fixed_sA_d7500	hybrid_fixed	A	7500	4.5601626938095613e-07
8001	atomwise.outnet.0.linear.weight	0.054283	run_hybrid_fixed_sA_d7500	hybrid_fixed	A	7500	4.5601626938095613e-07
8001	atomwise.outnet.1.linear.bias	0.0045041	run_hybrid_fixed_sA_d7500	hybrid_fixed	A	7500	4.5601626938095613e-07
8001	atomwise.outnet.1.linear.weight	0.011756	run_hybrid_fixed_sA_d7500	hybrid_fixed	A	7500	4.5601626938095613e-07
8001	atomwise.outnet.2.linear.bias	0.005211	run_hybrid_fixed_sA_d7500	hybrid_fixed	A	7500	4.5601626938095613e-07
8001	atomwise.outnet.2.linear.weight	0.024025	run_hybrid_fixed_sA_d7500	hybrid_fixed	A	7500	4.5601626938095613e-07
8101	atomwise.linear_nn.linear.bias	0.014216	run_hybrid_fixed_sA_d7500	hybrid_fixed	A	7500	4.5601626938095613e-07
8101	atomwise.linear_nn.linear.weight	0.10029	run_hybrid_fixed_sA_d7500	hybrid_fixed	A	7500	4.5601626938095613e-07
8101	atomwise.outnet.0.linear.bias	0.075074	run_hybrid_fixed_sA_d7500	hybrid_fixed	A	7500	4.5601626938095613e-07
8101	atomwise.outnet.0.linear.weight	0.0626	run_hybrid_fixed_sA_d7500	hybrid_fixed	A	7500	4.5601626938095613e-07
8101	atomwise.outnet.1.linear.bias	0.05524	run_hybrid_fixed_sA_d7500	hybrid_fixed	A	7500	4.5601626938095613e-07
8101	atomwise.outnet.1.linear.weight	0.072287	run_hybrid_fixed_sA_d7500	hybrid_fixed	A	7500	4.5601626938095613e-07
8101	atomwise.outnet.2.linear.bias	0.014216	run_hybrid_fixed_sA_d7500	hybrid_fixed	A	7500	4.5601626938095613e-07
8101	atomwise.outnet.2.linear.weight	0.22532	run_hybrid_fixed_sA_d7500	hybrid_fixed	A	7500	4.5601626938095613e-07
8201	atomwise.linear_nn.linear.bias	0.0079372	run_hybrid_fixed_sA_d7500	hybrid_fixed	A	7500	4.5601626938095613e-07
8201	atomwise.linear_nn.linear.weight	0.093754	run_hybrid_fixed_sA_d7500	hybrid_fixed	A	7500	4.5601626938095613e-07
8201	atomwise.outnet.0.linear.bias	0.019721	run_hybrid_fixed_sA_d7500	hybrid_fixed	A	7500	4.5601626938095613e-07
8201	atomwise.outnet.0.linear.weight	0.056385	run_hybrid_fixed_sA_d7500	hybrid_fixed	A	7500	4.5601626938095613e-07
8201	atomwise.outnet.1.linear.bias	0.010907	run_hybrid_fixed_sA_d7500	hybrid_fixed	A	7500	4.5601626938095613e-07
8201	atomwise.outnet.1.linear.weight	0.019337	run_hybrid_fixed_sA_d7500	hybrid_fixed	A	7500	4.5601626938095613e-07
8201	atomwise.outnet.2.linear.bias	0.0079372	run_hybrid_fixed_sA_d7500	hybrid_fixed	A	7500	4.5601626938095613e-07
8201	atomwise.outnet.2.linear.weight	0.053919	run_hybrid_fixed_sA_d7500	hybrid_fixed	A	7500	4.5601626938095613e-07
8301	atomwise.linear_nn.linear.bias	0.0050708	run_hybrid_fixed_sA_d7500	hybrid_fixed	A	7500	4.5601626938095613e-07
8301	atomwise.linear_nn.linear.weight	0.08969	run_hybrid_fixed_sA_d7500	hybrid_fixed	A	7500	4.5601626938095613e-07
8301	atomwise.outnet.0.linear.bias	0.012843	run_hybrid_fixed_sA_d7500	hybrid_fixed	A	7500	4.5601626938095613e-07
8301	atomwise.outnet.0.linear.weight	0.051731	run_hybrid_fixed_sA_d7500	hybrid_fixed	A	7500	4.5601626938095613e-07
8301	atomwise.outnet.1.linear.bias	0.0066332	run_hybrid_fixed_sA_d7500	hybrid_fixed	A	7500	4.5601626938095613e-07
8301	atomwise.outnet.1.linear.weight	0.013653	run_hybrid_fixed_sA_d7500	hybrid_fixed	A	7500	4.5601626938095613e-07
8301	atomwise.outnet.2.linear.bias	0.0050708	run_hybrid_fixed_sA_d7500	hybrid_fixed	A	7500	4.5601626938095613e-07
8301	atomwise.outnet.2.linear.weight	0.034005	run_hybrid_fixed_sA_d7500	hybrid_fixed	A	7500	4.5601626938095613e-07
8401	atomwise.linear_nn.linear.bias	0.041334	run_hybrid_fixed_sA_d7500	hybrid_fixed	A	7500	4.5601626938095613e-07
8401	atomwise.linear_nn.linear.weight	0.27997	run_hybrid_fixed_sA_d7500	hybrid_fixed	A	7500	4.5601626938095613e-07
8401	atomwise.outnet.0.linear.bias	0.17477	run_hybrid_fixed_sA_d7500	hybrid_fixed	A	7500	4.5601626938095613e-07
8401	atomwise.outnet.0.linear.weight	0.156	run_hybrid_fixed_sA_d7500	hybrid_fixed	A	7500	4.5601626938095613e-07
8401	atomwise.outnet.1.linear.bias	0.12012	run_hybrid_fixed_sA_d7500	hybrid_fixed	A	7500	4.5601626938095613e-07
8401	atomwise.outnet.1.linear.weight	0.16133	run_hybrid_fixed_sA_d7500	hybrid_fixed	A	7500	4.5601626938095613e-07
8401	atomwise.outnet.2.linear.bias	0.041334	run_hybrid_fixed_sA_d7500	hybrid_fixed	A	7500	4.5601626938095613e-07
8401	atomwise.outnet.2.linear.weight	0.51201	run_hybrid_fixed_sA_d7500	hybrid_fixed	A	7500	4.5601626938095613e-07
8501	atomwise.linear_nn.linear.bias	0.017909	run_hybrid_fixed_sA_d7500	hybrid_fixed	A	7500	4.5601626938095613e-07
8501	atomwise.linear_nn.linear.weight	0.10577	run_hybrid_fixed_sA_d7500	hybrid_fixed	A	7500	4.5601626938095613e-07
8501	atomwise.outnet.0.linear.bias	0.088169	run_hybrid_fixed_sA_d7500	hybrid_fixed	A	7500	4.5601626938095613e-07
8501	atomwise.outnet.0.linear.weight	0.06551	run_hybrid_fixed_sA_d7500	hybrid_fixed	A	7500	4.5601626938095613e-07
8501	atomwise.outnet.1.linear.bias	0.064733	run_hybrid_fixed_sA_d7500	hybrid_fixed	A	7500	4.5601626938095613e-07
8501	atomwise.outnet.1.linear.weight	0.084832	run_hybrid_fixed_sA_d7500	hybrid_fixed	A	7500	4.5601626938095613e-07
8501	atomwise.outnet.2.linear.bias	0.017909	run_hybrid_fixed_sA_d7500	hybrid_fixed	A	7500	4.5601626938095613e-07
8501	atomwise.outnet.2.linear.weight	0.26462	run_hybrid_fixed_sA_d7500	hybrid_fixed	A	7500	4.5601626938095613e-07
8601	atomwise.linear_nn.linear.bias	0.016596	run_hybrid_fixed_sA_d7500	hybrid_fixed	A	7500	4.5601626938095613e-07
8601	atomwise.linear_nn.linear.weight	0.12173	run_hybrid_fixed_sA_d7500	hybrid_fixed	A	7500	4.5601626938095613e-07
8601	atomwise.outnet.0.linear.bias	0.05095	run_hybrid_fixed_sA_d7500	hybrid_fixed	A	7500	4.5601626938095613e-07
8601	atomwise.outnet.0.linear.weight	0.070859	run_hybrid_fixed_sA_d7500	hybrid_fixed	A	7500	4.5601626938095613e-07
8601	atomwise.outnet.1.linear.bias	0.032124	run_hybrid_fixed_sA_d7500	hybrid_fixed	A	7500	4.5601626938095613e-07
8601	atomwise.outnet.1.linear.weight	0.044519	run_hybrid_fixed_sA_d7500	hybrid_fixed	A	7500	4.5601626938095613e-07
8601	atomwise.outnet.2.linear.bias	0.016596	run_hybrid_fixed_sA_d7500	hybrid_fixed	A	7500	4.5601626938095613e-07
8601	atomwise.outnet.2.linear.weight	0.13953	run_hybrid_fixed_sA_d7500	hybrid_fixed	A	7500	4.5601626938095613e-07
8701	atomwise.linear_nn.linear.bias	0.017037	run_hybrid_fixed_sA_d7500	hybrid_fixed	A	7500	4.5601626938095613e-07
8701	atomwise.linear_nn.linear.weight	0.12132	run_hybrid_fixed_sA_d7500	hybrid_fixed	A	7500	4.5601626938095613e-07
8701	atomwise.outnet.0.linear.bias	0.044539	run_hybrid_fixed_sA_d7500	hybrid_fixed	A	7500	4.5601626938095613e-07
8701	atomwise.outnet.0.linear.weight	0.068678	run_hybrid_fixed_sA_d7500	hybrid_fixed	A	7500	4.5601626938095613e-07
8701	atomwise.outnet.1.linear.bias	0.027632	run_hybrid_fixed_sA_d7500	hybrid_fixed	A	7500	4.5601626938095613e-07
8701	atomwise.outnet.1.linear.weight	0.037304	run_hybrid_fixed_sA_d7500	hybrid_fixed	A	7500	4.5601626938095613e-07
8701	atomwise.outnet.2.linear.bias	0.017037	run_hybrid_fixed_sA_d7500	hybrid_fixed	A	7500	4.5601626938095613e-07
8701	atomwise.outnet.2.linear.weight	0.11643	run_hybrid_fixed_sA_d7500	hybrid_fixed	A	7500	4.5601626938095613e-07
8801	atomwise.linear_nn.linear.bias	0.0085987	run_hybrid_fixed_sA_d7500	hybrid_fixed	A	7500	4.5601626938095613e-07
8801	atomwise.linear_nn.linear.weight	0.086992	run_hybrid_fixed_sA_d7500	hybrid_fixed	A	7500	4.5601626938095613e-07
8801	atomwise.outnet.0.linear.bias	0.046968	run_hybrid_fixed_sA_d7500	hybrid_fixed	A	7500	4.5601626938095613e-07
8801	atomwise.outnet.0.linear.weight	0.053468	run_hybrid_fixed_sA_d7500	hybrid_fixed	A	7500	4.5601626938095613e-07
8801	atomwise.outnet.1.linear.bias	0.03575	run_hybrid_fixed_sA_d7500	hybrid_fixed	A	7500	4.5601626938095613e-07
8801	atomwise.outnet.1.linear.weight	0.046765	run_hybrid_fixed_sA_d7500	hybrid_fixed	A	7500	4.5601626938095613e-07
8801	atomwise.outnet.2.linear.bias	0.0085987	run_hybrid_fixed_sA_d7500	hybrid_fixed	A	7500	4.5601626938095613e-07
8801	atomwise.outnet.2.linear.weight	0.14212	run_hybrid_fixed_sA_d7500	hybrid_fixed	A	7500	4.5601626938095613e-07
8901	atomwise.linear_nn.linear.bias	0.023663	run_hybrid_fixed_sA_d7500	hybrid_fixed	A	7500	4.5601626938095613e-07
8901	atomwise.linear_nn.linear.weight	0.19261	run_hybrid_fixed_sA_d7500	hybrid_fixed	A	7500	4.5601626938095613e-07
8901	atomwise.outnet.0.linear.bias	0.099544	run_hybrid_fixed_sA_d7500	hybrid_fixed	A	7500	4.5601626938095613e-07
8901	atomwise.outnet.0.linear.weight	0.1062	run_hybrid_fixed_sA_d7500	hybrid_fixed	A	7500	4.5601626938095613e-07
8901	atomwise.outnet.1.linear.bias	0.067558	run_hybrid_fixed_sA_d7500	hybrid_fixed	A	7500	4.5601626938095613e-07
8901	atomwise.outnet.1.linear.weight	0.091316	run_hybrid_fixed_sA_d7500	hybrid_fixed	A	7500	4.5601626938095613e-07
8901	atomwise.outnet.2.linear.bias	0.023663	run_hybrid_fixed_sA_d7500	hybrid_fixed	A	7500	4.5601626938095613e-07
8901	atomwise.outnet.2.linear.weight	0.28914	run_hybrid_fixed_sA_d7500	hybrid_fixed	A	7500	4.5601626938095613e-07
9001	atomwise.linear_nn.linear.bias	0.016593	run_hybrid_fixed_sA_d7500	hybrid_fixed	A	7500	4.5601626938095613e-07
9001	atomwise.linear_nn.linear.weight	0.15148	run_hybrid_fixed_sA_d7500	hybrid_fixed	A	7500	4.5601626938095613e-07
9001	atomwise.outnet.0.linear.bias	0.064459	run_hybrid_fixed_sA_d7500	hybrid_fixed	A	7500	4.5601626938095613e-07
9001	atomwise.outnet.0.linear.weight	0.083362	run_hybrid_fixed_sA_d7500	hybrid_fixed	A	7500	4.5601626938095613e-07
9001	atomwise.outnet.1.linear.bias	0.042607	run_hybrid_fixed_sA_d7500	hybrid_fixed	A	7500	4.5601626938095613e-07
9001	atomwise.outnet.1.linear.weight	0.058568	run_hybrid_fixed_sA_d7500	hybrid_fixed	A	7500	4.5601626938095613e-07
9001	atomwise.outnet.2.linear.bias	0.016593	run_hybrid_fixed_sA_d7500	hybrid_fixed	A	7500	4.5601626938095613e-07
9001	atomwise.outnet.2.linear.weight	0.18478	run_hybrid_fixed_sA_d7500	hybrid_fixed	A	7500	4.5601626938095613e-07
9101	atomwise.linear_nn.linear.bias	0.0011077	run_hybrid_fixed_sA_d7500	hybrid_fixed	A	7500	4.5601626938095613e-07
9101	atomwise.linear_nn.linear.weight	0.075582	run_hybrid_fixed_sA_d7500	hybrid_fixed	A	7500	4.5601626938095613e-07
9101	atomwise.outnet.0.linear.bias	0.009557	run_hybrid_fixed_sA_d7500	hybrid_fixed	A	7500	4.5601626938095613e-07
9101	atomwise.outnet.0.linear.weight	0.044891	run_hybrid_fixed_sA_d7500	hybrid_fixed	A	7500	4.5601626938095613e-07
9101	atomwise.outnet.1.linear.bias	0.0090373	run_hybrid_fixed_sA_d7500	hybrid_fixed	A	7500	4.5601626938095613e-07
9101	atomwise.outnet.1.linear.weight	0.014101	run_hybrid_fixed_sA_d7500	hybrid_fixed	A	7500	4.5601626938095613e-07
9101	atomwise.outnet.2.linear.bias	0.0011077	run_hybrid_fixed_sA_d7500	hybrid_fixed	A	7500	4.5601626938095613e-07
9101	atomwise.outnet.2.linear.weight	0.031723	run_hybrid_fixed_sA_d7500	hybrid_fixed	A	7500	4.5601626938095613e-07
9201	atomwise.linear_nn.linear.bias	3.3241e-06	run_hybrid_fixed_sA_d7500	hybrid_fixed	A	7500	4.5601626938095613e-07
9201	atomwise.linear_nn.linear.weight	0.064902	run_hybrid_fixed_sA_d7500	hybrid_fixed	A	7500	4.5601626938095613e-07
9201	atomwise.outnet.0.linear.bias	0.019917	run_hybrid_fixed_sA_d7500	hybrid_fixed	A	7500	4.5601626938095613e-07
9201	atomwise.outnet.0.linear.weight	0.040202	run_hybrid_fixed_sA_d7500	hybrid_fixed	A	7500	4.5601626938095613e-07
9201	atomwise.outnet.1.linear.bias	0.017118	run_hybrid_fixed_sA_d7500	hybrid_fixed	A	7500	4.5601626938095613e-07
9201	atomwise.outnet.1.linear.weight	0.024071	run_hybrid_fixed_sA_d7500	hybrid_fixed	A	7500	4.5601626938095613e-07
9201	atomwise.outnet.2.linear.bias	3.3241e-06	run_hybrid_fixed_sA_d7500	hybrid_fixed	A	7500	4.5601626938095613e-07
9201	atomwise.outnet.2.linear.weight	0.067537	run_hybrid_fixed_sA_d7500	hybrid_fixed	A	7500	4.5601626938095613e-07
9301	atomwise.linear_nn.linear.bias	0.036525	run_hybrid_fixed_sA_d7500	hybrid_fixed	A	7500	4.5601626938095613e-07
9301	atomwise.linear_nn.linear.weight	0.17882	run_hybrid_fixed_sA_d7500	hybrid_fixed	A	7500	4.5601626938095613e-07
9301	atomwise.outnet.0.linear.bias	0.16263	run_hybrid_fixed_sA_d7500	hybrid_fixed	A	7500	4.5601626938095613e-07
9301	atomwise.outnet.0.linear.weight	0.1075	run_hybrid_fixed_sA_d7500	hybrid_fixed	A	7500	4.5601626938095613e-07
9301	atomwise.outnet.1.linear.bias	0.11651	run_hybrid_fixed_sA_d7500	hybrid_fixed	A	7500	4.5601626938095613e-07
9301	atomwise.outnet.1.linear.weight	0.15312	run_hybrid_fixed_sA_d7500	hybrid_fixed	A	7500	4.5601626938095613e-07
9301	atomwise.outnet.2.linear.bias	0.036525	run_hybrid_fixed_sA_d7500	hybrid_fixed	A	7500	4.5601626938095613e-07
9301	atomwise.outnet.2.linear.weight	0.48277	run_hybrid_fixed_sA_d7500	hybrid_fixed	A	7500	4.5601626938095613e-07
9401	atomwise.linear_nn.linear.bias	0.015033	run_hybrid_fixed_sA_d7500	hybrid_fixed	A	7500	4.5601626938095613e-07
9401	atomwise.linear_nn.linear.weight	0.10035	run_hybrid_fixed_sA_d7500	hybrid_fixed	A	7500	4.5601626938095613e-07
9401	atomwise.outnet.0.linear.bias	0.075782	run_hybrid_fixed_sA_d7500	hybrid_fixed	A	7500	4.5601626938095613e-07
9401	atomwise.outnet.0.linear.weight	0.062622	run_hybrid_fixed_sA_d7500	hybrid_fixed	A	7500	4.5601626938095613e-07
9401	atomwise.outnet.1.linear.bias	0.055665	run_hybrid_fixed_sA_d7500	hybrid_fixed	A	7500	4.5601626938095613e-07
9401	atomwise.outnet.1.linear.weight	0.073034	run_hybrid_fixed_sA_d7500	hybrid_fixed	A	7500	4.5601626938095613e-07
9401	atomwise.outnet.2.linear.bias	0.015033	run_hybrid_fixed_sA_d7500	hybrid_fixed	A	7500	4.5601626938095613e-07
9401	atomwise.outnet.2.linear.weight	0.22787	run_hybrid_fixed_sA_d7500	hybrid_fixed	A	7500	4.5601626938095613e-07
9501	atomwise.linear_nn.linear.bias	0.021523	run_hybrid_fixed_sA_d7500	hybrid_fixed	A	7500	4.5601626938095613e-07
9501	atomwise.linear_nn.linear.weight	0.1097	run_hybrid_fixed_sA_d7500	hybrid_fixed	A	7500	4.5601626938095613e-07
9501	atomwise.outnet.0.linear.bias	0.092663	run_hybrid_fixed_sA_d7500	hybrid_fixed	A	7500	4.5601626938095613e-07
9501	atomwise.outnet.0.linear.weight	0.068591	run_hybrid_fixed_sA_d7500	hybrid_fixed	A	7500	4.5601626938095613e-07
9501	atomwise.outnet.1.linear.bias	0.067114	run_hybrid_fixed_sA_d7500	hybrid_fixed	A	7500	4.5601626938095613e-07
9501	atomwise.outnet.1.linear.weight	0.086884	run_hybrid_fixed_sA_d7500	hybrid_fixed	A	7500	4.5601626938095613e-07
9501	atomwise.outnet.2.linear.bias	0.021523	run_hybrid_fixed_sA_d7500	hybrid_fixed	A	7500	4.5601626938095613e-07
9501	atomwise.outnet.2.linear.weight	0.27255	run_hybrid_fixed_sA_d7500	hybrid_fixed	A	7500	4.5601626938095613e-07
9601	atomwise.linear_nn.linear.bias	0.0039192	run_hybrid_fixed_sA_d7500	hybrid_fixed	A	7500	4.5601626938095613e-07
9601	atomwise.linear_nn.linear.weight	0.10938	run_hybrid_fixed_sA_d7500	hybrid_fixed	A	7500	4.5601626938095613e-07
9601	atomwise.outnet.0.linear.bias	0.018105	run_hybrid_fixed_sA_d7500	hybrid_fixed	A	7500	4.5601626938095613e-07
9601	atomwise.outnet.0.linear.weight	0.061382	run_hybrid_fixed_sA_d7500	hybrid_fixed	A	7500	4.5601626938095613e-07
9601	atomwise.outnet.1.linear.bias	0.010334	run_hybrid_fixed_sA_d7500	hybrid_fixed	A	7500	4.5601626938095613e-07
9601	atomwise.outnet.1.linear.weight	0.018061	run_hybrid_fixed_sA_d7500	hybrid_fixed	A	7500	4.5601626938095613e-07
9601	atomwise.outnet.2.linear.bias	0.0039192	run_hybrid_fixed_sA_d7500	hybrid_fixed	A	7500	4.5601626938095613e-07
9601	atomwise.outnet.2.linear.weight	0.046502	run_hybrid_fixed_sA_d7500	hybrid_fixed	A	7500	4.5601626938095613e-07
9701	atomwise.linear_nn.linear.bias	0.0038299	run_hybrid_fixed_sA_d7500	hybrid_fixed	A	7500	4.5601626938095613e-07
9701	atomwise.linear_nn.linear.weight	0.10164	run_hybrid_fixed_sA_d7500	hybrid_fixed	A	7500	4.5601626938095613e-07
9701	atomwise.outnet.0.linear.bias	0.0086601	run_hybrid_fixed_sA_d7500	hybrid_fixed	A	7500	4.5601626938095613e-07
9701	atomwise.outnet.0.linear.weight	0.057922	run_hybrid_fixed_sA_d7500	hybrid_fixed	A	7500	4.5601626938095613e-07
9701	atomwise.outnet.1.linear.bias	0.00355	run_hybrid_fixed_sA_d7500	hybrid_fixed	A	7500	4.5601626938095613e-07
9701	atomwise.outnet.1.linear.weight	0.012389	run_hybrid_fixed_sA_d7500	hybrid_fixed	A	7500	4.5601626938095613e-07
9701	atomwise.outnet.2.linear.bias	0.0038299	run_hybrid_fixed_sA_d7500	hybrid_fixed	A	7500	4.5601626938095613e-07
9701	atomwise.outnet.2.linear.weight	0.021951	run_hybrid_fixed_sA_d7500	hybrid_fixed	A	7500	4.5601626938095613e-07
9801	atomwise.linear_nn.linear.bias	0.01649	run_hybrid_fixed_sA_d7500	hybrid_fixed	A	7500	4.5601626938095613e-07
9801	atomwise.linear_nn.linear.weight	0.14223	run_hybrid_fixed_sA_d7500	hybrid_fixed	A	7500	4.5601626938095613e-07
9801	atomwise.outnet.0.linear.bias	0.063115	run_hybrid_fixed_sA_d7500	hybrid_fixed	A	7500	4.5601626938095613e-07
9801	atomwise.outnet.0.linear.weight	0.078697	run_hybrid_fixed_sA_d7500	hybrid_fixed	A	7500	4.5601626938095613e-07
9801	atomwise.outnet.1.linear.bias	0.041827	run_hybrid_fixed_sA_d7500	hybrid_fixed	A	7500	4.5601626938095613e-07
9801	atomwise.outnet.1.linear.weight	0.057164	run_hybrid_fixed_sA_d7500	hybrid_fixed	A	7500	4.5601626938095613e-07
9801	atomwise.outnet.2.linear.bias	0.01649	run_hybrid_fixed_sA_d7500	hybrid_fixed	A	7500	4.5601626938095613e-07
9801	atomwise.outnet.2.linear.weight	0.18075	run_hybrid_fixed_sA_d7500	hybrid_fixed	A	7500	4.5601626938095613e-07
9901	atomwise.linear_nn.linear.bias	0.0042543	run_hybrid_fixed_sA_d7500	hybrid_fixed	A	7500	4.5601626938095613e-07
9901	atomwise.linear_nn.linear.weight	0.073262	run_hybrid_fixed_sA_d7500	hybrid_fixed	A	7500	4.5601626938095613e-07
9901	atomwise.outnet.0.linear.bias	0.038823	run_hybrid_fixed_sA_d7500	hybrid_fixed	A	7500	4.5601626938095613e-07
9901	atomwise.outnet.0.linear.weight	0.045246	run_hybrid_fixed_sA_d7500	hybrid_fixed	A	7500	4.5601626938095613e-07
9901	atomwise.outnet.1.linear.bias	0.03031	run_hybrid_fixed_sA_d7500	hybrid_fixed	A	7500	4.5601626938095613e-07
9901	atomwise.outnet.1.linear.weight	0.04077	run_hybrid_fixed_sA_d7500	hybrid_fixed	A	7500	4.5601626938095613e-07
9901	atomwise.outnet.2.linear.bias	0.0042543	run_hybrid_fixed_sA_d7500	hybrid_fixed	A	7500	4.5601626938095613e-07
9901	atomwise.outnet.2.linear.weight	0.12314	run_hybrid_fixed_sA_d7500	hybrid_fixed	A	7500	4.5601626938095613e-07
1	atomwise.linear_nn.linear.bias	10.806	run_hybrid_fixed_sB_d7500	hybrid_fixed	B	7500	0.001
1	atomwise.linear_nn.linear.weight	425.95	run_hybrid_fixed_sB_d7500	hybrid_fixed	B	7500	0.001
1	atomwise.outnet.0.linear.bias	1.1056	run_hybrid_fixed_sB_d7500	hybrid_fixed	B	7500	0.001
1	atomwise.outnet.0.linear.weight	47.34	run_hybrid_fixed_sB_d7500	hybrid_fixed	B	7500	0.001
1	atomwise.outnet.1.linear.bias	3.744	run_hybrid_fixed_sB_d7500	hybrid_fixed	B	7500	0.001
1	atomwise.outnet.1.linear.weight	5.1802	run_hybrid_fixed_sB_d7500	hybrid_fixed	B	7500	0.001
1	atomwise.outnet.2.linear.bias	10.806	run_hybrid_fixed_sB_d7500	hybrid_fixed	B	7500	0.001
1	atomwise.outnet.2.linear.weight	4.0367	run_hybrid_fixed_sB_d7500	hybrid_fixed	B	7500	0.001
101	atomwise.linear_nn.linear.bias	17.773	run_hybrid_fixed_sB_d7500	hybrid_fixed	B	7500	0.001
101	atomwise.linear_nn.linear.weight	442.19	run_hybrid_fixed_sB_d7500	hybrid_fixed	B	7500	0.001
101	atomwise.outnet.0.linear.bias	1.6474	run_hybrid_fixed_sB_d7500	hybrid_fixed	B	7500	0.001
101	atomwise.outnet.0.linear.weight	78.841	run_hybrid_fixed_sB_d7500	hybrid_fixed	B	7500	0.001
101	atomwise.outnet.1.linear.bias	5.8901	run_hybrid_fixed_sB_d7500	hybrid_fixed	B	7500	0.001
101	atomwise.outnet.1.linear.weight	13.147	run_hybrid_fixed_sB_d7500	hybrid_fixed	B	7500	0.001
101	atomwise.outnet.2.linear.bias	17.773	run_hybrid_fixed_sB_d7500	hybrid_fixed	B	7500	0.001
101	atomwise.outnet.2.linear.weight	10.901	run_hybrid_fixed_sB_d7500	hybrid_fixed	B	7500	0.001
201	atomwise.linear_nn.linear.bias	6.8755	run_hybrid_fixed_sB_d7500	hybrid_fixed	B	7500	0.001
201	atomwise.linear_nn.linear.weight	196.22	run_hybrid_fixed_sB_d7500	hybrid_fixed	B	7500	0.001
201	atomwise.outnet.0.linear.bias	3.7443	run_hybrid_fixed_sB_d7500	hybrid_fixed	B	7500	0.001
201	atomwise.outnet.0.linear.weight	33.265	run_hybrid_fixed_sB_d7500	hybrid_fixed	B	7500	0.001
201	atomwise.outnet.1.linear.bias	5.1854	run_hybrid_fixed_sB_d7500	hybrid_fixed	B	7500	0.001
201	atomwise.outnet.1.linear.weight	16.779	run_hybrid_fixed_sB_d7500	hybrid_fixed	B	7500	0.001
201	atomwise.outnet.2.linear.bias	6.8755	run_hybrid_fixed_sB_d7500	hybrid_fixed	B	7500	0.001
201	atomwise.outnet.2.linear.weight	22.327	run_hybrid_fixed_sB_d7500	hybrid_fixed	B	7500	0.001
301	atomwise.linear_nn.linear.bias	13.287	run_hybrid_fixed_sB_d7500	hybrid_fixed	B	7500	0.001
301	atomwise.linear_nn.linear.weight	50.889	run_hybrid_fixed_sB_d7500	hybrid_fixed	B	7500	0.001
301	atomwise.outnet.0.linear.bias	1.7596	run_hybrid_fixed_sB_d7500	hybrid_fixed	B	7500	0.001
301	atomwise.outnet.0.linear.weight	8.05	run_hybrid_fixed_sB_d7500	hybrid_fixed	B	7500	0.001
301	atomwise.outnet.1.linear.bias	4.8105	run_hybrid_fixed_sB_d7500	hybrid_fixed	B	7500	0.001
301	atomwise.outnet.1.linear.weight	8.1471	run_hybrid_fixed_sB_d7500	hybrid_fixed	B	7500	0.001
301	atomwise.outnet.2.linear.bias	13.287	run_hybrid_fixed_sB_d7500	hybrid_fixed	B	7500	0.001
301	atomwise.outnet.2.linear.weight	11.984	run_hybrid_fixed_sB_d7500	hybrid_fixed	B	7500	0.001
401	atomwise.linear_nn.linear.bias	6.9477	run_hybrid_fixed_sB_d7500	hybrid_fixed	B	7500	0.001
401	atomwise.linear_nn.linear.weight	81.919	run_hybrid_fixed_sB_d7500	hybrid_fixed	B	7500	0.001
401	atomwise.outnet.0.linear.bias	3.0876	run_hybrid_fixed_sB_d7500	hybrid_fixed	B	7500	0.001
401	atomwise.outnet.0.linear.weight	13.634	run_hybrid_fixed_sB_d7500	hybrid_fixed	B	7500	0.001
401	atomwise.outnet.1.linear.bias	4.3799	run_hybrid_fixed_sB_d7500	hybrid_fixed	B	7500	0.001
401	atomwise.outnet.1.linear.weight	12.549	run_hybrid_fixed_sB_d7500	hybrid_fixed	B	7500	0.001
401	atomwise.outnet.2.linear.bias	6.9477	run_hybrid_fixed_sB_d7500	hybrid_fixed	B	7500	0.001
401	atomwise.outnet.2.linear.weight	18.217	run_hybrid_fixed_sB_d7500	hybrid_fixed	B	7500	0.001
501	atomwise.linear_nn.linear.bias	3.0161	run_hybrid_fixed_sB_d7500	hybrid_fixed	B	7500	0.001
501	atomwise.linear_nn.linear.weight	47.539	run_hybrid_fixed_sB_d7500	hybrid_fixed	B	7500	0.001
501	atomwise.outnet.0.linear.bias	1.0564	run_hybrid_fixed_sB_d7500	hybrid_fixed	B	7500	0.001
501	atomwise.outnet.0.linear.weight	10.03	run_hybrid_fixed_sB_d7500	hybrid_fixed	B	7500	0.001
501	atomwise.outnet.1.linear.bias	1.6185	run_hybrid_fixed_sB_d7500	hybrid_fixed	B	7500	0.001
501	atomwise.outnet.1.linear.weight	4.2229	run_hybrid_fixed_sB_d7500	hybrid_fixed	B	7500	0.001
501	atomwise.outnet.2.linear.bias	3.0161	run_hybrid_fixed_sB_d7500	hybrid_fixed	B	7500	0.001
501	atomwise.outnet.2.linear.weight	5.856	run_hybrid_fixed_sB_d7500	hybrid_fixed	B	7500	0.001
601	atomwise.linear_nn.linear.bias	7.6524	run_hybrid_fixed_sB_d7500	hybrid_fixed	B	7500	0.001
601	atomwise.linear_nn.linear.weight	182.88	run_hybrid_fixed_sB_d7500	hybrid_fixed	B	7500	0.001
601	atomwise.outnet.0.linear.bias	7.9315	run_hybrid_fixed_sB_d7500	hybrid_fixed	B	7500	0.001
601	atomwise.outnet.0.linear.weight	35.514	run_hybrid_fixed_sB_d7500	hybrid_fixed	B	7500	0.001
601	atomwise.outnet.1.linear.bias	9.1611	run_hybrid_fixed_sB_d7500	hybrid_fixed	B	7500	0.001
601	atomwise.outnet.1.linear.weight	25.351	run_hybrid_fixed_sB_d7500	hybrid_fixed	B	7500	0.001
601	atomwise.outnet.2.linear.bias	7.6524	run_hybrid_fixed_sB_d7500	hybrid_fixed	B	7500	0.001
601	atomwise.outnet.2.linear.weight	38.381	run_hybrid_fixed_sB_d7500	hybrid_fixed	B	7500	0.001
701	atomwise.linear_nn.linear.bias	3.9952	run_hybrid_fixed_sB_d7500	hybrid_fixed	B	7500	0.001
701	atomwise.linear_nn.linear.weight	178.29	run_hybrid_fixed_sB_d7500	hybrid_fixed	B	7500	0.001
701	atomwise.outnet.0.linear.bias	6.9902	run_hybrid_fixed_sB_d7500	hybrid_fixed	B	7500	0.001
701	atomwise.outnet.0.linear.weight	38.929	run_hybrid_fixed_sB_d7500	hybrid_fixed	B	7500	0.001
701	atomwise.outnet.1.linear.bias	7.1676	run_hybrid_fixed_sB_d7500	hybrid_fixed	B	7500	0.001
701	atomwise.outnet.1.linear.weight	16.573	run_hybrid_fixed_sB_d7500	hybrid_fixed	B	7500	0.001
701	atomwise.outnet.2.linear.bias	3.9952	run_hybrid_fixed_sB_d7500	hybrid_fixed	B	7500	0.001
701	atomwise.outnet.2.linear.weight	23.267	run_hybrid_fixed_sB_d7500	hybrid_fixed	B	7500	0.001
801	atomwise.linear_nn.linear.bias	0.75072	run_hybrid_fixed_sB_d7500	hybrid_fixed	B	7500	0.001
801	atomwise.linear_nn.linear.weight	147.28	run_hybrid_fixed_sB_d7500	hybrid_fixed	B	7500	0.001
801	atomwise.outnet.0.linear.bias	5.9199	run_hybrid_fixed_sB_d7500	hybrid_fixed	B	7500	0.001
801	atomwise.outnet.0.linear.weight	32.382	run_hybrid_fixed_sB_d7500	hybrid_fixed	B	7500	0.001
801	atomwise.outnet.1.linear.bias	6.0109	run_hybrid_fixed_sB_d7500	hybrid_fixed	B	7500	0.001
801	atomwise.outnet.1.linear.weight	14.7	run_hybrid_fixed_sB_d7500	hybrid_fixed	B	7500	0.001
801	atomwise.outnet.2.linear.bias	0.75072	run_hybrid_fixed_sB_d7500	hybrid_fixed	B	7500	0.001
801	atomwise.outnet.2.linear.weight	20.919	run_hybrid_fixed_sB_d7500	hybrid_fixed	B	7500	0.001
901	atomwise.linear_nn.linear.bias	1.3502	run_hybrid_fixed_sB_d7500	hybrid_fixed	B	7500	0.001
901	atomwise.linear_nn.linear.weight	20.532	run_hybrid_fixed_sB_d7500	hybrid_fixed	B	7500	0.001
901	atomwise.outnet.0.linear.bias	0.34644	run_hybrid_fixed_sB_d7500	hybrid_fixed	B	7500	0.001
901	atomwise.outnet.0.linear.weight	5.4408	run_hybrid_fixed_sB_d7500	hybrid_fixed	B	7500	0.001
901	atomwise.outnet.1.linear.bias	0.52168	run_hybrid_fixed_sB_d7500	hybrid_fixed	B	7500	0.001
901	atomwise.outnet.1.linear.weight	2.4665	run_hybrid_fixed_sB_d7500	hybrid_fixed	B	7500	0.001
901	atomwise.outnet.2.linear.bias	1.3502	run_hybrid_fixed_sB_d7500	hybrid_fixed	B	7500	0.001
901	atomwise.outnet.2.linear.weight	2.7899	run_hybrid_fixed_sB_d7500	hybrid_fixed	B	7500	0.001
1001	atomwise.linear_nn.linear.bias	9.7045	run_hybrid_fixed_sB_d7500	hybrid_fixed	B	7500	0.001
1001	atomwise.linear_nn.linear.weight	244.53	run_hybrid_fixed_sB_d7500	hybrid_fixed	B	7500	0.001
1001	atomwise.outnet.0.linear.bias	9.8124	run_hybrid_fixed_sB_d7500	hybrid_fixed	B	7500	0.001
1001	atomwise.outnet.0.linear.weight	50.755	run_hybrid_fixed_sB_d7500	hybrid_fixed	B	7500	0.001
1001	atomwise.outnet.1.linear.bias	10.592	run_hybrid_fixed_sB_d7500	hybrid_fixed	B	7500	0.001
1001	atomwise.outnet.1.linear.weight	28.122	run_hybrid_fixed_sB_d7500	hybrid_fixed	B	7500	0.001
1001	atomwise.outnet.2.linear.bias	9.7045	run_hybrid_fixed_sB_d7500	hybrid_fixed	B	7500	0.001
1001	atomwise.outnet.2.linear.weight	38.334	run_hybrid_fixed_sB_d7500	hybrid_fixed	B	7500	0.001
1101	atomwise.linear_nn.linear.bias	2.1415	run_hybrid_fixed_sB_d7500	hybrid_fixed	B	7500	0.001
1101	atomwise.linear_nn.linear.weight	26.545	run_hybrid_fixed_sB_d7500	hybrid_fixed	B	7500	0.001
1101	atomwise.outnet.0.linear.bias	0.41128	run_hybrid_fixed_sB_d7500	hybrid_fixed	B	7500	0.001
1101	atomwise.outnet.0.linear.weight	5.9753	run_hybrid_fixed_sB_d7500	hybrid_fixed	B	7500	0.001
1101	atomwise.outnet.1.linear.bias	0.8774	run_hybrid_fixed_sB_d7500	hybrid_fixed	B	7500	0.001
1101	atomwise.outnet.1.linear.weight	2.5421	run_hybrid_fixed_sB_d7500	hybrid_fixed	B	7500	0.001
1101	atomwise.outnet.2.linear.bias	2.1415	run_hybrid_fixed_sB_d7500	hybrid_fixed	B	7500	0.001
1101	atomwise.outnet.2.linear.weight	1.9455	run_hybrid_fixed_sB_d7500	hybrid_fixed	B	7500	0.001
1201	atomwise.linear_nn.linear.bias	1.9818	run_hybrid_fixed_sB_d7500	hybrid_fixed	B	7500	0.001
1201	atomwise.linear_nn.linear.weight	32.554	run_hybrid_fixed_sB_d7500	hybrid_fixed	B	7500	0.001
1201	atomwise.outnet.0.linear.bias	1.3956	run_hybrid_fixed_sB_d7500	hybrid_fixed	B	7500	0.001
1201	atomwise.outnet.0.linear.weight	7.3867	run_hybrid_fixed_sB_d7500	hybrid_fixed	B	7500	0.001
1201	atomwise.outnet.1.linear.bias	1.3606	run_hybrid_fixed_sB_d7500	hybrid_fixed	B	7500	0.001
1201	atomwise.outnet.1.linear.weight	3.0678	run_hybrid_fixed_sB_d7500	hybrid_fixed	B	7500	0.001
1201	atomwise.outnet.2.linear.bias	1.9818	run_hybrid_fixed_sB_d7500	hybrid_fixed	B	7500	0.001
1201	atomwise.outnet.2.linear.weight	3.0285	run_hybrid_fixed_sB_d7500	hybrid_fixed	B	7500	0.001
1301	atomwise.linear_nn.linear.bias	4.6142	run_hybrid_fixed_sB_d7500	hybrid_fixed	B	7500	0.001
1301	atomwise.linear_nn.linear.weight	6.7794	run_hybrid_fixed_sB_d7500	hybrid_fixed	B	7500	0.001
1301	atomwise.outnet.0.linear.bias	0.94033	run_hybrid_fixed_sB_d7500	hybrid_fixed	B	7500	0.001
1301	atomwise.outnet.0.linear.weight	1.9494	run_hybrid_fixed_sB_d7500	hybrid_fixed	B	7500	0.001
1301	atomwise.outnet.1.linear.bias	1.7309	run_hybrid_fixed_sB_d7500	hybrid_fixed	B	7500	0.001
1301	atomwise.outnet.1.linear.weight	1.0376	run_hybrid_fixed_sB_d7500	hybrid_fixed	B	7500	0.001
1301	atomwise.outnet.2.linear.bias	4.6142	run_hybrid_fixed_sB_d7500	hybrid_fixed	B	7500	0.001
1301	atomwise.outnet.2.linear.weight	1.621	run_hybrid_fixed_sB_d7500	hybrid_fixed	B	7500	0.001
1401	atomwise.linear_nn.linear.bias	7.791	run_hybrid_fixed_sB_d7500	hybrid_fixed	B	7500	0.001
1401	atomwise.linear_nn.linear.weight	128.94	run_hybrid_fixed_sB_d7500	hybrid_fixed	B	7500	0.001
1401	atomwise.outnet.0.linear.bias	4.2702	run_hybrid_fixed_sB_d7500	hybrid_fixed	B	7500	0.001
1401	atomwise.outnet.0.linear.weight	26.784	run_hybrid_fixed_sB_d7500	hybrid_fixed	B	7500	0.001
1401	atomwise.outnet.1.linear.bias	5.0157	run_hybrid_fixed_sB_d7500	hybrid_fixed	B	7500	0.001
1401	atomwise.outnet.1.linear.weight	14.213	run_hybrid_fixed_sB_d7500	hybrid_fixed	B	7500	0.001
1401	atomwise.outnet.2.linear.bias	7.791	run_hybrid_fixed_sB_d7500	hybrid_fixed	B	7500	0.001
1401	atomwise.outnet.2.linear.weight	15.214	run_hybrid_fixed_sB_d7500	hybrid_fixed	B	7500	0.001
1501	atomwise.linear_nn.linear.bias	3.8123	run_hybrid_fixed_sB_d7500	hybrid_fixed	B	7500	0.001
1501	atomwise.linear_nn.linear.weight	9.3956	run_hybrid_fixed_sB_d7500	hybrid_fixed	B	7500	0.001
1501	atomwise.outnet.0.linear.bias	0.93019	run_hybrid_fixed_sB_d7500	hybrid_fixed	B	7500	0.001
1501	atomwise.outnet.0.linear.weight	2.6099	run_hybrid_fixed_sB_d7500	hybrid_fixed	B	7500	0.001
1501	atomwise.outnet.1.linear.bias	1.4724	run_hybrid_fixed_sB_d7500	hybrid_fixed	B	7500	0.001
1501	atomwise.outnet.1.linear.weight	0.55484	run_hybrid_fixed_sB_d7500	hybrid_fixed	B	7500	0.001
1501	atomwise.outnet.2.linear.bias	3.8123	run_hybrid_fixed_sB_d7500	hybrid_fixed	B	7500	0.001
1501	atomwise.outnet.2.linear.weight	1.1967	run_hybrid_fixed_sB_d7500	hybrid_fixed	B	7500	0.001
1601	atomwise.linear_nn.linear.bias	12.869	run_hybrid_fixed_sB_d7500	hybrid_fixed	B	7500	0.001
1601	atomwise.linear_nn.linear.weight	61.248	run_hybrid_fixed_sB_d7500	hybrid_fixed	B	7500	0.001
1601	atomwise.outnet.0.linear.bias	1.5161	run_hybrid_fixed_sB_d7500	hybrid_fixed	B	7500	0.001
1601	atomwise.outnet.0.linear.weight	12.257	run_hybrid_fixed_sB_d7500	hybrid_fixed	B	7500	0.001
1601	atomwise.outnet.1.linear.bias	4.7541	run_hybrid_fixed_sB_d7500	hybrid_fixed	B	7500	0.001
1601	atomwise.outnet.1.linear.weight	7.4899	run_hybrid_fixed_sB_d7500	hybrid_fixed	B	7500	0.001
1601	atomwise.outnet.2.linear.bias	12.869	run_hybrid_fixed_sB_d7500	hybrid_fixed	B	7500	0.001
1601	atomwise.outnet.2.linear.weight	7.5713	run_hybrid_fixed_sB_d7500	hybrid_fixed	B	7500	0.001
1701	atomwise.linear_nn.linear.bias	6.7521	run_hybrid_fixed_sB_d7500	hybrid_fixed	B	7500	0.001
1701	atomwise.linear_nn.linear.weight	19.67	run_hybrid_fixed_sB_d7500	hybrid_fixed	B	7500	0.001
1701	atomwise.outnet.0.linear.bias	1.3133	run_hybrid_fixed_sB_d7500	hybrid_fixed	B	7500	0.001
1701	atomwise.outnet.0.linear.weight	5.3532	run_hybrid_fixed_sB_d7500	hybrid_fixed	B	7500	0.001
1701	atomwise.outnet.1.linear.bias	2.4852	run_hybrid_fixed_sB_d7500	hybrid_fixed	B	7500	0.001
1701	atomwise.outnet.1.linear.weight	2.6584	run_hybrid_fixed_sB_d7500	hybrid_fixed	B	7500	0.001
1701	atomwise.outnet.2.linear.bias	6.7521	run_hybrid_fixed_sB_d7500	hybrid_fixed	B	7500	0.001
1701	atomwise.outnet.2.linear.weight	3.9779	run_hybrid_fixed_sB_d7500	hybrid_fixed	B	7500	0.001
1801	atomwise.linear_nn.linear.bias	1.363	run_hybrid_fixed_sB_d7500	hybrid_fixed	B	7500	0.001
1801	atomwise.linear_nn.linear.weight	28.618	run_hybrid_fixed_sB_d7500	hybrid_fixed	B	7500	0.001
1801	atomwise.outnet.0.linear.bias	2.3487	run_hybrid_fixed_sB_d7500	hybrid_fixed	B	7500	0.001
1801	atomwise.outnet.0.linear.weight	5.4207	run_hybrid_fixed_sB_d7500	hybrid_fixed	B	7500	0.001
1801	atomwise.outnet.1.linear.bias	2.2941	run_hybrid_fixed_sB_d7500	hybrid_fixed	B	7500	0.001
1801	atomwise.outnet.1.linear.weight	5.8075	run_hybrid_fixed_sB_d7500	hybrid_fixed	B	7500	0.001
1801	atomwise.outnet.2.linear.bias	1.363	run_hybrid_fixed_sB_d7500	hybrid_fixed	B	7500	0.001
1801	atomwise.outnet.2.linear.weight	9.316	run_hybrid_fixed_sB_d7500	hybrid_fixed	B	7500	0.001
1901	atomwise.linear_nn.linear.bias	3.2804	run_hybrid_fixed_sB_d7500	hybrid_fixed	B	7500	0.001
1901	atomwise.linear_nn.linear.weight	15.032	run_hybrid_fixed_sB_d7500	hybrid_fixed	B	7500	0.001
1901	atomwise.outnet.0.linear.bias	1.8738	run_hybrid_fixed_sB_d7500	hybrid_fixed	B	7500	0.001
1901	atomwise.outnet.0.linear.weight	3.3892	run_hybrid_fixed_sB_d7500	hybrid_fixed	B	7500	0.001
1901	atomwise.outnet.1.linear.bias	1.9128	run_hybrid_fixed_sB_d7500	hybrid_fixed	B	7500	0.001
1901	atomwise.outnet.1.linear.weight	2.3283	run_hybrid_fixed_sB_d7500	hybrid_fixed	B	7500	0.001
1901	atomwise.outnet.2.linear.bias	3.2804	run_hybrid_fixed_sB_d7500	hybrid_fixed	B	7500	0.001
1901	atomwise.outnet.2.linear.weight	4.4573	run_hybrid_fixed_sB_d7500	hybrid_fixed	B	7500	0.001
2001	atomwise.linear_nn.linear.bias	5.3839	run_hybrid_fixed_sB_d7500	hybrid_fixed	B	7500	0.001
2001	atomwise.linear_nn.linear.weight	164.39	run_hybrid_fixed_sB_d7500	hybrid_fixed	B	7500	0.001
2001	atomwise.outnet.0.linear.bias	8.8944	run_hybrid_fixed_sB_d7500	hybrid_fixed	B	7500	0.001
2001	atomwise.outnet.0.linear.weight	36.178	run_hybrid_fixed_sB_d7500	hybrid_fixed	B	7500	0.001
2001	atomwise.outnet.1.linear.bias	8.3029	run_hybrid_fixed_sB_d7500	hybrid_fixed	B	7500	0.001
2001	atomwise.outnet.1.linear.weight	21.693	run_hybrid_fixed_sB_d7500	hybrid_fixed	B	7500	0.001
2001	atomwise.outnet.2.linear.bias	5.3839	run_hybrid_fixed_sB_d7500	hybrid_fixed	B	7500	0.001
2001	atomwise.outnet.2.linear.weight	27.486	run_hybrid_fixed_sB_d7500	hybrid_fixed	B	7500	0.001
2101	atomwise.linear_nn.linear.bias	3.6458	run_hybrid_fixed_sB_d7500	hybrid_fixed	B	7500	0.001
2101	atomwise.linear_nn.linear.weight	93.262	run_hybrid_fixed_sB_d7500	hybrid_fixed	B	7500	0.001
2101	atomwise.outnet.0.linear.bias	4.6616	run_hybrid_fixed_sB_d7500	hybrid_fixed	B	7500	0.001
2101	atomwise.outnet.0.linear.weight	20.714	run_hybrid_fixed_sB_d7500	hybrid_fixed	B	7500	0.001
2101	atomwise.outnet.1.linear.bias	4.4089	run_hybrid_fixed_sB_d7500	hybrid_fixed	B	7500	0.001
2101	atomwise.outnet.1.linear.weight	12.026	run_hybrid_fixed_sB_d7500	hybrid_fixed	B	7500	0.001
2101	atomwise.outnet.2.linear.bias	3.6458	run_hybrid_fixed_sB_d7500	hybrid_fixed	B	7500	0.001
2101	atomwise.outnet.2.linear.weight	13.946	run_hybrid_fixed_sB_d7500	hybrid_fixed	B	7500	0.001
2201	atomwise.linear_nn.linear.bias	0.17955	run_hybrid_fixed_sB_d7500	hybrid_fixed	B	7500	0.001
2201	atomwise.linear_nn.linear.weight	29.112	run_hybrid_fixed_sB_d7500	hybrid_fixed	B	7500	0.001
2201	atomwise.outnet.0.linear.bias	1.1904	run_hybrid_fixed_sB_d7500	hybrid_fixed	B	7500	0.001
2201	atomwise.outnet.0.linear.weight	7.2598	run_hybrid_fixed_sB_d7500	hybrid_fixed	B	7500	0.001
2201	atomwise.outnet.1.linear.bias	1.001	run_hybrid_fixed_sB_d7500	hybrid_fixed	B	7500	0.001
2201	atomwise.outnet.1.linear.weight	3.116	run_hybrid_fixed_sB_d7500	hybrid_fixed	B	7500	0.001
2201	atomwise.outnet.2.linear.bias	0.17955	run_hybrid_fixed_sB_d7500	hybrid_fixed	B	7500	0.001
2201	atomwise.outnet.2.linear.weight	2.7695	run_hybrid_fixed_sB_d7500	hybrid_fixed	B	7500	0.001
2301	atomwise.linear_nn.linear.bias	0.88573	run_hybrid_fixed_sB_d7500	hybrid_fixed	B	7500	0.001
2301	atomwise.linear_nn.linear.weight	12.948	run_hybrid_fixed_sB_d7500	hybrid_fixed	B	7500	0.001
2301	atomwise.outnet.0.linear.bias	0.73872	run_hybrid_fixed_sB_d7500	hybrid_fixed	B	7500	0.001
2301	atomwise.outnet.0.linear.weight	3.7615	run_hybrid_fixed_sB_d7500	hybrid_fixed	B	7500	0.001
2301	atomwise.outnet.1.linear.bias	0.58672	run_hybrid_fixed_sB_d7500	hybrid_fixed	B	7500	0.001
2301	atomwise.outnet.1.linear.weight	1.0434	run_hybrid_fixed_sB_d7500	hybrid_fixed	B	7500	0.001
2301	atomwise.outnet.2.linear.bias	0.88573	run_hybrid_fixed_sB_d7500	hybrid_fixed	B	7500	0.001
2301	atomwise.outnet.2.linear.weight	1.3224	run_hybrid_fixed_sB_d7500	hybrid_fixed	B	7500	0.001
2401	atomwise.linear_nn.linear.bias	5.5101	run_hybrid_fixed_sB_d7500	hybrid_fixed	B	7500	0.001
2401	atomwise.linear_nn.linear.weight	47.928	run_hybrid_fixed_sB_d7500	hybrid_fixed	B	7500	0.001
2401	atomwise.outnet.0.linear.bias	4.0663	run_hybrid_fixed_sB_d7500	hybrid_fixed	B	7500	0.001
2401	atomwise.outnet.0.linear.weight	12.872	run_hybrid_fixed_sB_d7500	hybrid_fixed	B	7500	0.001
2401	atomwise.outnet.1.linear.bias	3.6099	run_hybrid_fixed_sB_d7500	hybrid_fixed	B	7500	0.001
2401	atomwise.outnet.1.linear.weight	5.026	run_hybrid_fixed_sB_d7500	hybrid_fixed	B	7500	0.001
2401	atomwise.outnet.2.linear.bias	5.5101	run_hybrid_fixed_sB_d7500	hybrid_fixed	B	7500	0.001
2401	atomwise.outnet.2.linear.weight	7.1508	run_hybrid_fixed_sB_d7500	hybrid_fixed	B	7500	0.001
2501	atomwise.linear_nn.linear.bias	0.23317	run_hybrid_fixed_sB_d7500	hybrid_fixed	B	7500	0.001
2501	atomwise.linear_nn.linear.weight	20.542	run_hybrid_fixed_sB_d7500	hybrid_fixed	B	7500	0.001
2501	atomwise.outnet.0.linear.bias	2.4787	run_hybrid_fixed_sB_d7500	hybrid_fixed	B	7500	0.001
2501	atomwise.outnet.0.linear.weight	5.4292	run_hybrid_fixed_sB_d7500	hybrid_fixed	B	7500	0.001
2501	atomwise.outnet.1.linear.bias	2.2486	run_hybrid_fixed_sB_d7500	hybrid_fixed	B	7500	0.001
2501	atomwise.outnet.1.linear.weight	4.8087	run_hybrid_fixed_sB_d7500	hybrid_fixed	B	7500	0.001
2501	atomwise.outnet.2.linear.bias	0.23317	run_hybrid_fixed_sB_d7500	hybrid_fixed	B	7500	0.001
2501	atomwise.outnet.2.linear.weight	8.995	run_hybrid_fixed_sB_d7500	hybrid_fixed	B	7500	0.001
2601	atomwise.linear_nn.linear.bias	1.3761	run_hybrid_fixed_sB_d7500	hybrid_fixed	B	7500	0.001
2601	atomwise.linear_nn.linear.weight	4.7304	run_hybrid_fixed_sB_d7500	hybrid_fixed	B	7500	0.001
2601	atomwise.outnet.0.linear.bias	0.88498	run_hybrid_fixed_sB_d7500	hybrid_fixed	B	7500	0.001
2601	atomwise.outnet.0.linear.weight	1.5543	run_hybrid_fixed_sB_d7500	hybrid_fixed	B	7500	0.001
2601	atomwise.outnet.1.linear.bias	0.98739	run_hybrid_fixed_sB_d7500	hybrid_fixed	B	7500	0.001
2601	atomwise.outnet.1.linear.weight	1.5144	run_hybrid_fixed_sB_d7500	hybrid_fixed	B	7500	0.001
2601	atomwise.outnet.2.linear.bias	1.3761	run_hybrid_fixed_sB_d7500	hybrid_fixed	B	7500	0.001
2601	atomwise.outnet.2.linear.weight	3.2687	run_hybrid_fixed_sB_d7500	hybrid_fixed	B	7500	0.001
2701	atomwise.linear_nn.linear.bias	2.9398	run_hybrid_fixed_sB_d7500	hybrid_fixed	B	7500	0.001
2701	atomwise.linear_nn.linear.weight	85.578	run_hybrid_fixed_sB_d7500	hybrid_fixed	B	7500	0.001
2701	atomwise.outnet.0.linear.bias	4.4404	run_hybrid_fixed_sB_d7500	hybrid_fixed	B	7500	0.001
2701	atomwise.outnet.0.linear.weight	22.527	run_hybrid_fixed_sB_d7500	hybrid_fixed	B	7500	0.001
2701	atomwise.outnet.1.linear.bias	3.9243	run_hybrid_fixed_sB_d7500	hybrid_fixed	B	7500	0.001
2701	atomwise.outnet.1.linear.weight	11.233	run_hybrid_fixed_sB_d7500	hybrid_fixed	B	7500	0.001
2701	atomwise.outnet.2.linear.bias	2.9398	run_hybrid_fixed_sB_d7500	hybrid_fixed	B	7500	0.001
2701	atomwise.outnet.2.linear.weight	11.131	run_hybrid_fixed_sB_d7500	hybrid_fixed	B	7500	0.001
2801	atomwise.linear_nn.linear.bias	2.5729	run_hybrid_fixed_sB_d7500	hybrid_fixed	B	7500	0.001
2801	atomwise.linear_nn.linear.weight	96.859	run_hybrid_fixed_sB_d7500	hybrid_fixed	B	7500	0.001
2801	atomwise.outnet.0.linear.bias	7.664	run_hybrid_fixed_sB_d7500	hybrid_fixed	B	7500	0.001
2801	atomwise.outnet.0.linear.weight	27.894	run_hybrid_fixed_sB_d7500	hybrid_fixed	B	7500	0.001
2801	atomwise.outnet.1.linear.bias	6.3796	run_hybrid_fixed_sB_d7500	hybrid_fixed	B	7500	0.001
2801	atomwise.outnet.1.linear.weight	13.01	run_hybrid_fixed_sB_d7500	hybrid_fixed	B	7500	0.001
2801	atomwise.outnet.2.linear.bias	2.5729	run_hybrid_fixed_sB_d7500	hybrid_fixed	B	7500	0.001
2801	atomwise.outnet.2.linear.weight	17.457	run_hybrid_fixed_sB_d7500	hybrid_fixed	B	7500	0.001
2901	atomwise.linear_nn.linear.bias	0.098783	run_hybrid_fixed_sB_d7500	hybrid_fixed	B	7500	0.001
2901	atomwise.linear_nn.linear.weight	169.33	run_hybrid_fixed_sB_d7500	hybrid_fixed	B	7500	0.001
2901	atomwise.outnet.0.linear.bias	11.217	run_hybrid_fixed_sB_d7500	hybrid_fixed	B	7500	0.001
2901	atomwise.outnet.0.linear.weight	48.985	run_hybrid_fixed_sB_d7500	hybrid_fixed	B	7500	0.001
2901	atomwise.outnet.1.linear.bias	8.8331	run_hybrid_fixed_sB_d7500	hybrid_fixed	B	7500	0.001
2901	atomwise.outnet.1.linear.weight	21.346	run_hybrid_fixed_sB_d7500	hybrid_fixed	B	7500	0.001
2901	atomwise.outnet.2.linear.bias	0.098783	run_hybrid_fixed_sB_d7500	hybrid_fixed	B	7500	0.001
2901	atomwise.outnet.2.linear.weight	23.982	run_hybrid_fixed_sB_d7500	hybrid_fixed	B	7500	0.001
3001	atomwise.linear_nn.linear.bias	1.7546	run_hybrid_fixed_sB_d7500	hybrid_fixed	B	7500	0.001
3001	atomwise.linear_nn.linear.weight	40.938	run_hybrid_fixed_sB_d7500	hybrid_fixed	B	7500	0.001
3001	atomwise.outnet.0.linear.bias	1.116	run_hybrid_fixed_sB_d7500	hybrid_fixed	B	7500	0.001
3001	atomwise.outnet.0.linear.weight	11.491	run_hybrid_fixed_sB_d7500	hybrid_fixed	B	7500	0.001
3001	atomwise.outnet.1.linear.bias	0.90343	run_hybrid_fixed_sB_d7500	hybrid_fixed	B	7500	0.001
3001	atomwise.outnet.1.linear.weight	5.3528	run_hybrid_fixed_sB_d7500	hybrid_fixed	B	7500	0.001
3001	atomwise.outnet.2.linear.bias	1.7546	run_hybrid_fixed_sB_d7500	hybrid_fixed	B	7500	0.001
3001	atomwise.outnet.2.linear.weight	4.1323	run_hybrid_fixed_sB_d7500	hybrid_fixed	B	7500	0.001
3101	atomwise.linear_nn.linear.bias	5.7868	run_hybrid_fixed_sB_d7500	hybrid_fixed	B	7500	0.001
3101	atomwise.linear_nn.linear.weight	20.765	run_hybrid_fixed_sB_d7500	hybrid_fixed	B	7500	0.001
3101	atomwise.outnet.0.linear.bias	0.98797	run_hybrid_fixed_sB_d7500	hybrid_fixed	B	7500	0.001
3101	atomwise.outnet.0.linear.weight	6.2289	run_hybrid_fixed_sB_d7500	hybrid_fixed	B	7500	0.001
3101	atomwise.outnet.1.linear.bias	2.2403	run_hybrid_fixed_sB_d7500	hybrid_fixed	B	7500	0.001
3101	atomwise.outnet.1.linear.weight	3.3619	run_hybrid_fixed_sB_d7500	hybrid_fixed	B	7500	0.001
3101	atomwise.outnet.2.linear.bias	5.7868	run_hybrid_fixed_sB_d7500	hybrid_fixed	B	7500	0.001
3101	atomwise.outnet.2.linear.weight	3.9622	run_hybrid_fixed_sB_d7500	hybrid_fixed	B	7500	0.001
3201	atomwise.linear_nn.linear.bias	2.8146	run_hybrid_fixed_sB_d7500	hybrid_fixed	B	7500	0.001
3201	atomwise.linear_nn.linear.weight	52.221	run_hybrid_fixed_sB_d7500	hybrid_fixed	B	7500	0.001
3201	atomwise.outnet.0.linear.bias	2.9904	run_hybrid_fixed_sB_d7500	hybrid_fixed	B	7500	0.001
3201	atomwise.outnet.0.linear.weight	16.201	run_hybrid_fixed_sB_d7500	hybrid_fixed	B	7500	0.001
3201	atomwise.outnet.1.linear.bias	2.8437	run_hybrid_fixed_sB_d7500	hybrid_fixed	B	7500	0.001
3201	atomwise.outnet.1.linear.weight	7.4304	run_hybrid_fixed_sB_d7500	hybrid_fixed	B	7500	0.001
3201	atomwise.outnet.2.linear.bias	2.8146	run_hybrid_fixed_sB_d7500	hybrid_fixed	B	7500	0.001
3201	atomwise.outnet.2.linear.weight	8.3172	run_hybrid_fixed_sB_d7500	hybrid_fixed	B	7500	0.001
3301	atomwise.linear_nn.linear.bias	1.9368	run_hybrid_fixed_sB_d7500	hybrid_fixed	B	7500	0.001
3301	atomwise.linear_nn.linear.weight	47.951	run_hybrid_fixed_sB_d7500	hybrid_fixed	B	7500	0.001
3301	atomwise.outnet.0.linear.bias	1.6955	run_hybrid_fixed_sB_d7500	hybrid_fixed	B	7500	0.001
3301	atomwise.outnet.0.linear.weight	16.824	run_hybrid_fixed_sB_d7500	hybrid_fixed	B	7500	0.001
3301	atomwise.outnet.1.linear.bias	1.208	run_hybrid_fixed_sB_d7500	hybrid_fixed	B	7500	0.001
3301	atomwise.outnet.1.linear.weight	5.6529	run_hybrid_fixed_sB_d7500	hybrid_fixed	B	7500	0.001
3301	atomwise.outnet.2.linear.bias	1.9368	run_hybrid_fixed_sB_d7500	hybrid_fixed	B	7500	0.001
3301	atomwise.outnet.2.linear.weight	3.6554	run_hybrid_fixed_sB_d7500	hybrid_fixed	B	7500	0.001
3401	atomwise.linear_nn.linear.bias	3.7366	run_hybrid_fixed_sB_d7500	hybrid_fixed	B	7500	0.001
3401	atomwise.linear_nn.linear.weight	59.192	run_hybrid_fixed_sB_d7500	hybrid_fixed	B	7500	0.001
3401	atomwise.outnet.0.linear.bias	4.556	run_hybrid_fixed_sB_d7500	hybrid_fixed	B	7500	0.001
3401	atomwise.outnet.0.linear.weight	17.583	run_hybrid_fixed_sB_d7500	hybrid_fixed	B	7500	0.001
3401	atomwise.outnet.1.linear.bias	4.403	run_hybrid_fixed_sB_d7500	hybrid_fixed	B	7500	0.001
3401	atomwise.outnet.1.linear.weight	9.8988	run_hybrid_fixed_sB_d7500	hybrid_fixed	B	7500	0.001
3401	atomwise.outnet.2.linear.bias	3.7366	run_hybrid_fixed_sB_d7500	hybrid_fixed	B	7500	0.001
3401	atomwise.outnet.2.linear.weight	14.966	run_hybrid_fixed_sB_d7500	hybrid_fixed	B	7500	0.001
3501	atomwise.linear_nn.linear.bias	3.8693	run_hybrid_fixed_sB_d7500	hybrid_fixed	B	7500	0.001
3501	atomwise.linear_nn.linear.weight	35.835	run_hybrid_fixed_sB_d7500	hybrid_fixed	B	7500	0.001
3501	atomwise.outnet.0.linear.bias	0.74982	run_hybrid_fixed_sB_d7500	hybrid_fixed	B	7500	0.001
3501	atomwise.outnet.0.linear.weight	11.541	run_hybrid_fixed_sB_d7500	hybrid_fixed	B	7500	0.001
3501	atomwise.outnet.1.linear.bias	1.6071	run_hybrid_fixed_sB_d7500	hybrid_fixed	B	7500	0.001
3501	atomwise.outnet.1.linear.weight	4.9628	run_hybrid_fixed_sB_d7500	hybrid_fixed	B	7500	0.001
3501	atomwise.outnet.2.linear.bias	3.8693	run_hybrid_fixed_sB_d7500	hybrid_fixed	B	7500	0.001
3501	atomwise.outnet.2.linear.weight	3.231	run_hybrid_fixed_sB_d7500	hybrid_fixed	B	7500	0.001
3601	atomwise.linear_nn.linear.bias	3.4225	run_hybrid_fixed_sB_d7500	hybrid_fixed	B	7500	0.001
3601	atomwise.linear_nn.linear.weight	7.0454	run_hybrid_fixed_sB_d7500	hybrid_fixed	B	7500	0.001
3601	atomwise.outnet.0.linear.bias	2.3014	run_hybrid_fixed_sB_d7500	hybrid_fixed	B	7500	0.001
3601	atomwise.outnet.0.linear.weight	2.8447	run_hybrid_fixed_sB_d7500	hybrid_fixed	B	7500	0.001
3601	atomwise.outnet.1.linear.bias	2.4023	run_hybrid_fixed_sB_d7500	hybrid_fixed	B	7500	0.001
3601	atomwise.outnet.1.linear.weight	2.9145	run_hybrid_fixed_sB_d7500	hybrid_fixed	B	7500	0.001
3601	atomwise.outnet.2.linear.bias	3.4225	run_hybrid_fixed_sB_d7500	hybrid_fixed	B	7500	0.001
3601	atomwise.outnet.2.linear.weight	7.2579	run_hybrid_fixed_sB_d7500	hybrid_fixed	B	7500	0.001
3701	atomwise.linear_nn.linear.bias	3.2007	run_hybrid_fixed_sB_d7500	hybrid_fixed	B	7500	0.001
3701	atomwise.linear_nn.linear.weight	54.038	run_hybrid_fixed_sB_d7500	hybrid_fixed	B	7500	0.001
3701	atomwise.outnet.0.linear.bias	2.7656	run_hybrid_fixed_sB_d7500	hybrid_fixed	B	7500	0.001
3701	atomwise.outnet.0.linear.weight	16.532	run_hybrid_fixed_sB_d7500	hybrid_fixed	B	7500	0.001
3701	atomwise.outnet.1.linear.bias	2.6428	run_hybrid_fixed_sB_d7500	hybrid_fixed	B	7500	0.001
3701	atomwise.outnet.1.linear.weight	8.1698	run_hybrid_fixed_sB_d7500	hybrid_fixed	B	7500	0.001
3701	atomwise.outnet.2.linear.bias	3.2007	run_hybrid_fixed_sB_d7500	hybrid_fixed	B	7500	0.001
3701	atomwise.outnet.2.linear.weight	6.9348	run_hybrid_fixed_sB_d7500	hybrid_fixed	B	7500	0.001
3801	atomwise.linear_nn.linear.bias	2.794	run_hybrid_fixed_sB_d7500	hybrid_fixed	B	7500	0.001
3801	atomwise.linear_nn.linear.weight	31.904	run_hybrid_fixed_sB_d7500	hybrid_fixed	B	7500	0.001
3801	atomwise.outnet.0.linear.bias	1.4154	run_hybrid_fixed_sB_d7500	hybrid_fixed	B	7500	0.001
3801	atomwise.outnet.0.linear.weight	13.027	run_hybrid_fixed_sB_d7500	hybrid_fixed	B	7500	0.001
3801	atomwise.outnet.1.linear.bias	1.565	run_hybrid_fixed_sB_d7500	hybrid_fixed	B	7500	0.001
3801	atomwise.outnet.1.linear.weight	4.1367	run_hybrid_fixed_sB_d7500	hybrid_fixed	B	7500	0.001
3801	atomwise.outnet.2.linear.bias	2.794	run_hybrid_fixed_sB_d7500	hybrid_fixed	B	7500	0.001
3801	atomwise.outnet.2.linear.weight	4.575	run_hybrid_fixed_sB_d7500	hybrid_fixed	B	7500	0.001
3901	atomwise.linear_nn.linear.bias	5.022	run_hybrid_fixed_sB_d7500	hybrid_fixed	B	7500	0.001
3901	atomwise.linear_nn.linear.weight	27.975	run_hybrid_fixed_sB_d7500	hybrid_fixed	B	7500	0.001
3901	atomwise.outnet.0.linear.bias	0.94604	run_hybrid_fixed_sB_d7500	hybrid_fixed	B	7500	0.001
3901	atomwise.outnet.0.linear.weight	8.7119	run_hybrid_fixed_sB_d7500	hybrid_fixed	B	7500	0.001
3901	atomwise.outnet.1.linear.bias	1.9574	run_hybrid_fixed_sB_d7500	hybrid_fixed	B	7500	0.001
3901	atomwise.outnet.1.linear.weight	3.9701	run_hybrid_fixed_sB_d7500	hybrid_fixed	B	7500	0.001
3901	atomwise.outnet.2.linear.bias	5.022	run_hybrid_fixed_sB_d7500	hybrid_fixed	B	7500	0.001
3901	atomwise.outnet.2.linear.weight	2.5987	run_hybrid_fixed_sB_d7500	hybrid_fixed	B	7500	0.001
4001	atomwise.linear_nn.linear.bias	6.7494	run_hybrid_fixed_sB_d7500	hybrid_fixed	B	7500	0.001
4001	atomwise.linear_nn.linear.weight	63.755	run_hybrid_fixed_sB_d7500	hybrid_fixed	B	7500	0.001
4001	atomwise.outnet.0.linear.bias	2.4748	run_hybrid_fixed_sB_d7500	hybrid_fixed	B	7500	0.001
4001	atomwise.outnet.0.linear.weight	24.198	run_hybrid_fixed_sB_d7500	hybrid_fixed	B	7500	0.001
4001	atomwise.outnet.1.linear.bias	3.3579	run_hybrid_fixed_sB_d7500	hybrid_fixed	B	7500	0.001
4001	atomwise.outnet.1.linear.weight	8.6514	run_hybrid_fixed_sB_d7500	hybrid_fixed	B	7500	0.001
4001	atomwise.outnet.2.linear.bias	6.7494	run_hybrid_fixed_sB_d7500	hybrid_fixed	B	7500	0.001
4001	atomwise.outnet.2.linear.weight	8.1986	run_hybrid_fixed_sB_d7500	hybrid_fixed	B	7500	0.001
4101	atomwise.linear_nn.linear.bias	1.287	run_hybrid_fixed_sB_d7500	hybrid_fixed	B	7500	0.001
4101	atomwise.linear_nn.linear.weight	29.671	run_hybrid_fixed_sB_d7500	hybrid_fixed	B	7500	0.001
4101	atomwise.outnet.0.linear.bias	1.4937	run_hybrid_fixed_sB_d7500	hybrid_fixed	B	7500	0.001
4101	atomwise.outnet.0.linear.weight	10.371	run_hybrid_fixed_sB_d7500	hybrid_fixed	B	7500	0.001
4101	atomwise.outnet.1.linear.bias	1.4294	run_hybrid_fixed_sB_d7500	hybrid_fixed	B	7500	0.001
4101	atomwise.outnet.1.linear.weight	4.2849	run_hybrid_fixed_sB_d7500	hybrid_fixed	B	7500	0.001
4101	atomwise.outnet.2.linear.bias	1.287	run_hybrid_fixed_sB_d7500	hybrid_fixed	B	7500	0.001
4101	atomwise.outnet.2.linear.weight	3.8968	run_hybrid_fixed_sB_d7500	hybrid_fixed	B	7500	0.001
4201	atomwise.linear_nn.linear.bias	1.4314	run_hybrid_fixed_sB_d7500	hybrid_fixed	B	7500	0.001
4201	atomwise.linear_nn.linear.weight	19.885	run_hybrid_fixed_sB_d7500	hybrid_fixed	B	7500	0.001
4201	atomwise.outnet.0.linear.bias	1.4593	run_hybrid_fixed_sB_d7500	hybrid_fixed	B	7500	0.001
4201	atomwise.outnet.0.linear.weight	7.608	run_hybrid_fixed_sB_d7500	hybrid_fixed	B	7500	0.001
4201	atomwise.outnet.1.linear.bias	1.3516	run_hybrid_fixed_sB_d7500	hybrid_fixed	B	7500	0.001
4201	atomwise.outnet.1.linear.weight	3.1176	run_hybrid_fixed_sB_d7500	hybrid_fixed	B	7500	0.001
4201	atomwise.outnet.2.linear.bias	1.4314	run_hybrid_fixed_sB_d7500	hybrid_fixed	B	7500	0.001
4201	atomwise.outnet.2.linear.weight	4.8678	run_hybrid_fixed_sB_d7500	hybrid_fixed	B	7500	0.001
4301	atomwise.linear_nn.linear.bias	2.2726	run_hybrid_fixed_sB_d7500	hybrid_fixed	B	7500	0.001
4301	atomwise.linear_nn.linear.weight	71.319	run_hybrid_fixed_sB_d7500	hybrid_fixed	B	7500	0.001
4301	atomwise.outnet.0.linear.bias	3.9251	run_hybrid_fixed_sB_d7500	hybrid_fixed	B	7500	0.001
4301	atomwise.outnet.0.linear.weight	24.103	run_hybrid_fixed_sB_d7500	hybrid_fixed	B	7500	0.001
4301	atomwise.outnet.1.linear.bias	2.8293	run_hybrid_fixed_sB_d7500	hybrid_fixed	B	7500	0.001
4301	atomwise.outnet.1.linear.weight	9.8673	run_hybrid_fixed_sB_d7500	hybrid_fixed	B	7500	0.001
4301	atomwise.outnet.2.linear.bias	2.2726	run_hybrid_fixed_sB_d7500	hybrid_fixed	B	7500	0.001
4301	atomwise.outnet.2.linear.weight	7.2138	run_hybrid_fixed_sB_d7500	hybrid_fixed	B	7500	0.001
4401	atomwise.linear_nn.linear.bias	4.6079	run_hybrid_fixed_sB_d7500	hybrid_fixed	B	7500	0.001
4401	atomwise.linear_nn.linear.weight	94.534	run_hybrid_fixed_sB_d7500	hybrid_fixed	B	7500	0.001
4401	atomwise.outnet.0.linear.bias	4.4843	run_hybrid_fixed_sB_d7500	hybrid_fixed	B	7500	0.001
4401	atomwise.outnet.0.linear.weight	33.69	run_hybrid_fixed_sB_d7500	hybrid_fixed	B	7500	0.001
4401	atomwise.outnet.1.linear.bias	3.5352	run_hybrid_fixed_sB_d7500	hybrid_fixed	B	7500	0.001
4401	atomwise.outnet.1.linear.weight	13.154	run_hybrid_fixed_sB_d7500	hybrid_fixed	B	7500	0.001
4401	atomwise.outnet.2.linear.bias	4.6079	run_hybrid_fixed_sB_d7500	hybrid_fixed	B	7500	0.001
4401	atomwise.outnet.2.linear.weight	9.553	run_hybrid_fixed_sB_d7500	hybrid_fixed	B	7500	0.001
4501	atomwise.linear_nn.linear.bias	0.67713	run_hybrid_fixed_sB_d7500	hybrid_fixed	B	7500	0.001
4501	atomwise.linear_nn.linear.weight	4.621	run_hybrid_fixed_sB_d7500	hybrid_fixed	B	7500	0.001
4501	atomwise.outnet.0.linear.bias	0.88979	run_hybrid_fixed_sB_d7500	hybrid_fixed	B	7500	0.001
4501	atomwise.outnet.0.linear.weight	2.3218	run_hybrid_fixed_sB_d7500	hybrid_fixed	B	7500	0.001
4501	atomwise.outnet.1.linear.bias	0.84441	run_hybrid_fixed_sB_d7500	hybrid_fixed	B	7500	0.001
4501	atomwise.outnet.1.linear.weight	1.7629	run_hybrid_fixed_sB_d7500	hybrid_fixed	B	7500	0.001
4501	atomwise.outnet.2.linear.bias	0.67713	run_hybrid_fixed_sB_d7500	hybrid_fixed	B	7500	0.001
4501	atomwise.outnet.2.linear.weight	4.0762	run_hybrid_fixed_sB_d7500	hybrid_fixed	B	7500	0.001
4601	atomwise.linear_nn.linear.bias	5.1327	run_hybrid_fixed_sB_d7500	hybrid_fixed	B	7500	0.001
4601	atomwise.linear_nn.linear.weight	72.554	run_hybrid_fixed_sB_d7500	hybrid_fixed	B	7500	0.001
4601	atomwise.outnet.0.linear.bias	2.9174	run_hybrid_fixed_sB_d7500	hybrid_fixed	B	7500	0.001
4601	atomwise.outnet.0.linear.weight	24.41	run_hybrid_fixed_sB_d7500	hybrid_fixed	B	7500	0.001
4601	atomwise.outnet.1.linear.bias	3.3162	run_hybrid_fixed_sB_d7500	hybrid_fixed	B	7500	0.001
4601	atomwise.outnet.1.linear.weight	10.852	run_hybrid_fixed_sB_d7500	hybrid_fixed	B	7500	0.001
4601	atomwise.outnet.2.linear.bias	5.1327	run_hybrid_fixed_sB_d7500	hybrid_fixed	B	7500	0.001
4601	atomwise.outnet.2.linear.weight	8.7938	run_hybrid_fixed_sB_d7500	hybrid_fixed	B	7500	0.001
4701	atomwise.linear_nn.linear.bias	1.5826	run_hybrid_fixed_sB_d7500	hybrid_fixed	B	7500	0.001
4701	atomwise.linear_nn.linear.weight	39.124	run_hybrid_fixed_sB_d7500	hybrid_fixed	B	7500	0.001
4701	atomwise.outnet.0.linear.bias	1.468	run_hybrid_fixed_sB_d7500	hybrid_fixed	B	7500	0.001
4701	atomwise.outnet.0.linear.weight	14.566	run_hybrid_fixed_sB_d7500	hybrid_fixed	B	7500	0.001
4701	atomwise.outnet.1.linear.bias	0.78033	run_hybrid_fixed_sB_d7500	hybrid_fixed	B	7500	0.001
4701	atomwise.outnet.1.linear.weight	5.1292	run_hybrid_fixed_sB_d7500	hybrid_fixed	B	7500	0.001
4701	atomwise.outnet.2.linear.bias	1.5826	run_hybrid_fixed_sB_d7500	hybrid_fixed	B	7500	0.001
4701	atomwise.outnet.2.linear.weight	3.9926	run_hybrid_fixed_sB_d7500	hybrid_fixed	B	7500	0.001
4801	atomwise.linear_nn.linear.bias	2.5	run_hybrid_fixed_sB_d7500	hybrid_fixed	B	7500	0.001
4801	atomwise.linear_nn.linear.weight	73.583	run_hybrid_fixed_sB_d7500	hybrid_fixed	B	7500	0.001
4801	atomwise.outnet.0.linear.bias	3.8957	run_hybrid_fixed_sB_d7500	hybrid_fixed	B	7500	0.001
4801	atomwise.outnet.0.linear.weight	26.879	run_hybrid_fixed_sB_d7500	hybrid_fixed	B	7500	0.001
4801	atomwise.outnet.1.linear.bias	2.5166	run_hybrid_fixed_sB_d7500	hybrid_fixed	B	7500	0.001
4801	atomwise.outnet.1.linear.weight	9.9991	run_hybrid_fixed_sB_d7500	hybrid_fixed	B	7500	0.001
4801	atomwise.outnet.2.linear.bias	2.5	run_hybrid_fixed_sB_d7500	hybrid_fixed	B	7500	0.001
4801	atomwise.outnet.2.linear.weight	7.0851	run_hybrid_fixed_sB_d7500	hybrid_fixed	B	7500	0.001
4901	atomwise.linear_nn.linear.bias	5.9106	run_hybrid_fixed_sB_d7500	hybrid_fixed	B	7500	0.001
4901	atomwise.linear_nn.linear.weight	115.27	run_hybrid_fixed_sB_d7500	hybrid_fixed	B	7500	0.001
4901	atomwise.outnet.0.linear.bias	4.8794	run_hybrid_fixed_sB_d7500	hybrid_fixed	B	7500	0.001
4901	atomwise.outnet.0.linear.weight	40.789	run_hybrid_fixed_sB_d7500	hybrid_fixed	B	7500	0.001
4901	atomwise.outnet.1.linear.bias	3.8562	run_hybrid_fixed_sB_d7500	hybrid_fixed	B	7500	0.001
4901	atomwise.outnet.1.linear.weight	15.851	run_hybrid_fixed_sB_d7500	hybrid_fixed	B	7500	0.001
4901	atomwise.outnet.2.linear.bias	5.9106	run_hybrid_fixed_sB_d7500	hybrid_fixed	B	7500	0.001
4901	atomwise.outnet.2.linear.weight	10.967	run_hybrid_fixed_sB_d7500	hybrid_fixed	B	7500	0.001
5001	atomwise.linear_nn.linear.bias	1.713	run_hybrid_fixed_sB_d7500	hybrid_fixed	B	7500	0.001
5001	atomwise.linear_nn.linear.weight	35.126	run_hybrid_fixed_sB_d7500	hybrid_fixed	B	7500	0.001
5001	atomwise.outnet.0.linear.bias	3.3951	run_hybrid_fixed_sB_d7500	hybrid_fixed	B	7500	0.001
5001	atomwise.outnet.0.linear.weight	13.829	run_hybrid_fixed_sB_d7500	hybrid_fixed	B	7500	0.001
5001	atomwise.outnet.1.linear.bias	2.1865	run_hybrid_fixed_sB_d7500	hybrid_fixed	B	7500	0.001
5001	atomwise.outnet.1.linear.weight	4.3407	run_hybrid_fixed_sB_d7500	hybrid_fixed	B	7500	0.001
5001	atomwise.outnet.2.linear.bias	1.713	run_hybrid_fixed_sB_d7500	hybrid_fixed	B	7500	0.001
5001	atomwise.outnet.2.linear.weight	4.3408	run_hybrid_fixed_sB_d7500	hybrid_fixed	B	7500	0.001
5101	atomwise.linear_nn.linear.bias	0.1838	run_hybrid_fixed_sB_d7500	hybrid_fixed	B	7500	0.001
5101	atomwise.linear_nn.linear.weight	69.649	run_hybrid_fixed_sB_d7500	hybrid_fixed	B	7500	0.001
5101	atomwise.outnet.0.linear.bias	5.2836	run_hybrid_fixed_sB_d7500	hybrid_fixed	B	7500	0.001
5101	atomwise.outnet.0.linear.weight	26.683	run_hybrid_fixed_sB_d7500	hybrid_fixed	B	7500	0.001
5101	atomwise.outnet.1.linear.bias	3.4512	run_hybrid_fixed_sB_d7500	hybrid_fixed	B	7500	0.001
5101	atomwise.outnet.1.linear.weight	9.0467	run_hybrid_fixed_sB_d7500	hybrid_fixed	B	7500	0.001
5101	atomwise.outnet.2.linear.bias	0.1838	run_hybrid_fixed_sB_d7500	hybrid_fixed	B	7500	0.001
5101	atomwise.outnet.2.linear.weight	8.5703	run_hybrid_fixed_sB_d7500	hybrid_fixed	B	7500	0.001
5201	atomwise.linear_nn.linear.bias	3.7569	run_hybrid_fixed_sB_d7500	hybrid_fixed	B	7500	0.001
5201	atomwise.linear_nn.linear.weight	52.506	run_hybrid_fixed_sB_d7500	hybrid_fixed	B	7500	0.001
5201	atomwise.outnet.0.linear.bias	5.5845	run_hybrid_fixed_sB_d7500	hybrid_fixed	B	7500	0.001
5201	atomwise.outnet.0.linear.weight	20.015	run_hybrid_fixed_sB_d7500	hybrid_fixed	B	7500	0.001
5201	atomwise.outnet.1.linear.bias	4.0278	run_hybrid_fixed_sB_d7500	hybrid_fixed	B	7500	0.001
5201	atomwise.outnet.1.linear.weight	6.7442	run_hybrid_fixed_sB_d7500	hybrid_fixed	B	7500	0.001
5201	atomwise.outnet.2.linear.bias	3.7569	run_hybrid_fixed_sB_d7500	hybrid_fixed	B	7500	0.001
5201	atomwise.outnet.2.linear.weight	8.2104	run_hybrid_fixed_sB_d7500	hybrid_fixed	B	7500	0.001
5301	atomwise.linear_nn.linear.bias	1.3393	run_hybrid_fixed_sB_d7500	hybrid_fixed	B	7500	0.001
5301	atomwise.linear_nn.linear.weight	10.07	run_hybrid_fixed_sB_d7500	hybrid_fixed	B	7500	0.001
5301	atomwise.outnet.0.linear.bias	0.99387	run_hybrid_fixed_sB_d7500	hybrid_fixed	B	7500	0.001
5301	atomwise.outnet.0.linear.weight	4.482	run_hybrid_fixed_sB_d7500	hybrid_fixed	B	7500	0.001
5301	atomwise.outnet.1.linear.bias	0.82848	run_hybrid_fixed_sB_d7500	hybrid_fixed	B	7500	0.001
5301	atomwise.outnet.1.linear.weight	1.2746	run_hybrid_fixed_sB_d7500	hybrid_fixed	B	7500	0.001
5301	atomwise.outnet.2.linear.bias	1.3393	run_hybrid_fixed_sB_d7500	hybrid_fixed	B	7500	0.001
5301	atomwise.outnet.2.linear.weight	0.83859	run_hybrid_fixed_sB_d7500	hybrid_fixed	B	7500	0.001
5401	atomwise.linear_nn.linear.bias	2.0272	run_hybrid_fixed_sB_d7500	hybrid_fixed	B	7500	0.001
5401	atomwise.linear_nn.linear.weight	65.694	run_hybrid_fixed_sB_d7500	hybrid_fixed	B	7500	0.001
5401	atomwise.outnet.0.linear.bias	4.1105	run_hybrid_fixed_sB_d7500	hybrid_fixed	B	7500	0.001
5401	atomwise.outnet.0.linear.weight	26.546	run_hybrid_fixed_sB_d7500	hybrid_fixed	B	7500	0.001
5401	atomwise.outnet.1.linear.bias	2.5906	run_hybrid_fixed_sB_d7500	hybrid_fixed	B	7500	0.001
5401	atomwise.outnet.1.linear.weight	8.581	run_hybrid_fixed_sB_d7500	hybrid_fixed	B	7500	0.001
5401	atomwise.outnet.2.linear.bias	2.0272	run_hybrid_fixed_sB_d7500	hybrid_fixed	B	7500	0.001
5401	atomwise.outnet.2.linear.weight	7.0875	run_hybrid_fixed_sB_d7500	hybrid_fixed	B	7500	0.001
5501	atomwise.linear_nn.linear.bias	8.6208	run_hybrid_fixed_sB_d7500	hybrid_fixed	B	7500	0.001
5501	atomwise.linear_nn.linear.weight	42.06	run_hybrid_fixed_sB_d7500	hybrid_fixed	B	7500	0.001
5501	atomwise.outnet.0.linear.bias	2.9064	run_hybrid_fixed_sB_d7500	hybrid_fixed	B	7500	0.001
5501	atomwise.outnet.0.linear.weight	15.316	run_hybrid_fixed_sB_d7500	hybrid_fixed	B	7500	0.001
5501	atomwise.outnet.1.linear.bias	3.743	run_hybrid_fixed_sB_d7500	hybrid_fixed	B	7500	0.001
5501	atomwise.outnet.1.linear.weight	5.9683	run_hybrid_fixed_sB_d7500	hybrid_fixed	B	7500	0.001
5501	atomwise.outnet.2.linear.bias	8.6208	run_hybrid_fixed_sB_d7500	hybrid_fixed	B	7500	0.001
5501	atomwise.outnet.2.linear.weight	5.1401	run_hybrid_fixed_sB_d7500	hybrid_fixed	B	7500	0.001
5601	atomwise.linear_nn.linear.bias	0.82321	run_hybrid_fixed_sB_d7500	hybrid_fixed	B	7500	0.001
5601	atomwise.linear_nn.linear.weight	6.5356	run_hybrid_fixed_sB_d7500	hybrid_fixed	B	7500	0.001
5601	atomwise.outnet.0.linear.bias	0.75833	run_hybrid_fixed_sB_d7500	hybrid_fixed	B	7500	0.001
5601	atomwise.outnet.0.linear.weight	3.3664	run_hybrid_fixed_sB_d7500	hybrid_fixed	B	7500	0.001
5601	atomwise.outnet.1.linear.bias	0.77934	run_hybrid_fixed_sB_d7500	hybrid_fixed	B	7500	0.001
5601	atomwise.outnet.1.linear.weight	1.4859	run_hybrid_fixed_sB_d7500	hybrid_fixed	B	7500	0.001
5601	atomwise.outnet.2.linear.bias	0.82321	run_hybrid_fixed_sB_d7500	hybrid_fixed	B	7500	0.001
5601	atomwise.outnet.2.linear.weight	3.3088	run_hybrid_fixed_sB_d7500	hybrid_fixed	B	7500	0.001
5701	atomwise.linear_nn.linear.bias	1.7239	run_hybrid_fixed_sB_d7500	hybrid_fixed	B	7500	0.001
5701	atomwise.linear_nn.linear.weight	13.38	run_hybrid_fixed_sB_d7500	hybrid_fixed	B	7500	0.001
5701	atomwise.outnet.0.linear.bias	0.99484	run_hybrid_fixed_sB_d7500	hybrid_fixed	B	7500	0.001
5701	atomwise.outnet.0.linear.weight	5.351	run_hybrid_fixed_sB_d7500	hybrid_fixed	B	7500	0.001
5701	atomwise.outnet.1.linear.bias	0.81161	run_hybrid_fixed_sB_d7500	hybrid_fixed	B	7500	0.001
5701	atomwise.outnet.1.linear.weight	2.0317	run_hybrid_fixed_sB_d7500	hybrid_fixed	B	7500	0.001
5701	atomwise.outnet.2.linear.bias	1.7239	run_hybrid_fixed_sB_d7500	hybrid_fixed	B	7500	0.001
5701	atomwise.outnet.2.linear.weight	3.7402	run_hybrid_fixed_sB_d7500	hybrid_fixed	B	7500	0.001
5801	atomwise.linear_nn.linear.bias	5.3083	run_hybrid_fixed_sB_d7500	hybrid_fixed	B	7500	0.001
5801	atomwise.linear_nn.linear.weight	31.078	run_hybrid_fixed_sB_d7500	hybrid_fixed	B	7500	0.001
5801	atomwise.outnet.0.linear.bias	1.6702	run_hybrid_fixed_sB_d7500	hybrid_fixed	B	7500	0.001
5801	atomwise.outnet.0.linear.weight	10.73	run_hybrid_fixed_sB_d7500	hybrid_fixed	B	7500	0.001
5801	atomwise.outnet.1.linear.bias	2.8027	run_hybrid_fixed_sB_d7500	hybrid_fixed	B	7500	0.001
5801	atomwise.outnet.1.linear.weight	4.9194	run_hybrid_fixed_sB_d7500	hybrid_fixed	B	7500	0.001
5801	atomwise.outnet.2.linear.bias	5.3083	run_hybrid_fixed_sB_d7500	hybrid_fixed	B	7500	0.001
5801	atomwise.outnet.2.linear.weight	5.8152	run_hybrid_fixed_sB_d7500	hybrid_fixed	B	7500	0.001
5901	atomwise.linear_nn.linear.bias	0.66434	run_hybrid_fixed_sB_d7500	hybrid_fixed	B	7500	0.001
5901	atomwise.linear_nn.linear.weight	95.311	run_hybrid_fixed_sB_d7500	hybrid_fixed	B	7500	0.001
5901	atomwise.outnet.0.linear.bias	6.0065	run_hybrid_fixed_sB_d7500	hybrid_fixed	B	7500	0.001
5901	atomwise.outnet.0.linear.weight	35.892	run_hybrid_fixed_sB_d7500	hybrid_fixed	B	7500	0.001
5901	atomwise.outnet.1.linear.bias	3.3363	run_hybrid_fixed_sB_d7500	hybrid_fixed	B	7500	0.001
5901	atomwise.outnet.1.linear.weight	12.07	run_hybrid_fixed_sB_d7500	hybrid_fixed	B	7500	0.001
5901	atomwise.outnet.2.linear.bias	0.66434	run_hybrid_fixed_sB_d7500	hybrid_fixed	B	7500	0.001
5901	atomwise.outnet.2.linear.weight	9.0393	run_hybrid_fixed_sB_d7500	hybrid_fixed	B	7500	0.001
6001	atomwise.linear_nn.linear.bias	2.2926	run_hybrid_fixed_sB_d7500	hybrid_fixed	B	7500	0.001
6001	atomwise.linear_nn.linear.weight	54.152	run_hybrid_fixed_sB_d7500	hybrid_fixed	B	7500	0.001
6001	atomwise.outnet.0.linear.bias	2.057	run_hybrid_fixed_sB_d7500	hybrid_fixed	B	7500	0.001
6001	atomwise.outnet.0.linear.weight	18.971	run_hybrid_fixed_sB_d7500	hybrid_fixed	B	7500	0.001
6001	atomwise.outnet.1.linear.bias	1.5167	run_hybrid_fixed_sB_d7500	hybrid_fixed	B	7500	0.001
6001	atomwise.outnet.1.linear.weight	7.1679	run_hybrid_fixed_sB_d7500	hybrid_fixed	B	7500	0.001
6001	atomwise.outnet.2.linear.bias	2.2926	run_hybrid_fixed_sB_d7500	hybrid_fixed	B	7500	0.001
6001	atomwise.outnet.2.linear.weight	5.1758	run_hybrid_fixed_sB_d7500	hybrid_fixed	B	7500	0.001
6101	atomwise.linear_nn.linear.bias	3.6535	run_hybrid_fixed_sB_d7500	hybrid_fixed	B	7500	0.001
6101	atomwise.linear_nn.linear.weight	49.679	run_hybrid_fixed_sB_d7500	hybrid_fixed	B	7500	0.001
6101	atomwise.outnet.0.linear.bias	1.0348	run_hybrid_fixed_sB_d7500	hybrid_fixed	B	7500	0.001
6101	atomwise.outnet.0.linear.weight	18.915	run_hybrid_fixed_sB_d7500	hybrid_fixed	B	7500	0.001
6101	atomwise.outnet.1.linear.bias	1.6244	run_hybrid_fixed_sB_d7500	hybrid_fixed	B	7500	0.001
6101	atomwise.outnet.1.linear.weight	6.2428	run_hybrid_fixed_sB_d7500	hybrid_fixed	B	7500	0.001
6101	atomwise.outnet.2.linear.bias	3.6535	run_hybrid_fixed_sB_d7500	hybrid_fixed	B	7500	0.001
6101	atomwise.outnet.2.linear.weight	3.8059	run_hybrid_fixed_sB_d7500	hybrid_fixed	B	7500	0.001
6201	atomwise.linear_nn.linear.bias	2.2878	run_hybrid_fixed_sB_d7500	hybrid_fixed	B	7500	0.001
6201	atomwise.linear_nn.linear.weight	43.752	run_hybrid_fixed_sB_d7500	hybrid_fixed	B	7500	0.001
6201	atomwise.outnet.0.linear.bias	1.2006	run_hybrid_fixed_sB_d7500	hybrid_fixed	B	7500	0.001
6201	atomwise.outnet.0.linear.weight	15.822	run_hybrid_fixed_sB_d7500	hybrid_fixed	B	7500	0.001
6201	atomwise.outnet.1.linear.bias	1.0198	run_hybrid_fixed_sB_d7500	hybrid_fixed	B	7500	0.001
6201	atomwise.outnet.1.linear.weight	6.1891	run_hybrid_fixed_sB_d7500	hybrid_fixed	B	7500	0.001
6201	atomwise.outnet.2.linear.bias	2.2878	run_hybrid_fixed_sB_d7500	hybrid_fixed	B	7500	0.001
6201	atomwise.outnet.2.linear.weight	6.1377	run_hybrid_fixed_sB_d7500	hybrid_fixed	B	7500	0.001
6301	atomwise.linear_nn.linear.bias	1.1945	run_hybrid_fixed_sB_d7500	hybrid_fixed	B	7500	0.001
6301	atomwise.linear_nn.linear.weight	13.623	run_hybrid_fixed_sB_d7500	hybrid_fixed	B	7500	0.001
6301	atomwise.outnet.0.linear.bias	0.77912	run_hybrid_fixed_sB_d7500	hybrid_fixed	B	7500	0.001
6301	atomwise.outnet.0.linear.weight	7.6742	run_hybrid_fixed_sB_d7500	hybrid_fixed	B	7500	0.001
6301	atomwise.outnet.1.linear.bias	0.47411	run_hybrid_fixed_sB_d7500	hybrid_fixed	B	7500	0.001
6301	atomwise.outnet.1.linear.weight	1.6881	run_hybrid_fixed_sB_d7500	hybrid_fixed	B	7500	0.001
6301	atomwise.outnet.2.linear.bias	1.1945	run_hybrid_fixed_sB_d7500	hybrid_fixed	B	7500	0.001
6301	atomwise.outnet.2.linear.weight	0.90973	run_hybrid_fixed_sB_d7500	hybrid_fixed	B	7500	0.001
6401	atomwise.linear_nn.linear.bias	1.534	run_hybrid_fixed_sB_d7500	hybrid_fixed	B	7500	0.001
6401	atomwise.linear_nn.linear.weight	12.695	run_hybrid_fixed_sB_d7500	hybrid_fixed	B	7500	0.001
6401	atomwise.outnet.0.linear.bias	0.45377	run_hybrid_fixed_sB_d7500	hybrid_fixed	B	7500	0.001
6401	atomwise.outnet.0.linear.weight	5.3269	run_hybrid_fixed_sB_d7500	hybrid_fixed	B	7500	0.001
6401	atomwise.outnet.1.linear.bias	0.74366	run_hybrid_fixed_sB_d7500	hybrid_fixed	B	7500	0.001
6401	atomwise.outnet.1.linear.weight	2.1261	run_hybrid_fixed_sB_d7500	hybrid_fixed	B	7500	0.001
6401	atomwise.outnet.2.linear.bias	1.534	run_hybrid_fixed_sB_d7500	hybrid_fixed	B	7500	0.001
6401	atomwise.outnet.2.linear.weight	2.0306	run_hybrid_fixed_sB_d7500	hybrid_fixed	B	7500	0.001
6501	atomwise.linear_nn.linear.bias	0.64097	run_hybrid_fixed_sB_d7500	hybrid_fixed	B	7500	0.001
6501	atomwise.linear_nn.linear.weight	15.722	run_hybrid_fixed_sB_d7500	hybrid_fixed	B	7500	0.001
6501	atomwise.outnet.0.linear.bias	0.6488	run_hybrid_fixed_sB_d7500	hybrid_fixed	B	7500	0.001
6501	atomwise.outnet.0.linear.weight	8.9125	run_hybrid_fixed_sB_d7500	hybrid_fixed	B	7500	0.001
6501	atomwise.outnet.1.linear.bias	0.54062	run_hybrid_fixed_sB_d7500	hybrid_fixed	B	7500	0.001
6501	atomwise.outnet.1.linear.weight	2.311	run_hybrid_fixed_sB_d7500	hybrid_fixed	B	7500	0.001
6501	atomwise.outnet.2.linear.bias	0.64097	run_hybrid_fixed_sB_d7500	hybrid_fixed	B	7500	0.001
6501	atomwise.outnet.2.linear.weight	1.8266	run_hybrid_fixed_sB_d7500	hybrid_fixed	B	7500	0.001
6601	atomwise.linear_nn.linear.bias	2.7266	run_hybrid_fixed_sB_d7500	hybrid_fixed	B	7500	0.001
6601	atomwise.linear_nn.linear.weight	5.7805	run_hybrid_fixed_sB_d7500	hybrid_fixed	B	7500	0.001
6601	atomwise.outnet.0.linear.bias	2.1119	run_hybrid_fixed_sB_d7500	hybrid_fixed	B	7500	0.001
6601	atomwise.outnet.0.linear.weight	2.69	run_hybrid_fixed_sB_d7500	hybrid_fixed	B	7500	0.001
6601	atomwise.outnet.1.linear.bias	1.8297	run_hybrid_fixed_sB_d7500	hybrid_fixed	B	7500	0.001
6601	atomwise.outnet.1.linear.weight	1.7516	run_hybrid_fixed_sB_d7500	hybrid_fixed	B	7500	0.001
6601	atomwise.outnet.2.linear.bias	2.7266	run_hybrid_fixed_sB_d7500	hybrid_fixed	B	7500	0.001
6601	atomwise.outnet.2.linear.weight	4.3662	run_hybrid_fixed_sB_d7500	hybrid_fixed	B	7500	0.001
6701	atomwise.linear_nn.linear.bias	0.43839	run_hybrid_fixed_sB_d7500	hybrid_fixed	B	7500	0.001
6701	atomwise.linear_nn.linear.weight	4.0313	run_hybrid_fixed_sB_d7500	hybrid_fixed	B	7500	0.001
6701	atomwise.outnet.0.linear.bias	0.19268	run_hybrid_fixed_sB_d7500	hybrid_fixed	B	7500	0.001
6701	atomwise.outnet.0.linear.weight	2.2751	run_hybrid_fixed_sB_d7500	hybrid_fixed	B	7500	0.001
6701	atomwise.outnet.1.linear.bias	0.24524	run_hybrid_fixed_sB_d7500	hybrid_fixed	B	7500	0.001
6701	atomwise.outnet.1.linear.weight	0.92662	run_hybrid_fixed_sB_d7500	hybrid_fixed	B	7500	0.001
6701	atomwise.outnet.2.linear.bias	0.43839	run_hybrid_fixed_sB_d7500	hybrid_fixed	B	7500	0.001
6701	atomwise.outnet.2.linear.weight	1.026	run_hybrid_fixed_sB_d7500	hybrid_fixed	B	7500	0.001
6801	atomwise.linear_nn.linear.bias	5.7519	run_hybrid_fixed_sB_d7500	hybrid_fixed	B	7500	0.001
6801	atomwise.linear_nn.linear.weight	101.72	run_hybrid_fixed_sB_d7500	hybrid_fixed	B	7500	0.001
6801	atomwise.outnet.0.linear.bias	3.2275	run_hybrid_fixed_sB_d7500	hybrid_fixed	B	7500	0.001
6801	atomwise.outnet.0.linear.weight	39.407	run_hybrid_fixed_sB_d7500	hybrid_fixed	B	7500	0.001
6801	atomwise.outnet.1.linear.bias	2.7695	run_hybrid_fixed_sB_d7500	hybrid_fixed	B	7500	0.001
6801	atomwise.outnet.1.linear.weight	12.401	run_hybrid_fixed_sB_d7500	hybrid_fixed	B	7500	0.001
6801	atomwise.outnet.2.linear.bias	5.7519	run_hybrid_fixed_sB_d7500	hybrid_fixed	B	7500	0.001
6801	atomwise.outnet.2.linear.weight	9.6157	run_hybrid_fixed_sB_d7500	hybrid_fixed	B	7500	0.001
6901	atomwise.linear_nn.linear.bias	0.91333	run_hybrid_fixed_sB_d7500	hybrid_fixed	B	7500	0.001
6901	atomwise.linear_nn.linear.weight	9.2602	run_hybrid_fixed_sB_d7500	hybrid_fixed	B	7500	0.001
6901	atomwise.outnet.0.linear.bias	0.58546	run_hybrid_fixed_sB_d7500	hybrid_fixed	B	7500	0.001
6901	atomwise.outnet.0.linear.weight	4.3426	run_hybrid_fixed_sB_d7500	hybrid_fixed	B	7500	0.001
6901	atomwise.outnet.1.linear.bias	0.42783	run_hybrid_fixed_sB_d7500	hybrid_fixed	B	7500	0.001
6901	atomwise.outnet.1.linear.weight	1.8455	run_hybrid_fixed_sB_d7500	hybrid_fixed	B	7500	0.001
6901	atomwise.outnet.2.linear.bias	0.91333	run_hybrid_fixed_sB_d7500	hybrid_fixed	B	7500	0.001
6901	atomwise.outnet.2.linear.weight	2.0838	run_hybrid_fixed_sB_d7500	hybrid_fixed	B	7500	0.001
7001	atomwise.linear_nn.linear.bias	0.26451	run_hybrid_fixed_sB_d7500	hybrid_fixed	B	7500	0.001
7001	atomwise.linear_nn.linear.weight	29.602	run_hybrid_fixed_sB_d7500	hybrid_fixed	B	7500	0.001
7001	atomwise.outnet.0.linear.bias	1.1094	run_hybrid_fixed_sB_d7500	hybrid_fixed	B	7500	0.001
7001	atomwise.outnet.0.linear.weight	11.611	run_hybrid_fixed_sB_d7500	hybrid_fixed	B	7500	0.001
7001	atomwise.outnet.1.linear.bias	0.85911	run_hybrid_fixed_sB_d7500	hybrid_fixed	B	7500	0.001
7001	atomwise.outnet.1.linear.weight	4.2755	run_hybrid_fixed_sB_d7500	hybrid_fixed	B	7500	0.001
7001	atomwise.outnet.2.linear.bias	0.26451	run_hybrid_fixed_sB_d7500	hybrid_fixed	B	7500	0.001
7001	atomwise.outnet.2.linear.weight	7.5421	run_hybrid_fixed_sB_d7500	hybrid_fixed	B	7500	0.001
7101	atomwise.linear_nn.linear.bias	3.4369	run_hybrid_fixed_sB_d7500	hybrid_fixed	B	7500	0.001
7101	atomwise.linear_nn.linear.weight	61.736	run_hybrid_fixed_sB_d7500	hybrid_fixed	B	7500	0.001
7101	atomwise.outnet.0.linear.bias	1.9046	run_hybrid_fixed_sB_d7500	hybrid_fixed	B	7500	0.001
7101	atomwise.outnet.0.linear.weight	22.154	run_hybrid_fixed_sB_d7500	hybrid_fixed	B	7500	0.001
7101	atomwise.outnet.1.linear.bias	1.6468	run_hybrid_fixed_sB_d7500	hybrid_fixed	B	7500	0.001
7101	atomwise.outnet.1.linear.weight	7.6011	run_hybrid_fixed_sB_d7500	hybrid_fixed	B	7500	0.001
7101	atomwise.outnet.2.linear.bias	3.4369	run_hybrid_fixed_sB_d7500	hybrid_fixed	B	7500	0.001
7101	atomwise.outnet.2.linear.weight	5.2094	run_hybrid_fixed_sB_d7500	hybrid_fixed	B	7500	0.001
7201	atomwise.linear_nn.linear.bias	0.31721	run_hybrid_fixed_sB_d7500	hybrid_fixed	B	7500	0.001
7201	atomwise.linear_nn.linear.weight	19.932	run_hybrid_fixed_sB_d7500	hybrid_fixed	B	7500	0.001
7201	atomwise.outnet.0.linear.bias	1.0716	run_hybrid_fixed_sB_d7500	hybrid_fixed	B	7500	0.001
7201	atomwise.outnet.0.linear.weight	9.0279	run_hybrid_fixed_sB_d7500	hybrid_fixed	B	7500	0.001
7201	atomwise.outnet.1.linear.bias	0.17984	run_hybrid_fixed_sB_d7500	hybrid_fixed	B	7500	0.001
7201	atomwise.outnet.1.linear.weight	2.1615	run_hybrid_fixed_sB_d7500	hybrid_fixed	B	7500	0.001
7201	atomwise.outnet.2.linear.bias	0.31721	run_hybrid_fixed_sB_d7500	hybrid_fixed	B	7500	0.001
7201	atomwise.outnet.2.linear.weight	1.7504	run_hybrid_fixed_sB_d7500	hybrid_fixed	B	7500	0.001
7301	atomwise.linear_nn.linear.bias	2.4408	run_hybrid_fixed_sB_d7500	hybrid_fixed	B	7500	0.001
7301	atomwise.linear_nn.linear.weight	71.108	run_hybrid_fixed_sB_d7500	hybrid_fixed	B	7500	0.001
7301	atomwise.outnet.0.linear.bias	7.5509	run_hybrid_fixed_sB_d7500	hybrid_fixed	B	7500	0.001
7301	atomwise.outnet.0.linear.weight	26.578	run_hybrid_fixed_sB_d7500	hybrid_fixed	B	7500	0.001
7301	atomwise.outnet.1.linear.bias	5.5214	run_hybrid_fixed_sB_d7500	hybrid_fixed	B	7500	0.001
7301	atomwise.outnet.1.linear.weight	10.178	run_hybrid_fixed_sB_d7500	hybrid_fixed	B	7500	0.001
7301	atomwise.outnet.2.linear.bias	2.4408	run_hybrid_fixed_sB_d7500	hybrid_fixed	B	7500	0.001
7301	atomwise.outnet.2.linear.weight	15.242	run_hybrid_fixed_sB_d7500	hybrid_fixed	B	7500	0.001
7401	atomwise.linear_nn.linear.bias	3.7511	run_hybrid_fixed_sB_d7500	hybrid_fixed	B	7500	0.001
7401	atomwise.linear_nn.linear.weight	53.437	run_hybrid_fixed_sB_d7500	hybrid_fixed	B	7500	0.001
7401	atomwise.outnet.0.linear.bias	1.1479	run_hybrid_fixed_sB_d7500	hybrid_fixed	B	7500	0.001
7401	atomwise.outnet.0.linear.weight	22.049	run_hybrid_fixed_sB_d7500	hybrid_fixed	B	7500	0.001
7401	atomwise.outnet.1.linear.bias	1.8822	run_hybrid_fixed_sB_d7500	hybrid_fixed	B	7500	0.001
7401	atomwise.outnet.1.linear.weight	6.3339	run_hybrid_fixed_sB_d7500	hybrid_fixed	B	7500	0.001
7401	atomwise.outnet.2.linear.bias	3.7511	run_hybrid_fixed_sB_d7500	hybrid_fixed	B	7500	0.001
7401	atomwise.outnet.2.linear.weight	5.4372	run_hybrid_fixed_sB_d7500	hybrid_fixed	B	7500	0.001
7501	atomwise.linear_nn.linear.bias	0.13719	run_hybrid_fixed_sB_d7500	hybrid_fixed	B	7500	4.5601626938095613e-07
7501	atomwise.linear_nn.linear.weight	1.0617	run_hybrid_fixed_sB_d7500	hybrid_fixed	B	7500	4.5601626938095613e-07
7501	atomwise.outnet.0.linear.bias	0.54637	run_hybrid_fixed_sB_d7500	hybrid_fixed	B	7500	4.5601626938095613e-07
7501	atomwise.outnet.0.linear.weight	0.4899	run_hybrid_fixed_sB_d7500	hybrid_fixed	B	7500	4.5601626938095613e-07
7501	atomwise.outnet.1.linear.bias	0.53297	run_hybrid_fixed_sB_d7500	hybrid_fixed	B	7500	4.5601626938095613e-07
7501	atomwise.outnet.1.linear.weight	0.72791	run_hybrid_fixed_sB_d7500	hybrid_fixed	B	7500	4.5601626938095613e-07
7501	atomwise.outnet.2.linear.bias	0.13719	run_hybrid_fixed_sB_d7500	hybrid_fixed	B	7500	4.5601626938095613e-07
7501	atomwise.outnet.2.linear.weight	1.8888	run_hybrid_fixed_sB_d7500	hybrid_fixed	B	7500	4.5601626938095613e-07
7601	atomwise.linear_nn.linear.bias	0.028833	run_hybrid_fixed_sB_d7500	hybrid_fixed	B	7500	4.5601626938095613e-07
7601	atomwise.linear_nn.linear.weight	0.23403	run_hybrid_fixed_sB_d7500	hybrid_fixed	B	7500	4.5601626938095613e-07
7601	atomwise.outnet.0.linear.bias	0.11753	run_hybrid_fixed_sB_d7500	hybrid_fixed	B	7500	4.5601626938095613e-07
7601	atomwise.outnet.0.linear.weight	0.1074	run_hybrid_fixed_sB_d7500	hybrid_fixed	B	7500	4.5601626938095613e-07
7601	atomwise.outnet.1.linear.bias	0.11417	run_hybrid_fixed_sB_d7500	hybrid_fixed	B	7500	4.5601626938095613e-07
7601	atomwise.outnet.1.linear.weight	0.15607	run_hybrid_fixed_sB_d7500	hybrid_fixed	B	7500	4.5601626938095613e-07
7601	atomwise.outnet.2.linear.bias	0.028833	run_hybrid_fixed_sB_d7500	hybrid_fixed	B	7500	4.5601626938095613e-07
7601	atomwise.outnet.2.linear.weight	0.4039	run_hybrid_fixed_sB_d7500	hybrid_fixed	B	7500	4.5601626938095613e-07
7701	atomwise.linear_nn.linear.bias	0.023389	run_hybrid_fixed_sB_d7500	hybrid_fixed	B	7500	4.5601626938095613e-07
7701	atomwise.linear_nn.linear.weight	0.16618	run_hybrid_fixed_sB_d7500	hybrid_fixed	B	7500	4.5601626938095613e-07
7701	atomwise.outnet.0.linear.bias	0.09071	run_hybrid_fixed_sB_d7500	hybrid_fixed	B	7500	4.5601626938095613e-07
7701	atomwise.outnet.0.linear.weight	0.078946	run_hybrid_fixed_sB_d7500	hybrid_fixed	B	7500	4.5601626938095613e-07
7701	atomwise.outnet.1.linear.bias	0.089348	run_hybrid_fixed_sB_d7500	hybrid_fixed	B	7500	4.5601626938095613e-07
7701	atomwise.outnet.1.linear.weight	0.12233	run_hybrid_fixed_sB_d7500	hybrid_fixed	B	7500	4.5601626938095613e-07
7701	atomwise.outnet.2.linear.bias	0.023389	run_hybrid_fixed_sB_d7500	hybrid_fixed	B	7500	4.5601626938095613e-07
7701	atomwise.outnet.2.linear.weight	0.31836	run_hybrid_fixed_sB_d7500	hybrid_fixed	B	7500	4.5601626938095613e-07
7801	atomwise.linear_nn.linear.bias	0.0044599	run_hybrid_fixed_sB_d7500	hybrid_fixed	B	7500	4.5601626938095613e-07
7801	atomwise.linear_nn.linear.weight	0.032717	run_hybrid_fixed_sB_d7500	hybrid_fixed	B	7500	4.5601626938095613e-07
7801	atomwise.outnet.0.linear.bias	0.016506	run_hybrid_fixed_sB_d7500	hybrid_fixed	B	7500	4.5601626938095613e-07
7801	atomwise.outnet.0.linear.weight	0.015936	run_hybrid_fixed_sB_d7500	hybrid_fixed	B	7500	4.5601626938095613e-07
7801	atomwise.outnet.1.linear.bias	0.0168	run_hybrid_fixed_sB_d7500	hybrid_fixed	B	7500	4.5601626938095613e-07
7801	atomwise.outnet.1.linear.weight	0.022833	run_hybrid_fixed_sB_d7500	hybrid_fixed	B	7500	4.5601626938095613e-07
7801	atomwise.outnet.2.linear.bias	0.0044599	run_hybrid_fixed_sB_d7500	hybrid_fixed	B	7500	4.5601626938095613e-07
7801	atomwise.outnet.2.linear.weight	0.058823	run_hybrid_fixed_sB_d7500	hybrid_fixed	B	7500	4.5601626938095613e-07
7901	atomwise.linear_nn.linear.bias	0.012207	run_hybrid_fixed_sB_d7500	hybrid_fixed	B	7500	4.5601626938095613e-07
7901	atomwise.linear_nn.linear.weight	0.096236	run_hybrid_fixed_sB_d7500	hybrid_fixed	B	7500	4.5601626938095613e-07
7901	atomwise.outnet.0.linear.bias	0.052339	run_hybrid_fixed_sB_d7500	hybrid_fixed	B	7500	4.5601626938095613e-07
7901	atomwise.outnet.0.linear.weight	0.046896	run_hybrid_fixed_sB_d7500	hybrid_fixed	B	7500	4.5601626938095613e-07
7901	atomwise.outnet.1.linear.bias	0.051586	run_hybrid_fixed_sB_d7500	hybrid_fixed	B	7500	4.5601626938095613e-07
7901	atomwise.outnet.1.linear.weight	0.071179	run_hybrid_fixed_sB_d7500	hybrid_fixed	B	7500	4.5601626938095613e-07
7901	atomwise.outnet.2.linear.bias	0.012207	run_hybrid_fixed_sB_d7500	hybrid_fixed	B	7500	4.5601626938095613e-07
7901	atomwise.outnet.2.linear.weight	0.18592	run_hybrid_fixed_sB_d7500	hybrid_fixed	B	7500	4.5601626938095613e-07
8001	atomwise.linear_nn.linear.bias	0.0099357	run_hybrid_fixed_sB_d7500	hybrid_fixed	B	7500	4.5601626938095613e-07
8001	atomwise.linear_nn.linear.weight	0.089558	run_hybrid_fixed_sB_d7500	hybrid_fixed	B	7500	4.5601626938095613e-07
8001	atomwise.outnet.0.linear.bias	0.042275	run_hybrid_fixed_sB_d7500	hybrid_fixed	B	7500	4.5601626938095613e-07
8001	atomwise.outnet.0.linear.weight	0.040217	run_hybrid_fixed_sB_d7500	hybrid_fixed	B	7500	4.5601626938095613e-07
8001	atomwise.outnet.1.linear.bias	0.040635	run_hybrid_fixed_sB_d7500	hybrid_fixed	B	7500	4.5601626938095613e-07
8001	atomwise.outnet.1.linear.weight	0.055812	run_hybrid_fixed_sB_d7500	hybrid_fixed	B	7500	4.5601626938095613e-07
8001	atomwise.outnet.2.linear.bias	0.0099357	run_hybrid_fixed_sB_d7500	hybrid_fixed	B	7500	4.5601626938095613e-07
8001	atomwise.outnet.2.linear.weight	0.14392	run_hybrid_fixed_sB_d7500	hybrid_fixed	B	7500	4.5601626938095613e-07
8101	atomwise.linear_nn.linear.bias	0.020448	run_hybrid_fixed_sB_d7500	hybrid_fixed	B	7500	4.5601626938095613e-07
8101	atomwise.linear_nn.linear.weight	0.17756	run_hybrid_fixed_sB_d7500	hybrid_fixed	B	7500	4.5601626938095613e-07
8101	atomwise.outnet.0.linear.bias	0.086912	run_hybrid_fixed_sB_d7500	hybrid_fixed	B	7500	4.5601626938095613e-07
8101	atomwise.outnet.0.linear.weight	0.081118	run_hybrid_fixed_sB_d7500	hybrid_fixed	B	7500	4.5601626938095613e-07
8101	atomwise.outnet.1.linear.bias	0.083703	run_hybrid_fixed_sB_d7500	hybrid_fixed	B	7500	4.5601626938095613e-07
8101	atomwise.outnet.1.linear.weight	0.11477	run_hybrid_fixed_sB_d7500	hybrid_fixed	B	7500	4.5601626938095613e-07
8101	atomwise.outnet.2.linear.bias	0.020448	run_hybrid_fixed_sB_d7500	hybrid_fixed	B	7500	4.5601626938095613e-07
8101	atomwise.outnet.2.linear.weight	0.29672	run_hybrid_fixed_sB_d7500	hybrid_fixed	B	7500	4.5601626938095613e-07
8201	atomwise.linear_nn.linear.bias	0.0048665	run_hybrid_fixed_sB_d7500	hybrid_fixed	B	7500	4.5601626938095613e-07
8201	atomwise.linear_nn.linear.weight	0.013858	run_hybrid_fixed_sB_d7500	hybrid_fixed	B	7500	4.5601626938095613e-07
8201	atomwise.outnet.0.linear.bias	0.0088507	run_hybrid_fixed_sB_d7500	hybrid_fixed	B	7500	4.5601626938095613e-07
8201	atomwise.outnet.0.linear.weight	0.0071352	run_hybrid_fixed_sB_d7500	hybrid_fixed	B	7500	4.5601626938095613e-07
8201	atomwise.outnet.1.linear.bias	0.0091452	run_hybrid_fixed_sB_d7500	hybrid_fixed	B	7500	4.5601626938095613e-07
8201	atomwise.outnet.1.linear.weight	0.011632	run_hybrid_fixed_sB_d7500	hybrid_fixed	B	7500	4.5601626938095613e-07
8201	atomwise.outnet.2.linear.bias	0.0048665	run_hybrid_fixed_sB_d7500	hybrid_fixed	B	7500	4.5601626938095613e-07
8201	atomwise.outnet.2.linear.weight	0.030116	run_hybrid_fixed_sB_d7500	hybrid_fixed	B	7500	4.5601626938095613e-07
8301	atomwise.linear_nn.linear.bias	0.0062961	run_hybrid_fixed_sB_d7500	hybrid_fixed	B	7500	4.5601626938095613e-07
8301	atomwise.linear_nn.linear.weight	0.062092	run_hybrid_fixed_sB_d7500	hybrid_fixed	B	7500	4.5601626938095613e-07
8301	atomwise.outnet.0.linear.bias	0.033032	run_hybrid_fixed_sB_d7500	hybrid_fixed	B	7500	4.5601626938095613e-07
8301	atomwise.outnet.0.linear.weight	0.030103	run_hybrid_fixed_sB_d7500	hybrid_fixed	B	7500	4.5601626938095613e-07
8301	atomwise.outnet.1.linear.bias	0.033484	run_hybrid_fixed_sB_d7500	hybrid_fixed	B	7500	4.5601626938095613e-07
8301	atomwise.outnet.1.linear.weight	0.046771	run_hybrid_fixed_sB_d7500	hybrid_fixed	B	7500	4.5601626938095613e-07
8301	atomwise.outnet.2.linear.bias	0.0062961	run_hybrid_fixed_sB_d7500	hybrid_fixed	B	7500	4.5601626938095613e-07
8301	atomwise.outnet.2.linear.weight	0.12161	run_hybrid_fixed_sB_d7500	hybrid_fixed	B	7500	4.5601626938095613e-07
8401	atomwise.linear_nn.linear.bias	0.0062555	run_hybrid_fixed_sB_d7500	hybrid_fixed	B	7500	4.5601626938095613e-07
8401	atomwise.linear_nn.linear.weight	0.064116	run_hybrid_fixed_sB_d7500	hybrid_fixed	B	7500	4.5601626938095613e-07
8401	atomwise.outnet.0.linear.bias	0.025779	run_hybrid_fixed_sB_d7500	hybrid_fixed	B	7500	4.5601626938095613e-07
8401	atomwise.outnet.0.linear.weight	0.026849	run_hybrid_fixed_sB_d7500	hybrid_fixed	B	7500	4.5601626938095613e-07
8401	atomwise.outnet.1.linear.bias	0.024331	run_hybrid_fixed_sB_d7500	hybrid_fixed	B	7500	4.5601626938095613e-07
8401	atomwise.outnet.1.linear.weight	0.033081	run_hybrid_fixed_sB_d7500	hybrid_fixed	B	7500	4.5601626938095613e-07
8401	atomwise.outnet.2.linear.bias	0.0062555	run_hybrid_fixed_sB_d7500	hybrid_fixed	B	7500	4.5601626938095613e-07
8401	atomwise.outnet.2.linear.weight	0.084462	run_hybrid_fixed_sB_d7500	hybrid_fixed	B	7500	4.5601626938095613e-07
8501	atomwise.linear_nn.linear.bias	0.023989	run_hybrid_fixed_sB_d7500	hybrid_fixed	B	7500	4.5601626938095613e-07
8501	atomwise.linear_nn.linear.weight	0.19337	run_hybrid_fixed_sB_d7500	hybrid_fixed	B	7500	4.5601626938095613e-07
8501	atomwise.outnet.0.linear.bias	0.10222	run_hybrid_fixed_sB_d7500	hybrid_fixed	B	7500	4.5601626938095613e-07
8501	atomwise.outnet.0.linear.weight	0.091668	run_hybrid_fixed_sB_d7500	hybrid_fixed	B	7500	4.5601626938095613e-07
8501	atomwise.outnet.1.linear.bias	0.10073	run_hybrid_fixed_sB_d7500	hybrid_fixed	B	7500	4.5601626938095613e-07
8501	atomwise.outnet.1.linear.weight	0.13861	run_hybrid_fixed_sB_d7500	hybrid_fixed	B	7500	4.5601626938095613e-07
8501	atomwise.outnet.2.linear.bias	0.023989	run_hybrid_fixed_sB_d7500	hybrid_fixed	B	7500	4.5601626938095613e-07
8501	atomwise.outnet.2.linear.weight	0.36019	run_hybrid_fixed_sB_d7500	hybrid_fixed	B	7500	4.5601626938095613e-07
8601	atomwise.linear_nn.linear.bias	0.012018	run_hybrid_fixed_sB_d7500	hybrid_fixed	B	7500	4.5601626938095613e-07
8601	atomwise.linear_nn.linear.weight	0.08584	run_hybrid_fixed_sB_d7500	hybrid_fixed	B	7500	4.5601626938095613e-07
8601	atomwise.outnet.0.linear.bias	0.048342	run_hybrid_fixed_sB_d7500	hybrid_fixed	B	7500	4.5601626938095613e-07
8601	atomwise.outnet.0.linear.weight	0.042675	run_hybrid_fixed_sB_d7500	hybrid_fixed	B	7500	4.5601626938095613e-07
8601	atomwise.outnet.1.linear.bias	0.048359	run_hybrid_fixed_sB_d7500	hybrid_fixed	B	7500	4.5601626938095613e-07
8601	atomwise.outnet.1.linear.weight	0.066588	run_hybrid_fixed_sB_d7500	hybrid_fixed	B	7500	4.5601626938095613e-07
8601	atomwise.outnet.2.linear.bias	0.012018	run_hybrid_fixed_sB_d7500	hybrid_fixed	B	7500	4.5601626938095613e-07
8601	atomwise.outnet.2.linear.weight	0.17374	run_hybrid_fixed_sB_d7500	hybrid_fixed	B	7500	4.5601626938095613e-07
8701	atomwise.linear_nn.linear.bias	0.0031647	run_hybrid_fixed_sB_d7500	hybrid_fixed	B	7500	4.5601626938095613e-07
8701	atomwise.linear_nn.linear.weight	0.037721	run_hybrid_fixed_sB_d7500	hybrid_fixed	B	7500	4.5601626938095613e-07
8701	atomwise.outnet.0.linear.bias	0.020277	run_hybrid_fixed_sB_d7500	hybrid_fixed	B	7500	4.5601626938095613e-07
8701	atomwise.outnet.0.linear.weight	0.018673	run_hybrid_fixed_sB_d7500	hybrid_fixed	B	7500	4.5601626938095613e-07
8701	atomwise.outnet.1.linear.bias	0.020664	run_hybrid_fixed_sB_d7500	hybrid_fixed	B	7500	4.5601626938095613e-07
8701	atomwise.outnet.1.linear.weight	0.029013	run_hybrid_fixed_sB_d7500	hybrid_fixed	B	7500	4.5601626938095613e-07
8701	atomwise.outnet.2.linear.bias	0.0031647	run_hybrid_fixed_sB_d7500	hybrid_fixed	B	7500	4.5601626938095613e-07
8701	atomwise.outnet.2.linear.weight	0.075693	run_hybrid_fixed_sB_d7500	hybrid_fixed	B	7500	4.5601626938095613e-07
8801	atomwise.linear_nn.linear.bias	0.022685	run_hybrid_fixed_sB_d7500	hybrid_fixed	B	7500	4.5601626938095613e-07
8801	atomwise.linear_nn.linear.weight	0.16513	run_hybrid_fixed_sB_d7500	hybrid_fixed	B	7500	4.5601626938095613e-07
8801	atomwise.outnet.0.linear.bias	0.090908	run_hybrid_fixed_sB_d7500	hybrid_fixed	B	7500	4.5601626938095613e-07
8801	atomwise.outnet.0.linear.weight	0.08043	run_hybrid_fixed_sB_d7500	hybrid_fixed	B	7500	4.5601626938095613e-07
8801	atomwise.outnet.1.linear.bias	0.089585	run_hybrid_fixed_sB_d7500	hybrid_fixed	B	7500	4.5601626938095613e-07
8801	atomwise.outnet.1.linear.weight	0.12281	run_hybrid_fixed_sB_d7500	hybrid_fixed	B	7500	4.5601626938095613e-07
8801	atomwise.outnet.2.linear.bias	0.022685	run_hybrid_fixed_sB_d7500	hybrid_fixed	B	7500	4.5601626938095613e-07
8801	atomwise.outnet.2.linear.weight	0.32014	run_hybrid_fixed_sB_d7500	hybrid_fixed	B	7500	4.5601626938095613e-07
8901	atomwise.linear_nn.linear.bias	0.0054356	run_hybrid_fixed_sB_d7500	hybrid_fixed	B	7500	4.5601626938095613e-07
8901	atomwise.linear_nn.linear.weight	0.05635	run_hybrid_fixed_sB_d7500	hybrid_fixed	B	7500	4.5601626938095613e-07
8901	atomwise.outnet.0.linear.bias	0.0291	run_hybrid_fixed_sB_d7500	hybrid_fixed	B	7500	4.5601626938095613e-07
8901	atomwise.outnet.0.linear.weight	0.027472	run_hybrid_fixed_sB_d7500	hybrid_fixed	B	7500	4.5601626938095613e-07
8901	atomwise.outnet.1.linear.bias	0.029267	run_hybrid_fixed_sB_d7500	hybrid_fixed	B	7500	4.5601626938095613e-07
8901	atomwise.outnet.1.linear.weight	0.041072	run_hybrid_fixed_sB_d7500	hybrid_fixed	B	7500	4.5601626938095613e-07
8901	atomwise.outnet.2.linear.bias	0.0054356	run_hybrid_fixed_sB_d7500	hybrid_fixed	B	7500	4.5601626938095613e-07
8901	atomwise.outnet.2.linear.weight	0.10633	run_hybrid_fixed_sB_d7500	hybrid_fixed	B	7500	4.5601626938095613e-07
9001	atomwise.linear_nn.linear.bias	0.037121	run_hybrid_fixed_sB_d7500	hybrid_fixed	B	7500	4.5601626938095613e-07
9001	atomwise.linear_nn.linear.weight	0.26262	run_hybrid_fixed_sB_d7500	hybrid_fixed	B	7500	4.5601626938095613e-07
9001	atomwise.outnet.0.linear.bias	0.13652	run_hybrid_fixed_sB_d7500	hybrid_fixed	B	7500	4.5601626938095613e-07
9001	atomwise.outnet.0.linear.weight	0.12208	run_hybrid_fixed_sB_d7500	hybrid_fixed	B	7500	4.5601626938095613e-07
9001	atomwise.outnet.1.linear.bias	0.1327	run_hybrid_fixed_sB_d7500	hybrid_fixed	B	7500	4.5601626938095613e-07
9001	atomwise.outnet.1.linear.weight	0.18054	run_hybrid_fixed_sB_d7500	hybrid_fixed	B	7500	4.5601626938095613e-07
9001	atomwise.outnet.2.linear.bias	0.037121	run_hybrid_fixed_sB_d7500	hybrid_fixed	B	7500	4.5601626938095613e-07
9001	atomwise.outnet.2.linear.weight	0.46926	run_hybrid_fixed_sB_d7500	hybrid_fixed	B	7500	4.5601626938095613e-07
9101	atomwise.linear_nn.linear.bias	0.0028039	run_hybrid_fixed_sB_d7500	hybrid_fixed	B	7500	4.5601626938095613e-07
9101	atomwise.linear_nn.linear.weight	0.026658	run_hybrid_fixed_sB_d7500	hybrid_fixed	B	7500	4.5601626938095613e-07
9101	atomwise.outnet.0.linear.bias	0.0021564	run_hybrid_fixed_sB_d7500	hybrid_fixed	B	7500	4.5601626938095613e-07
9101	atomwise.outnet.0.linear.weight	0.0097886	run_hybrid_fixed_sB_d7500	hybrid_fixed	B	7500	4.5601626938095613e-07
9101	atomwise.outnet.1.linear.bias	0.0029047	run_hybrid_fixed_sB_d7500	hybrid_fixed	B	7500	4.5601626938095613e-07
9101	atomwise.outnet.1.linear.weight	0.0054646	run_hybrid_fixed_sB_d7500	hybrid_fixed	B	7500	4.5601626938095613e-07
9101	atomwise.outnet.2.linear.bias	0.0028039	run_hybrid_fixed_sB_d7500	hybrid_fixed	B	7500	4.5601626938095613e-07
9101	atomwise.outnet.2.linear.weight	0.011063	run_hybrid_fixed_sB_d7500	hybrid_fixed	B	7500	4.5601626938095613e-07
9201	atomwise.linear_nn.linear.bias	0.015791	run_hybrid_fixed_sB_d7500	hybrid_fixed	B	7500	4.5601626938095613e-07
9201	atomwise.linear_nn.linear.weight	0.1445	run_hybrid_fixed_sB_d7500	hybrid_fixed	B	7500	4.5601626938095613e-07
9201	atomwise.outnet.0.linear.bias	0.068196	run_hybrid_fixed_sB_d7500	hybrid_fixed	B	7500	4.5601626938095613e-07
9201	atomwise.outnet.0.linear.weight	0.064959	run_hybrid_fixed_sB_d7500	hybrid_fixed	B	7500	4.5601626938095613e-07
9201	atomwise.outnet.1.linear.bias	0.065621	run_hybrid_fixed_sB_d7500	hybrid_fixed	B	7500	4.5601626938095613e-07
9201	atomwise.outnet.1.linear.weight	0.090179	run_hybrid_fixed_sB_d7500	hybrid_fixed	B	7500	4.5601626938095613e-07
9201	atomwise.outnet.2.linear.bias	0.015791	run_hybrid_fixed_sB_d7500	hybrid_fixed	B	7500	4.5601626938095613e-07
9201	atomwise.outnet.2.linear.weight	0.23246	run_hybrid_fixed_sB_d7500	hybrid_fixed	B	7500	4.5601626938095613e-07
9301	atomwise.linear_nn.linear.bias	0.0052667	run_hybrid_fixed_sB_d7500	hybrid_fixed	B	7500	4.5601626938095613e-07
9301	atomwise.linear_nn.linear.weight	0.019264	run_hybrid_fixed_sB_d7500	hybrid_fixed	B	7500	4.5601626938095613e-07
9301	atomwise.outnet.0.linear.bias	0.01245	run_hybrid_fixed_sB_d7500	hybrid_fixed	B	7500	4.5601626938095613e-07
9301	atomwise.outnet.0.linear.weight	0.01015	run_hybrid_fixed_sB_d7500	hybrid_fixed	B	7500	4.5601626938095613e-07
9301	atomwise.outnet.1.linear.bias	0.012198	run_hybrid_fixed_sB_d7500	hybrid_fixed	B	7500	4.5601626938095613e-07
9301	atomwise.outnet.1.linear.weight	0.015706	run_hybrid_fixed_sB_d7500	hybrid_fixed	B	7500	4.5601626938095613e-07
9301	atomwise.outnet.2.linear.bias	0.0052667	run_hybrid_fixed_sB_d7500	hybrid_fixed	B	7500	4.5601626938095613e-07
9301	atomwise.outnet.2.linear.weight	0.041645	run_hybrid_fixed_sB_d7500	hybrid_fixed	B	7500	4.5601626938095613e-07
9401	atomwise.linear_nn.linear.bias	0.01293	run_hybrid_fixed_sB_d7500	hybrid_fixed	B	7500	4.5601626938095613e-07
9401	atomwise.linear_nn.linear.weight	0.11863	run_hybrid_fixed_sB_d7500	hybrid_fixed	B	7500	4.5601626938095613e-07
9401	atomwise.outnet.0.linear.bias	0.055936	run_hybrid_fixed_sB_d7500	hybrid_fixed	B	7500	4.5601626938095613e-07
9401	atomwise.outnet.0.linear.weight	0.053676	run_hybrid_fixed_sB_d7500	hybrid_fixed	B	7500	4.5601626938095613e-07
9401	atomwise.outnet.1.linear.bias	0.053686	run_hybrid_fixed_sB_d7500	hybrid_fixed	B	7500	4.5601626938095613e-07
9401	atomwise.outnet.1.linear.weight	0.073657	run_hybrid_fixed_sB_d7500	hybrid_fixed	B	7500	4.5601626938095613e-07
9401	atomwise.outnet.2.linear.bias	0.01293	run_hybrid_fixed_sB_d7500	hybrid_fixed	B	7500	4.5601626938095613e-07
9401	atomwise.outnet.2.linear.weight	0.18967	run_hybrid_fixed_sB_d7500	hybrid_fixed	B	7500	4.5601626938095613e-07
9501	atomwise.linear_nn.linear.bias	0.0022537	run_hybrid_fixed_sB_d7500	hybrid_fixed	B	7500	4.5601626938095613e-07
9501	atomwise.linear_nn.linear.weight	0.01602	run_hybrid_fixed_sB_d7500	hybrid_fixed	B	7500	4.5601626938095613e-07
9501	atomwise.outnet.0.linear.bias	0.0044012	run_hybrid_fixed_sB_d7500	hybrid_fixed	B	7500	4.5601626938095613e-07
9501	atomwise.outnet.0.linear.weight	0.0077522	run_hybrid_fixed_sB_d7500	hybrid_fixed	B	7500	4.5601626938095613e-07
9501	atomwise.outnet.1.linear.bias	0.0048522	run_hybrid_fixed_sB_d7500	hybrid_fixed	B	7500	4.5601626938095613e-07
9501	atomwise.outnet.1.linear.weight	0.0075516	run_hybrid_fixed_sB_d7500	hybrid_fixed	B	7500	4.5601626938095613e-07
9501	atomwise.outnet.2.linear.bias	0.0022537	run_hybrid_fixed_sB_d7500	hybrid_fixed	B	7500	4.5601626938095613e-07
9501	atomwise.outnet.2.linear.weight	0.01938	run_hybrid_fixed_sB_d7500	hybrid_fixed	B	7500	4.5601626938095613e-07
9601	atomwise.linear_nn.linear.bias	0.0057201	run_hybrid_fixed_sB_d7500	hybrid_fixed	B	7500	4.5601626938095613e-07
9601	atomwise.linear_nn.linear.weight	0.072678	run_hybrid_fixed_sB_d7500	hybrid_fixed	B	7500	4.5601626938095613e-07
9601	atomwise.outnet.0.linear.bias	0.029801	run_hybrid_fixed_sB_d7500	hybrid_fixed	B	7500	4.5601626938095613e-07
9601	atomwise.outnet.0.linear.weight	0.030959	run_hybrid_fixed_sB_d7500	hybrid_fixed	B	7500	4.5601626938095613e-07
9601	atomwise.outnet.1.linear.bias	0.028253	run_hybrid_fixed_sB_d7500	hybrid_fixed	B	7500	4.5601626938095613e-07
9601	atomwise.outnet.1.linear.weight	0.038887	run_hybrid_fixed_sB_d7500	hybrid_fixed	B	7500	4.5601626938095613e-07
9601	atomwise.outnet.2.linear.bias	0.0057201	run_hybrid_fixed_sB_d7500	hybrid_fixed	B	7500	4.5601626938095613e-07
9601	atomwise.outnet.2.linear.weight	0.098285	run_hybrid_fixed_sB_d7500	hybrid_fixed	B	7500	4.5601626938095613e-07
9701	atomwise.linear_nn.linear.bias	0.0090792	run_hybrid_fixed_sB_d7500	hybrid_fixed	B	7500	4.5601626938095613e-07
9701	atomwise.linear_nn.linear.weight	0.067151	run_hybrid_fixed_sB_d7500	hybrid_fixed	B	7500	4.5601626938095613e-07
9701	atomwise.outnet.0.linear.bias	0.036354	run_hybrid_fixed_sB_d7500	hybrid_fixed	B	7500	4.5601626938095613e-07
9701	atomwise.outnet.0.linear.weight	0.032808	run_hybrid_fixed_sB_d7500	hybrid_fixed	B	7500	4.5601626938095613e-07
9701	atomwise.outnet.1.linear.bias	0.036383	run_hybrid_fixed_sB_d7500	hybrid_fixed	B	7500	4.5601626938095613e-07
9701	atomwise.outnet.1.linear.weight	0.049896	run_hybrid_fixed_sB_d7500	hybrid_fixed	B	7500	4.5601626938095613e-07
9701	atomwise.outnet.2.linear.bias	0.0090792	run_hybrid_fixed_sB_d7500	hybrid_fixed	B	7500	4.5601626938095613e-07
9701	atomwise.outnet.2.linear.weight	0.12948	run_hybrid_fixed_sB_d7500	hybrid_fixed	B	7500	4.5601626938095613e-07
9801	atomwise.linear_nn.linear.bias	0.012224	run_hybrid_fixed_sB_d7500	hybrid_fixed	B	7500	4.5601626938095613e-07
9801	atomwise.linear_nn.linear.weight	0.076814	run_hybrid_fixed_sB_d7500	hybrid_fixed	B	7500	4.5601626938095613e-07
9801	atomwise.outnet.0.linear.bias	0.044789	run_hybrid_fixed_sB_d7500	hybrid_fixed	B	7500	4.5601626938095613e-07
9801	atomwise.outnet.0.linear.weight	0.03907	run_hybrid_fixed_sB_d7500	hybrid_fixed	B	7500	4.5601626938095613e-07
9801	atomwise.outnet.1.linear.bias	0.044554	run_hybrid_fixed_sB_d7500	hybrid_fixed	B	7500	4.5601626938095613e-07
9801	atomwise.outnet.1.linear.weight	0.061017	run_hybrid_fixed_sB_d7500	hybrid_fixed	B	7500	4.5601626938095613e-07
9801	atomwise.outnet.2.linear.bias	0.012224	run_hybrid_fixed_sB_d7500	hybrid_fixed	B	7500	4.5601626938095613e-07
9801	atomwise.outnet.2.linear.weight	0.15986	run_hybrid_fixed_sB_d7500	hybrid_fixed	B	7500	4.5601626938095613e-07
9901	atomwise.linear_nn.linear.bias	0.032884	run_hybrid_fixed_sB_d7500	hybrid_fixed	B	7500	4.5601626938095613e-07
9901	atomwise.linear_nn.linear.weight	0.23462	run_hybrid_fixed_sB_d7500	hybrid_fixed	B	7500	4.5601626938095613e-07
9901	atomwise.outnet.0.linear.bias	0.12757	run_hybrid_fixed_sB_d7500	hybrid_fixed	B	7500	4.5601626938095613e-07
9901	atomwise.outnet.0.linear.weight	0.11333	run_hybrid_fixed_sB_d7500	hybrid_fixed	B	7500	4.5601626938095613e-07
9901	atomwise.outnet.1.linear.bias	0.12503	run_hybrid_fixed_sB_d7500	hybrid_fixed	B	7500	4.5601626938095613e-07
9901	atomwise.outnet.1.linear.weight	0.17095	run_hybrid_fixed_sB_d7500	hybrid_fixed	B	7500	4.5601626938095613e-07
9901	atomwise.outnet.2.linear.bias	0.032884	run_hybrid_fixed_sB_d7500	hybrid_fixed	B	7500	4.5601626938095613e-07
9901	atomwise.outnet.2.linear.weight	0.44555	run_hybrid_fixed_sB_d7500	hybrid_fixed	B	7500	4.5601626938095613e-07
1	atomwise.linear_nn.linear.bias	0.20328	run_hybrid_q_sA_d7500	hybrid_q	A	7500	0.001
1	atomwise.linear_nn.linear.weight	1.0929	run_hybrid_q_sA_d7500	hybrid_q	A	7500	0.001
1	atomwise.outnet.0.linear.bias	0.011268	run_hybrid_q_sA_d7500	hybrid_q	A	7500	0.001
1	atomwise.outnet.0.linear.weight	0.06069	run_hybrid_q_sA_d7500	hybrid_q	A	7500	0.001
1	atomwise.outnet.1.linear.bias	0.04915	run_hybrid_q_sA_d7500	hybrid_q	A	7500	0.001
1	atomwise.outnet.1.linear.weight	0.011729	run_hybrid_q_sA_d7500	hybrid_q	A	7500	0.001
1	atomwise.outnet.2.linear.bias	0.20328	run_hybrid_q_sA_d7500	hybrid_q	A	7500	0.001
1	atomwise.outnet.2.linear.weight	0.03419	run_hybrid_q_sA_d7500	hybrid_q	A	7500	0.001
101	atomwise.linear_nn.linear.bias	1.7821	run_hybrid_q_sA_d7500	hybrid_q	A	7500	0.001
101	atomwise.linear_nn.linear.weight	9.4951	run_hybrid_q_sA_d7500	hybrid_q	A	7500	0.001
101	atomwise.outnet.0.linear.bias	0.26749	run_hybrid_q_sA_d7500	hybrid_q	A	7500	0.001
101	atomwise.outnet.0.linear.weight	1.0659	run_hybrid_q_sA_d7500	hybrid_q	A	7500	0.001
101	atomwise.outnet.1.linear.bias	0.57385	run_hybrid_q_sA_d7500	hybrid_q	A	7500	0.001
101	atomwise.outnet.1.linear.weight	0.92715	run_hybrid_q_sA_d7500	hybrid_q	A	7500	0.001
101	atomwise.outnet.2.linear.bias	1.7821	run_hybrid_q_sA_d7500	hybrid_q	A	7500	0.001
101	atomwise.outnet.2.linear.weight	1.5051	run_hybrid_q_sA_d7500	hybrid_q	A	7500	0.001
201	atomwise.linear_nn.linear.bias	3.0768	run_hybrid_q_sA_d7500	hybrid_q	A	7500	0.001
201	atomwise.linear_nn.linear.weight	6.6133	run_hybrid_q_sA_d7500	hybrid_q	A	7500	0.001
201	atomwise.outnet.0.linear.bias	0.69832	run_hybrid_q_sA_d7500	hybrid_q	A	7500	0.001
201	atomwise.outnet.0.linear.weight	2.1058	run_hybrid_q_sA_d7500	hybrid_q	A	7500	0.001
201	atomwise.outnet.1.linear.bias	0.95046	run_hybrid_q_sA_d7500	hybrid_q	A	7500	0.001
201	atomwise.outnet.1.linear.weight	0.94631	run_hybrid_q_sA_d7500	hybrid_q	A	7500	0.001
201	atomwise.outnet.2.linear.bias	3.0768	run_hybrid_q_sA_d7500	hybrid_q	A	7500	0.001
201	atomwise.outnet.2.linear.weight	0.89262	run_hybrid_q_sA_d7500	hybrid_q	A	7500	0.001
301	atomwise.linear_nn.linear.bias	6.9803	run_hybrid_q_sA_d7500	hybrid_q	A	7500	0.001
301	atomwise.linear_nn.linear.weight	5.7397	run_hybrid_q_sA_d7500	hybrid_q	A	7500	0.001
301	atomwise.outnet.0.linear.bias	2.4009	run_hybrid_q_sA_d7500	hybrid_q	A	7500	0.001
301	atomwise.outnet.0.linear.weight	2.0577	run_hybrid_q_sA_d7500	hybrid_q	A	7500	0.001
301	atomwise.outnet.1.linear.bias	2.4842	run_hybrid_q_sA_d7500	hybrid_q	A	7500	0.001
301	atomwise.outnet.1.linear.weight	1.9256	run_hybrid_q_sA_d7500	hybrid_q	A	7500	0.001
301	atomwise.outnet.2.linear.bias	6.9803	run_hybrid_q_sA_d7500	hybrid_q	A	7500	0.001
301	atomwise.outnet.2.linear.weight	3.0279	run_hybrid_q_sA_d7500	hybrid_q	A	7500	0.001
401	atomwise.linear_nn.linear.bias	19.898	run_hybrid_q_sA_d7500	hybrid_q	A	7500	0.001
401	atomwise.linear_nn.linear.weight	16.015	run_hybrid_q_sA_d7500	hybrid_q	A	7500	0.001
401	atomwise.outnet.0.linear.bias	7.3965	run_hybrid_q_sA_d7500	hybrid_q	A	7500	0.001
401	atomwise.outnet.0.linear.weight	6.6647	run_hybrid_q_sA_d7500	hybrid_q	A	7500	0.001
401	atomwise.outnet.1.linear.bias	7.208	run_hybrid_q_sA_d7500	hybrid_q	A	7500	0.001
401	atomwise.outnet.1.linear.weight	4.6908	run_hybrid_q_sA_d7500	hybrid_q	A	7500	0.001
401	atomwise.outnet.2.linear.bias	19.898	run_hybrid_q_sA_d7500	hybrid_q	A	7500	0.001
401	atomwise.outnet.2.linear.weight	8.3761	run_hybrid_q_sA_d7500	hybrid_q	A	7500	0.001
501	atomwise.linear_nn.linear.bias	1.5918	run_hybrid_q_sA_d7500	hybrid_q	A	7500	0.001
501	atomwise.linear_nn.linear.weight	2.6859	run_hybrid_q_sA_d7500	hybrid_q	A	7500	0.001
501	atomwise.outnet.0.linear.bias	0.85221	run_hybrid_q_sA_d7500	hybrid_q	A	7500	0.001
501	atomwise.outnet.0.linear.weight	1.4083	run_hybrid_q_sA_d7500	hybrid_q	A	7500	0.001
501	atomwise.outnet.1.linear.bias	0.71419	run_hybrid_q_sA_d7500	hybrid_q	A	7500	0.001
501	atomwise.outnet.1.linear.weight	0.76535	run_hybrid_q_sA_d7500	hybrid_q	A	7500	0.001
501	atomwise.outnet.2.linear.bias	1.5918	run_hybrid_q_sA_d7500	hybrid_q	A	7500	0.001
501	atomwise.outnet.2.linear.weight	2.0838	run_hybrid_q_sA_d7500	hybrid_q	A	7500	0.001
601	atomwise.linear_nn.linear.bias	2.9595	run_hybrid_q_sA_d7500	hybrid_q	A	7500	0.001
601	atomwise.linear_nn.linear.weight	1.8888	run_hybrid_q_sA_d7500	hybrid_q	A	7500	0.001
601	atomwise.outnet.0.linear.bias	1.6808	run_hybrid_q_sA_d7500	hybrid_q	A	7500	0.001
601	atomwise.outnet.0.linear.weight	1.0611	run_hybrid_q_sA_d7500	hybrid_q	A	7500	0.001
601	atomwise.outnet.1.linear.bias	1.3934	run_hybrid_q_sA_d7500	hybrid_q	A	7500	0.001
601	atomwise.outnet.1.linear.weight	1.256	run_hybrid_q_sA_d7500	hybrid_q	A	7500	0.001
601	atomwise.outnet.2.linear.bias	2.9595	run_hybrid_q_sA_d7500	hybrid_q	A	7500	0.001
601	atomwise.outnet.2.linear.weight	3.7032	run_hybrid_q_sA_d7500	hybrid_q	A	7500	0.001
701	atomwise.linear_nn.linear.bias	11.757	run_hybrid_q_sA_d7500	hybrid_q	A	7500	0.001
701	atomwise.linear_nn.linear.weight	3.5874	run_hybrid_q_sA_d7500	hybrid_q	A	7500	0.001
701	atomwise.outnet.0.linear.bias	7.1348	run_hybrid_q_sA_d7500	hybrid_q	A	7500	0.001
701	atomwise.outnet.0.linear.weight	2.3744	run_hybrid_q_sA_d7500	hybrid_q	A	7500	0.001
701	atomwise.outnet.1.linear.bias	5.501	run_hybrid_q_sA_d7500	hybrid_q	A	7500	0.001
701	atomwise.outnet.1.linear.weight	4.5438	run_hybrid_q_sA_d7500	hybrid_q	A	7500	0.001
701	atomwise.outnet.2.linear.bias	11.757	run_hybrid_q_sA_d7500	hybrid_q	A	7500	0.001
701	atomwise.outnet.2.linear.weight	12.261	run_hybrid_q_sA_d7500	hybrid_q	A	7500	0.001
801	atomwise.linear_nn.linear.bias	4.6496	run_hybrid_q_sA_d7500	hybrid_q	A	7500	0.001
801	atomwise.linear_nn.linear.weight	4.8911	run_hybrid_q_sA_d7500	hybrid_q	A	7500	0.001
801	atomwise.outnet.0.linear.bias	3.0176	run_hybrid_q_sA_d7500	hybrid_q	A	7500	0.001
801	atomwise.outnet.0.linear.weight	2.8644	run_hybrid_q_sA_d7500	hybrid_q	A	7500	0.001
801	atomwise.outnet.1.linear.bias	2.1505	run_hybrid_q_sA_d7500	hybrid_q	A	7500	0.001
801	atomwise.outnet.1.linear.weight	2.0784	run_hybrid_q_sA_d7500	hybrid_q	A	7500	0.001
801	atomwise.outnet.2.linear.bias	4.6496	run_hybrid_q_sA_d7500	hybrid_q	A	7500	0.001
801	atomwise.outnet.2.linear.weight	3.0825	run_hybrid_q_sA_d7500	hybrid_q	A	7500	0.001
901	atomwise.linear_nn.linear.bias	0.07127	run_hybrid_q_sA_d7500	hybrid_q	A	7500	0.001
901	atomwise.linear_nn.linear.weight	4.1246	run_hybrid_q_sA_d7500	hybrid_q	A	7500	0.001
901	atomwise.outnet.0.linear.bias	0.46582	run_hybrid_q_sA_d7500	hybrid_q	A	7500	0.001
901	atomwise.outnet.0.linear.weight	2.4294	run_hybrid_q_sA_d7500	hybrid_q	A	7500	0.001
901	atomwise.outnet.1.linear.bias	0.25269	run_hybrid_q_sA_d7500	hybrid_q	A	7500	0.001
901	atomwise.outnet.1.linear.weight	1.2391	run_hybrid_q_sA_d7500	hybrid_q	A	7500	0.001
901	atomwise.outnet.2.linear.bias	0.07127	run_hybrid_q_sA_d7500	hybrid_q	A	7500	0.001
901	atomwise.outnet.2.linear.weight	1.1812	run_hybrid_q_sA_d7500	hybrid_q	A	7500	0.001
1001	atomwise.linear_nn.linear.bias	5.3555	run_hybrid_q_sA_d7500	hybrid_q	A	7500	0.001
1001	atomwise.linear_nn.linear.weight	7.066	run_hybrid_q_sA_d7500	hybrid_q	A	7500	0.001
1001	atomwise.outnet.0.linear.bias	3.5211	run_hybrid_q_sA_d7500	hybrid_q	A	7500	0.001
1001	atomwise.outnet.0.linear.weight	4.4205	run_hybrid_q_sA_d7500	hybrid_q	A	7500	0.001
1001	atomwise.outnet.1.linear.bias	2.4484	run_hybrid_q_sA_d7500	hybrid_q	A	7500	0.001
1001	atomwise.outnet.1.linear.weight	2.8744	run_hybrid_q_sA_d7500	hybrid_q	A	7500	0.001
1001	atomwise.outnet.2.linear.bias	5.3555	run_hybrid_q_sA_d7500	hybrid_q	A	7500	0.001
1001	atomwise.outnet.2.linear.weight	2.704	run_hybrid_q_sA_d7500	hybrid_q	A	7500	0.001
1101	atomwise.linear_nn.linear.bias	4.0947	run_hybrid_q_sA_d7500	hybrid_q	A	7500	0.001
1101	atomwise.linear_nn.linear.weight	8.5906	run_hybrid_q_sA_d7500	hybrid_q	A	7500	0.001
1101	atomwise.outnet.0.linear.bias	2.8805	run_hybrid_q_sA_d7500	hybrid_q	A	7500	0.001
1101	atomwise.outnet.0.linear.weight	5.3078	run_hybrid_q_sA_d7500	hybrid_q	A	7500	0.001
1101	atomwise.outnet.1.linear.bias	1.9472	run_hybrid_q_sA_d7500	hybrid_q	A	7500	0.001
1101	atomwise.outnet.1.linear.weight	2.7813	run_hybrid_q_sA_d7500	hybrid_q	A	7500	0.001
1101	atomwise.outnet.2.linear.bias	4.0947	run_hybrid_q_sA_d7500	hybrid_q	A	7500	0.001
1101	atomwise.outnet.2.linear.weight	2.7542	run_hybrid_q_sA_d7500	hybrid_q	A	7500	0.001
1201	atomwise.linear_nn.linear.bias	11.789	run_hybrid_q_sA_d7500	hybrid_q	A	7500	0.001
1201	atomwise.linear_nn.linear.weight	20.947	run_hybrid_q_sA_d7500	hybrid_q	A	7500	0.001
1201	atomwise.outnet.0.linear.bias	8.1782	run_hybrid_q_sA_d7500	hybrid_q	A	7500	0.001
1201	atomwise.outnet.0.linear.weight	13.03	run_hybrid_q_sA_d7500	hybrid_q	A	7500	0.001
1201	atomwise.outnet.1.linear.bias	5.5795	run_hybrid_q_sA_d7500	hybrid_q	A	7500	0.001
1201	atomwise.outnet.1.linear.weight	7.6174	run_hybrid_q_sA_d7500	hybrid_q	A	7500	0.001
1201	atomwise.outnet.2.linear.bias	11.789	run_hybrid_q_sA_d7500	hybrid_q	A	7500	0.001
1201	atomwise.outnet.2.linear.weight	8.2557	run_hybrid_q_sA_d7500	hybrid_q	A	7500	0.001
1301	atomwise.linear_nn.linear.bias	3.2553	run_hybrid_q_sA_d7500	hybrid_q	A	7500	0.001
1301	atomwise.linear_nn.linear.weight	8.4261	run_hybrid_q_sA_d7500	hybrid_q	A	7500	0.001
1301	atomwise.outnet.0.linear.bias	2.3085	run_hybrid_q_sA_d7500	hybrid_q	A	7500	0.001
1301	atomwise.outnet.0.linear.weight	5.2458	run_hybrid_q_sA_d7500	hybrid_q	A	7500	0.001
1301	atomwise.outnet.1.linear.bias	1.7942	run_hybrid_q_sA_d7500	hybrid_q	A	7500	0.001
1301	atomwise.outnet.1.linear.weight	3.0853	run_hybrid_q_sA_d7500	hybrid_q	A	7500	0.001
1301	atomwise.outnet.2.linear.bias	3.2553	run_hybrid_q_sA_d7500	hybrid_q	A	7500	0.001
1301	atomwise.outnet.2.linear.weight	5.4008	run_hybrid_q_sA_d7500	hybrid_q	A	7500	0.001
1401	atomwise.linear_nn.linear.bias	2.5953	run_hybrid_q_sA_d7500	hybrid_q	A	7500	0.001
1401	atomwise.linear_nn.linear.weight	4.1038	run_hybrid_q_sA_d7500	hybrid_q	A	7500	0.001
1401	atomwise.outnet.0.linear.bias	1.7253	run_hybrid_q_sA_d7500	hybrid_q	A	7500	0.001
1401	atomwise.outnet.0.linear.weight	2.59	run_hybrid_q_sA_d7500	hybrid_q	A	7500	0.001
1401	atomwise.outnet.1.linear.bias	1.4854	run_hybrid_q_sA_d7500	hybrid_q	A	7500	0.001
1401	atomwise.outnet.1.linear.weight	1.5825	run_hybrid_q_sA_d7500	hybrid_q	A	7500	0.001
1401	atomwise.outnet.2.linear.bias	2.5953	run_hybrid_q_sA_d7500	hybrid_q	A	7500	0.001
1401	atomwise.outnet.2.linear.weight	4.5388	run_hybrid_q_sA_d7500	hybrid_q	A	7500	0.001
1501	atomwise.linear_nn.linear.bias	1.8198	run_hybrid_q_sA_d7500	hybrid_q	A	7500	0.001
1501	atomwise.linear_nn.linear.weight	13.602	run_hybrid_q_sA_d7500	hybrid_q	A	7500	0.001
1501	atomwise.outnet.0.linear.bias	2.2954	run_hybrid_q_sA_d7500	hybrid_q	A	7500	0.001
1501	atomwise.outnet.0.linear.weight	8.6928	run_hybrid_q_sA_d7500	hybrid_q	A	7500	0.001
1501	atomwise.outnet.1.linear.bias	2.2389	run_hybrid_q_sA_d7500	hybrid_q	A	7500	0.001
1501	atomwise.outnet.1.linear.weight	4.9884	run_hybrid_q_sA_d7500	hybrid_q	A	7500	0.001
1501	atomwise.outnet.2.linear.bias	1.8198	run_hybrid_q_sA_d7500	hybrid_q	A	7500	0.001
1501	atomwise.outnet.2.linear.weight	10.238	run_hybrid_q_sA_d7500	hybrid_q	A	7500	0.001
1601	atomwise.linear_nn.linear.bias	0.6156	run_hybrid_q_sA_d7500	hybrid_q	A	7500	0.001
1601	atomwise.linear_nn.linear.weight	4.8756	run_hybrid_q_sA_d7500	hybrid_q	A	7500	0.001
1601	atomwise.outnet.0.linear.bias	0.77369	run_hybrid_q_sA_d7500	hybrid_q	A	7500	0.001
1601	atomwise.outnet.0.linear.weight	3.189	run_hybrid_q_sA_d7500	hybrid_q	A	7500	0.001
1601	atomwise.outnet.1.linear.bias	0.83626	run_hybrid_q_sA_d7500	hybrid_q	A	7500	0.001
1601	atomwise.outnet.1.linear.weight	1.7786	run_hybrid_q_sA_d7500	hybrid_q	A	7500	0.001
1601	atomwise.outnet.2.linear.bias	0.6156	run_hybrid_q_sA_d7500	hybrid_q	A	7500	0.001
1601	atomwise.outnet.2.linear.weight	3.8876	run_hybrid_q_sA_d7500	hybrid_q	A	7500	0.001
1701	atomwise.linear_nn.linear.bias	3.7947	run_hybrid_q_sA_d7500	hybrid_q	A	7500	0.001
1701	atomwise.linear_nn.linear.weight	3.5314	run_hybrid_q_sA_d7500	hybrid_q	A	7500	0.001
1701	atomwise.outnet.0.linear.bias	2.6778	run_hybrid_q_sA_d7500	hybrid_q	A	7500	0.001
1701	atomwise.outnet.0.linear.weight	2.171	run_hybrid_q_sA_d7500	hybrid_q	A	7500	0.001
1701	atomwise.outnet.1.linear.bias	1.9073	run_hybrid_q_sA_d7500	hybrid_q	A	7500	0.001
1701	atomwise.outnet.1.linear.weight	1.1153	run_hybrid_q_sA_d7500	hybrid_q	A	7500	0.001
1701	atomwise.outnet.2.linear.bias	3.7947	run_hybrid_q_sA_d7500	hybrid_q	A	7500	0.001
1701	atomwise.outnet.2.linear.weight	3.0982	run_hybrid_q_sA_d7500	hybrid_q	A	7500	0.001
1801	atomwise.linear_nn.linear.bias	2.451	run_hybrid_q_sA_d7500	hybrid_q	A	7500	0.001
1801	atomwise.linear_nn.linear.weight	18.161	run_hybrid_q_sA_d7500	hybrid_q	A	7500	0.001
1801	atomwise.outnet.0.linear.bias	3.3748	run_hybrid_q_sA_d7500	hybrid_q	A	7500	0.001
1801	atomwise.outnet.0.linear.weight	11.266	run_hybrid_q_sA_d7500	hybrid_q	A	7500	0.001
1801	atomwise.outnet.1.linear.bias	4.1312	run_hybrid_q_sA_d7500	hybrid_q	A	7500	0.001
1801	atomwise.outnet.1.linear.weight	7.7213	run_hybrid_q_sA_d7500	hybrid_q	A	7500	0.001
1801	atomwise.outnet.2.linear.bias	2.451	run_hybrid_q_sA_d7500	hybrid_q	A	7500	0.001
1801	atomwise.outnet.2.linear.weight	19.117	run_hybrid_q_sA_d7500	hybrid_q	A	7500	0.001
1901	atomwise.linear_nn.linear.bias	2.6051	run_hybrid_q_sA_d7500	hybrid_q	A	7500	0.001
1901	atomwise.linear_nn.linear.weight	8.8435	run_hybrid_q_sA_d7500	hybrid_q	A	7500	0.001
1901	atomwise.outnet.0.linear.bias	1.8237	run_hybrid_q_sA_d7500	hybrid_q	A	7500	0.001
1901	atomwise.outnet.0.linear.weight	5.1448	run_hybrid_q_sA_d7500	hybrid_q	A	7500	0.001
1901	atomwise.outnet.1.linear.bias	1.9053	run_hybrid_q_sA_d7500	hybrid_q	A	7500	0.001
1901	atomwise.outnet.1.linear.weight	3.3507	run_hybrid_q_sA_d7500	hybrid_q	A	7500	0.001
1901	atomwise.outnet.2.linear.bias	2.6051	run_hybrid_q_sA_d7500	hybrid_q	A	7500	0.001
1901	atomwise.outnet.2.linear.weight	7.7775	run_hybrid_q_sA_d7500	hybrid_q	A	7500	0.001
2001	atomwise.linear_nn.linear.bias	0.61308	run_hybrid_q_sA_d7500	hybrid_q	A	7500	0.001
2001	atomwise.linear_nn.linear.weight	9.3262	run_hybrid_q_sA_d7500	hybrid_q	A	7500	0.001
2001	atomwise.outnet.0.linear.bias	2.7075	run_hybrid_q_sA_d7500	hybrid_q	A	7500	0.001
2001	atomwise.outnet.0.linear.weight	5.4314	run_hybrid_q_sA_d7500	hybrid_q	A	7500	0.001
2001	atomwise.outnet.1.linear.bias	3.0913	run_hybrid_q_sA_d7500	hybrid_q	A	7500	0.001
2001	atomwise.outnet.1.linear.weight	4.9302	run_hybrid_q_sA_d7500	hybrid_q	A	7500	0.001
2001	atomwise.outnet.2.linear.bias	0.61308	run_hybrid_q_sA_d7500	hybrid_q	A	7500	0.001
2001	atomwise.outnet.2.linear.weight	13.777	run_hybrid_q_sA_d7500	hybrid_q	A	7500	0.001
2101	atomwise.linear_nn.linear.bias	5.3162	run_hybrid_q_sA_d7500	hybrid_q	A	7500	0.001
2101	atomwise.linear_nn.linear.weight	19.658	run_hybrid_q_sA_d7500	hybrid_q	A	7500	0.001
2101	atomwise.outnet.0.linear.bias	4.2298	run_hybrid_q_sA_d7500	hybrid_q	A	7500	0.001
2101	atomwise.outnet.0.linear.weight	11.464	run_hybrid_q_sA_d7500	hybrid_q	A	7500	0.001
2101	atomwise.outnet.1.linear.bias	5.203	run_hybrid_q_sA_d7500	hybrid_q	A	7500	0.001
2101	atomwise.outnet.1.linear.weight	8.9876	run_hybrid_q_sA_d7500	hybrid_q	A	7500	0.001
2101	atomwise.outnet.2.linear.bias	5.3162	run_hybrid_q_sA_d7500	hybrid_q	A	7500	0.001
2101	atomwise.outnet.2.linear.weight	22.812	run_hybrid_q_sA_d7500	hybrid_q	A	7500	0.001
2201	atomwise.linear_nn.linear.bias	1.0948	run_hybrid_q_sA_d7500	hybrid_q	A	7500	0.001
2201	atomwise.linear_nn.linear.weight	4.7458	run_hybrid_q_sA_d7500	hybrid_q	A	7500	0.001
2201	atomwise.outnet.0.linear.bias	1.0143	run_hybrid_q_sA_d7500	hybrid_q	A	7500	0.001
2201	atomwise.outnet.0.linear.weight	2.7731	run_hybrid_q_sA_d7500	hybrid_q	A	7500	0.001
2201	atomwise.outnet.1.linear.bias	1.2932	run_hybrid_q_sA_d7500	hybrid_q	A	7500	0.001
2201	atomwise.outnet.1.linear.weight	2.2446	run_hybrid_q_sA_d7500	hybrid_q	A	7500	0.001
2201	atomwise.outnet.2.linear.bias	1.0948	run_hybrid_q_sA_d7500	hybrid_q	A	7500	0.001
2201	atomwise.outnet.2.linear.weight	5.7912	run_hybrid_q_sA_d7500	hybrid_q	A	7500	0.001
2301	atomwise.linear_nn.linear.bias	2.9819	run_hybrid_q_sA_d7500	hybrid_q	A	7500	0.001
2301	atomwise.linear_nn.linear.weight	2.31	run_hybrid_q_sA_d7500	hybrid_q	A	7500	0.001
2301	atomwise.outnet.0.linear.bias	1.8848	run_hybrid_q_sA_d7500	hybrid_q	A	7500	0.001
2301	atomwise.outnet.0.linear.weight	1.4257	run_hybrid_q_sA_d7500	hybrid_q	A	7500	0.001
2301	atomwise.outnet.1.linear.bias	1.3581	run_hybrid_q_sA_d7500	hybrid_q	A	7500	0.001
2301	atomwise.outnet.1.linear.weight	0.55824	run_hybrid_q_sA_d7500	hybrid_q	A	7500	0.001
2301	atomwise.outnet.2.linear.bias	2.9819	run_hybrid_q_sA_d7500	hybrid_q	A	7500	0.001
2301	atomwise.outnet.2.linear.weight	1.1527	run_hybrid_q_sA_d7500	hybrid_q	A	7500	0.001
2401	atomwise.linear_nn.linear.bias	3.1436	run_hybrid_q_sA_d7500	hybrid_q	A	7500	0.001
2401	atomwise.linear_nn.linear.weight	13.486	run_hybrid_q_sA_d7500	hybrid_q	A	7500	0.001
2401	atomwise.outnet.0.linear.bias	2.645	run_hybrid_q_sA_d7500	hybrid_q	A	7500	0.001
2401	atomwise.outnet.0.linear.weight	7.9965	run_hybrid_q_sA_d7500	hybrid_q	A	7500	0.001
2401	atomwise.outnet.1.linear.bias	3.3187	run_hybrid_q_sA_d7500	hybrid_q	A	7500	0.001
2401	atomwise.outnet.1.linear.weight	5.8165	run_hybrid_q_sA_d7500	hybrid_q	A	7500	0.001
2401	atomwise.outnet.2.linear.bias	3.1436	run_hybrid_q_sA_d7500	hybrid_q	A	7500	0.001
2401	atomwise.outnet.2.linear.weight	14.642	run_hybrid_q_sA_d7500	hybrid_q	A	7500	0.001
2501	atomwise.linear_nn.linear.bias	0.59135	run_hybrid_q_sA_d7500	hybrid_q	A	7500	0.001
2501	atomwise.linear_nn.linear.weight	2.9109	run_hybrid_q_sA_d7500	hybrid_q	A	7500	0.001
2501	atomwise.outnet.0.linear.bias	0.59972	run_hybrid_q_sA_d7500	hybrid_q	A	7500	0.001
2501	atomwise.outnet.0.linear.weight	1.5928	run_hybrid_q_sA_d7500	hybrid_q	A	7500	0.001
2501	atomwise.outnet.1.linear.bias	0.86088	run_hybrid_q_sA_d7500	hybrid_q	A	7500	0.001
2501	atomwise.outnet.1.linear.weight	1.5148	run_hybrid_q_sA_d7500	hybrid_q	A	7500	0.001
2501	atomwise.outnet.2.linear.bias	0.59135	run_hybrid_q_sA_d7500	hybrid_q	A	7500	0.001
2501	atomwise.outnet.2.linear.weight	3.853	run_hybrid_q_sA_d7500	hybrid_q	A	7500	0.001
2601	atomwise.linear_nn.linear.bias	2.4693	run_hybrid_q_sA_d7500	hybrid_q	A	7500	0.001
2601	atomwise.linear_nn.linear.weight	12.265	run_hybrid_q_sA_d7500	hybrid_q	A	7500	0.001
2601	atomwise.outnet.0.linear.bias	2.7403	run_hybrid_q_sA_d7500	hybrid_q	A	7500	0.001
2601	atomwise.outnet.0.linear.weight	6.984	run_hybrid_q_sA_d7500	hybrid_q	A	7500	0.001
2601	atomwise.outnet.1.linear.bias	3.6749	run_hybrid_q_sA_d7500	hybrid_q	A	7500	0.001
2601	atomwise.outnet.1.linear.weight	6.152	run_hybrid_q_sA_d7500	hybrid_q	A	7500	0.001
2601	atomwise.outnet.2.linear.bias	2.4693	run_hybrid_q_sA_d7500	hybrid_q	A	7500	0.001
2601	atomwise.outnet.2.linear.weight	16.406	run_hybrid_q_sA_d7500	hybrid_q	A	7500	0.001
2701	atomwise.linear_nn.linear.bias	0.0029712	run_hybrid_q_sA_d7500	hybrid_q	A	7500	0.001
2701	atomwise.linear_nn.linear.weight	3.284	run_hybrid_q_sA_d7500	hybrid_q	A	7500	0.001
2701	atomwise.outnet.0.linear.bias	0.92263	run_hybrid_q_sA_d7500	hybrid_q	A	7500	0.001
2701	atomwise.outnet.0.linear.weight	1.9193	run_hybrid_q_sA_d7500	hybrid_q	A	7500	0.001
2701	atomwise.outnet.1.linear.bias	1.0755	run_hybrid_q_sA_d7500	hybrid_q	A	7500	0.001
2701	atomwise.outnet.1.linear.weight	1.7252	run_hybrid_q_sA_d7500	hybrid_q	A	7500	0.001
2701	atomwise.outnet.2.linear.bias	0.0029712	run_hybrid_q_sA_d7500	hybrid_q	A	7500	0.001
2701	atomwise.outnet.2.linear.weight	4.7546	run_hybrid_q_sA_d7500	hybrid_q	A	7500	0.001
2801	atomwise.linear_nn.linear.bias	0.51715	run_hybrid_q_sA_d7500	hybrid_q	A	7500	0.001
2801	atomwise.linear_nn.linear.weight	6.3794	run_hybrid_q_sA_d7500	hybrid_q	A	7500	0.001
2801	atomwise.outnet.0.linear.bias	1.8675	run_hybrid_q_sA_d7500	hybrid_q	A	7500	0.001
2801	atomwise.outnet.0.linear.weight	3.6753	run_hybrid_q_sA_d7500	hybrid_q	A	7500	0.001
2801	atomwise.outnet.1.linear.bias	2.2579	run_hybrid_q_sA_d7500	hybrid_q	A	7500	0.001
2801	atomwise.outnet.1.linear.weight	3.5788	run_hybrid_q_sA_d7500	hybrid_q	A	7500	0.001
2801	atomwise.outnet.2.linear.bias	0.51715	run_hybrid_q_sA_d7500	hybrid_q	A	7500	0.001
2801	atomwise.outnet.2.linear.weight	10.14	run_hybrid_q_sA_d7500	hybrid_q	A	7500	0.001
2901	atomwise.linear_nn.linear.bias	2.2866	run_hybrid_q_sA_d7500	hybrid_q	A	7500	0.001
2901	atomwise.linear_nn.linear.weight	15.344	run_hybrid_q_sA_d7500	hybrid_q	A	7500	0.001
2901	atomwise.outnet.0.linear.bias	3.7406	run_hybrid_q_sA_d7500	hybrid_q	A	7500	0.001
2901	atomwise.outnet.0.linear.weight	8.5756	run_hybrid_q_sA_d7500	hybrid_q	A	7500	0.001
2901	atomwise.outnet.1.linear.bias	4.7941	run_hybrid_q_sA_d7500	hybrid_q	A	7500	0.001
2901	atomwise.outnet.1.linear.weight	7.763	run_hybrid_q_sA_d7500	hybrid_q	A	7500	0.001
2901	atomwise.outnet.2.linear.bias	2.2866	run_hybrid_q_sA_d7500	hybrid_q	A	7500	0.001
2901	atomwise.outnet.2.linear.weight	21.376	run_hybrid_q_sA_d7500	hybrid_q	A	7500	0.001
3001	atomwise.linear_nn.linear.bias	2.2089	run_hybrid_q_sA_d7500	hybrid_q	A	7500	0.001
3001	atomwise.linear_nn.linear.weight	14.249	run_hybrid_q_sA_d7500	hybrid_q	A	7500	0.001
3001	atomwise.outnet.0.linear.bias	3.0722	run_hybrid_q_sA_d7500	hybrid_q	A	7500	0.001
3001	atomwise.outnet.0.linear.weight	8.2181	run_hybrid_q_sA_d7500	hybrid_q	A	7500	0.001
3001	atomwise.outnet.1.linear.bias	3.9448	run_hybrid_q_sA_d7500	hybrid_q	A	7500	0.001
3001	atomwise.outnet.1.linear.weight	6.5626	run_hybrid_q_sA_d7500	hybrid_q	A	7500	0.001
3001	atomwise.outnet.2.linear.bias	2.2089	run_hybrid_q_sA_d7500	hybrid_q	A	7500	0.001
3001	atomwise.outnet.2.linear.weight	17.604	run_hybrid_q_sA_d7500	hybrid_q	A	7500	0.001
3101	atomwise.linear_nn.linear.bias	0.73104	run_hybrid_q_sA_d7500	hybrid_q	A	7500	0.001
3101	atomwise.linear_nn.linear.weight	2.3583	run_hybrid_q_sA_d7500	hybrid_q	A	7500	0.001
3101	atomwise.outnet.0.linear.bias	0.9188	run_hybrid_q_sA_d7500	hybrid_q	A	7500	0.001
3101	atomwise.outnet.0.linear.weight	1.5397	run_hybrid_q_sA_d7500	hybrid_q	A	7500	0.001
3101	atomwise.outnet.1.linear.bias	0.95137	run_hybrid_q_sA_d7500	hybrid_q	A	7500	0.001
3101	atomwise.outnet.1.linear.weight	1.4962	run_hybrid_q_sA_d7500	hybrid_q	A	7500	0.001
3101	atomwise.outnet.2.linear.bias	0.73104	run_hybrid_q_sA_d7500	hybrid_q	A	7500	0.001
3101	atomwise.outnet.2.linear.weight	3.9164	run_hybrid_q_sA_d7500	hybrid_q	A	7500	0.001
3201	atomwise.linear_nn.linear.bias	2.0786	run_hybrid_q_sA_d7500	hybrid_q	A	7500	0.001
3201	atomwise.linear_nn.linear.weight	12.639	run_hybrid_q_sA_d7500	hybrid_q	A	7500	0.001
3201	atomwise.outnet.0.linear.bias	2.83	run_hybrid_q_sA_d7500	hybrid_q	A	7500	0.001
3201	atomwise.outnet.0.linear.weight	7.359	run_hybrid_q_sA_d7500	hybrid_q	A	7500	0.001
3201	atomwise.outnet.1.linear.bias	3.6564	run_hybrid_q_sA_d7500	hybrid_q	A	7500	0.001
3201	atomwise.outnet.1.linear.weight	6.2563	run_hybrid_q_sA_d7500	hybrid_q	A	7500	0.001
3201	atomwise.outnet.2.linear.bias	2.0786	run_hybrid_q_sA_d7500	hybrid_q	A	7500	0.001
3201	atomwise.outnet.2.linear.weight	16.365	run_hybrid_q_sA_d7500	hybrid_q	A	7500	0.001
3301	atomwise.linear_nn.linear.bias	3.5566	run_hybrid_q_sA_d7500	hybrid_q	A	7500	0.001
3301	atomwise.linear_nn.linear.weight	8.7666	run_hybrid_q_sA_d7500	hybrid_q	A	7500	0.001
3301	atomwise.outnet.0.linear.bias	2.2576	run_hybrid_q_sA_d7500	hybrid_q	A	7500	0.001
3301	atomwise.outnet.0.linear.weight	5.1115	run_hybrid_q_sA_d7500	hybrid_q	A	7500	0.001
3301	atomwise.outnet.1.linear.bias	2.4538	run_hybrid_q_sA_d7500	hybrid_q	A	7500	0.001
3301	atomwise.outnet.1.linear.weight	3.9875	run_hybrid_q_sA_d7500	hybrid_q	A	7500	0.001
3301	atomwise.outnet.2.linear.bias	3.5566	run_hybrid_q_sA_d7500	hybrid_q	A	7500	0.001
3301	atomwise.outnet.2.linear.weight	9.664	run_hybrid_q_sA_d7500	hybrid_q	A	7500	0.001
3401	atomwise.linear_nn.linear.bias	1.2243	run_hybrid_q_sA_d7500	hybrid_q	A	7500	0.001
3401	atomwise.linear_nn.linear.weight	0.90698	run_hybrid_q_sA_d7500	hybrid_q	A	7500	0.001
3401	atomwise.outnet.0.linear.bias	1.2756	run_hybrid_q_sA_d7500	hybrid_q	A	7500	0.001
3401	atomwise.outnet.0.linear.weight	0.62112	run_hybrid_q_sA_d7500	hybrid_q	A	7500	0.001
3401	atomwise.outnet.1.linear.bias	0.94835	run_hybrid_q_sA_d7500	hybrid_q	A	7500	0.001
3401	atomwise.outnet.1.linear.weight	0.91102	run_hybrid_q_sA_d7500	hybrid_q	A	7500	0.001
3401	atomwise.outnet.2.linear.bias	1.2243	run_hybrid_q_sA_d7500	hybrid_q	A	7500	0.001
3401	atomwise.outnet.2.linear.weight	2.8933	run_hybrid_q_sA_d7500	hybrid_q	A	7500	0.001
3501	atomwise.linear_nn.linear.bias	2.8451	run_hybrid_q_sA_d7500	hybrid_q	A	7500	0.001
3501	atomwise.linear_nn.linear.weight	6.3285	run_hybrid_q_sA_d7500	hybrid_q	A	7500	0.001
3501	atomwise.outnet.0.linear.bias	1.8079	run_hybrid_q_sA_d7500	hybrid_q	A	7500	0.001
3501	atomwise.outnet.0.linear.weight	3.7807	run_hybrid_q_sA_d7500	hybrid_q	A	7500	0.001
3501	atomwise.outnet.1.linear.bias	1.884	run_hybrid_q_sA_d7500	hybrid_q	A	7500	0.001
3501	atomwise.outnet.1.linear.weight	3.0428	run_hybrid_q_sA_d7500	hybrid_q	A	7500	0.001
3501	atomwise.outnet.2.linear.bias	2.8451	run_hybrid_q_sA_d7500	hybrid_q	A	7500	0.001
3501	atomwise.outnet.2.linear.weight	7.3316	run_hybrid_q_sA_d7500	hybrid_q	A	7500	0.001
3601	atomwise.linear_nn.linear.bias	1.2719	run_hybrid_q_sA_d7500	hybrid_q	A	7500	0.001
3601	atomwise.linear_nn.linear.weight	3.11	run_hybrid_q_sA_d7500	hybrid_q	A	7500	0.001
3601	atomwise.outnet.0.linear.bias	0.94715	run_hybrid_q_sA_d7500	hybrid_q	A	7500	0.001
3601	atomwise.outnet.0.linear.weight	2.1261	run_hybrid_q_sA_d7500	hybrid_q	A	7500	0.001
3601	atomwise.outnet.1.linear.bias	0.67225	run_hybrid_q_sA_d7500	hybrid_q	A	7500	0.001
3601	atomwise.outnet.1.linear.weight	0.71501	run_hybrid_q_sA_d7500	hybrid_q	A	7500	0.001
3601	atomwise.outnet.2.linear.bias	1.2719	run_hybrid_q_sA_d7500	hybrid_q	A	7500	0.001
3601	atomwise.outnet.2.linear.weight	1.4021	run_hybrid_q_sA_d7500	hybrid_q	A	7500	0.001
3701	atomwise.linear_nn.linear.bias	3.1075	run_hybrid_q_sA_d7500	hybrid_q	A	7500	0.001
3701	atomwise.linear_nn.linear.weight	22.447	run_hybrid_q_sA_d7500	hybrid_q	A	7500	0.001
3701	atomwise.outnet.0.linear.bias	6.1749	run_hybrid_q_sA_d7500	hybrid_q	A	7500	0.001
3701	atomwise.outnet.0.linear.weight	13.376	run_hybrid_q_sA_d7500	hybrid_q	A	7500	0.001
3701	atomwise.outnet.1.linear.bias	7.7293	run_hybrid_q_sA_d7500	hybrid_q	A	7500	0.001
3701	atomwise.outnet.1.linear.weight	12.781	run_hybrid_q_sA_d7500	hybrid_q	A	7500	0.001
3701	atomwise.outnet.2.linear.bias	3.1075	run_hybrid_q_sA_d7500	hybrid_q	A	7500	0.001
3701	atomwise.outnet.2.linear.weight	34.722	run_hybrid_q_sA_d7500	hybrid_q	A	7500	0.001
3801	atomwise.linear_nn.linear.bias	1.4023	run_hybrid_q_sA_d7500	hybrid_q	A	7500	0.001
3801	atomwise.linear_nn.linear.weight	6.0812	run_hybrid_q_sA_d7500	hybrid_q	A	7500	0.001
3801	atomwise.outnet.0.linear.bias	1.3797	run_hybrid_q_sA_d7500	hybrid_q	A	7500	0.001
3801	atomwise.outnet.0.linear.weight	3.5453	run_hybrid_q_sA_d7500	hybrid_q	A	7500	0.001
3801	atomwise.outnet.1.linear.bias	1.8523	run_hybrid_q_sA_d7500	hybrid_q	A	7500	0.001
3801	atomwise.outnet.1.linear.weight	3.3195	run_hybrid_q_sA_d7500	hybrid_q	A	7500	0.001
3801	atomwise.outnet.2.linear.bias	1.4023	run_hybrid_q_sA_d7500	hybrid_q	A	7500	0.001
3801	atomwise.outnet.2.linear.weight	8.4503	run_hybrid_q_sA_d7500	hybrid_q	A	7500	0.001
3901	atomwise.linear_nn.linear.bias	0.45941	run_hybrid_q_sA_d7500	hybrid_q	A	7500	0.001
3901	atomwise.linear_nn.linear.weight	10.308	run_hybrid_q_sA_d7500	hybrid_q	A	7500	0.001
3901	atomwise.outnet.0.linear.bias	4.0	run_hybrid_q_sA_d7500	hybrid_q	A	7500	0.001
3901	atomwise.outnet.0.linear.weight	6.0717	run_hybrid_q_sA_d7500	hybrid_q	A	7500	0.001
3901	atomwise.outnet.1.linear.bias	4.6801	run_hybrid_q_sA_d7500	hybrid_q	A	7500	0.001
3901	atomwise.outnet.1.linear.weight	7.4216	run_hybrid_q_sA_d7500	hybrid_q	A	7500	0.001
3901	atomwise.outnet.2.linear.bias	0.45941	run_hybrid_q_sA_d7500	hybrid_q	A	7500	0.001
3901	atomwise.outnet.2.linear.weight	20.838	run_hybrid_q_sA_d7500	hybrid_q	A	7500	0.001
4001	atomwise.linear_nn.linear.bias	0.22722	run_hybrid_q_sA_d7500	hybrid_q	A	7500	0.001
4001	atomwise.linear_nn.linear.weight	9.8472	run_hybrid_q_sA_d7500	hybrid_q	A	7500	0.001
4001	atomwise.outnet.0.linear.bias	3.0444	run_hybrid_q_sA_d7500	hybrid_q	A	7500	0.001
4001	atomwise.outnet.0.linear.weight	5.8631	run_hybrid_q_sA_d7500	hybrid_q	A	7500	0.001
4001	atomwise.outnet.1.linear.bias	3.1986	run_hybrid_q_sA_d7500	hybrid_q	A	7500	0.001
4001	atomwise.outnet.1.linear.weight	5.5346	run_hybrid_q_sA_d7500	hybrid_q	A	7500	0.001
4001	atomwise.outnet.2.linear.bias	0.22722	run_hybrid_q_sA_d7500	hybrid_q	A	7500	0.001
4001	atomwise.outnet.2.linear.weight	14.052	run_hybrid_q_sA_d7500	hybrid_q	A	7500	0.001
4101	atomwise.linear_nn.linear.bias	1.4957	run_hybrid_q_sA_d7500	hybrid_q	A	7500	0.001
4101	atomwise.linear_nn.linear.weight	1.6923	run_hybrid_q_sA_d7500	hybrid_q	A	7500	0.001
4101	atomwise.outnet.0.linear.bias	1.5201	run_hybrid_q_sA_d7500	hybrid_q	A	7500	0.001
4101	atomwise.outnet.0.linear.weight	1.2095	run_hybrid_q_sA_d7500	hybrid_q	A	7500	0.001
4101	atomwise.outnet.1.linear.bias	0.96324	run_hybrid_q_sA_d7500	hybrid_q	A	7500	0.001
4101	atomwise.outnet.1.linear.weight	0.90774	run_hybrid_q_sA_d7500	hybrid_q	A	7500	0.001
4101	atomwise.outnet.2.linear.bias	1.4957	run_hybrid_q_sA_d7500	hybrid_q	A	7500	0.001
4101	atomwise.outnet.2.linear.weight	2.5946	run_hybrid_q_sA_d7500	hybrid_q	A	7500	0.001
4201	atomwise.linear_nn.linear.bias	1.1484	run_hybrid_q_sA_d7500	hybrid_q	A	7500	0.001
4201	atomwise.linear_nn.linear.weight	1.944	run_hybrid_q_sA_d7500	hybrid_q	A	7500	0.001
4201	atomwise.outnet.0.linear.bias	0.63392	run_hybrid_q_sA_d7500	hybrid_q	A	7500	0.001
4201	atomwise.outnet.0.linear.weight	1.238	run_hybrid_q_sA_d7500	hybrid_q	A	7500	0.001
4201	atomwise.outnet.1.linear.bias	0.49299	run_hybrid_q_sA_d7500	hybrid_q	A	7500	0.001
4201	atomwise.outnet.1.linear.weight	0.81032	run_hybrid_q_sA_d7500	hybrid_q	A	7500	0.001
4201	atomwise.outnet.2.linear.bias	1.1484	run_hybrid_q_sA_d7500	hybrid_q	A	7500	0.001
4201	atomwise.outnet.2.linear.weight	1.0449	run_hybrid_q_sA_d7500	hybrid_q	A	7500	0.001
4301	atomwise.linear_nn.linear.bias	1.702	run_hybrid_q_sA_d7500	hybrid_q	A	7500	0.001
4301	atomwise.linear_nn.linear.weight	7.5931	run_hybrid_q_sA_d7500	hybrid_q	A	7500	0.001
4301	atomwise.outnet.0.linear.bias	1.7035	run_hybrid_q_sA_d7500	hybrid_q	A	7500	0.001
4301	atomwise.outnet.0.linear.weight	4.618	run_hybrid_q_sA_d7500	hybrid_q	A	7500	0.001
4301	atomwise.outnet.1.linear.bias	2.2456	run_hybrid_q_sA_d7500	hybrid_q	A	7500	0.001
4301	atomwise.outnet.1.linear.weight	4.2932	run_hybrid_q_sA_d7500	hybrid_q	A	7500	0.001
4301	atomwise.outnet.2.linear.bias	1.702	run_hybrid_q_sA_d7500	hybrid_q	A	7500	0.001
4301	atomwise.outnet.2.linear.weight	10.205	run_hybrid_q_sA_d7500	hybrid_q	A	7500	0.001
4401	atomwise.linear_nn.linear.bias	0.20321	run_hybrid_q_sA_d7500	hybrid_q	A	7500	0.001
4401	atomwise.linear_nn.linear.weight	1.7717	run_hybrid_q_sA_d7500	hybrid_q	A	7500	0.001
4401	atomwise.outnet.0.linear.bias	1.2471	run_hybrid_q_sA_d7500	hybrid_q	A	7500	0.001
4401	atomwise.outnet.0.linear.weight	1.3179	run_hybrid_q_sA_d7500	hybrid_q	A	7500	0.001
4401	atomwise.outnet.1.linear.bias	1.4568	run_hybrid_q_sA_d7500	hybrid_q	A	7500	0.001
4401	atomwise.outnet.1.linear.weight	2.3591	run_hybrid_q_sA_d7500	hybrid_q	A	7500	0.001
4401	atomwise.outnet.2.linear.bias	0.20321	run_hybrid_q_sA_d7500	hybrid_q	A	7500	0.001
4401	atomwise.outnet.2.linear.weight	6.625	run_hybrid_q_sA_d7500	hybrid_q	A	7500	0.001
4501	atomwise.linear_nn.linear.bias	1.5462	run_hybrid_q_sA_d7500	hybrid_q	A	7500	0.001
4501	atomwise.linear_nn.linear.weight	3.7221	run_hybrid_q_sA_d7500	hybrid_q	A	7500	0.001
4501	atomwise.outnet.0.linear.bias	2.2271	run_hybrid_q_sA_d7500	hybrid_q	A	7500	0.001
4501	atomwise.outnet.0.linear.weight	2.6987	run_hybrid_q_sA_d7500	hybrid_q	A	7500	0.001
4501	atomwise.outnet.1.linear.bias	2.0595	run_hybrid_q_sA_d7500	hybrid_q	A	7500	0.001
4501	atomwise.outnet.1.linear.weight	2.7605	run_hybrid_q_sA_d7500	hybrid_q	A	7500	0.001
4501	atomwise.outnet.2.linear.bias	1.5462	run_hybrid_q_sA_d7500	hybrid_q	A	7500	0.001
4501	atomwise.outnet.2.linear.weight	7.9175	run_hybrid_q_sA_d7500	hybrid_q	A	7500	0.001
4601	atomwise.linear_nn.linear.bias	2.0071	run_hybrid_q_sA_d7500	hybrid_q	A	7500	0.001
4601	atomwise.linear_nn.linear.weight	7.8959	run_hybrid_q_sA_d7500	hybrid_q	A	7500	0.001
4601	atomwise.outnet.0.linear.bias	2.1528	run_hybrid_q_sA_d7500	hybrid_q	A	7500	0.001
4601	atomwise.outnet.0.linear.weight	4.9282	run_hybrid_q_sA_d7500	hybrid_q	A	7500	0.001
4601	atomwise.outnet.1.linear.bias	2.8279	run_hybrid_q_sA_d7500	hybrid_q	A	7500	0.001
4601	atomwise.outnet.1.linear.weight	4.8046	run_hybrid_q_sA_d7500	hybrid_q	A	7500	0.001
4601	atomwise.outnet.2.linear.bias	2.0071	run_hybrid_q_sA_d7500	hybrid_q	A	7500	0.001
4601	atomwise.outnet.2.linear.weight	12.602	run_hybrid_q_sA_d7500	hybrid_q	A	7500	0.001
4701	atomwise.linear_nn.linear.bias	1.2983	run_hybrid_q_sA_d7500	hybrid_q	A	7500	0.001
4701	atomwise.linear_nn.linear.weight	19.171	run_hybrid_q_sA_d7500	hybrid_q	A	7500	0.001
4701	atomwise.outnet.0.linear.bias	5.4708	run_hybrid_q_sA_d7500	hybrid_q	A	7500	0.001
4701	atomwise.outnet.0.linear.weight	12.087	run_hybrid_q_sA_d7500	hybrid_q	A	7500	0.001
4701	atomwise.outnet.1.linear.bias	6.4175	run_hybrid_q_sA_d7500	hybrid_q	A	7500	0.001
4701	atomwise.outnet.1.linear.weight	11.528	run_hybrid_q_sA_d7500	hybrid_q	A	7500	0.001
4701	atomwise.outnet.2.linear.bias	1.2983	run_hybrid_q_sA_d7500	hybrid_q	A	7500	0.001
4701	atomwise.outnet.2.linear.weight	30.052	run_hybrid_q_sA_d7500	hybrid_q	A	7500	0.001
4801	atomwise.linear_nn.linear.bias	0.00025578	run_hybrid_q_sA_d7500	hybrid_q	A	7500	0.001
4801	atomwise.linear_nn.linear.weight	4.0641	run_hybrid_q_sA_d7500	hybrid_q	A	7500	0.001
4801	atomwise.outnet.0.linear.bias	1.1572	run_hybrid_q_sA_d7500	hybrid_q	A	7500	0.001
4801	atomwise.outnet.0.linear.weight	2.6583	run_hybrid_q_sA_d7500	hybrid_q	A	7500	0.001
4801	atomwise.outnet.1.linear.bias	1.1849	run_hybrid_q_sA_d7500	hybrid_q	A	7500	0.001
4801	atomwise.outnet.1.linear.weight	2.0191	run_hybrid_q_sA_d7500	hybrid_q	A	7500	0.001
4801	atomwise.outnet.2.linear.bias	0.00025578	run_hybrid_q_sA_d7500	hybrid_q	A	7500	0.001
4801	atomwise.outnet.2.linear.weight	5.4237	run_hybrid_q_sA_d7500	hybrid_q	A	7500	0.001
4901	atomwise.linear_nn.linear.bias	0.11902	run_hybrid_q_sA_d7500	hybrid_q	A	7500	0.001
4901	atomwise.linear_nn.linear.weight	5.3017	run_hybrid_q_sA_d7500	hybrid_q	A	7500	0.001
4901	atomwise.outnet.0.linear.bias	1.9802	run_hybrid_q_sA_d7500	hybrid_q	A	7500	0.001
4901	atomwise.outnet.0.linear.weight	3.4561	run_hybrid_q_sA_d7500	hybrid_q	A	7500	0.001
4901	atomwise.outnet.1.linear.bias	2.2253	run_hybrid_q_sA_d7500	hybrid_q	A	7500	0.001
4901	atomwise.outnet.1.linear.weight	3.9564	run_hybrid_q_sA_d7500	hybrid_q	A	7500	0.001
4901	atomwise.outnet.2.linear.bias	0.11902	run_hybrid_q_sA_d7500	hybrid_q	A	7500	0.001
4901	atomwise.outnet.2.linear.weight	10.625	run_hybrid_q_sA_d7500	hybrid_q	A	7500	0.001
5001	atomwise.linear_nn.linear.bias	0.22007	run_hybrid_q_sA_d7500	hybrid_q	A	7500	0.001
5001	atomwise.linear_nn.linear.weight	6.6528	run_hybrid_q_sA_d7500	hybrid_q	A	7500	0.001
5001	atomwise.outnet.0.linear.bias	0.93878	run_hybrid_q_sA_d7500	hybrid_q	A	7500	0.001
5001	atomwise.outnet.0.linear.weight	4.5597	run_hybrid_q_sA_d7500	hybrid_q	A	7500	0.001
5001	atomwise.outnet.1.linear.bias	0.72841	run_hybrid_q_sA_d7500	hybrid_q	A	7500	0.001
5001	atomwise.outnet.1.linear.weight	1.6508	run_hybrid_q_sA_d7500	hybrid_q	A	7500	0.001
5001	atomwise.outnet.2.linear.bias	0.22007	run_hybrid_q_sA_d7500	hybrid_q	A	7500	0.001
5001	atomwise.outnet.2.linear.weight	3.531	run_hybrid_q_sA_d7500	hybrid_q	A	7500	0.001
5101	atomwise.linear_nn.linear.bias	0.1466	run_hybrid_q_sA_d7500	hybrid_q	A	7500	0.001
5101	atomwise.linear_nn.linear.weight	15.058	run_hybrid_q_sA_d7500	hybrid_q	A	7500	0.001
5101	atomwise.outnet.0.linear.bias	5.4647	run_hybrid_q_sA_d7500	hybrid_q	A	7500	0.001
5101	atomwise.outnet.0.linear.weight	9.9311	run_hybrid_q_sA_d7500	hybrid_q	A	7500	0.001
5101	atomwise.outnet.1.linear.bias	6.6404	run_hybrid_q_sA_d7500	hybrid_q	A	7500	0.001
5101	atomwise.outnet.1.linear.weight	11.646	run_hybrid_q_sA_d7500	hybrid_q	A	7500	0.001
5101	atomwise.outnet.2.linear.bias	0.1466	run_hybrid_q_sA_d7500	hybrid_q	A	7500	0.001
5101	atomwise.outnet.2.linear.weight	30.98	run_hybrid_q_sA_d7500	hybrid_q	A	7500	0.001
5201	atomwise.linear_nn.linear.bias	0.16986	run_hybrid_q_sA_d7500	hybrid_q	A	7500	0.001
5201	atomwise.linear_nn.linear.weight	6.6255	run_hybrid_q_sA_d7500	hybrid_q	A	7500	0.001
5201	atomwise.outnet.0.linear.bias	2.0034	run_hybrid_q_sA_d7500	hybrid_q	A	7500	0.001
5201	atomwise.outnet.0.linear.weight	4.3627	run_hybrid_q_sA_d7500	hybrid_q	A	7500	0.001
5201	atomwise.outnet.1.linear.bias	2.3608	run_hybrid_q_sA_d7500	hybrid_q	A	7500	0.001
5201	atomwise.outnet.1.linear.weight	4.4098	run_hybrid_q_sA_d7500	hybrid_q	A	7500	0.001
5201	atomwise.outnet.2.linear.bias	0.16986	run_hybrid_q_sA_d7500	hybrid_q	A	7500	0.001
5201	atomwise.outnet.2.linear.weight	11.576	run_hybrid_q_sA_d7500	hybrid_q	A	7500	0.001
5301	atomwise.linear_nn.linear.bias	0.61034	run_hybrid_q_sA_d7500	hybrid_q	A	7500	0.001
5301	atomwise.linear_nn.linear.weight	4.2721	run_hybrid_q_sA_d7500	hybrid_q	A	7500	0.001
5301	atomwise.outnet.0.linear.bias	1.3512	run_hybrid_q_sA_d7500	hybrid_q	A	7500	0.001
5301	atomwise.outnet.0.linear.weight	2.8136	run_hybrid_q_sA_d7500	hybrid_q	A	7500	0.001
5301	atomwise.outnet.1.linear.bias	1.7548	run_hybrid_q_sA_d7500	hybrid_q	A	7500	0.001
5301	atomwise.outnet.1.linear.weight	3.3349	run_hybrid_q_sA_d7500	hybrid_q	A	7500	0.001
5301	atomwise.outnet.2.linear.bias	0.61034	run_hybrid_q_sA_d7500	hybrid_q	A	7500	0.001
5301	atomwise.outnet.2.linear.weight	8.4109	run_hybrid_q_sA_d7500	hybrid_q	A	7500	0.001
5401	atomwise.linear_nn.linear.bias	0.38367	run_hybrid_q_sA_d7500	hybrid_q	A	7500	0.001
5401	atomwise.linear_nn.linear.weight	4.8914	run_hybrid_q_sA_d7500	hybrid_q	A	7500	0.001
5401	atomwise.outnet.0.linear.bias	1.1048	run_hybrid_q_sA_d7500	hybrid_q	A	7500	0.001
5401	atomwise.outnet.0.linear.weight	3.5106	run_hybrid_q_sA_d7500	hybrid_q	A	7500	0.001
5401	atomwise.outnet.1.linear.bias	0.45061	run_hybrid_q_sA_d7500	hybrid_q	A	7500	0.001
5401	atomwise.outnet.1.linear.weight	1.6472	run_hybrid_q_sA_d7500	hybrid_q	A	7500	0.001
5401	atomwise.outnet.2.linear.bias	0.38367	run_hybrid_q_sA_d7500	hybrid_q	A	7500	0.001
5401	atomwise.outnet.2.linear.weight	1.6589	run_hybrid_q_sA_d7500	hybrid_q	A	7500	0.001
5501	atomwise.linear_nn.linear.bias	1.8235	run_hybrid_q_sA_d7500	hybrid_q	A	7500	0.001
5501	atomwise.linear_nn.linear.weight	18.088	run_hybrid_q_sA_d7500	hybrid_q	A	7500	0.001
5501	atomwise.outnet.0.linear.bias	4.6109	run_hybrid_q_sA_d7500	hybrid_q	A	7500	0.001
5501	atomwise.outnet.0.linear.weight	11.735	run_hybrid_q_sA_d7500	hybrid_q	A	7500	0.001
5501	atomwise.outnet.1.linear.bias	5.5166	run_hybrid_q_sA_d7500	hybrid_q	A	7500	0.001
5501	atomwise.outnet.1.linear.weight	10.56	run_hybrid_q_sA_d7500	hybrid_q	A	7500	0.001
5501	atomwise.outnet.2.linear.bias	1.8235	run_hybrid_q_sA_d7500	hybrid_q	A	7500	0.001
5501	atomwise.outnet.2.linear.weight	26.952	run_hybrid_q_sA_d7500	hybrid_q	A	7500	0.001
5601	atomwise.linear_nn.linear.bias	1.741	run_hybrid_q_sA_d7500	hybrid_q	A	7500	0.001
5601	atomwise.linear_nn.linear.weight	16.907	run_hybrid_q_sA_d7500	hybrid_q	A	7500	0.001
5601	atomwise.outnet.0.linear.bias	3.892	run_hybrid_q_sA_d7500	hybrid_q	A	7500	0.001
5601	atomwise.outnet.0.linear.weight	11.034	run_hybrid_q_sA_d7500	hybrid_q	A	7500	0.001
5601	atomwise.outnet.1.linear.bias	4.7953	run_hybrid_q_sA_d7500	hybrid_q	A	7500	0.001
5601	atomwise.outnet.1.linear.weight	9.7296	run_hybrid_q_sA_d7500	hybrid_q	A	7500	0.001
5601	atomwise.outnet.2.linear.bias	1.741	run_hybrid_q_sA_d7500	hybrid_q	A	7500	0.001
5601	atomwise.outnet.2.linear.weight	23.053	run_hybrid_q_sA_d7500	hybrid_q	A	7500	0.001
5701	atomwise.linear_nn.linear.bias	0.67035	run_hybrid_q_sA_d7500	hybrid_q	A	7500	0.001
5701	atomwise.linear_nn.linear.weight	18.307	run_hybrid_q_sA_d7500	hybrid_q	A	7500	0.001
5701	atomwise.outnet.0.linear.bias	5.7956	run_hybrid_q_sA_d7500	hybrid_q	A	7500	0.001
5701	atomwise.outnet.0.linear.weight	12.133	run_hybrid_q_sA_d7500	hybrid_q	A	7500	0.001
5701	atomwise.outnet.1.linear.bias	5.8922	run_hybrid_q_sA_d7500	hybrid_q	A	7500	0.001
5701	atomwise.outnet.1.linear.weight	10.37	run_hybrid_q_sA_d7500	hybrid_q	A	7500	0.001
5701	atomwise.outnet.2.linear.bias	0.67035	run_hybrid_q_sA_d7500	hybrid_q	A	7500	0.001
5701	atomwise.outnet.2.linear.weight	27.032	run_hybrid_q_sA_d7500	hybrid_q	A	7500	0.001
5801	atomwise.linear_nn.linear.bias	0.0073787	run_hybrid_q_sA_d7500	hybrid_q	A	7500	0.001
5801	atomwise.linear_nn.linear.weight	22.864	run_hybrid_q_sA_d7500	hybrid_q	A	7500	0.001
5801	atomwise.outnet.0.linear.bias	6.9794	run_hybrid_q_sA_d7500	hybrid_q	A	7500	0.001
5801	atomwise.outnet.0.linear.weight	15.328	run_hybrid_q_sA_d7500	hybrid_q	A	7500	0.001
5801	atomwise.outnet.1.linear.bias	7.8302	run_hybrid_q_sA_d7500	hybrid_q	A	7500	0.001
5801	atomwise.outnet.1.linear.weight	14.723	run_hybrid_q_sA_d7500	hybrid_q	A	7500	0.001
5801	atomwise.outnet.2.linear.bias	0.0073787	run_hybrid_q_sA_d7500	hybrid_q	A	7500	0.001
5801	atomwise.outnet.2.linear.weight	37.698	run_hybrid_q_sA_d7500	hybrid_q	A	7500	0.001
5901	atomwise.linear_nn.linear.bias	0.048016	run_hybrid_q_sA_d7500	hybrid_q	A	7500	0.001
5901	atomwise.linear_nn.linear.weight	2.6755	run_hybrid_q_sA_d7500	hybrid_q	A	7500	0.001
5901	atomwise.outnet.0.linear.bias	0.15384	run_hybrid_q_sA_d7500	hybrid_q	A	7500	0.001
5901	atomwise.outnet.0.linear.weight	2.011	run_hybrid_q_sA_d7500	hybrid_q	A	7500	0.001
5901	atomwise.outnet.1.linear.bias	0.11415	run_hybrid_q_sA_d7500	hybrid_q	A	7500	0.001
5901	atomwise.outnet.1.linear.weight	0.5783	run_hybrid_q_sA_d7500	hybrid_q	A	7500	0.001
5901	atomwise.outnet.2.linear.bias	0.048016	run_hybrid_q_sA_d7500	hybrid_q	A	7500	0.001
5901	atomwise.outnet.2.linear.weight	0.48708	run_hybrid_q_sA_d7500	hybrid_q	A	7500	0.001
6001	atomwise.linear_nn.linear.bias	2.2361	run_hybrid_q_sA_d7500	hybrid_q	A	7500	0.001
6001	atomwise.linear_nn.linear.weight	18.89	run_hybrid_q_sA_d7500	hybrid_q	A	7500	0.001
6001	atomwise.outnet.0.linear.bias	3.8628	run_hybrid_q_sA_d7500	hybrid_q	A	7500	0.001
6001	atomwise.outnet.0.linear.weight	12.493	run_hybrid_q_sA_d7500	hybrid_q	A	7500	0.001
6001	atomwise.outnet.1.linear.bias	4.6777	run_hybrid_q_sA_d7500	hybrid_q	A	7500	0.001
6001	atomwise.outnet.1.linear.weight	9.994	run_hybrid_q_sA_d7500	hybrid_q	A	7500	0.001
6001	atomwise.outnet.2.linear.bias	2.2361	run_hybrid_q_sA_d7500	hybrid_q	A	7500	0.001
6001	atomwise.outnet.2.linear.weight	23.245	run_hybrid_q_sA_d7500	hybrid_q	A	7500	0.001
6101	atomwise.linear_nn.linear.bias	0.51125	run_hybrid_q_sA_d7500	hybrid_q	A	7500	0.001
6101	atomwise.linear_nn.linear.weight	2.6702	run_hybrid_q_sA_d7500	hybrid_q	A	7500	0.001
6101	atomwise.outnet.0.linear.bias	1.5919	run_hybrid_q_sA_d7500	hybrid_q	A	7500	0.001
6101	atomwise.outnet.0.linear.weight	1.751	run_hybrid_q_sA_d7500	hybrid_q	A	7500	0.001
6101	atomwise.outnet.1.linear.bias	1.3899	run_hybrid_q_sA_d7500	hybrid_q	A	7500	0.001
6101	atomwise.outnet.1.linear.weight	2.1484	run_hybrid_q_sA_d7500	hybrid_q	A	7500	0.001
6101	atomwise.outnet.2.linear.bias	0.51125	run_hybrid_q_sA_d7500	hybrid_q	A	7500	0.001
6101	atomwise.outnet.2.linear.weight	6.1668	run_hybrid_q_sA_d7500	hybrid_q	A	7500	0.001
6201	atomwise.linear_nn.linear.bias	0.58005	run_hybrid_q_sA_d7500	hybrid_q	A	7500	0.001
6201	atomwise.linear_nn.linear.weight	19.82	run_hybrid_q_sA_d7500	hybrid_q	A	7500	0.001
6201	atomwise.outnet.0.linear.bias	6.5487	run_hybrid_q_sA_d7500	hybrid_q	A	7500	0.001
6201	atomwise.outnet.0.linear.weight	13.004	run_hybrid_q_sA_d7500	hybrid_q	A	7500	0.001
6201	atomwise.outnet.1.linear.bias	7.2563	run_hybrid_q_sA_d7500	hybrid_q	A	7500	0.001
6201	atomwise.outnet.1.linear.weight	13.198	run_hybrid_q_sA_d7500	hybrid_q	A	7500	0.001
6201	atomwise.outnet.2.linear.bias	0.58005	run_hybrid_q_sA_d7500	hybrid_q	A	7500	0.001
6201	atomwise.outnet.2.linear.weight	34.514	run_hybrid_q_sA_d7500	hybrid_q	A	7500	0.001
6301	atomwise.linear_nn.linear.bias	0.25103	run_hybrid_q_sA_d7500	hybrid_q	A	7500	0.001
6301	atomwise.linear_nn.linear.weight	2.8251	run_hybrid_q_sA_d7500	hybrid_q	A	7500	0.001
6301	atomwise.outnet.0.linear.bias	1.5775	run_hybrid_q_sA_d7500	hybrid_q	A	7500	0.001
6301	atomwise.outnet.0.linear.weight	2.0431	run_hybrid_q_sA_d7500	hybrid_q	A	7500	0.001
6301	atomwise.outnet.1.linear.bias	2.0503	run_hybrid_q_sA_d7500	hybrid_q	A	7500	0.001
6301	atomwise.outnet.1.linear.weight	3.4026	run_hybrid_q_sA_d7500	hybrid_q	A	7500	0.001
6301	atomwise.outnet.2.linear.bias	0.25103	run_hybrid_q_sA_d7500	hybrid_q	A	7500	0.001
6301	atomwise.outnet.2.linear.weight	9.2402	run_hybrid_q_sA_d7500	hybrid_q	A	7500	0.001
6401	atomwise.linear_nn.linear.bias	0.56881	run_hybrid_q_sA_d7500	hybrid_q	A	7500	0.001
6401	atomwise.linear_nn.linear.weight	6.1353	run_hybrid_q_sA_d7500	hybrid_q	A	7500	0.001
6401	atomwise.outnet.0.linear.bias	1.3624	run_hybrid_q_sA_d7500	hybrid_q	A	7500	0.001
6401	atomwise.outnet.0.linear.weight	4.1985	run_hybrid_q_sA_d7500	hybrid_q	A	7500	0.001
6401	atomwise.outnet.1.linear.bias	1.5806	run_hybrid_q_sA_d7500	hybrid_q	A	7500	0.001
6401	atomwise.outnet.1.linear.weight	3.1684	run_hybrid_q_sA_d7500	hybrid_q	A	7500	0.001
6401	atomwise.outnet.2.linear.bias	0.56881	run_hybrid_q_sA_d7500	hybrid_q	A	7500	0.001
6401	atomwise.outnet.2.linear.weight	7.7684	run_hybrid_q_sA_d7500	hybrid_q	A	7500	0.001
6501	atomwise.linear_nn.linear.bias	1.0501	run_hybrid_q_sA_d7500	hybrid_q	A	7500	0.001
6501	atomwise.linear_nn.linear.weight	10.751	run_hybrid_q_sA_d7500	hybrid_q	A	7500	0.001
6501	atomwise.outnet.0.linear.bias	2.6256	run_hybrid_q_sA_d7500	hybrid_q	A	7500	0.001
6501	atomwise.outnet.0.linear.weight	7.2289	run_hybrid_q_sA_d7500	hybrid_q	A	7500	0.001
6501	atomwise.outnet.1.linear.bias	3.1589	run_hybrid_q_sA_d7500	hybrid_q	A	7500	0.001
6501	atomwise.outnet.1.linear.weight	6.5371	run_hybrid_q_sA_d7500	hybrid_q	A	7500	0.001
6501	atomwise.outnet.2.linear.bias	1.0501	run_hybrid_q_sA_d7500	hybrid_q	A	7500	0.001
6501	atomwise.outnet.2.linear.weight	15.818	run_hybrid_q_sA_d7500	hybrid_q	A	7500	0.001
6601	atomwise.linear_nn.linear.bias	2.9587	run_hybrid_q_sA_d7500	hybrid_q	A	7500	0.001
6601	atomwise.linear_nn.linear.weight	22.186	run_hybrid_q_sA_d7500	hybrid_q	A	7500	0.001
6601	atomwise.outnet.0.linear.bias	4.5939	run_hybrid_q_sA_d7500	hybrid_q	A	7500	0.001
6601	atomwise.outnet.0.linear.weight	14.803	run_hybrid_q_sA_d7500	hybrid_q	A	7500	0.001
6601	atomwise.outnet.1.linear.bias	5.5045	run_hybrid_q_sA_d7500	hybrid_q	A	7500	0.001
6601	atomwise.outnet.1.linear.weight	12.308	run_hybrid_q_sA_d7500	hybrid_q	A	7500	0.001
6601	atomwise.outnet.2.linear.bias	2.9587	run_hybrid_q_sA_d7500	hybrid_q	A	7500	0.001
6601	atomwise.outnet.2.linear.weight	27.943	run_hybrid_q_sA_d7500	hybrid_q	A	7500	0.001
6701	atomwise.linear_nn.linear.bias	0.80829	run_hybrid_q_sA_d7500	hybrid_q	A	7500	0.001
6701	atomwise.linear_nn.linear.weight	10.121	run_hybrid_q_sA_d7500	hybrid_q	A	7500	0.001
6701	atomwise.outnet.0.linear.bias	3.5627	run_hybrid_q_sA_d7500	hybrid_q	A	7500	0.001
6701	atomwise.outnet.0.linear.weight	6.662	run_hybrid_q_sA_d7500	hybrid_q	A	7500	0.001
6701	atomwise.outnet.1.linear.bias	3.2877	run_hybrid_q_sA_d7500	hybrid_q	A	7500	0.001
6701	atomwise.outnet.1.linear.weight	6.1648	run_hybrid_q_sA_d7500	hybrid_q	A	7500	0.001
6701	atomwise.outnet.2.linear.bias	0.80829	run_hybrid_q_sA_d7500	hybrid_q	A	7500	0.001
6701	atomwise.outnet.2.linear.weight	15.394	run_hybrid_q_sA_d7500	hybrid_q	A	7500	0.001
6801	atomwise.linear_nn.linear.bias	2.2496	run_hybrid_q_sA_d7500	hybrid_q	A	7500	0.001
6801	atomwise.linear_nn.linear.weight	18.365	run_hybrid_q_sA_d7500	hybrid_q	A	7500	0.001
6801	atomwise.outnet.0.linear.bias	2.6922	run_hybrid_q_sA_d7500	hybrid_q	A	7500	0.001
6801	atomwise.outnet.0.linear.weight	12.728	run_hybrid_q_sA_d7500	hybrid_q	A	7500	0.001
6801	atomwise.outnet.1.linear.bias	2.5057	run_hybrid_q_sA_d7500	hybrid_q	A	7500	0.001
6801	atomwise.outnet.1.linear.weight	5.9757	run_hybrid_q_sA_d7500	hybrid_q	A	7500	0.001
6801	atomwise.outnet.2.linear.bias	2.2496	run_hybrid_q_sA_d7500	hybrid_q	A	7500	0.001
6801	atomwise.outnet.2.linear.weight	12.818	run_hybrid_q_sA_d7500	hybrid_q	A	7500	0.001
6901	atomwise.linear_nn.linear.bias	1.202	run_hybrid_q_sA_d7500	hybrid_q	A	7500	0.001
6901	atomwise.linear_nn.linear.weight	4.7724	run_hybrid_q_sA_d7500	hybrid_q	A	7500	0.001
6901	atomwise.outnet.0.linear.bias	1.3551	run_hybrid_q_sA_d7500	hybrid_q	A	7500	0.001
6901	atomwise.outnet.0.linear.weight	3.5068	run_hybrid_q_sA_d7500	hybrid_q	A	7500	0.001
6901	atomwise.outnet.1.linear.bias	0.7269	run_hybrid_q_sA_d7500	hybrid_q	A	7500	0.001
6901	atomwise.outnet.1.linear.weight	1.5191	run_hybrid_q_sA_d7500	hybrid_q	A	7500	0.001
6901	atomwise.outnet.2.linear.bias	1.202	run_hybrid_q_sA_d7500	hybrid_q	A	7500	0.001
6901	atomwise.outnet.2.linear.weight	2.4109	run_hybrid_q_sA_d7500	hybrid_q	A	7500	0.001
7001	atomwise.linear_nn.linear.bias	2.7862	run_hybrid_q_sA_d7500	hybrid_q	A	7500	0.001
7001	atomwise.linear_nn.linear.weight	6.1051	run_hybrid_q_sA_d7500	hybrid_q	A	7500	0.001
7001	atomwise.outnet.0.linear.bias	2.8629	run_hybrid_q_sA_d7500	hybrid_q	A	7500	0.001
7001	atomwise.outnet.0.linear.weight	4.9242	run_hybrid_q_sA_d7500	hybrid_q	A	7500	0.001
7001	atomwise.outnet.1.linear.bias	2.6656	run_hybrid_q_sA_d7500	hybrid_q	A	7500	0.001
7001	atomwise.outnet.1.linear.weight	3.3908	run_hybrid_q_sA_d7500	hybrid_q	A	7500	0.001
7001	atomwise.outnet.2.linear.bias	2.7862	run_hybrid_q_sA_d7500	hybrid_q	A	7500	0.001
7001	atomwise.outnet.2.linear.weight	9.8121	run_hybrid_q_sA_d7500	hybrid_q	A	7500	0.001
7101	atomwise.linear_nn.linear.bias	0.2802	run_hybrid_q_sA_d7500	hybrid_q	A	7500	0.001
7101	atomwise.linear_nn.linear.weight	5.4155	run_hybrid_q_sA_d7500	hybrid_q	A	7500	0.001
7101	atomwise.outnet.0.linear.bias	1.2995	run_hybrid_q_sA_d7500	hybrid_q	A	7500	0.001
7101	atomwise.outnet.0.linear.weight	3.9325	run_hybrid_q_sA_d7500	hybrid_q	A	7500	0.001
7101	atomwise.outnet.1.linear.bias	0.99424	run_hybrid_q_sA_d7500	hybrid_q	A	7500	0.001
7101	atomwise.outnet.1.linear.weight	2.0264	run_hybrid_q_sA_d7500	hybrid_q	A	7500	0.001
7101	atomwise.outnet.2.linear.bias	0.2802	run_hybrid_q_sA_d7500	hybrid_q	A	7500	0.001
7101	atomwise.outnet.2.linear.weight	5.2494	run_hybrid_q_sA_d7500	hybrid_q	A	7500	0.001
7201	atomwise.linear_nn.linear.bias	0.52226	run_hybrid_q_sA_d7500	hybrid_q	A	7500	0.001
7201	atomwise.linear_nn.linear.weight	11.801	run_hybrid_q_sA_d7500	hybrid_q	A	7500	0.001
7201	atomwise.outnet.0.linear.bias	3.1328	run_hybrid_q_sA_d7500	hybrid_q	A	7500	0.001
7201	atomwise.outnet.0.linear.weight	8.1021	run_hybrid_q_sA_d7500	hybrid_q	A	7500	0.001
7201	atomwise.outnet.1.linear.bias	3.3542	run_hybrid_q_sA_d7500	hybrid_q	A	7500	0.001
7201	atomwise.outnet.1.linear.weight	6.001	run_hybrid_q_sA_d7500	hybrid_q	A	7500	0.001
7201	atomwise.outnet.2.linear.bias	0.52226	run_hybrid_q_sA_d7500	hybrid_q	A	7500	0.001
7201	atomwise.outnet.2.linear.weight	15.711	run_hybrid_q_sA_d7500	hybrid_q	A	7500	0.001
7301	atomwise.linear_nn.linear.bias	0.3605	run_hybrid_q_sA_d7500	hybrid_q	A	7500	0.001
7301	atomwise.linear_nn.linear.weight	7.6473	run_hybrid_q_sA_d7500	hybrid_q	A	7500	0.001
7301	atomwise.outnet.0.linear.bias	1.6659	run_hybrid_q_sA_d7500	hybrid_q	A	7500	0.001
7301	atomwise.outnet.0.linear.weight	5.1471	run_hybrid_q_sA_d7500	hybrid_q	A	7500	0.001
7301	atomwise.outnet.1.linear.bias	1.8566	run_hybrid_q_sA_d7500	hybrid_q	A	7500	0.001
7301	atomwise.outnet.1.linear.weight	3.8665	run_hybrid_q_sA_d7500	hybrid_q	A	7500	0.001
7301	atomwise.outnet.2.linear.bias	0.3605	run_hybrid_q_sA_d7500	hybrid_q	A	7500	0.001
7301	atomwise.outnet.2.linear.weight	9.3666	run_hybrid_q_sA_d7500	hybrid_q	A	7500	0.001
7401	atomwise.linear_nn.linear.bias	0.61406	run_hybrid_q_sA_d7500	hybrid_q	A	7500	0.001
7401	atomwise.linear_nn.linear.weight	11.572	run_hybrid_q_sA_d7500	hybrid_q	A	7500	0.001
7401	atomwise.outnet.0.linear.bias	3.0087	run_hybrid_q_sA_d7500	hybrid_q	A	7500	0.001
7401	atomwise.outnet.0.linear.weight	7.9279	run_hybrid_q_sA_d7500	hybrid_q	A	7500	0.001
7401	atomwise.outnet.1.linear.bias	3.0218	run_hybrid_q_sA_d7500	hybrid_q	A	7500	0.001
7401	atomwise.outnet.1.linear.weight	5.4272	run_hybrid_q_sA_d7500	hybrid_q	A	7500	0.001
7401	atomwise.outnet.2.linear.bias	0.61406	run_hybrid_q_sA_d7500	hybrid_q	A	7500	0.001
7401	atomwise.outnet.2.linear.weight	13.878	run_hybrid_q_sA_d7500	hybrid_q	A	7500	0.001
7501	atomwise.linear_nn.linear.bias	0.28204	run_hybrid_q_sA_d7500	hybrid_q	A	7500	4.5601626938095613e-07
7501	atomwise.linear_nn.linear.weight	1.2234	run_hybrid_q_sA_d7500	hybrid_q	A	7500	4.5601626938095613e-07
7501	atomwise.outnet.0.linear.bias	0.88768	run_hybrid_q_sA_d7500	hybrid_q	A	7500	4.5601626938095613e-07
7501	atomwise.outnet.0.linear.weight	0.8592	run_hybrid_q_sA_d7500	hybrid_q	A	7500	4.5601626938095613e-07
7501	atomwise.outnet.1.linear.bias	0.95473	run_hybrid_q_sA_d7500	hybrid_q	A	7500	4.5601626938095613e-07
7501	atomwise.outnet.1.linear.weight	1.4509	run_hybrid_q_sA_d7500	hybrid_q	A	7500	4.5601626938095613e-07
7501	atomwise.outnet.2.linear.bias	0.28204	run_hybrid_q_sA_d7500	hybrid_q	A	7500	4.5601626938095613e-07
7501	atomwise.outnet.2.linear.weight	4.103	run_hybrid_q_sA_d7500	hybrid_q	A	7500	4.5601626938095613e-07
7601	atomwise.linear_nn.linear.bias	0.057804	run_hybrid_q_sA_d7500	hybrid_q	A	7500	4.5601626938095613e-07
7601	atomwise.linear_nn.linear.weight	0.27275	run_hybrid_q_sA_d7500	hybrid_q	A	7500	4.5601626938095613e-07
7601	atomwise.outnet.0.linear.bias	0.19389	run_hybrid_q_sA_d7500	hybrid_q	A	7500	4.5601626938095613e-07
7601	atomwise.outnet.0.linear.weight	0.18862	run_hybrid_q_sA_d7500	hybrid_q	A	7500	4.5601626938095613e-07
7601	atomwise.outnet.1.linear.bias	0.20961	run_hybrid_q_sA_d7500	hybrid_q	A	7500	4.5601626938095613e-07
7601	atomwise.outnet.1.linear.weight	0.32107	run_hybrid_q_sA_d7500	hybrid_q	A	7500	4.5601626938095613e-07
7601	atomwise.outnet.2.linear.bias	0.057804	run_hybrid_q_sA_d7500	hybrid_q	A	7500	4.5601626938095613e-07
7601	atomwise.outnet.2.linear.weight	0.90651	run_hybrid_q_sA_d7500	hybrid_q	A	7500	4.5601626938095613e-07
7701	atomwise.linear_nn.linear.bias	0.013812	run_hybrid_q_sA_d7500	hybrid_q	A	7500	4.5601626938095613e-07
7701	atomwise.linear_nn.linear.weight	0.073513	run_hybrid_q_sA_d7500	hybrid_q	A	7500	4.5601626938095613e-07
7701	atomwise.outnet.0.linear.bias	0.046302	run_hybrid_q_sA_d7500	hybrid_q	A	7500	4.5601626938095613e-07
7701	atomwise.outnet.0.linear.weight	0.049959	run_hybrid_q_sA_d7500	hybrid_q	A	7500	4.5601626938095613e-07
7701	atomwise.outnet.1.linear.bias	0.049919	run_hybrid_q_sA_d7500	hybrid_q	A	7500	4.5601626938095613e-07
7701	atomwise.outnet.1.linear.weight	0.077101	run_hybrid_q_sA_d7500	hybrid_q	A	7500	4.5601626938095613e-07
7701	atomwise.outnet.2.linear.bias	0.013812	run_hybrid_q_sA_d7500	hybrid_q	A	7500	4.5601626938095613e-07
7701	atomwise.outnet.2.linear.weight	0.21757	run_hybrid_q_sA_d7500	hybrid_q	A	7500	4.5601626938095613e-07
7801	atomwise.linear_nn.linear.bias	0.00029214	run_hybrid_q_sA_d7500	hybrid_q	A	7500	4.5601626938095613e-07
7801	atomwise.linear_nn.linear.weight	0.028165	run_hybrid_q_sA_d7500	hybrid_q	A	7500	4.5601626938095613e-07
7801	atomwise.outnet.0.linear.bias	0.0042272	run_hybrid_q_sA_d7500	hybrid_q	A	7500	4.5601626938095613e-07
7801	atomwise.outnet.0.linear.weight	0.019761	run_hybrid_q_sA_d7500	hybrid_q	A	7500	4.5601626938095613e-07
7801	atomwise.outnet.1.linear.bias	0.0040276	run_hybrid_q_sA_d7500	hybrid_q	A	7500	4.5601626938095613e-07
7801	atomwise.outnet.1.linear.weight	0.010885	run_hybrid_q_sA_d7500	hybrid_q	A	7500	4.5601626938095613e-07
7801	atomwise.outnet.2.linear.bias	0.00029214	run_hybrid_q_sA_d7500	hybrid_q	A	7500	4.5601626938095613e-07
7801	atomwise.outnet.2.linear.weight	0.023757	run_hybrid_q_sA_d7500	hybrid_q	A	7500	4.5601626938095613e-07
7901	atomwise.linear_nn.linear.bias	0.0079091	run_hybrid_q_sA_d7500	hybrid_q	A	7500	4.5601626938095613e-07
7901	atomwise.linear_nn.linear.weight	0.052487	run_hybrid_q_sA_d7500	hybrid_q	A	7500	4.5601626938095613e-07
7901	atomwise.outnet.0.linear.bias	0.029173	run_hybrid_q_sA_d7500	hybrid_q	A	7500	4.5601626938095613e-07
7901	atomwise.outnet.0.linear.weight	0.035593	run_hybrid_q_sA_d7500	hybrid_q	A	7500	4.5601626938095613e-07
7901	atomwise.outnet.1.linear.bias	0.032124	run_hybrid_q_sA_d7500	hybrid_q	A	7500	4.5601626938095613e-07
7901	atomwise.outnet.1.linear.weight	0.05101	run_hybrid_q_sA_d7500	hybrid_q	A	7500	4.5601626938095613e-07
7901	atomwise.outnet.2.linear.bias	0.0079091	run_hybrid_q_sA_d7500	hybrid_q	A	7500	4.5601626938095613e-07
7901	atomwise.outnet.2.linear.weight	0.14184	run_hybrid_q_sA_d7500	hybrid_q	A	7500	4.5601626938095613e-07
8001	atomwise.linear_nn.linear.bias	0.0023877	run_hybrid_q_sA_d7500	hybrid_q	A	7500	4.5601626938095613e-07
8001	atomwise.linear_nn.linear.weight	0.036708	run_hybrid_q_sA_d7500	hybrid_q	A	7500	4.5601626938095613e-07
8001	atomwise.outnet.0.linear.bias	0.015286	run_hybrid_q_sA_d7500	hybrid_q	A	7500	4.5601626938095613e-07
8001	atomwise.outnet.0.linear.weight	0.02431	run_hybrid_q_sA_d7500	hybrid_q	A	7500	4.5601626938095613e-07
8001	atomwise.outnet.1.linear.bias	0.017297	run_hybrid_q_sA_d7500	hybrid_q	A	7500	4.5601626938095613e-07
8001	atomwise.outnet.1.linear.weight	0.029437	run_hybrid_q_sA_d7500	hybrid_q	A	7500	4.5601626938095613e-07
8001	atomwise.outnet.2.linear.bias	0.0023877	run_hybrid_q_sA_d7500	hybrid_q	A	7500	4.5601626938095613e-07
8001	atomwise.outnet.2.linear.weight	0.078899	run_hybrid_q_sA_d7500	hybrid_q	A	7500	4.5601626938095613e-07
8101	atomwise.linear_nn.linear.bias	0.0058228	run_hybrid_q_sA_d7500	hybrid_q	A	7500	4.5601626938095613e-07
8101	atomwise.linear_nn.linear.weight	0.019916	run_hybrid_q_sA_d7500	hybrid_q	A	7500	4.5601626938095613e-07
8101	atomwise.outnet.0.linear.bias	0.0099387	run_hybrid_q_sA_d7500	hybrid_q	A	7500	4.5601626938095613e-07
8101	atomwise.outnet.0.linear.weight	0.015448	run_hybrid_q_sA_d7500	hybrid_q	A	7500	4.5601626938095613e-07
8101	atomwise.outnet.1.linear.bias	0.0086578	run_hybrid_q_sA_d7500	hybrid_q	A	7500	4.5601626938095613e-07
8101	atomwise.outnet.1.linear.weight	0.010891	run_hybrid_q_sA_d7500	hybrid_q	A	7500	4.5601626938095613e-07
8101	atomwise.outnet.2.linear.bias	0.0058228	run_hybrid_q_sA_d7500	hybrid_q	A	7500	4.5601626938095613e-07
8101	atomwise.outnet.2.linear.weight	0.031829	run_hybrid_q_sA_d7500	hybrid_q	A	7500	4.5601626938095613e-07
8201	atomwise.linear_nn.linear.bias	0.002893	run_hybrid_q_sA_d7500	hybrid_q	A	7500	4.5601626938095613e-07
8201	atomwise.linear_nn.linear.weight	0.019196	run_hybrid_q_sA_d7500	hybrid_q	A	7500	4.5601626938095613e-07
8201	atomwise.outnet.0.linear.bias	0.0070643	run_hybrid_q_sA_d7500	hybrid_q	A	7500	4.5601626938095613e-07
8201	atomwise.outnet.0.linear.weight	0.01497	run_hybrid_q_sA_d7500	hybrid_q	A	7500	4.5601626938095613e-07
8201	atomwise.outnet.1.linear.bias	0.0067151	run_hybrid_q_sA_d7500	hybrid_q	A	7500	4.5601626938095613e-07
8201	atomwise.outnet.1.linear.weight	0.009342	run_hybrid_q_sA_d7500	hybrid_q	A	7500	4.5601626938095613e-07
8201	atomwise.outnet.2.linear.bias	0.002893	run_hybrid_q_sA_d7500	hybrid_q	A	7500	4.5601626938095613e-07
8201	atomwise.outnet.2.linear.weight	0.025564	run_hybrid_q_sA_d7500	hybrid_q	A	7500	4.5601626938095613e-07
8301	atomwise.linear_nn.linear.bias	0.0054381	run_hybrid_q_sA_d7500	hybrid_q	A	7500	4.5601626938095613e-07
8301	atomwise.linear_nn.linear.weight	0.04801	run_hybrid_q_sA_d7500	hybrid_q	A	7500	4.5601626938095613e-07
8301	atomwise.outnet.0.linear.bias	0.024886	run_hybrid_q_sA_d7500	hybrid_q	A	7500	4.5601626938095613e-07
8301	atomwise.outnet.0.linear.weight	0.031884	run_hybrid_q_sA_d7500	hybrid_q	A	7500	4.5601626938095613e-07
8301	atomwise.outnet.1.linear.bias	0.02784	run_hybrid_q_sA_d7500	hybrid_q	A	7500	4.5601626938095613e-07
8301	atomwise.outnet.1.linear.weight	0.045651	run_hybrid_q_sA_d7500	hybrid_q	A	7500	4.5601626938095613e-07
8301	atomwise.outnet.2.linear.bias	0.0054381	run_hybrid_q_sA_d7500	hybrid_q	A	7500	4.5601626938095613e-07
8301	atomwise.outnet.2.linear.weight	0.12409	run_hybrid_q_sA_d7500	hybrid_q	A	7500	4.5601626938095613e-07
8401	atomwise.linear_nn.linear.bias	0.0092752	run_hybrid_q_sA_d7500	hybrid_q	A	7500	4.5601626938095613e-07
8401	atomwise.linear_nn.linear.weight	0.060586	run_hybrid_q_sA_d7500	hybrid_q	A	7500	4.5601626938095613e-07
8401	atomwise.outnet.0.linear.bias	0.034313	run_hybrid_q_sA_d7500	hybrid_q	A	7500	4.5601626938095613e-07
8401	atomwise.outnet.0.linear.weight	0.040898	run_hybrid_q_sA_d7500	hybrid_q	A	7500	4.5601626938095613e-07
8401	atomwise.outnet.1.linear.bias	0.037765	run_hybrid_q_sA_d7500	hybrid_q	A	7500	4.5601626938095613e-07
8401	atomwise.outnet.1.linear.weight	0.059667	run_hybrid_q_sA_d7500	hybrid_q	A	7500	4.5601626938095613e-07
8401	atomwise.outnet.2.linear.bias	0.0092752	run_hybrid_q_sA_d7500	hybrid_q	A	7500	4.5601626938095613e-07
8401	atomwise.outnet.2.linear.weight	0.16639	run_hybrid_q_sA_d7500	hybrid_q	A	7500	4.5601626938095613e-07
8501	atomwise.linear_nn.linear.bias	0.0083562	run_hybrid_q_sA_d7500	hybrid_q	A	7500	4.5601626938095613e-07
8501	atomwise.linear_nn.linear.weight	0.025216	run_hybrid_q_sA_d7500	hybrid_q	A	7500	4.5601626938095613e-07
8501	atomwise.outnet.0.linear.bias	0.021145	run_hybrid_q_sA_d7500	hybrid_q	A	7500	4.5601626938095613e-07
8501	atomwise.outnet.0.linear.weight	0.019788	run_hybrid_q_sA_d7500	hybrid_q	A	7500	4.5601626938095613e-07
8501	atomwise.outnet.1.linear.bias	0.021376	run_hybrid_q_sA_d7500	hybrid_q	A	7500	4.5601626938095613e-07
8501	atomwise.outnet.1.linear.weight	0.029471	run_hybrid_q_sA_d7500	hybrid_q	A	7500	4.5601626938095613e-07
8501	atomwise.outnet.2.linear.bias	0.0083562	run_hybrid_q_sA_d7500	hybrid_q	A	7500	4.5601626938095613e-07
8501	atomwise.outnet.2.linear.weight	0.086882	run_hybrid_q_sA_d7500	hybrid_q	A	7500	4.5601626938095613e-07
8601	atomwise.linear_nn.linear.bias	0.0088822	run_hybrid_q_sA_d7500	hybrid_q	A	7500	4.5601626938095613e-07
8601	atomwise.linear_nn.linear.weight	0.056949	run_hybrid_q_sA_d7500	hybrid_q	A	7500	4.5601626938095613e-07
8601	atomwise.outnet.0.linear.bias	0.033221	run_hybrid_q_sA_d7500	hybrid_q	A	7500	4.5601626938095613e-07
8601	atomwise.outnet.0.linear.weight	0.038331	run_hybrid_q_sA_d7500	hybrid_q	A	7500	4.5601626938095613e-07
8601	atomwise.outnet.1.linear.bias	0.036463	run_hybrid_q_sA_d7500	hybrid_q	A	7500	4.5601626938095613e-07
8601	atomwise.outnet.1.linear.weight	0.058376	run_hybrid_q_sA_d7500	hybrid_q	A	7500	4.5601626938095613e-07
8601	atomwise.outnet.2.linear.bias	0.0088822	run_hybrid_q_sA_d7500	hybrid_q	A	7500	4.5601626938095613e-07
8601	atomwise.outnet.2.linear.weight	0.16251	run_hybrid_q_sA_d7500	hybrid_q	A	7500	4.5601626938095613e-07
8701	atomwise.linear_nn.linear.bias	0.0039257	run_hybrid_q_sA_d7500	hybrid_q	A	7500	4.5601626938095613e-07
8701	atomwise.linear_nn.linear.weight	0.029977	run_hybrid_q_sA_d7500	hybrid_q	A	7500	4.5601626938095613e-07
8701	atomwise.outnet.0.linear.bias	0.011125	run_hybrid_q_sA_d7500	hybrid_q	A	7500	4.5601626938095613e-07
8701	atomwise.outnet.0.linear.weight	0.020442	run_hybrid_q_sA_d7500	hybrid_q	A	7500	4.5601626938095613e-07
8701	atomwise.outnet.1.linear.bias	0.011525	run_hybrid_q_sA_d7500	hybrid_q	A	7500	4.5601626938095613e-07
8701	atomwise.outnet.1.linear.weight	0.019328	run_hybrid_q_sA_d7500	hybrid_q	A	7500	4.5601626938095613e-07
8701	atomwise.outnet.2.linear.bias	0.0039257	run_hybrid_q_sA_d7500	hybrid_q	A	7500	4.5601626938095613e-07
8701	atomwise.outnet.2.linear.weight	0.051969	run_hybrid_q_sA_d7500	hybrid_q	A	7500	4.5601626938095613e-07
8801	atomwise.linear_nn.linear.bias	0.002008	run_hybrid_q_sA_d7500	hybrid_q	A	7500	4.5601626938095613e-07
8801	atomwise.linear_nn.linear.weight	0.022991	run_hybrid_q_sA_d7500	hybrid_q	A	7500	4.5601626938095613e-07
8801	atomwise.outnet.0.linear.bias	0.0032041	run_hybrid_q_sA_d7500	hybrid_q	A	7500	4.5601626938095613e-07
8801	atomwise.outnet.0.linear.weight	0.016484	run_hybrid_q_sA_d7500	hybrid_q	A	7500	4.5601626938095613e-07
8801	atomwise.outnet.1.linear.bias	0.0015805	run_hybrid_q_sA_d7500	hybrid_q	A	7500	4.5601626938095613e-07
8801	atomwise.outnet.1.linear.weight	0.0051761	run_hybrid_q_sA_d7500	hybrid_q	A	7500	4.5601626938095613e-07
8801	atomwise.outnet.2.linear.bias	0.002008	run_hybrid_q_sA_d7500	hybrid_q	A	7500	4.5601626938095613e-07
8801	atomwise.outnet.2.linear.weight	0.0060902	run_hybrid_q_sA_d7500	hybrid_q	A	7500	4.5601626938095613e-07
8901	atomwise.linear_nn.linear.bias	0.0066403	run_hybrid_q_sA_d7500	hybrid_q	A	7500	4.5601626938095613e-07
8901	atomwise.linear_nn.linear.weight	0.054291	run_hybrid_q_sA_d7500	hybrid_q	A	7500	4.5601626938095613e-07
8901	atomwise.outnet.0.linear.bias	0.028964	run_hybrid_q_sA_d7500	hybrid_q	A	7500	4.5601626938095613e-07
8901	atomwise.outnet.0.linear.weight	0.036441	run_hybrid_q_sA_d7500	hybrid_q	A	7500	4.5601626938095613e-07
8901	atomwise.outnet.1.linear.bias	0.032202	run_hybrid_q_sA_d7500	hybrid_q	A	7500	4.5601626938095613e-07
8901	atomwise.outnet.1.linear.weight	0.052277	run_hybrid_q_sA_d7500	hybrid_q	A	7500	4.5601626938095613e-07
8901	atomwise.outnet.2.linear.bias	0.0066403	run_hybrid_q_sA_d7500	hybrid_q	A	7500	4.5601626938095613e-07
8901	atomwise.outnet.2.linear.weight	0.14334	run_hybrid_q_sA_d7500	hybrid_q	A	7500	4.5601626938095613e-07
9001	atomwise.linear_nn.linear.bias	0.0050699	run_hybrid_q_sA_d7500	hybrid_q	A	7500	4.5601626938095613e-07
9001	atomwise.linear_nn.linear.weight	0.046879	run_hybrid_q_sA_d7500	hybrid_q	A	7500	4.5601626938095613e-07
9001	atomwise.outnet.0.linear.bias	0.022734	run_hybrid_q_sA_d7500	hybrid_q	A	7500	4.5601626938095613e-07
9001	atomwise.outnet.0.linear.weight	0.03127	run_hybrid_q_sA_d7500	hybrid_q	A	7500	4.5601626938095613e-07
9001	atomwise.outnet.1.linear.bias	0.025105	run_hybrid_q_sA_d7500	hybrid_q	A	7500	4.5601626938095613e-07
9001	atomwise.outnet.1.linear.weight	0.04137	run_hybrid_q_sA_d7500	hybrid_q	A	7500	4.5601626938095613e-07
9001	atomwise.outnet.2.linear.bias	0.0050699	run_hybrid_q_sA_d7500	hybrid_q	A	7500	4.5601626938095613e-07
9001	atomwise.outnet.2.linear.weight	0.11316	run_hybrid_q_sA_d7500	hybrid_q	A	7500	4.5601626938095613e-07
9101	atomwise.linear_nn.linear.bias	0.0020242	run_hybrid_q_sA_d7500	hybrid_q	A	7500	4.5601626938095613e-07
9101	atomwise.linear_nn.linear.weight	0.027397	run_hybrid_q_sA_d7500	hybrid_q	A	7500	4.5601626938095613e-07
9101	atomwise.outnet.0.linear.bias	0.0077622	run_hybrid_q_sA_d7500	hybrid_q	A	7500	4.5601626938095613e-07
9101	atomwise.outnet.0.linear.weight	0.018625	run_hybrid_q_sA_d7500	hybrid_q	A	7500	4.5601626938095613e-07
9101	atomwise.outnet.1.linear.bias	0.0080789	run_hybrid_q_sA_d7500	hybrid_q	A	7500	4.5601626938095613e-07
9101	atomwise.outnet.1.linear.weight	0.015376	run_hybrid_q_sA_d7500	hybrid_q	A	7500	4.5601626938095613e-07
9101	atomwise.outnet.2.linear.bias	0.0020242	run_hybrid_q_sA_d7500	hybrid_q	A	7500	4.5601626938095613e-07
9101	atomwise.outnet.2.linear.weight	0.038649	run_hybrid_q_sA_d7500	hybrid_q	A	7500	4.5601626938095613e-07
9201	atomwise.linear_nn.linear.bias	0.00026471	run_hybrid_q_sA_d7500	hybrid_q	A	7500	4.5601626938095613e-07
9201	atomwise.linear_nn.linear.weight	0.018802	run_hybrid_q_sA_d7500	hybrid_q	A	7500	4.5601626938095613e-07
9201	atomwise.outnet.0.linear.bias	0.001637	run_hybrid_q_sA_d7500	hybrid_q	A	7500	4.5601626938095613e-07
9201	atomwise.outnet.0.linear.weight	0.013428	run_hybrid_q_sA_d7500	hybrid_q	A	7500	4.5601626938095613e-07
9201	atomwise.outnet.1.linear.bias	0.00091404	run_hybrid_q_sA_d7500	hybrid_q	A	7500	4.5601626938095613e-07
9201	atomwise.outnet.1.linear.weight	0.0042871	run_hybrid_q_sA_d7500	hybrid_q	A	7500	4.5601626938095613e-07
9201	atomwise.outnet.2.linear.bias	0.00026471	run_hybrid_q_sA_d7500	hybrid_q	A	7500	4.5601626938095613e-07
9201	atomwise.outnet.2.linear.weight	0.0058479	run_hybrid_q_sA_d7500	hybrid_q	A	7500	4.5601626938095613e-07
9301	atomwise.linear_nn.linear.bias	0.015408	run_hybrid_q_sA_d7500	hybrid_q	A	7500	4.5601626938095613e-07
9301	atomwise.linear_nn.linear.weight	0.041692	run_hybrid_q_sA_d7500	hybrid_q	A	7500	4.5601626938095613e-07
9301	atomwise.outnet.0.linear.bias	0.038507	run_hybrid_q_sA_d7500	hybrid_q	A	7500	4.5601626938095613e-07
9301	atomwise.outnet.0.linear.weight	0.031925	run_hybrid_q_sA_d7500	hybrid_q	A	7500	4.5601626938095613e-07
9301	atomwise.outnet.1.linear.bias	0.039161	run_hybrid_q_sA_d7500	hybrid_q	A	7500	4.5601626938095613e-07
9301	atomwise.outnet.1.linear.weight	0.055051	run_hybrid_q_sA_d7500	hybrid_q	A	7500	4.5601626938095613e-07
9301	atomwise.outnet.2.linear.bias	0.015408	run_hybrid_q_sA_d7500	hybrid_q	A	7500	4.5601626938095613e-07
9301	atomwise.outnet.2.linear.weight	0.16227	run_hybrid_q_sA_d7500	hybrid_q	A	7500	4.5601626938095613e-07
9401	atomwise.linear_nn.linear.bias	0.009995	run_hybrid_q_sA_d7500	hybrid_q	A	7500	4.5601626938095613e-07
9401	atomwise.linear_nn.linear.weight	0.026636	run_hybrid_q_sA_d7500	hybrid_q	A	7500	4.5601626938095613e-07
9401	atomwise.outnet.0.linear.bias	0.022093	run_hybrid_q_sA_d7500	hybrid_q	A	7500	4.5601626938095613e-07
9401	atomwise.outnet.0.linear.weight	0.02134	run_hybrid_q_sA_d7500	hybrid_q	A	7500	4.5601626938095613e-07
9401	atomwise.outnet.1.linear.bias	0.021903	run_hybrid_q_sA_d7500	hybrid_q	A	7500	4.5601626938095613e-07
9401	atomwise.outnet.1.linear.weight	0.030783	run_hybrid_q_sA_d7500	hybrid_q	A	7500	4.5601626938095613e-07
9401	atomwise.outnet.2.linear.bias	0.009995	run_hybrid_q_sA_d7500	hybrid_q	A	7500	4.5601626938095613e-07
9401	atomwise.outnet.2.linear.weight	0.08925	run_hybrid_q_sA_d7500	hybrid_q	A	7500	4.5601626938095613e-07
9501	atomwise.linear_nn.linear.bias	0.0093694	run_hybrid_q_sA_d7500	hybrid_q	A	7500	4.5601626938095613e-07
9501	atomwise.linear_nn.linear.weight	0.027091	run_hybrid_q_sA_d7500	hybrid_q	A	7500	4.5601626938095613e-07
9501	atomwise.outnet.0.linear.bias	0.021907	run_hybrid_q_sA_d7500	hybrid_q	A	7500	4.5601626938095613e-07
9501	atomwise.outnet.0.linear.weight	0.021445	run_hybrid_q_sA_d7500	hybrid_q	A	7500	4.5601626938095613e-07
9501	atomwise.outnet.1.linear.bias	0.022018	run_hybrid_q_sA_d7500	hybrid_q	A	7500	4.5601626938095613e-07
9501	atomwise.outnet.1.linear.weight	0.029569	run_hybrid_q_sA_d7500	hybrid_q	A	7500	4.5601626938095613e-07
9501	atomwise.outnet.2.linear.bias	0.0093694	run_hybrid_q_sA_d7500	hybrid_q	A	7500	4.5601626938095613e-07
9501	atomwise.outnet.2.linear.weight	0.087887	run_hybrid_q_sA_d7500	hybrid_q	A	7500	4.5601626938095613e-07
9601	atomwise.linear_nn.linear.bias	0.0022785	run_hybrid_q_sA_d7500	hybrid_q	A	7500	4.5601626938095613e-07
9601	atomwise.linear_nn.linear.weight	0.035839	run_hybrid_q_sA_d7500	hybrid_q	A	7500	4.5601626938095613e-07
9601	atomwise.outnet.0.linear.bias	0.014455	run_hybrid_q_sA_d7500	hybrid_q	A	7500	4.5601626938095613e-07
9601	atomwise.outnet.0.linear.weight	0.024382	run_hybrid_q_sA_d7500	hybrid_q	A	7500	4.5601626938095613e-07
9601	atomwise.outnet.1.linear.bias	0.016014	run_hybrid_q_sA_d7500	hybrid_q	A	7500	4.5601626938095613e-07
9601	atomwise.outnet.1.linear.weight	0.027618	run_hybrid_q_sA_d7500	hybrid_q	A	7500	4.5601626938095613e-07
9601	atomwise.outnet.2.linear.bias	0.0022785	run_hybrid_q_sA_d7500	hybrid_q	A	7500	4.5601626938095613e-07
9601	atomwise.outnet.2.linear.weight	0.073631	run_hybrid_q_sA_d7500	hybrid_q	A	7500	4.5601626938095613e-07
9701	atomwise.linear_nn.linear.bias	0.00062502	run_hybrid_q_sA_d7500	hybrid_q	A	7500	4.5601626938095613e-07
9701	atomwise.linear_nn.linear.weight	0.034536	run_hybrid_q_sA_d7500	hybrid_q	A	7500	4.5601626938095613e-07
9701	atomwise.outnet.0.linear.bias	0.010821	run_hybrid_q_sA_d7500	hybrid_q	A	7500	4.5601626938095613e-07
9701	atomwise.outnet.0.linear.weight	0.023058	run_hybrid_q_sA_d7500	hybrid_q	A	7500	4.5601626938095613e-07
9701	atomwise.outnet.1.linear.bias	0.012584	run_hybrid_q_sA_d7500	hybrid_q	A	7500	4.5601626938095613e-07
9701	atomwise.outnet.1.linear.weight	0.02251	run_hybrid_q_sA_d7500	hybrid_q	A	7500	4.5601626938095613e-07
9701	atomwise.outnet.2.linear.bias	0.00062502	run_hybrid_q_sA_d7500	hybrid_q	A	7500	4.5601626938095613e-07
9701	atomwise.outnet.2.linear.weight	0.059061	run_hybrid_q_sA_d7500	hybrid_q	A	7500	4.5601626938095613e-07
9801	atomwise.linear_nn.linear.bias	0.0050107	run_hybrid_q_sA_d7500	hybrid_q	A	7500	4.5601626938095613e-07
9801	atomwise.linear_nn.linear.weight	0.044072	run_hybrid_q_sA_d7500	hybrid_q	A	7500	4.5601626938095613e-07
9801	atomwise.outnet.0.linear.bias	0.021903	run_hybrid_q_sA_d7500	hybrid_q	A	7500	4.5601626938095613e-07
9801	atomwise.outnet.0.linear.weight	0.029542	run_hybrid_q_sA_d7500	hybrid_q	A	7500	4.5601626938095613e-07
9801	atomwise.outnet.1.linear.bias	0.024386	run_hybrid_q_sA_d7500	hybrid_q	A	7500	4.5601626938095613e-07
9801	atomwise.outnet.1.linear.weight	0.039539	run_hybrid_q_sA_d7500	hybrid_q	A	7500	4.5601626938095613e-07
9801	atomwise.outnet.2.linear.bias	0.0050107	run_hybrid_q_sA_d7500	hybrid_q	A	7500	4.5601626938095613e-07
9801	atomwise.outnet.2.linear.weight	0.10836	run_hybrid_q_sA_d7500	hybrid_q	A	7500	4.5601626938095613e-07
9901	atomwise.linear_nn.linear.bias	0.0052082	run_hybrid_q_sA_d7500	hybrid_q	A	7500	4.5601626938095613e-07
9901	atomwise.linear_nn.linear.weight	0.026908	run_hybrid_q_sA_d7500	hybrid_q	A	7500	4.5601626938095613e-07
9901	atomwise.outnet.0.linear.bias	0.019363	run_hybrid_q_sA_d7500	hybrid_q	A	7500	4.5601626938095613e-07
9901	atomwise.outnet.0.linear.weight	0.021064	run_hybrid_q_sA_d7500	hybrid_q	A	7500	4.5601626938095613e-07
9901	atomwise.outnet.1.linear.bias	0.021313	run_hybrid_q_sA_d7500	hybrid_q	A	7500	4.5601626938095613e-07
9901	atomwise.outnet.1.linear.weight	0.03135	run_hybrid_q_sA_d7500	hybrid_q	A	7500	4.5601626938095613e-07
9901	atomwise.outnet.2.linear.bias	0.0052082	run_hybrid_q_sA_d7500	hybrid_q	A	7500	4.5601626938095613e-07
9901	atomwise.outnet.2.linear.weight	0.089336	run_hybrid_q_sA_d7500	hybrid_q	A	7500	4.5601626938095613e-07
1	atomwise.linear_nn.linear.bias	0.28566	run_hybrid_q_sB_d7500	hybrid_q	B	7500	0.001
1	atomwise.linear_nn.linear.weight	3.2125	run_hybrid_q_sB_d7500	hybrid_q	B	7500	0.001
1	atomwise.outnet.0.linear.bias	0.029949	run_hybrid_q_sB_d7500	hybrid_q	B	7500	0.001
1	atomwise.outnet.0.linear.weight	0.35808	run_hybrid_q_sB_d7500	hybrid_q	B	7500	0.001
1	atomwise.outnet.1.linear.bias	0.094302	run_hybrid_q_sB_d7500	hybrid_q	B	7500	0.001
1	atomwise.outnet.1.linear.weight	0.042854	run_hybrid_q_sB_d7500	hybrid_q	B	7500	0.001
1	atomwise.outnet.2.linear.bias	0.28566	run_hybrid_q_sB_d7500	hybrid_q	B	7500	0.001
1	atomwise.outnet.2.linear.weight	0.06281	run_hybrid_q_sB_d7500	hybrid_q	B	7500	0.001
101	atomwise.linear_nn.linear.bias	28.443	run_hybrid_q_sB_d7500	hybrid_q	B	7500	0.001
101	atomwise.linear_nn.linear.weight	15.796	run_hybrid_q_sB_d7500	hybrid_q	B	7500	0.001
101	atomwise.outnet.0.linear.bias	9.0258	run_hybrid_q_sB_d7500	hybrid_q	B	7500	0.001
101	atomwise.outnet.0.linear.weight	5.016	run_hybrid_q_sB_d7500	hybrid_q	B	7500	0.001
101	atomwise.outnet.1.linear.bias	11.327	run_hybrid_q_sB_d7500	hybrid_q	B	7500	0.001
101	atomwise.outnet.1.linear.weight	6.4427	run_hybrid_q_sB_d7500	hybrid_q	B	7500	0.001
101	atomwise.outnet.2.linear.bias	28.443	run_hybrid_q_sB_d7500	hybrid_q	B	7500	0.001
101	atomwise.outnet.2.linear.weight	10.833	run_hybrid_q_sB_d7500	hybrid_q	B	7500	0.001
201	atomwise.linear_nn.linear.bias	25.931	run_hybrid_q_sB_d7500	hybrid_q	B	7500	0.001
201	atomwise.linear_nn.linear.weight	15.558	run_hybrid_q_sB_d7500	hybrid_q	B	7500	0.001
201	atomwise.outnet.0.linear.bias	8.3099	run_hybrid_q_sB_d7500	hybrid_q	B	7500	0.001
201	atomwise.outnet.0.linear.weight	5.0242	run_hybrid_q_sB_d7500	hybrid_q	B	7500	0.001
201	atomwise.outnet.1.linear.bias	10.381	run_hybrid_q_sB_d7500	hybrid_q	B	7500	0.001
201	atomwise.outnet.1.linear.weight	7.2348	run_hybrid_q_sB_d7500	hybrid_q	B	7500	0.001
201	atomwise.outnet.2.linear.bias	25.931	run_hybrid_q_sB_d7500	hybrid_q	B	7500	0.001
201	atomwise.outnet.2.linear.weight	13.261	run_hybrid_q_sB_d7500	hybrid_q	B	7500	0.001
301	atomwise.linear_nn.linear.bias	3.637	run_hybrid_q_sB_d7500	hybrid_q	B	7500	0.001
301	atomwise.linear_nn.linear.weight	2.7055	run_hybrid_q_sB_d7500	hybrid_q	B	7500	0.001
301	atomwise.outnet.0.linear.bias	1.2536	run_hybrid_q_sB_d7500	hybrid_q	B	7500	0.001
301	atomwise.outnet.0.linear.weight	0.93209	run_hybrid_q_sB_d7500	hybrid_q	B	7500	0.001
301	atomwise.outnet.1.linear.bias	1.4899	run_hybrid_q_sB_d7500	hybrid_q	B	7500	0.001
301	atomwise.outnet.1.linear.weight	1.1487	run_hybrid_q_sB_d7500	hybrid_q	B	7500	0.001
301	atomwise.outnet.2.linear.bias	3.637	run_hybrid_q_sB_d7500	hybrid_q	B	7500	0.001
301	atomwise.outnet.2.linear.weight	2.1247	run_hybrid_q_sB_d7500	hybrid_q	B	7500	0.001
401	atomwise.linear_nn.linear.bias	10.057	run_hybrid_q_sB_d7500	hybrid_q	B	7500	0.001
401	atomwise.linear_nn.linear.weight	8.9338	run_hybrid_q_sB_d7500	hybrid_q	B	7500	0.001
401	atomwise.outnet.0.linear.bias	3.3585	run_hybrid_q_sB_d7500	hybrid_q	B	7500	0.001
401	atomwise.outnet.0.linear.weight	2.879	run_hybrid_q_sB_d7500	hybrid_q	B	7500	0.001
401	atomwise.outnet.1.linear.bias	4.346	run_hybrid_q_sB_d7500	hybrid_q	B	7500	0.001
401	atomwise.outnet.1.linear.weight	5.248	run_hybrid_q_sB_d7500	hybrid_q	B	7500	0.001
401	atomwise.outnet.2.linear.bias	10.057	run_hybrid_q_sB_d7500	hybrid_q	B	7500	0.001
401	atomwise.outnet.2.linear.weight	9.5829	run_hybrid_q_sB_d7500	hybrid_q	B	7500	0.001
501	atomwise.linear_nn.linear.bias	1.3512	run_hybrid_q_sB_d7500	hybrid_q	B	7500	0.001
501	atomwise.linear_nn.linear.weight	1.3243	run_hybrid_q_sB_d7500	hybrid_q	B	7500	0.001
501	atomwise.outnet.0.linear.bias	0.41355	run_hybrid_q_sB_d7500	hybrid_q	B	7500	0.001
501	atomwise.outnet.0.linear.weight	0.38231	run_hybrid_q_sB_d7500	hybrid_q	B	7500	0.001
501	atomwise.outnet.1.linear.bias	0.55926	run_hybrid_q_sB_d7500	hybrid_q	B	7500	0.001
501	atomwise.outnet.1.linear.weight	0.58822	run_hybrid_q_sB_d7500	hybrid_q	B	7500	0.001
501	atomwise.outnet.2.linear.bias	1.3512	run_hybrid_q_sB_d7500	hybrid_q	B	7500	0.001
501	atomwise.outnet.2.linear.weight	1.1262	run_hybrid_q_sB_d7500	hybrid_q	B	7500	0.001
601	atomwise.linear_nn.linear.bias	11.648	run_hybrid_q_sB_d7500	hybrid_q	B	7500	0.001
601	atomwise.linear_nn.linear.weight	10.605	run_hybrid_q_sB_d7500	hybrid_q	B	7500	0.001
601	atomwise.outnet.0.linear.bias	3.4313	run_hybrid_q_sB_d7500	hybrid_q	B	7500	0.001
601	atomwise.outnet.0.linear.weight	3.0696	run_hybrid_q_sB_d7500	hybrid_q	B	7500	0.001
601	atomwise.outnet.1.linear.bias	4.6718	run_hybrid_q_sB_d7500	hybrid_q	B	7500	0.001
601	atomwise.outnet.1.linear.weight	4.601	run_hybrid_q_sB_d7500	hybrid_q	B	7500	0.001
601	atomwise.outnet.2.linear.bias	11.648	run_hybrid_q_sB_d7500	hybrid_q	B	7500	0.001
601	atomwise.outnet.2.linear.weight	8.6452	run_hybrid_q_sB_d7500	hybrid_q	B	7500	0.001
701	atomwise.linear_nn.linear.bias	4.4584	run_hybrid_q_sB_d7500	hybrid_q	B	7500	0.001
701	atomwise.linear_nn.linear.weight	5.7673	run_hybrid_q_sB_d7500	hybrid_q	B	7500	0.001
701	atomwise.outnet.0.linear.bias	1.3992	run_hybrid_q_sB_d7500	hybrid_q	B	7500	0.001
701	atomwise.outnet.0.linear.weight	1.7445	run_hybrid_q_sB_d7500	hybrid_q	B	7500	0.001
701	atomwise.outnet.1.linear.bias	1.8963	run_hybrid_q_sB_d7500	hybrid_q	B	7500	0.001
701	atomwise.outnet.1.linear.weight	2.3579	run_hybrid_q_sB_d7500	hybrid_q	B	7500	0.001
701	atomwise.outnet.2.linear.bias	4.4584	run_hybrid_q_sB_d7500	hybrid_q	B	7500	0.001
701	atomwise.outnet.2.linear.weight	4.3195	run_hybrid_q_sB_d7500	hybrid_q	B	7500	0.001
801	atomwise.linear_nn.linear.bias	15.502	run_hybrid_q_sB_d7500	hybrid_q	B	7500	0.001
801	atomwise.linear_nn.linear.weight	16.129	run_hybrid_q_sB_d7500	hybrid_q	B	7500	0.001
801	atomwise.outnet.0.linear.bias	4.7826	run_hybrid_q_sB_d7500	hybrid_q	B	7500	0.001
801	atomwise.outnet.0.linear.weight	5.1469	run_hybrid_q_sB_d7500	hybrid_q	B	7500	0.001
801	atomwise.outnet.1.linear.bias	6.2537	run_hybrid_q_sB_d7500	hybrid_q	B	7500	0.001
801	atomwise.outnet.1.linear.weight	6.1086	run_hybrid_q_sB_d7500	hybrid_q	B	7500	0.001
801	atomwise.outnet.2.linear.bias	15.502	run_hybrid_q_sB_d7500	hybrid_q	B	7500	0.001
801	atomwise.outnet.2.linear.weight	11.236	run_hybrid_q_sB_d7500	hybrid_q	B	7500	0.001
901	atomwise.linear_nn.linear.bias	0.67657	run_hybrid_q_sB_d7500	hybrid_q	B	7500	0.001
901	atomwise.linear_nn.linear.weight	5.4834	run_hybrid_q_sB_d7500	hybrid_q	B	7500	0.001
901	atomwise.outnet.0.linear.bias	0.65433	run_hybrid_q_sB_d7500	hybrid_q	B	7500	0.001
901	atomwise.outnet.0.linear.weight	1.9695	run_hybrid_q_sB_d7500	hybrid_q	B	7500	0.001
901	atomwise.outnet.1.linear.bias	0.91474	run_hybrid_q_sB_d7500	hybrid_q	B	7500	0.001
901	atomwise.outnet.1.linear.weight	2.2631	run_hybrid_q_sB_d7500	hybrid_q	B	7500	0.001
901	atomwise.outnet.2.linear.bias	0.67657	run_hybrid_q_sB_d7500	hybrid_q	B	7500	0.001
901	atomwise.outnet.2.linear.weight	4.0852	run_hybrid_q_sB_d7500	hybrid_q	B	7500	0.001
1001	atomwise.linear_nn.linear.bias	9.3482	run_hybrid_q_sB_d7500	hybrid_q	B	7500	0.001
1001	atomwise.linear_nn.linear.weight	13.731	run_hybrid_q_sB_d7500	hybrid_q	B	7500	0.001
1001	atomwise.outnet.0.linear.bias	3.3146	run_hybrid_q_sB_d7500	hybrid_q	B	7500	0.001
1001	atomwise.outnet.0.linear.weight	4.9156	run_hybrid_q_sB_d7500	hybrid_q	B	7500	0.001
1001	atomwise.outnet.1.linear.bias	3.8526	run_hybrid_q_sB_d7500	hybrid_q	B	7500	0.001
1001	atomwise.outnet.1.linear.weight	3.6384	run_hybrid_q_sB_d7500	hybrid_q	B	7500	0.001
1001	atomwise.outnet.2.linear.bias	9.3482	run_hybrid_q_sB_d7500	hybrid_q	B	7500	0.001
1001	atomwise.outnet.2.linear.weight	6.0871	run_hybrid_q_sB_d7500	hybrid_q	B	7500	0.001
1101	atomwise.linear_nn.linear.bias	5.9697	run_hybrid_q_sB_d7500	hybrid_q	B	7500	0.001
1101	atomwise.linear_nn.linear.weight	6.3153	run_hybrid_q_sB_d7500	hybrid_q	B	7500	0.001
1101	atomwise.outnet.0.linear.bias	2.2435	run_hybrid_q_sB_d7500	hybrid_q	B	7500	0.001
1101	atomwise.outnet.0.linear.weight	2.4023	run_hybrid_q_sB_d7500	hybrid_q	B	7500	0.001
1101	atomwise.outnet.1.linear.bias	2.4127	run_hybrid_q_sB_d7500	hybrid_q	B	7500	0.001
1101	atomwise.outnet.1.linear.weight	1.6308	run_hybrid_q_sB_d7500	hybrid_q	B	7500	0.001
1101	atomwise.outnet.2.linear.bias	5.9697	run_hybrid_q_sB_d7500	hybrid_q	B	7500	0.001
1101	atomwise.outnet.2.linear.weight	2.4199	run_hybrid_q_sB_d7500	hybrid_q	B	7500	0.001
1201	atomwise.linear_nn.linear.bias	9.5418	run_hybrid_q_sB_d7500	hybrid_q	B	7500	0.001
1201	atomwise.linear_nn.linear.weight	17.328	run_hybrid_q_sB_d7500	hybrid_q	B	7500	0.001
1201	atomwise.outnet.0.linear.bias	3.634	run_hybrid_q_sB_d7500	hybrid_q	B	7500	0.001
1201	atomwise.outnet.0.linear.weight	6.8115	run_hybrid_q_sB_d7500	hybrid_q	B	7500	0.001
1201	atomwise.outnet.1.linear.bias	4.1578	run_hybrid_q_sB_d7500	hybrid_q	B	7500	0.001
1201	atomwise.outnet.1.linear.weight	4.779	run_hybrid_q_sB_d7500	hybrid_q	B	7500	0.001
1201	atomwise.outnet.2.linear.bias	9.5418	run_hybrid_q_sB_d7500	hybrid_q	B	7500	0.001
1201	atomwise.outnet.2.linear.weight	8.2709	run_hybrid_q_sB_d7500	hybrid_q	B	7500	0.001
1301	atomwise.linear_nn.linear.bias	3.3467	run_hybrid_q_sB_d7500	hybrid_q	B	7500	0.001
1301	atomwise.linear_nn.linear.weight	9.5546	run_hybrid_q_sB_d7500	hybrid_q	B	7500	0.001
1301	atomwise.outnet.0.linear.bias	1.3092	run_hybrid_q_sB_d7500	hybrid_q	B	7500	0.001
1301	atomwise.outnet.0.linear.weight	3.7777	run_hybrid_q_sB_d7500	hybrid_q	B	7500	0.001
1301	atomwise.outnet.1.linear.bias	1.8872	run_hybrid_q_sB_d7500	hybrid_q	B	7500	0.001
1301	atomwise.outnet.1.linear.weight	3.1331	run_hybrid_q_sB_d7500	hybrid_q	B	7500	0.001
1301	atomwise.outnet.2.linear.bias	3.3467	run_hybrid_q_sB_d7500	hybrid_q	B	7500	0.001
1301	atomwise.outnet.2.linear.weight	6.5487	run_hybrid_q_sB_d7500	hybrid_q	B	7500	0.001
1401	atomwise.linear_nn.linear.bias	5.4102	run_hybrid_q_sB_d7500	hybrid_q	B	7500	0.001
1401	atomwise.linear_nn.linear.weight	16.117	run_hybrid_q_sB_d7500	hybrid_q	B	7500	0.001
1401	atomwise.outnet.0.linear.bias	2.0388	run_hybrid_q_sB_d7500	hybrid_q	B	7500	0.001
1401	atomwise.outnet.0.linear.weight	6.5259	run_hybrid_q_sB_d7500	hybrid_q	B	7500	0.001
1401	atomwise.outnet.1.linear.bias	3.0785	run_hybrid_q_sB_d7500	hybrid_q	B	7500	0.001
1401	atomwise.outnet.1.linear.weight	5.3592	run_hybrid_q_sB_d7500	hybrid_q	B	7500	0.001
1401	atomwise.outnet.2.linear.bias	5.4102	run_hybrid_q_sB_d7500	hybrid_q	B	7500	0.001
1401	atomwise.outnet.2.linear.weight	11.109	run_hybrid_q_sB_d7500	hybrid_q	B	7500	0.001
1501	atomwise.linear_nn.linear.bias	4.8771	run_hybrid_q_sB_d7500	hybrid_q	B	7500	0.001
1501	atomwise.linear_nn.linear.weight	4.0305	run_hybrid_q_sB_d7500	hybrid_q	B	7500	0.001
1501	atomwise.outnet.0.linear.bias	2.0475	run_hybrid_q_sB_d7500	hybrid_q	B	7500	0.001
1501	atomwise.outnet.0.linear.weight	1.7762	run_hybrid_q_sB_d7500	hybrid_q	B	7500	0.001
1501	atomwise.outnet.1.linear.bias	2.0182	run_hybrid_q_sB_d7500	hybrid_q	B	7500	0.001
1501	atomwise.outnet.1.linear.weight	0.59742	run_hybrid_q_sB_d7500	hybrid_q	B	7500	0.001
1501	atomwise.outnet.2.linear.bias	4.8771	run_hybrid_q_sB_d7500	hybrid_q	B	7500	0.001
1501	atomwise.outnet.2.linear.weight	1.1321	run_hybrid_q_sB_d7500	hybrid_q	B	7500	0.001
1601	atomwise.linear_nn.linear.bias	5.7205	run_hybrid_q_sB_d7500	hybrid_q	B	7500	0.001
1601	atomwise.linear_nn.linear.weight	19.286	run_hybrid_q_sB_d7500	hybrid_q	B	7500	0.001
1601	atomwise.outnet.0.linear.bias	2.4039	run_hybrid_q_sB_d7500	hybrid_q	B	7500	0.001
1601	atomwise.outnet.0.linear.weight	7.683	run_hybrid_q_sB_d7500	hybrid_q	B	7500	0.001
1601	atomwise.outnet.1.linear.bias	3.7281	run_hybrid_q_sB_d7500	hybrid_q	B	7500	0.001
1601	atomwise.outnet.1.linear.weight	6.8323	run_hybrid_q_sB_d7500	hybrid_q	B	7500	0.001
1601	atomwise.outnet.2.linear.bias	5.7205	run_hybrid_q_sB_d7500	hybrid_q	B	7500	0.001
1601	atomwise.outnet.2.linear.weight	14.635	run_hybrid_q_sB_d7500	hybrid_q	B	7500	0.001
1701	atomwise.linear_nn.linear.bias	4.018	run_hybrid_q_sB_d7500	hybrid_q	B	7500	0.001
1701	atomwise.linear_nn.linear.weight	9.5355	run_hybrid_q_sB_d7500	hybrid_q	B	7500	0.001
1701	atomwise.outnet.0.linear.bias	1.1688	run_hybrid_q_sB_d7500	hybrid_q	B	7500	0.001
1701	atomwise.outnet.0.linear.weight	3.6079	run_hybrid_q_sB_d7500	hybrid_q	B	7500	0.001
1701	atomwise.outnet.1.linear.bias	1.9102	run_hybrid_q_sB_d7500	hybrid_q	B	7500	0.001
1701	atomwise.outnet.1.linear.weight	2.8387	run_hybrid_q_sB_d7500	hybrid_q	B	7500	0.001
1701	atomwise.outnet.2.linear.bias	4.018	run_hybrid_q_sB_d7500	hybrid_q	B	7500	0.001
1701	atomwise.outnet.2.linear.weight	6.1274	run_hybrid_q_sB_d7500	hybrid_q	B	7500	0.001
1801	atomwise.linear_nn.linear.bias	0.7258	run_hybrid_q_sB_d7500	hybrid_q	B	7500	0.001
1801	atomwise.linear_nn.linear.weight	5.3838	run_hybrid_q_sB_d7500	hybrid_q	B	7500	0.001
1801	atomwise.outnet.0.linear.bias	0.77565	run_hybrid_q_sB_d7500	hybrid_q	B	7500	0.001
1801	atomwise.outnet.0.linear.weight	2.096	run_hybrid_q_sB_d7500	hybrid_q	B	7500	0.001
1801	atomwise.outnet.1.linear.bias	0.91415	run_hybrid_q_sB_d7500	hybrid_q	B	7500	0.001
1801	atomwise.outnet.1.linear.weight	1.8197	run_hybrid_q_sB_d7500	hybrid_q	B	7500	0.001
1801	atomwise.outnet.2.linear.bias	0.7258	run_hybrid_q_sB_d7500	hybrid_q	B	7500	0.001
1801	atomwise.outnet.2.linear.weight	3.946	run_hybrid_q_sB_d7500	hybrid_q	B	7500	0.001
1901	atomwise.linear_nn.linear.bias	3.6264	run_hybrid_q_sB_d7500	hybrid_q	B	7500	0.001
1901	atomwise.linear_nn.linear.weight	9.1964	run_hybrid_q_sB_d7500	hybrid_q	B	7500	0.001
1901	atomwise.outnet.0.linear.bias	1.118	run_hybrid_q_sB_d7500	hybrid_q	B	7500	0.001
1901	atomwise.outnet.0.linear.weight	3.6925	run_hybrid_q_sB_d7500	hybrid_q	B	7500	0.001
1901	atomwise.outnet.1.linear.bias	1.8643	run_hybrid_q_sB_d7500	hybrid_q	B	7500	0.001
1901	atomwise.outnet.1.linear.weight	3.0646	run_hybrid_q_sB_d7500	hybrid_q	B	7500	0.001
1901	atomwise.outnet.2.linear.bias	3.6264	run_hybrid_q_sB_d7500	hybrid_q	B	7500	0.001
1901	atomwise.outnet.2.linear.weight	6.5878	run_hybrid_q_sB_d7500	hybrid_q	B	7500	0.001
2001	atomwise.linear_nn.linear.bias	4.4574	run_hybrid_q_sB_d7500	hybrid_q	B	7500	0.001
2001	atomwise.linear_nn.linear.weight	26.19	run_hybrid_q_sB_d7500	hybrid_q	B	7500	0.001
2001	atomwise.outnet.0.linear.bias	5.3869	run_hybrid_q_sB_d7500	hybrid_q	B	7500	0.001
2001	atomwise.outnet.0.linear.weight	11.056	run_hybrid_q_sB_d7500	hybrid_q	B	7500	0.001
2001	atomwise.outnet.1.linear.bias	6.086	run_hybrid_q_sB_d7500	hybrid_q	B	7500	0.001
2001	atomwise.outnet.1.linear.weight	11.888	run_hybrid_q_sB_d7500	hybrid_q	B	7500	0.001
2001	atomwise.outnet.2.linear.bias	4.4574	run_hybrid_q_sB_d7500	hybrid_q	B	7500	0.001
2001	atomwise.outnet.2.linear.weight	28.186	run_hybrid_q_sB_d7500	hybrid_q	B	7500	0.001
2101	atomwise.linear_nn.linear.bias	4.8363	run_hybrid_q_sB_d7500	hybrid_q	B	7500	0.001
2101	atomwise.linear_nn.linear.weight	33.293	run_hybrid_q_sB_d7500	hybrid_q	B	7500	0.001
2101	atomwise.outnet.0.linear.bias	6.926	run_hybrid_q_sB_d7500	hybrid_q	B	7500	0.001
2101	atomwise.outnet.0.linear.weight	13.39	run_hybrid_q_sB_d7500	hybrid_q	B	7500	0.001
2101	atomwise.outnet.1.linear.bias	7.6501	run_hybrid_q_sB_d7500	hybrid_q	B	7500	0.001
2101	atomwise.outnet.1.linear.weight	15.045	run_hybrid_q_sB_d7500	hybrid_q	B	7500	0.001
2101	atomwise.outnet.2.linear.bias	4.8363	run_hybrid_q_sB_d7500	hybrid_q	B	7500	0.001
2101	atomwise.outnet.2.linear.weight	34.783	run_hybrid_q_sB_d7500	hybrid_q	B	7500	0.001
2201	atomwise.linear_nn.linear.bias	0.46217	run_hybrid_q_sB_d7500	hybrid_q	B	7500	0.001
2201	atomwise.linear_nn.linear.weight	5.0586	run_hybrid_q_sB_d7500	hybrid_q	B	7500	0.001
2201	atomwise.outnet.0.linear.bias	1.1801	run_hybrid_q_sB_d7500	hybrid_q	B	7500	0.001
2201	atomwise.outnet.0.linear.weight	2.1218	run_hybrid_q_sB_d7500	hybrid_q	B	7500	0.001
2201	atomwise.outnet.1.linear.bias	1.1727	run_hybrid_q_sB_d7500	hybrid_q	B	7500	0.001
2201	atomwise.outnet.1.linear.weight	2.2751	run_hybrid_q_sB_d7500	hybrid_q	B	7500	0.001
2201	atomwise.outnet.2.linear.bias	0.46217	run_hybrid_q_sB_d7500	hybrid_q	B	7500	0.001
2201	atomwise.outnet.2.linear.weight	5.5479	run_hybrid_q_sB_d7500	hybrid_q	B	7500	0.001
2301	atomwise.linear_nn.linear.bias	1.4798	run_hybrid_q_sB_d7500	hybrid_q	B	7500	0.001
2301	atomwise.linear_nn.linear.weight	13.869	run_hybrid_q_sB_d7500	hybrid_q	B	7500	0.001
2301	atomwise.outnet.0.linear.bias	3.4983	run_hybrid_q_sB_d7500	hybrid_q	B	7500	0.001
2301	atomwise.outnet.0.linear.weight	6.2633	run_hybrid_q_sB_d7500	hybrid_q	B	7500	0.001
2301	atomwise.outnet.1.linear.bias	3.5667	run_hybrid_q_sB_d7500	hybrid_q	B	7500	0.001
2301	atomwise.outnet.1.linear.weight	7.0865	run_hybrid_q_sB_d7500	hybrid_q	B	7500	0.001
2301	atomwise.outnet.2.linear.bias	1.4798	run_hybrid_q_sB_d7500	hybrid_q	B	7500	0.001
2301	atomwise.outnet.2.linear.weight	16.911	run_hybrid_q_sB_d7500	hybrid_q	B	7500	0.001
2401	atomwise.linear_nn.linear.bias	1.4688	run_hybrid_q_sB_d7500	hybrid_q	B	7500	0.001
2401	atomwise.linear_nn.linear.weight	4.8344	run_hybrid_q_sB_d7500	hybrid_q	B	7500	0.001
2401	atomwise.outnet.0.linear.bias	2.1421	run_hybrid_q_sB_d7500	hybrid_q	B	7500	0.001
2401	atomwise.outnet.0.linear.weight	2.7483	run_hybrid_q_sB_d7500	hybrid_q	B	7500	0.001
2401	atomwise.outnet.1.linear.bias	1.8387	run_hybrid_q_sB_d7500	hybrid_q	B	7500	0.001
2401	atomwise.outnet.1.linear.weight	3.0712	run_hybrid_q_sB_d7500	hybrid_q	B	7500	0.001
2401	atomwise.outnet.2.linear.bias	1.4688	run_hybrid_q_sB_d7500	hybrid_q	B	7500	0.001
2401	atomwise.outnet.2.linear.weight	7.4847	run_hybrid_q_sB_d7500	hybrid_q	B	7500	0.001
2501	atomwise.linear_nn.linear.bias	1.9158	run_hybrid_q_sB_d7500	hybrid_q	B	7500	0.001
2501	atomwise.linear_nn.linear.weight	2.9028	run_hybrid_q_sB_d7500	hybrid_q	B	7500	0.001
2501	atomwise.outnet.0.linear.bias	0.51665	run_hybrid_q_sB_d7500	hybrid_q	B	7500	0.001
2501	atomwise.outnet.0.linear.weight	1.1867	run_hybrid_q_sB_d7500	hybrid_q	B	7500	0.001
2501	atomwise.outnet.1.linear.bias	0.9006	run_hybrid_q_sB_d7500	hybrid_q	B	7500	0.001
2501	atomwise.outnet.1.linear.weight	1.2584	run_hybrid_q_sB_d7500	hybrid_q	B	7500	0.001
2501	atomwise.outnet.2.linear.bias	1.9158	run_hybrid_q_sB_d7500	hybrid_q	B	7500	0.001
2501	atomwise.outnet.2.linear.weight	2.5054	run_hybrid_q_sB_d7500	hybrid_q	B	7500	0.001
2601	atomwise.linear_nn.linear.bias	0.29105	run_hybrid_q_sB_d7500	hybrid_q	B	7500	0.001
2601	atomwise.linear_nn.linear.weight	2.317	run_hybrid_q_sB_d7500	hybrid_q	B	7500	0.001
2601	atomwise.outnet.0.linear.bias	0.2647	run_hybrid_q_sB_d7500	hybrid_q	B	7500	0.001
2601	atomwise.outnet.0.linear.weight	1.4252	run_hybrid_q_sB_d7500	hybrid_q	B	7500	0.001
2601	atomwise.outnet.1.linear.bias	0.18027	run_hybrid_q_sB_d7500	hybrid_q	B	7500	0.001
2601	atomwise.outnet.1.linear.weight	0.3592	run_hybrid_q_sB_d7500	hybrid_q	B	7500	0.001
2601	atomwise.outnet.2.linear.bias	0.29105	run_hybrid_q_sB_d7500	hybrid_q	B	7500	0.001
2601	atomwise.outnet.2.linear.weight	0.50405	run_hybrid_q_sB_d7500	hybrid_q	B	7500	0.001
2701	atomwise.linear_nn.linear.bias	9.3643	run_hybrid_q_sB_d7500	hybrid_q	B	7500	0.001
2701	atomwise.linear_nn.linear.weight	45.062	run_hybrid_q_sB_d7500	hybrid_q	B	7500	0.001
2701	atomwise.outnet.0.linear.bias	8.3706	run_hybrid_q_sB_d7500	hybrid_q	B	7500	0.001
2701	atomwise.outnet.0.linear.weight	18.918	run_hybrid_q_sB_d7500	hybrid_q	B	7500	0.001
2701	atomwise.outnet.1.linear.bias	10.111	run_hybrid_q_sB_d7500	hybrid_q	B	7500	0.001
2701	atomwise.outnet.1.linear.weight	19.813	run_hybrid_q_sB_d7500	hybrid_q	B	7500	0.001
2701	atomwise.outnet.2.linear.bias	9.3643	run_hybrid_q_sB_d7500	hybrid_q	B	7500	0.001
2701	atomwise.outnet.2.linear.weight	45.521	run_hybrid_q_sB_d7500	hybrid_q	B	7500	0.001
2801	atomwise.linear_nn.linear.bias	0.59838	run_hybrid_q_sB_d7500	hybrid_q	B	7500	0.001
2801	atomwise.linear_nn.linear.weight	11.406	run_hybrid_q_sB_d7500	hybrid_q	B	7500	0.001
2801	atomwise.outnet.0.linear.bias	3.2866	run_hybrid_q_sB_d7500	hybrid_q	B	7500	0.001
2801	atomwise.outnet.0.linear.weight	5.0499	run_hybrid_q_sB_d7500	hybrid_q	B	7500	0.001
2801	atomwise.outnet.1.linear.bias	3.0836	run_hybrid_q_sB_d7500	hybrid_q	B	7500	0.001
2801	atomwise.outnet.1.linear.weight	5.6889	run_hybrid_q_sB_d7500	hybrid_q	B	7500	0.001
2801	atomwise.outnet.2.linear.bias	0.59838	run_hybrid_q_sB_d7500	hybrid_q	B	7500	0.001
2801	atomwise.outnet.2.linear.weight	14.612	run_hybrid_q_sB_d7500	hybrid_q	B	7500	0.001
2901	atomwise.linear_nn.linear.bias	4.1797	run_hybrid_q_sB_d7500	hybrid_q	B	7500	0.001
2901	atomwise.linear_nn.linear.weight	33.346	run_hybrid_q_sB_d7500	hybrid_q	B	7500	0.001
2901	atomwise.outnet.0.linear.bias	8.7768	run_hybrid_q_sB_d7500	hybrid_q	B	7500	0.001
2901	atomwise.outnet.0.linear.weight	15.443	run_hybrid_q_sB_d7500	hybrid_q	B	7500	0.001
2901	atomwise.outnet.1.linear.bias	8.9433	run_hybrid_q_sB_d7500	hybrid_q	B	7500	0.001
2901	atomwise.outnet.1.linear.weight	17.105	run_hybrid_q_sB_d7500	hybrid_q	B	7500	0.001
2901	atomwise.outnet.2.linear.bias	4.1797	run_hybrid_q_sB_d7500	hybrid_q	B	7500	0.001
2901	atomwise.outnet.2.linear.weight	42.174	run_hybrid_q_sB_d7500	hybrid_q	B	7500	0.001
3001	atomwise.linear_nn.linear.bias	0.15761	run_hybrid_q_sB_d7500	hybrid_q	B	7500	0.001
3001	atomwise.linear_nn.linear.weight	3.5798	run_hybrid_q_sB_d7500	hybrid_q	B	7500	0.001
3001	atomwise.outnet.0.linear.bias	1.1266	run_hybrid_q_sB_d7500	hybrid_q	B	7500	0.001
3001	atomwise.outnet.0.linear.weight	1.7394	run_hybrid_q_sB_d7500	hybrid_q	B	7500	0.001
3001	atomwise.outnet.1.linear.bias	1.0952	run_hybrid_q_sB_d7500	hybrid_q	B	7500	0.001
3001	atomwise.outnet.1.linear.weight	2.1009	run_hybrid_q_sB_d7500	hybrid_q	B	7500	0.001
3001	atomwise.outnet.2.linear.bias	0.15761	run_hybrid_q_sB_d7500	hybrid_q	B	7500	0.001
3001	atomwise.outnet.2.linear.weight	4.9794	run_hybrid_q_sB_d7500	hybrid_q	B	7500	0.001
3101	atomwise.linear_nn.linear.bias	4.6841	run_hybrid_q_sB_d7500	hybrid_q	B	7500	0.001
3101	atomwise.linear_nn.linear.weight	18.527	run_hybrid_q_sB_d7500	hybrid_q	B	7500	0.001
3101	atomwise.outnet.0.linear.bias	3.2627	run_hybrid_q_sB_d7500	hybrid_q	B	7500	0.001
3101	atomwise.outnet.0.linear.weight	8.4305	run_hybrid_q_sB_d7500	hybrid_q	B	7500	0.001
3101	atomwise.outnet.1.linear.bias	4.1769	run_hybrid_q_sB_d7500	hybrid_q	B	7500	0.001
3101	atomwise.outnet.1.linear.weight	7.9587	run_hybrid_q_sB_d7500	hybrid_q	B	7500	0.001
3101	atomwise.outnet.2.linear.bias	4.6841	run_hybrid_q_sB_d7500	hybrid_q	B	7500	0.001
3101	atomwise.outnet.2.linear.weight	18.877	run_hybrid_q_sB_d7500	hybrid_q	B	7500	0.001
3201	atomwise.linear_nn.linear.bias	1.714	run_hybrid_q_sB_d7500	hybrid_q	B	7500	0.001
3201	atomwise.linear_nn.linear.weight	1.7853	run_hybrid_q_sB_d7500	hybrid_q	B	7500	0.001
3201	atomwise.outnet.0.linear.bias	1.3536	run_hybrid_q_sB_d7500	hybrid_q	B	7500	0.001
3201	atomwise.outnet.0.linear.weight	1.1864	run_hybrid_q_sB_d7500	hybrid_q	B	7500	0.001
3201	atomwise.outnet.1.linear.bias	1.0812	run_hybrid_q_sB_d7500	hybrid_q	B	7500	0.001
3201	atomwise.outnet.1.linear.weight	1.2199	run_hybrid_q_sB_d7500	hybrid_q	B	7500	0.001
3201	atomwise.outnet.2.linear.bias	1.714	run_hybrid_q_sB_d7500	hybrid_q	B	7500	0.001
3201	atomwise.outnet.2.linear.weight	3.1181	run_hybrid_q_sB_d7500	hybrid_q	B	7500	0.001
3301	atomwise.linear_nn.linear.bias	1.1207	run_hybrid_q_sB_d7500	hybrid_q	B	7500	0.001
3301	atomwise.linear_nn.linear.weight	3.8804	run_hybrid_q_sB_d7500	hybrid_q	B	7500	0.001
3301	atomwise.outnet.0.linear.bias	0.68859	run_hybrid_q_sB_d7500	hybrid_q	B	7500	0.001
3301	atomwise.outnet.0.linear.weight	1.8122	run_hybrid_q_sB_d7500	hybrid_q	B	7500	0.001
3301	atomwise.outnet.1.linear.bias	1.0048	run_hybrid_q_sB_d7500	hybrid_q	B	7500	0.001
3301	atomwise.outnet.1.linear.weight	2.2231	run_hybrid_q_sB_d7500	hybrid_q	B	7500	0.001
3301	atomwise.outnet.2.linear.bias	1.1207	run_hybrid_q_sB_d7500	hybrid_q	B	7500	0.001
3301	atomwise.outnet.2.linear.weight	4.2572	run_hybrid_q_sB_d7500	hybrid_q	B	7500	0.001
3401	atomwise.linear_nn.linear.bias	5.5936	run_hybrid_q_sB_d7500	hybrid_q	B	7500	0.001
3401	atomwise.linear_nn.linear.weight	30.503	run_hybrid_q_sB_d7500	hybrid_q	B	7500	0.001
3401	atomwise.outnet.0.linear.bias	7.0961	run_hybrid_q_sB_d7500	hybrid_q	B	7500	0.001
3401	atomwise.outnet.0.linear.weight	13.893	run_hybrid_q_sB_d7500	hybrid_q	B	7500	0.001
3401	atomwise.outnet.1.linear.bias	8.0759	run_hybrid_q_sB_d7500	hybrid_q	B	7500	0.001
3401	atomwise.outnet.1.linear.weight	15.799	run_hybrid_q_sB_d7500	hybrid_q	B	7500	0.001
3401	atomwise.outnet.2.linear.bias	5.5936	run_hybrid_q_sB_d7500	hybrid_q	B	7500	0.001
3401	atomwise.outnet.2.linear.weight	37.707	run_hybrid_q_sB_d7500	hybrid_q	B	7500	0.001
3501	atomwise.linear_nn.linear.bias	1.2663	run_hybrid_q_sB_d7500	hybrid_q	B	7500	0.001
3501	atomwise.linear_nn.linear.weight	6.0053	run_hybrid_q_sB_d7500	hybrid_q	B	7500	0.001
3501	atomwise.outnet.0.linear.bias	1.3266	run_hybrid_q_sB_d7500	hybrid_q	B	7500	0.001
3501	atomwise.outnet.0.linear.weight	2.7388	run_hybrid_q_sB_d7500	hybrid_q	B	7500	0.001
3501	atomwise.outnet.1.linear.bias	1.5935	run_hybrid_q_sB_d7500	hybrid_q	B	7500	0.001
3501	atomwise.outnet.1.linear.weight	3.2385	run_hybrid_q_sB_d7500	hybrid_q	B	7500	0.001
3501	atomwise.outnet.2.linear.bias	1.2663	run_hybrid_q_sB_d7500	hybrid_q	B	7500	0.001
3501	atomwise.outnet.2.linear.weight	7.7376	run_hybrid_q_sB_d7500	hybrid_q	B	7500	0.001
3601	atomwise.linear_nn.linear.bias	1.7377	run_hybrid_q_sB_d7500	hybrid_q	B	7500	0.001
3601	atomwise.linear_nn.linear.weight	9.4764	run_hybrid_q_sB_d7500	hybrid_q	B	7500	0.001
3601	atomwise.outnet.0.linear.bias	1.6736	run_hybrid_q_sB_d7500	hybrid_q	B	7500	0.001
3601	atomwise.outnet.0.linear.weight	4.2465	run_hybrid_q_sB_d7500	hybrid_q	B	7500	0.001
3601	atomwise.outnet.1.linear.bias	1.9983	run_hybrid_q_sB_d7500	hybrid_q	B	7500	0.001
3601	atomwise.outnet.1.linear.weight	4.1035	run_hybrid_q_sB_d7500	hybrid_q	B	7500	0.001
3601	atomwise.outnet.2.linear.bias	1.7377	run_hybrid_q_sB_d7500	hybrid_q	B	7500	0.001
3601	atomwise.outnet.2.linear.weight	8.7039	run_hybrid_q_sB_d7500	hybrid_q	B	7500	0.001
3701	atomwise.linear_nn.linear.bias	2.5299	run_hybrid_q_sB_d7500	hybrid_q	B	7500	0.001
3701	atomwise.linear_nn.linear.weight	9.1995	run_hybrid_q_sB_d7500	hybrid_q	B	7500	0.001
3701	atomwise.outnet.0.linear.bias	1.8199	run_hybrid_q_sB_d7500	hybrid_q	B	7500	0.001
3701	atomwise.outnet.0.linear.weight	4.61	run_hybrid_q_sB_d7500	hybrid_q	B	7500	0.001
3701	atomwise.outnet.1.linear.bias	2.5218	run_hybrid_q_sB_d7500	hybrid_q	B	7500	0.001
3701	atomwise.outnet.1.linear.weight	5.1857	run_hybrid_q_sB_d7500	hybrid_q	B	7500	0.001
3701	atomwise.outnet.2.linear.bias	2.5299	run_hybrid_q_sB_d7500	hybrid_q	B	7500	0.001
3701	atomwise.outnet.2.linear.weight	10.826	run_hybrid_q_sB_d7500	hybrid_q	B	7500	0.001
3801	atomwise.linear_nn.linear.bias	3.305	run_hybrid_q_sB_d7500	hybrid_q	B	7500	0.001
3801	atomwise.linear_nn.linear.weight	11.893	run_hybrid_q_sB_d7500	hybrid_q	B	7500	0.001
3801	atomwise.outnet.0.linear.bias	2.321	run_hybrid_q_sB_d7500	hybrid_q	B	7500	0.001
3801	atomwise.outnet.0.linear.weight	5.6914	run_hybrid_q_sB_d7500	hybrid_q	B	7500	0.001
3801	atomwise.outnet.1.linear.bias	3.0486	run_hybrid_q_sB_d7500	hybrid_q	B	7500	0.001
3801	atomwise.outnet.1.linear.weight	5.9599	run_hybrid_q_sB_d7500	hybrid_q	B	7500	0.001
3801	atomwise.outnet.2.linear.bias	3.305	run_hybrid_q_sB_d7500	hybrid_q	B	7500	0.001
3801	atomwise.outnet.2.linear.weight	13.837	run_hybrid_q_sB_d7500	hybrid_q	B	7500	0.001
3901	atomwise.linear_nn.linear.bias	0.06978	run_hybrid_q_sB_d7500	hybrid_q	B	7500	0.001
3901	atomwise.linear_nn.linear.weight	2.6804	run_hybrid_q_sB_d7500	hybrid_q	B	7500	0.001
3901	atomwise.outnet.0.linear.bias	0.72061	run_hybrid_q_sB_d7500	hybrid_q	B	7500	0.001
3901	atomwise.outnet.0.linear.weight	1.4202	run_hybrid_q_sB_d7500	hybrid_q	B	7500	0.001
3901	atomwise.outnet.1.linear.bias	0.62439	run_hybrid_q_sB_d7500	hybrid_q	B	7500	0.001
3901	atomwise.outnet.1.linear.weight	1.1331	run_hybrid_q_sB_d7500	hybrid_q	B	7500	0.001
3901	atomwise.outnet.2.linear.bias	0.06978	run_hybrid_q_sB_d7500	hybrid_q	B	7500	0.001
3901	atomwise.outnet.2.linear.weight	3.0365	run_hybrid_q_sB_d7500	hybrid_q	B	7500	0.001
4001	atomwise.linear_nn.linear.bias	0.28661	run_hybrid_q_sB_d7500	hybrid_q	B	7500	0.001
4001	atomwise.linear_nn.linear.weight	2.9934	run_hybrid_q_sB_d7500	hybrid_q	B	7500	0.001
4001	atomwise.outnet.0.linear.bias	0.69629	run_hybrid_q_sB_d7500	hybrid_q	B	7500	0.001
4001	atomwise.outnet.0.linear.weight	2.0761	run_hybrid_q_sB_d7500	hybrid_q	B	7500	0.001
4001	atomwise.outnet.1.linear.bias	0.65751	run_hybrid_q_sB_d7500	hybrid_q	B	7500	0.001
4001	atomwise.outnet.1.linear.weight	1.4306	run_hybrid_q_sB_d7500	hybrid_q	B	7500	0.001
4001	atomwise.outnet.2.linear.bias	0.28661	run_hybrid_q_sB_d7500	hybrid_q	B	7500	0.001
4001	atomwise.outnet.2.linear.weight	3.0834	run_hybrid_q_sB_d7500	hybrid_q	B	7500	0.001
4101	atomwise.linear_nn.linear.bias	2.3862	run_hybrid_q_sB_d7500	hybrid_q	B	7500	0.001
4101	atomwise.linear_nn.linear.weight	8.1922	run_hybrid_q_sB_d7500	hybrid_q	B	7500	0.001
4101	atomwise.outnet.0.linear.bias	1.3129	run_hybrid_q_sB_d7500	hybrid_q	B	7500	0.001
4101	atomwise.outnet.0.linear.weight	3.856	run_hybrid_q_sB_d7500	hybrid_q	B	7500	0.001
4101	atomwise.outnet.1.linear.bias	1.9762	run_hybrid_q_sB_d7500	hybrid_q	B	7500	0.001
4101	atomwise.outnet.1.linear.weight	4.2553	run_hybrid_q_sB_d7500	hybrid_q	B	7500	0.001
4101	atomwise.outnet.2.linear.bias	2.3862	run_hybrid_q_sB_d7500	hybrid_q	B	7500	0.001
4101	atomwise.outnet.2.linear.weight	8.3784	run_hybrid_q_sB_d7500	hybrid_q	B	7500	0.001
4201	atomwise.linear_nn.linear.bias	2.6003	run_hybrid_q_sB_d7500	hybrid_q	B	7500	0.001
4201	atomwise.linear_nn.linear.weight	13.592	run_hybrid_q_sB_d7500	hybrid_q	B	7500	0.001
4201	atomwise.outnet.0.linear.bias	3.1068	run_hybrid_q_sB_d7500	hybrid_q	B	7500	0.001
4201	atomwise.outnet.0.linear.weight	6.3084	run_hybrid_q_sB_d7500	hybrid_q	B	7500	0.001
4201	atomwise.outnet.1.linear.bias	3.649	run_hybrid_q_sB_d7500	hybrid_q	B	7500	0.001
4201	atomwise.outnet.1.linear.weight	7.4993	run_hybrid_q_sB_d7500	hybrid_q	B	7500	0.001
4201	atomwise.outnet.2.linear.bias	2.6003	run_hybrid_q_sB_d7500	hybrid_q	B	7500	0.001
4201	atomwise.outnet.2.linear.weight	16.632	run_hybrid_q_sB_d7500	hybrid_q	B	7500	0.001
4301	atomwise.linear_nn.linear.bias	3.2192	run_hybrid_q_sB_d7500	hybrid_q	B	7500	0.001
4301	atomwise.linear_nn.linear.weight	18.423	run_hybrid_q_sB_d7500	hybrid_q	B	7500	0.001
4301	atomwise.outnet.0.linear.bias	3.3857	run_hybrid_q_sB_d7500	hybrid_q	B	7500	0.001
4301	atomwise.outnet.0.linear.weight	8.0998	run_hybrid_q_sB_d7500	hybrid_q	B	7500	0.001
4301	atomwise.outnet.1.linear.bias	3.9748	run_hybrid_q_sB_d7500	hybrid_q	B	7500	0.001
4301	atomwise.outnet.1.linear.weight	8.29	run_hybrid_q_sB_d7500	hybrid_q	B	7500	0.001
4301	atomwise.outnet.2.linear.bias	3.2192	run_hybrid_q_sB_d7500	hybrid_q	B	7500	0.001
4301	atomwise.outnet.2.linear.weight	17.355	run_hybrid_q_sB_d7500	hybrid_q	B	7500	0.001
4401	atomwise.linear_nn.linear.bias	6.1444	run_hybrid_q_sB_d7500	hybrid_q	B	7500	0.001
4401	atomwise.linear_nn.linear.weight	33.01	run_hybrid_q_sB_d7500	hybrid_q	B	7500	0.001
4401	atomwise.outnet.0.linear.bias	6.6171	run_hybrid_q_sB_d7500	hybrid_q	B	7500	0.001
4401	atomwise.outnet.0.linear.weight	15.0	run_hybrid_q_sB_d7500	hybrid_q	B	7500	0.001
4401	atomwise.outnet.1.linear.bias	7.7202	run_hybrid_q_sB_d7500	hybrid_q	B	7500	0.001
4401	atomwise.outnet.1.linear.weight	16.332	run_hybrid_q_sB_d7500	hybrid_q	B	7500	0.001
4401	atomwise.outnet.2.linear.bias	6.1444	run_hybrid_q_sB_d7500	hybrid_q	B	7500	0.001
4401	atomwise.outnet.2.linear.weight	34.64	run_hybrid_q_sB_d7500	hybrid_q	B	7500	0.001
4501	atomwise.linear_nn.linear.bias	0.42367	run_hybrid_q_sB_d7500	hybrid_q	B	7500	0.001
4501	atomwise.linear_nn.linear.weight	6.0592	run_hybrid_q_sB_d7500	hybrid_q	B	7500	0.001
4501	atomwise.outnet.0.linear.bias	1.2744	run_hybrid_q_sB_d7500	hybrid_q	B	7500	0.001
4501	atomwise.outnet.0.linear.weight	2.654	run_hybrid_q_sB_d7500	hybrid_q	B	7500	0.001
4501	atomwise.outnet.1.linear.bias	1.2603	run_hybrid_q_sB_d7500	hybrid_q	B	7500	0.001
4501	atomwise.outnet.1.linear.weight	3.0029	run_hybrid_q_sB_d7500	hybrid_q	B	7500	0.001
4501	atomwise.outnet.2.linear.bias	0.42367	run_hybrid_q_sB_d7500	hybrid_q	B	7500	0.001
4501	atomwise.outnet.2.linear.weight	5.5543	run_hybrid_q_sB_d7500	hybrid_q	B	7500	0.001
4601	atomwise.linear_nn.linear.bias	1.5002	run_hybrid_q_sB_d7500	hybrid_q	B	7500	0.001
4601	atomwise.linear_nn.linear.weight	4.9746	run_hybrid_q_sB_d7500	hybrid_q	B	7500	0.001
4601	atomwise.outnet.0.linear.bias	0.6583	run_hybrid_q_sB_d7500	hybrid_q	B	7500	0.001
4601	atomwise.outnet.0.linear.weight	2.8663	run_hybrid_q_sB_d7500	hybrid_q	B	7500	0.001
4601	atomwise.outnet.1.linear.bias	0.62243	run_hybrid_q_sB_d7500	hybrid_q	B	7500	0.001
4601	atomwise.outnet.1.linear.weight	0.70194	run_hybrid_q_sB_d7500	hybrid_q	B	7500	0.001
4601	atomwise.outnet.2.linear.bias	1.5002	run_hybrid_q_sB_d7500	hybrid_q	B	7500	0.001
4601	atomwise.outnet.2.linear.weight	0.89191	run_hybrid_q_sB_d7500	hybrid_q	B	7500	0.001
4701	atomwise.linear_nn.linear.bias	2.2155	run_hybrid_q_sB_d7500	hybrid_q	B	7500	0.001
4701	atomwise.linear_nn.linear.weight	3.9681	run_hybrid_q_sB_d7500	hybrid_q	B	7500	0.001
4701	atomwise.outnet.0.linear.bias	0.71209	run_hybrid_q_sB_d7500	hybrid_q	B	7500	0.001
4701	atomwise.outnet.0.linear.weight	2.3577	run_hybrid_q_sB_d7500	hybrid_q	B	7500	0.001
4701	atomwise.outnet.1.linear.bias	1.2799	run_hybrid_q_sB_d7500	hybrid_q	B	7500	0.001
4701	atomwise.outnet.1.linear.weight	2.479	run_hybrid_q_sB_d7500	hybrid_q	B	7500	0.001
4701	atomwise.outnet.2.linear.bias	2.2155	run_hybrid_q_sB_d7500	hybrid_q	B	7500	0.001
4701	atomwise.outnet.2.linear.weight	4.7797	run_hybrid_q_sB_d7500	hybrid_q	B	7500	0.001
4801	atomwise.linear_nn.linear.bias	5.2979	run_hybrid_q_sB_d7500	hybrid_q	B	7500	0.001
4801	atomwise.linear_nn.linear.weight	29.408	run_hybrid_q_sB_d7500	hybrid_q	B	7500	0.001
4801	atomwise.outnet.0.linear.bias	6.1593	run_hybrid_q_sB_d7500	hybrid_q	B	7500	0.001
4801	atomwise.outnet.0.linear.weight	13.791	run_hybrid_q_sB_d7500	hybrid_q	B	7500	0.001
4801	atomwise.outnet.1.linear.bias	7.1267	run_hybrid_q_sB_d7500	hybrid_q	B	7500	0.001
4801	atomwise.outnet.1.linear.weight	15.899	run_hybrid_q_sB_d7500	hybrid_q	B	7500	0.001
4801	atomwise.outnet.2.linear.bias	5.2979	run_hybrid_q_sB_d7500	hybrid_q	B	7500	0.001
4801	atomwise.outnet.2.linear.weight	32.049	run_hybrid_q_sB_d7500	hybrid_q	B	7500	0.001
4901	atomwise.linear_nn.linear.bias	7.0778	run_hybrid_q_sB_d7500	hybrid_q	B	7500	0.001
4901	atomwise.linear_nn.linear.weight	35.945	run_hybrid_q_sB_d7500	hybrid_q	B	7500	0.001
4901	atomwise.outnet.0.linear.bias	6.4989	run_hybrid_q_sB_d7500	hybrid_q	B	7500	0.001
4901	atomwise.outnet.0.linear.weight	15.856	run_hybrid_q_sB_d7500	hybrid_q	B	7500	0.001
4901	atomwise.outnet.1.linear.bias	8.0843	run_hybrid_q_sB_d7500	hybrid_q	B	7500	0.001
4901	atomwise.outnet.1.linear.weight	18.448	run_hybrid_q_sB_d7500	hybrid_q	B	7500	0.001
4901	atomwise.outnet.2.linear.bias	7.0778	run_hybrid_q_sB_d7500	hybrid_q	B	7500	0.001
4901	atomwise.outnet.2.linear.weight	35.29	run_hybrid_q_sB_d7500	hybrid_q	B	7500	0.001
5001	atomwise.linear_nn.linear.bias	0.081865	run_hybrid_q_sB_d7500	hybrid_q	B	7500	0.001
5001	atomwise.linear_nn.linear.weight	8.8501	run_hybrid_q_sB_d7500	hybrid_q	B	7500	0.001
5001	atomwise.outnet.0.linear.bias	2.9752	run_hybrid_q_sB_d7500	hybrid_q	B	7500	0.001
5001	atomwise.outnet.0.linear.weight	4.3418	run_hybrid_q_sB_d7500	hybrid_q	B	7500	0.001
5001	atomwise.outnet.1.linear.bias	2.6566	run_hybrid_q_sB_d7500	hybrid_q	B	7500	0.001
5001	atomwise.outnet.1.linear.weight	5.2509	run_hybrid_q_sB_d7500	hybrid_q	B	7500	0.001
5001	atomwise.outnet.2.linear.bias	0.081865	run_hybrid_q_sB_d7500	hybrid_q	B	7500	0.001
5001	atomwise.outnet.2.linear.weight	12.012	run_hybrid_q_sB_d7500	hybrid_q	B	7500	0.001
5101	atomwise.linear_nn.linear.bias	2.4706	run_hybrid_q_sB_d7500	hybrid_q	B	7500	0.001
5101	atomwise.linear_nn.linear.weight	24.707	run_hybrid_q_sB_d7500	hybrid_q	B	7500	0.001
5101	atomwise.outnet.0.linear.bias	6.3592	run_hybrid_q_sB_d7500	hybrid_q	B	7500	0.001
5101	atomwise.outnet.0.linear.weight	11.665	run_hybrid_q_sB_d7500	hybrid_q	B	7500	0.001
5101	atomwise.outnet.1.linear.bias	6.3137	run_hybrid_q_sB_d7500	hybrid_q	B	7500	0.001
5101	atomwise.outnet.1.linear.weight	13.882	run_hybrid_q_sB_d7500	hybrid_q	B	7500	0.001
5101	atomwise.outnet.2.linear.bias	2.4706	run_hybrid_q_sB_d7500	hybrid_q	B	7500	0.001
5101	atomwise.outnet.2.linear.weight	29.067	run_hybrid_q_sB_d7500	hybrid_q	B	7500	0.001
5201	atomwise.linear_nn.linear.bias	2.4198	run_hybrid_q_sB_d7500	hybrid_q	B	7500	0.001
5201	atomwise.linear_nn.linear.weight	4.6403	run_hybrid_q_sB_d7500	hybrid_q	B	7500	0.001
5201	atomwise.outnet.0.linear.bias	3.1539	run_hybrid_q_sB_d7500	hybrid_q	B	7500	0.001
5201	atomwise.outnet.0.linear.weight	2.6994	run_hybrid_q_sB_d7500	hybrid_q	B	7500	0.001
5201	atomwise.outnet.1.linear.bias	2.4234	run_hybrid_q_sB_d7500	hybrid_q	B	7500	0.001
5201	atomwise.outnet.1.linear.weight	3.751	run_hybrid_q_sB_d7500	hybrid_q	B	7500	0.001
5201	atomwise.outnet.2.linear.bias	2.4198	run_hybrid_q_sB_d7500	hybrid_q	B	7500	0.001
5201	atomwise.outnet.2.linear.weight	9.593	run_hybrid_q_sB_d7500	hybrid_q	B	7500	0.001
5301	atomwise.linear_nn.linear.bias	0.95916	run_hybrid_q_sB_d7500	hybrid_q	B	7500	0.001
5301	atomwise.linear_nn.linear.weight	12.908	run_hybrid_q_sB_d7500	hybrid_q	B	7500	0.001
5301	atomwise.outnet.0.linear.bias	2.9257	run_hybrid_q_sB_d7500	hybrid_q	B	7500	0.001
5301	atomwise.outnet.0.linear.weight	6.0554	run_hybrid_q_sB_d7500	hybrid_q	B	7500	0.001
5301	atomwise.outnet.1.linear.bias	2.7096	run_hybrid_q_sB_d7500	hybrid_q	B	7500	0.001
5301	atomwise.outnet.1.linear.weight	5.9959	run_hybrid_q_sB_d7500	hybrid_q	B	7500	0.001
5301	atomwise.outnet.2.linear.bias	0.95916	run_hybrid_q_sB_d7500	hybrid_q	B	7500	0.001
5301	atomwise.outnet.2.linear.weight	12.295	run_hybrid_q_sB_d7500	hybrid_q	B	7500	0.001
5401	atomwise.linear_nn.linear.bias	2.889	run_hybrid_q_sB_d7500	hybrid_q	B	7500	0.001
5401	atomwise.linear_nn.linear.weight	20.438	run_hybrid_q_sB_d7500	hybrid_q	B	7500	0.001
5401	atomwise.outnet.0.linear.bias	3.9454	run_hybrid_q_sB_d7500	hybrid_q	B	7500	0.001
5401	atomwise.outnet.0.linear.weight	9.3138	run_hybrid_q_sB_d7500	hybrid_q	B	7500	0.001
5401	atomwise.outnet.1.linear.bias	4.1966	run_hybrid_q_sB_d7500	hybrid_q	B	7500	0.001
5401	atomwise.outnet.1.linear.weight	9.7714	run_hybrid_q_sB_d7500	hybrid_q	B	7500	0.001
5401	atomwise.outnet.2.linear.bias	2.889	run_hybrid_q_sB_d7500	hybrid_q	B	7500	0.001
5401	atomwise.outnet.2.linear.weight	18.692	run_hybrid_q_sB_d7500	hybrid_q	B	7500	0.001
5501	atomwise.linear_nn.linear.bias	1.1921	run_hybrid_q_sB_d7500	hybrid_q	B	7500	0.001
5501	atomwise.linear_nn.linear.weight	6.8014	run_hybrid_q_sB_d7500	hybrid_q	B	7500	0.001
5501	atomwise.outnet.0.linear.bias	2.2353	run_hybrid_q_sB_d7500	hybrid_q	B	7500	0.001
5501	atomwise.outnet.0.linear.weight	4.423	run_hybrid_q_sB_d7500	hybrid_q	B	7500	0.001
5501	atomwise.outnet.1.linear.bias	1.7778	run_hybrid_q_sB_d7500	hybrid_q	B	7500	0.001
5501	atomwise.outnet.1.linear.weight	3.3007	run_hybrid_q_sB_d7500	hybrid_q	B	7500	0.001
5501	atomwise.outnet.2.linear.bias	1.1921	run_hybrid_q_sB_d7500	hybrid_q	B	7500	0.001
5501	atomwise.outnet.2.linear.weight	7.0339	run_hybrid_q_sB_d7500	hybrid_q	B	7500	0.001
5601	atomwise.linear_nn.linear.bias	0.69308	run_hybrid_q_sB_d7500	hybrid_q	B	7500	0.001
5601	atomwise.linear_nn.linear.weight	1.3314	run_hybrid_q_sB_d7500	hybrid_q	B	7500	0.001
5601	atomwise.outnet.0.linear.bias	0.52896	run_hybrid_q_sB_d7500	hybrid_q	B	7500	0.001
5601	atomwise.outnet.0.linear.weight	0.76249	run_hybrid_q_sB_d7500	hybrid_q	B	7500	0.001
5601	atomwise.outnet.1.linear.bias	0.41919	run_hybrid_q_sB_d7500	hybrid_q	B	7500	0.001
5601	atomwise.outnet.1.linear.weight	0.56581	run_hybrid_q_sB_d7500	hybrid_q	B	7500	0.001
5601	atomwise.outnet.2.linear.bias	0.69308	run_hybrid_q_sB_d7500	hybrid_q	B	7500	0.001
5601	atomwise.outnet.2.linear.weight	1.0668	run_hybrid_q_sB_d7500	hybrid_q	B	7500	0.001
5701	atomwise.linear_nn.linear.bias	0.50598	run_hybrid_q_sB_d7500	hybrid_q	B	7500	0.001
5701	atomwise.linear_nn.linear.weight	7.8416	run_hybrid_q_sB_d7500	hybrid_q	B	7500	0.001
5701	atomwise.outnet.0.linear.bias	1.4911	run_hybrid_q_sB_d7500	hybrid_q	B	7500	0.001
5701	atomwise.outnet.0.linear.weight	3.3913	run_hybrid_q_sB_d7500	hybrid_q	B	7500	0.001
5701	atomwise.outnet.1.linear.bias	1.2675	run_hybrid_q_sB_d7500	hybrid_q	B	7500	0.001
5701	atomwise.outnet.1.linear.weight	3.3208	run_hybrid_q_sB_d7500	hybrid_q	B	7500	0.001
5701	atomwise.outnet.2.linear.bias	0.50598	run_hybrid_q_sB_d7500	hybrid_q	B	7500	0.001
5701	atomwise.outnet.2.linear.weight	5.5329	run_hybrid_q_sB_d7500	hybrid_q	B	7500	0.001
5801	atomwise.linear_nn.linear.bias	2.8954	run_hybrid_q_sB_d7500	hybrid_q	B	7500	0.001
5801	atomwise.linear_nn.linear.weight	20.546	run_hybrid_q_sB_d7500	hybrid_q	B	7500	0.001
5801	atomwise.outnet.0.linear.bias	4.597	run_hybrid_q_sB_d7500	hybrid_q	B	7500	0.001
5801	atomwise.outnet.0.linear.weight	9.0043	run_hybrid_q_sB_d7500	hybrid_q	B	7500	0.001
5801	atomwise.outnet.1.linear.bias	4.9887	run_hybrid_q_sB_d7500	hybrid_q	B	7500	0.001
5801	atomwise.outnet.1.linear.weight	12.195	run_hybrid_q_sB_d7500	hybrid_q	B	7500	0.001
5801	atomwise.outnet.2.linear.bias	2.8954	run_hybrid_q_sB_d7500	hybrid_q	B	7500	0.001
5801	atomwise.outnet.2.linear.weight	22.17	run_hybrid_q_sB_d7500	hybrid_q	B	7500	0.001
5901	atomwise.linear_nn.linear.bias	6.4821	run_hybrid_q_sB_d7500	hybrid_q	B	7500	0.001
5901	atomwise.linear_nn.linear.weight	37.391	run_hybrid_q_sB_d7500	hybrid_q	B	7500	0.001
5901	atomwise.outnet.0.linear.bias	7.3925	run_hybrid_q_sB_d7500	hybrid_q	B	7500	0.001
5901	atomwise.outnet.0.linear.weight	16.64	run_hybrid_q_sB_d7500	hybrid_q	B	7500	0.001
5901	atomwise.outnet.1.linear.bias	8.3107	run_hybrid_q_sB_d7500	hybrid_q	B	7500	0.001
5901	atomwise.outnet.1.linear.weight	19.215	run_hybrid_q_sB_d7500	hybrid_q	B	7500	0.001
5901	atomwise.outnet.2.linear.bias	6.4821	run_hybrid_q_sB_d7500	hybrid_q	B	7500	0.001
5901	atomwise.outnet.2.linear.weight	35.872	run_hybrid_q_sB_d7500	hybrid_q	B	7500	0.001
6001	atomwise.linear_nn.linear.bias	0.11689	run_hybrid_q_sB_d7500	hybrid_q	B	7500	0.001
6001	atomwise.linear_nn.linear.weight	4.4983	run_hybrid_q_sB_d7500	hybrid_q	B	7500	0.001
6001	atomwise.outnet.0.linear.bias	1.1098	run_hybrid_q_sB_d7500	hybrid_q	B	7500	0.001
6001	atomwise.outnet.0.linear.weight	1.9214	run_hybrid_q_sB_d7500	hybrid_q	B	7500	0.001
6001	atomwise.outnet.1.linear.bias	0.82804	run_hybrid_q_sB_d7500	hybrid_q	B	7500	0.001
6001	atomwise.outnet.1.linear.weight	1.5679	run_hybrid_q_sB_d7500	hybrid_q	B	7500	0.001
6001	atomwise.outnet.2.linear.bias	0.11689	run_hybrid_q_sB_d7500	hybrid_q	B	7500	0.001
6001	atomwise.outnet.2.linear.weight	3.3013	run_hybrid_q_sB_d7500	hybrid_q	B	7500	0.001
6101	atomwise.linear_nn.linear.bias	0.27665	run_hybrid_q_sB_d7500	hybrid_q	B	7500	0.001
6101	atomwise.linear_nn.linear.weight	5.5906	run_hybrid_q_sB_d7500	hybrid_q	B	7500	0.001
6101	atomwise.outnet.0.linear.bias	1.1692	run_hybrid_q_sB_d7500	hybrid_q	B	7500	0.001
6101	atomwise.outnet.0.linear.weight	2.5879	run_hybrid_q_sB_d7500	hybrid_q	B	7500	0.001
6101	atomwise.outnet.1.linear.bias	0.92087	run_hybrid_q_sB_d7500	hybrid_q	B	7500	0.001
6101	atomwise.outnet.1.linear.weight	2.1474	run_hybrid_q_sB_d7500	hybrid_q	B	7500	0.001
6101	atomwise.outnet.2.linear.bias	0.27665	run_hybrid_q_sB_d7500	hybrid_q	B	7500	0.001
6101	atomwise.outnet.2.linear.weight	3.9352	run_hybrid_q_sB_d7500	hybrid_q	B	7500	0.001
6201	atomwise.linear_nn.linear.bias	1.5922	run_hybrid_q_sB_d7500	hybrid_q	B	7500	0.001
6201	atomwise.linear_nn.linear.weight	8.8736	run_hybrid_q_sB_d7500	hybrid_q	B	7500	0.001
6201	atomwise.outnet.0.linear.bias	0.85847	run_hybrid_q_sB_d7500	hybrid_q	B	7500	0.001
6201	atomwise.outnet.0.linear.weight	3.6681	run_hybrid_q_sB_d7500	hybrid_q	B	7500	0.001
6201	atomwise.outnet.1.linear.bias	1.1537	run_hybrid_q_sB_d7500	hybrid_q	B	7500	0.001
6201	atomwise.outnet.1.linear.weight	3.295	run_hybrid_q_sB_d7500	hybrid_q	B	7500	0.001
6201	atomwise.outnet.2.linear.bias	1.5922	run_hybrid_q_sB_d7500	hybrid_q	B	7500	0.001
6201	atomwise.outnet.2.linear.weight	4.5981	run_hybrid_q_sB_d7500	hybrid_q	B	7500	0.001
6301	atomwise.linear_nn.linear.bias	3.0847	run_hybrid_q_sB_d7500	hybrid_q	B	7500	0.001
6301	atomwise.linear_nn.linear.weight	5.3944	run_hybrid_q_sB_d7500	hybrid_q	B	7500	0.001
6301	atomwise.outnet.0.linear.bias	2.5578	run_hybrid_q_sB_d7500	hybrid_q	B	7500	0.001
6301	atomwise.outnet.0.linear.weight	3.0094	run_hybrid_q_sB_d7500	hybrid_q	B	7500	0.001
6301	atomwise.outnet.1.linear.bias	1.9843	run_hybrid_q_sB_d7500	hybrid_q	B	7500	0.001
6301	atomwise.outnet.1.linear.weight	2.3513	run_hybrid_q_sB_d7500	hybrid_q	B	7500	0.001
6301	atomwise.outnet.2.linear.bias	3.0847	run_hybrid_q_sB_d7500	hybrid_q	B	7500	0.001
6301	atomwise.outnet.2.linear.weight	6.6349	run_hybrid_q_sB_d7500	hybrid_q	B	7500	0.001
6401	atomwise.linear_nn.linear.bias	0.32816	run_hybrid_q_sB_d7500	hybrid_q	B	7500	0.001
6401	atomwise.linear_nn.linear.weight	1.1531	run_hybrid_q_sB_d7500	hybrid_q	B	7500	0.001
6401	atomwise.outnet.0.linear.bias	0.1059	run_hybrid_q_sB_d7500	hybrid_q	B	7500	0.001
6401	atomwise.outnet.0.linear.weight	0.67834	run_hybrid_q_sB_d7500	hybrid_q	B	7500	0.001
6401	atomwise.outnet.1.linear.bias	0.14093	run_hybrid_q_sB_d7500	hybrid_q	B	7500	0.001
6401	atomwise.outnet.1.linear.weight	0.47672	run_hybrid_q_sB_d7500	hybrid_q	B	7500	0.001
6401	atomwise.outnet.2.linear.bias	0.32816	run_hybrid_q_sB_d7500	hybrid_q	B	7500	0.001
6401	atomwise.outnet.2.linear.weight	0.45999	run_hybrid_q_sB_d7500	hybrid_q	B	7500	0.001
6501	atomwise.linear_nn.linear.bias	1.666	run_hybrid_q_sB_d7500	hybrid_q	B	7500	0.001
6501	atomwise.linear_nn.linear.weight	5.9797	run_hybrid_q_sB_d7500	hybrid_q	B	7500	0.001
6501	atomwise.outnet.0.linear.bias	0.3141	run_hybrid_q_sB_d7500	hybrid_q	B	7500	0.001
6501	atomwise.outnet.0.linear.weight	2.5743	run_hybrid_q_sB_d7500	hybrid_q	B	7500	0.001
6501	atomwise.outnet.1.linear.bias	0.69716	run_hybrid_q_sB_d7500	hybrid_q	B	7500	0.001
6501	atomwise.outnet.1.linear.weight	1.7422	run_hybrid_q_sB_d7500	hybrid_q	B	7500	0.001
6501	atomwise.outnet.2.linear.bias	1.666	run_hybrid_q_sB_d7500	hybrid_q	B	7500	0.001
6501	atomwise.outnet.2.linear.weight	1.7376	run_hybrid_q_sB_d7500	hybrid_q	B	7500	0.001
6601	atomwise.linear_nn.linear.bias	0.68172	run_hybrid_q_sB_d7500	hybrid_q	B	7500	0.001
6601	atomwise.linear_nn.linear.weight	4.5579	run_hybrid_q_sB_d7500	hybrid_q	B	7500	0.001
6601	atomwise.outnet.0.linear.bias	1.7496	run_hybrid_q_sB_d7500	hybrid_q	B	7500	0.001
6601	atomwise.outnet.0.linear.weight	2.4216	run_hybrid_q_sB_d7500	hybrid_q	B	7500	0.001
6601	atomwise.outnet.1.linear.bias	1.245	run_hybrid_q_sB_d7500	hybrid_q	B	7500	0.001
6601	atomwise.outnet.1.linear.weight	2.1351	run_hybrid_q_sB_d7500	hybrid_q	B	7500	0.001
6601	atomwise.outnet.2.linear.bias	0.68172	run_hybrid_q_sB_d7500	hybrid_q	B	7500	0.001
6601	atomwise.outnet.2.linear.weight	4.9917	run_hybrid_q_sB_d7500	hybrid_q	B	7500	0.001
6701	atomwise.linear_nn.linear.bias	0.57822	run_hybrid_q_sB_d7500	hybrid_q	B	7500	0.001
6701	atomwise.linear_nn.linear.weight	2.6347	run_hybrid_q_sB_d7500	hybrid_q	B	7500	0.001
6701	atomwise.outnet.0.linear.bias	1.023	run_hybrid_q_sB_d7500	hybrid_q	B	7500	0.001
6701	atomwise.outnet.0.linear.weight	1.6558	run_hybrid_q_sB_d7500	hybrid_q	B	7500	0.001
6701	atomwise.outnet.1.linear.bias	0.77023	run_hybrid_q_sB_d7500	hybrid_q	B	7500	0.001
6701	atomwise.outnet.1.linear.weight	1.4435	run_hybrid_q_sB_d7500	hybrid_q	B	7500	0.001
6701	atomwise.outnet.2.linear.bias	0.57822	run_hybrid_q_sB_d7500	hybrid_q	B	7500	0.001
6701	atomwise.outnet.2.linear.weight	3.0435	run_hybrid_q_sB_d7500	hybrid_q	B	7500	0.001
6801	atomwise.linear_nn.linear.bias	1.4057	run_hybrid_q_sB_d7500	hybrid_q	B	7500	0.001
6801	atomwise.linear_nn.linear.weight	20.108	run_hybrid_q_sB_d7500	hybrid_q	B	7500	0.001
6801	atomwise.outnet.0.linear.bias	4.5449	run_hybrid_q_sB_d7500	hybrid_q	B	7500	0.001
6801	atomwise.outnet.0.linear.weight	8.7988	run_hybrid_q_sB_d7500	hybrid_q	B	7500	0.001
6801	atomwise.outnet.1.linear.bias	3.9026	run_hybrid_q_sB_d7500	hybrid_q	B	7500	0.001
6801	atomwise.outnet.1.linear.weight	9.9045	run_hybrid_q_sB_d7500	hybrid_q	B	7500	0.001
6801	atomwise.outnet.2.linear.bias	1.4057	run_hybrid_q_sB_d7500	hybrid_q	B	7500	0.001
6801	atomwise.outnet.2.linear.weight	17.207	run_hybrid_q_sB_d7500	hybrid_q	B	7500	0.001
6901	atomwise.linear_nn.linear.bias	2.3481	run_hybrid_q_sB_d7500	hybrid_q	B	7500	0.001
6901	atomwise.linear_nn.linear.weight	9.9414	run_hybrid_q_sB_d7500	hybrid_q	B	7500	0.001
6901	atomwise.outnet.0.linear.bias	1.1424	run_hybrid_q_sB_d7500	hybrid_q	B	7500	0.001
6901	atomwise.outnet.0.linear.weight	3.845	run_hybrid_q_sB_d7500	hybrid_q	B	7500	0.001
6901	atomwise.outnet.1.linear.bias	1.7269	run_hybrid_q_sB_d7500	hybrid_q	B	7500	0.001
6901	atomwise.outnet.1.linear.weight	4.8017	run_hybrid_q_sB_d7500	hybrid_q	B	7500	0.001
6901	atomwise.outnet.2.linear.bias	2.3481	run_hybrid_q_sB_d7500	hybrid_q	B	7500	0.001
6901	atomwise.outnet.2.linear.weight	7.2204	run_hybrid_q_sB_d7500	hybrid_q	B	7500	0.001
7001	atomwise.linear_nn.linear.bias	0.70917	run_hybrid_q_sB_d7500	hybrid_q	B	7500	0.001
7001	atomwise.linear_nn.linear.weight	14.594	run_hybrid_q_sB_d7500	hybrid_q	B	7500	0.001
7001	atomwise.outnet.0.linear.bias	3.2842	run_hybrid_q_sB_d7500	hybrid_q	B	7500	0.001
7001	atomwise.outnet.0.linear.weight	6.8004	run_hybrid_q_sB_d7500	hybrid_q	B	7500	0.001
7001	atomwise.outnet.1.linear.bias	2.553	run_hybrid_q_sB_d7500	hybrid_q	B	7500	0.001
7001	atomwise.outnet.1.linear.weight	6.804	run_hybrid_q_sB_d7500	hybrid_q	B	7500	0.001
7001	atomwise.outnet.2.linear.bias	0.70917	run_hybrid_q_sB_d7500	hybrid_q	B	7500	0.001
7001	atomwise.outnet.2.linear.weight	11.526	run_hybrid_q_sB_d7500	hybrid_q	B	7500	0.001
7101	atomwise.linear_nn.linear.bias	1.8114	run_hybrid_q_sB_d7500	hybrid_q	B	7500	0.001
7101	atomwise.linear_nn.linear.weight	9.1626	run_hybrid_q_sB_d7500	hybrid_q	B	7500	0.001
7101	atomwise.outnet.0.linear.bias	0.44461	run_hybrid_q_sB_d7500	hybrid_q	B	7500	0.001
7101	atomwise.outnet.0.linear.weight	3.5018	run_hybrid_q_sB_d7500	hybrid_q	B	7500	0.001
7101	atomwise.outnet.1.linear.bias	0.91686	run_hybrid_q_sB_d7500	hybrid_q	B	7500	0.001
7101	atomwise.outnet.1.linear.weight	2.958	run_hybrid_q_sB_d7500	hybrid_q	B	7500	0.001
7101	atomwise.outnet.2.linear.bias	1.8114	run_hybrid_q_sB_d7500	hybrid_q	B	7500	0.001
7101	atomwise.outnet.2.linear.weight	3.2149	run_hybrid_q_sB_d7500	hybrid_q	B	7500	0.001
7201	atomwise.linear_nn.linear.bias	1.3933	run_hybrid_q_sB_d7500	hybrid_q	B	7500	0.001
7201	atomwise.linear_nn.linear.weight	19.866	run_hybrid_q_sB_d7500	hybrid_q	B	7500	0.001
7201	atomwise.outnet.0.linear.bias	4.5537	run_hybrid_q_sB_d7500	hybrid_q	B	7500	0.001
7201	atomwise.outnet.0.linear.weight	9.0931	run_hybrid_q_sB_d7500	hybrid_q	B	7500	0.001
7201	atomwise.outnet.1.linear.bias	3.8678	run_hybrid_q_sB_d7500	hybrid_q	B	7500	0.001
7201	atomwise.outnet.1.linear.weight	9.6003	run_hybrid_q_sB_d7500	hybrid_q	B	7500	0.001
7201	atomwise.outnet.2.linear.bias	1.3933	run_hybrid_q_sB_d7500	hybrid_q	B	7500	0.001
7201	atomwise.outnet.2.linear.weight	17.175	run_hybrid_q_sB_d7500	hybrid_q	B	7500	0.001
7301	atomwise.linear_nn.linear.bias	0.14948	run_hybrid_q_sB_d7500	hybrid_q	B	7500	0.001
7301	atomwise.linear_nn.linear.weight	15.615	run_hybrid_q_sB_d7500	hybrid_q	B	7500	0.001
7301	atomwise.outnet.0.linear.bias	4.5265	run_hybrid_q_sB_d7500	hybrid_q	B	7500	0.001
7301	atomwise.outnet.0.linear.weight	6.7634	run_hybrid_q_sB_d7500	hybrid_q	B	7500	0.001
7301	atomwise.outnet.1.linear.bias	3.4758	run_hybrid_q_sB_d7500	hybrid_q	B	7500	0.001
7301	atomwise.outnet.1.linear.weight	7.8273	run_hybrid_q_sB_d7500	hybrid_q	B	7500	0.001
7301	atomwise.outnet.2.linear.bias	0.14948	run_hybrid_q_sB_d7500	hybrid_q	B	7500	0.001
7301	atomwise.outnet.2.linear.weight	15.223	run_hybrid_q_sB_d7500	hybrid_q	B	7500	0.001
7401	atomwise.linear_nn.linear.bias	2.1838	run_hybrid_q_sB_d7500	hybrid_q	B	7500	0.001
7401	atomwise.linear_nn.linear.weight	4.0086	run_hybrid_q_sB_d7500	hybrid_q	B	7500	0.001
7401	atomwise.outnet.0.linear.bias	0.7589	run_hybrid_q_sB_d7500	hybrid_q	B	7500	0.001
7401	atomwise.outnet.0.linear.weight	1.8351	run_hybrid_q_sB_d7500	hybrid_q	B	7500	0.001
7401	atomwise.outnet.1.linear.bias	0.96298	run_hybrid_q_sB_d7500	hybrid_q	B	7500	0.001
7401	atomwise.outnet.1.linear.weight	1.8254	run_hybrid_q_sB_d7500	hybrid_q	B	7500	0.001
7401	atomwise.outnet.2.linear.bias	2.1838	run_hybrid_q_sB_d7500	hybrid_q	B	7500	0.001
7401	atomwise.outnet.2.linear.weight	2.1252	run_hybrid_q_sB_d7500	hybrid_q	B	7500	0.001
7501	atomwise.linear_nn.linear.bias	0.050797	run_hybrid_q_sB_d7500	hybrid_q	B	7500	4.5601626938095613e-07
7501	atomwise.linear_nn.linear.weight	0.19134	run_hybrid_q_sB_d7500	hybrid_q	B	7500	4.5601626938095613e-07
7501	atomwise.outnet.0.linear.bias	0.1331	run_hybrid_q_sB_d7500	hybrid_q	B	7500	4.5601626938095613e-07
7501	atomwise.outnet.0.linear.weight	0.097076	run_hybrid_q_sB_d7500	hybrid_q	B	7500	4.5601626938095613e-07
7501	atomwise.outnet.1.linear.bias	0.11492	run_hybrid_q_sB_d7500	hybrid_q	B	7500	4.5601626938095613e-07
7501	atomwise.outnet.1.linear.weight	0.16245	run_hybrid_q_sB_d7500	hybrid_q	B	7500	4.5601626938095613e-07
7501	atomwise.outnet.2.linear.bias	0.050797	run_hybrid_q_sB_d7500	hybrid_q	B	7500	4.5601626938095613e-07
7501	atomwise.outnet.2.linear.weight	0.44954	run_hybrid_q_sB_d7500	hybrid_q	B	7500	4.5601626938095613e-07
7601	atomwise.linear_nn.linear.bias	0.0095805	run_hybrid_q_sB_d7500	hybrid_q	B	7500	4.5601626938095613e-07
7601	atomwise.linear_nn.linear.weight	0.040031	run_hybrid_q_sB_d7500	hybrid_q	B	7500	4.5601626938095613e-07
7601	atomwise.outnet.0.linear.bias	0.026281	run_hybrid_q_sB_d7500	hybrid_q	B	7500	4.5601626938095613e-07
7601	atomwise.outnet.0.linear.weight	0.01993	run_hybrid_q_sB_d7500	hybrid_q	B	7500	4.5601626938095613e-07
7601	atomwise.outnet.1.linear.bias	0.022706	run_hybrid_q_sB_d7500	hybrid_q	B	7500	4.5601626938095613e-07
7601	atomwise.outnet.1.linear.weight	0.032259	run_hybrid_q_sB_d7500	hybrid_q	B	7500	4.5601626938095613e-07
7601	atomwise.outnet.2.linear.bias	0.0095805	run_hybrid_q_sB_d7500	hybrid_q	B	7500	4.5601626938095613e-07
7601	atomwise.outnet.2.linear.weight	0.087987	run_hybrid_q_sB_d7500	hybrid_q	B	7500	4.5601626938095613e-07
7701	atomwise.linear_nn.linear.bias	0.011301	run_hybrid_q_sB_d7500	hybrid_q	B	7500	4.5601626938095613e-07
7701	atomwise.linear_nn.linear.weight	0.03677	run_hybrid_q_sB_d7500	hybrid_q	B	7500	4.5601626938095613e-07
7701	atomwise.outnet.0.linear.bias	0.026946	run_hybrid_q_sB_d7500	hybrid_q	B	7500	4.5601626938095613e-07
7701	atomwise.outnet.0.linear.weight	0.019305	run_hybrid_q_sB_d7500	hybrid_q	B	7500	4.5601626938095613e-07
7701	atomwise.outnet.1.linear.bias	0.023485	run_hybrid_q_sB_d7500	hybrid_q	B	7500	4.5601626938095613e-07
7701	atomwise.outnet.1.linear.weight	0.03248	run_hybrid_q_sB_d7500	hybrid_q	B	7500	4.5601626938095613e-07
7701	atomwise.outnet.2.linear.bias	0.011301	run_hybrid_q_sB_d7500	hybrid_q	B	7500	4.5601626938095613e-07
7701	atomwise.outnet.2.linear.weight	0.091246	run_hybrid_q_sB_d7500	hybrid_q	B	7500	4.5601626938095613e-07
7801	atomwise.linear_nn.linear.bias	0.0038317	run_hybrid_q_sB_d7500	hybrid_q	B	7500	4.5601626938095613e-07
7801	atomwise.linear_nn.linear.weight	0.017354	run_hybrid_q_sB_d7500	hybrid_q	B	7500	4.5601626938095613e-07
7801	atomwise.outnet.0.linear.bias	0.011552	run_hybrid_q_sB_d7500	hybrid_q	B	7500	4.5601626938095613e-07
7801	atomwise.outnet.0.linear.weight	0.0088993	run_hybrid_q_sB_d7500	hybrid_q	B	7500	4.5601626938095613e-07
7801	atomwise.outnet.1.linear.bias	0.010018	run_hybrid_q_sB_d7500	hybrid_q	B	7500	4.5601626938095613e-07
7801	atomwise.outnet.1.linear.weight	0.014308	run_hybrid_q_sB_d7500	hybrid_q	B	7500	4.5601626938095613e-07
7801	atomwise.outnet.2.linear.bias	0.0038317	run_hybrid_q_sB_d7500	hybrid_q	B	7500	4.5601626938095613e-07
7801	atomwise.outnet.2.linear.weight	0.039759	run_hybrid_q_sB_d7500	hybrid_q	B	7500	4.5601626938095613e-07
7901	atomwise.linear_nn.linear.bias	0.011464	run_hybrid_q_sB_d7500	hybrid_q	B	7500	4.5601626938095613e-07
7901	atomwise.linear_nn.linear.weight	0.039062	run_hybrid_q_sB_d7500	hybrid_q	B	7500	4.5601626938095613e-07
7901	atomwise.outnet.0.linear.bias	0.028571	run_hybrid_q_sB_d7500	hybrid_q	B	7500	4.5601626938095613e-07
7901	atomwise.outnet.0.linear.weight	0.020554	run_hybrid_q_sB_d7500	hybrid_q	B	7500	4.5601626938095613e-07
7901	atomwise.outnet.1.linear.bias	0.02476	run_hybrid_q_sB_d7500	hybrid_q	B	7500	4.5601626938095613e-07
7901	atomwise.outnet.1.linear.weight	0.034143	run_hybrid_q_sB_d7500	hybrid_q	B	7500	4.5601626938095613e-07
7901	atomwise.outnet.2.linear.bias	0.011464	run_hybrid_q_sB_d7500	hybrid_q	B	7500	4.5601626938095613e-07
7901	atomwise.outnet.2.linear.weight	0.096861	run_hybrid_q_sB_d7500	hybrid_q	B	7500	4.5601626938095613e-07
8001	atomwise.linear_nn.linear.bias	0.00069853	run_hybrid_q_sB_d7500	hybrid_q	B	7500	4.5601626938095613e-07
8001	atomwise.linear_nn.linear.weight	0.0068316	run_hybrid_q_sB_d7500	hybrid_q	B	7500	4.5601626938095613e-07
8001	atomwise.outnet.0.linear.bias	0.0031885	run_hybrid_q_sB_d7500	hybrid_q	B	7500	4.5601626938095613e-07
8001	atomwise.outnet.0.linear.weight	0.0033032	run_hybrid_q_sB_d7500	hybrid_q	B	7500	4.5601626938095613e-07
8001	atomwise.outnet.1.linear.bias	0.0027505	run_hybrid_q_sB_d7500	hybrid_q	B	7500	4.5601626938095613e-07
8001	atomwise.outnet.1.linear.weight	0.0040375	run_hybrid_q_sB_d7500	hybrid_q	B	7500	4.5601626938095613e-07
8001	atomwise.outnet.2.linear.bias	0.00069853	run_hybrid_q_sB_d7500	hybrid_q	B	7500	4.5601626938095613e-07
8001	atomwise.outnet.2.linear.weight	0.010712	run_hybrid_q_sB_d7500	hybrid_q	B	7500	4.5601626938095613e-07
8101	atomwise.linear_nn.linear.bias	0.0073121	run_hybrid_q_sB_d7500	hybrid_q	B	7500	4.5601626938095613e-07
8101	atomwise.linear_nn.linear.weight	0.035421	run_hybrid_q_sB_d7500	hybrid_q	B	7500	4.5601626938095613e-07
8101	atomwise.outnet.0.linear.bias	0.022523	run_hybrid_q_sB_d7500	hybrid_q	B	7500	4.5601626938095613e-07
8101	atomwise.outnet.0.linear.weight	0.017582	run_hybrid_q_sB_d7500	hybrid_q	B	7500	4.5601626938095613e-07
8101	atomwise.outnet.1.linear.bias	0.019604	run_hybrid_q_sB_d7500	hybrid_q	B	7500	4.5601626938095613e-07
8101	atomwise.outnet.1.linear.weight	0.027922	run_hybrid_q_sB_d7500	hybrid_q	B	7500	4.5601626938095613e-07
8101	atomwise.outnet.2.linear.bias	0.0073121	run_hybrid_q_sB_d7500	hybrid_q	B	7500	4.5601626938095613e-07
8101	atomwise.outnet.2.linear.weight	0.076807	run_hybrid_q_sB_d7500	hybrid_q	B	7500	4.5601626938095613e-07
8201	atomwise.linear_nn.linear.bias	0.0081514	run_hybrid_q_sB_d7500	hybrid_q	B	7500	4.5601626938095613e-07
8201	atomwise.linear_nn.linear.weight	0.036837	run_hybrid_q_sB_d7500	hybrid_q	B	7500	4.5601626938095613e-07
8201	atomwise.outnet.0.linear.bias	0.023211	run_hybrid_q_sB_d7500	hybrid_q	B	7500	4.5601626938095613e-07
8201	atomwise.outnet.0.linear.weight	0.018083	run_hybrid_q_sB_d7500	hybrid_q	B	7500	4.5601626938095613e-07
8201	atomwise.outnet.1.linear.bias	0.020057	run_hybrid_q_sB_d7500	hybrid_q	B	7500	4.5601626938095613e-07
8201	atomwise.outnet.1.linear.weight	0.02897	run_hybrid_q_sB_d7500	hybrid_q	B	7500	4.5601626938095613e-07
8201	atomwise.outnet.2.linear.bias	0.0081514	run_hybrid_q_sB_d7500	hybrid_q	B	7500	4.5601626938095613e-07
8201	atomwise.outnet.2.linear.weight	0.0784	run_hybrid_q_sB_d7500	hybrid_q	B	7500	4.5601626938095613e-07
8301	atomwise.linear_nn.linear.bias	0.0027223	run_hybrid_q_sB_d7500	hybrid_q	B	7500	4.5601626938095613e-07
8301	atomwise.linear_nn.linear.weight	0.0067228	run_hybrid_q_sB_d7500	hybrid_q	B	7500	4.5601626938095613e-07
8301	atomwise.outnet.0.linear.bias	0.0052623	run_hybrid_q_sB_d7500	hybrid_q	B	7500	4.5601626938095613e-07
8301	atomwise.outnet.0.linear.weight	0.0039637	run_hybrid_q_sB_d7500	hybrid_q	B	7500	4.5601626938095613e-07
8301	atomwise.outnet.1.linear.bias	0.0045629	run_hybrid_q_sB_d7500	hybrid_q	B	7500	4.5601626938095613e-07
8301	atomwise.outnet.1.linear.weight	0.0059197	run_hybrid_q_sB_d7500	hybrid_q	B	7500	4.5601626938095613e-07
8301	atomwise.outnet.2.linear.bias	0.0027223	run_hybrid_q_sB_d7500	hybrid_q	B	7500	4.5601626938095613e-07
8301	atomwise.outnet.2.linear.weight	0.017824	run_hybrid_q_sB_d7500	hybrid_q	B	7500	4.5601626938095613e-07
8401	atomwise.linear_nn.linear.bias	0.0041612	run_hybrid_q_sB_d7500	hybrid_q	B	7500	4.5601626938095613e-07
8401	atomwise.linear_nn.linear.weight	0.020108	run_hybrid_q_sB_d7500	hybrid_q	B	7500	4.5601626938095613e-07
8401	atomwise.outnet.0.linear.bias	0.012149	run_hybrid_q_sB_d7500	hybrid_q	B	7500	4.5601626938095613e-07
8401	atomwise.outnet.0.linear.weight	0.0096234	run_hybrid_q_sB_d7500	hybrid_q	B	7500	4.5601626938095613e-07
8401	atomwise.outnet.1.linear.bias	0.010176	run_hybrid_q_sB_d7500	hybrid_q	B	7500	4.5601626938095613e-07
8401	atomwise.outnet.1.linear.weight	0.014916	run_hybrid_q_sB_d7500	hybrid_q	B	7500	4.5601626938095613e-07
8401	atomwise.outnet.2.linear.bias	0.0041612	run_hybrid_q_sB_d7500	hybrid_q	B	7500	4.5601626938095613e-07
8401	atomwise.outnet.2.linear.weight	0.039969	run_hybrid_q_sB_d7500	hybrid_q	B	7500	4.5601626938095613e-07
8501	atomwise.linear_nn.linear.bias	0.0039171	run_hybrid_q_sB_d7500	hybrid_q	B	7500	4.5601626938095613e-07
8501	atomwise.linear_nn.linear.weight	0.01406	run_hybrid_q_sB_d7500	hybrid_q	B	7500	4.5601626938095613e-07
8501	atomwise.outnet.0.linear.bias	0.010315	run_hybrid_q_sB_d7500	hybrid_q	B	7500	4.5601626938095613e-07
8501	atomwise.outnet.0.linear.weight	0.0076015	run_hybrid_q_sB_d7500	hybrid_q	B	7500	4.5601626938095613e-07
8501	atomwise.outnet.1.linear.bias	0.0094668	run_hybrid_q_sB_d7500	hybrid_q	B	7500	4.5601626938095613e-07
8501	atomwise.outnet.1.linear.weight	0.013094	run_hybrid_q_sB_d7500	hybrid_q	B	7500	4.5601626938095613e-07
8501	atomwise.outnet.2.linear.bias	0.0039171	run_hybrid_q_sB_d7500	hybrid_q	B	7500	4.5601626938095613e-07
8501	atomwise.outnet.2.linear.weight	0.037167	run_hybrid_q_sB_d7500	hybrid_q	B	7500	4.5601626938095613e-07
8601	atomwise.linear_nn.linear.bias	0.015652	run_hybrid_q_sB_d7500	hybrid_q	B	7500	4.5601626938095613e-07
8601	atomwise.linear_nn.linear.weight	0.05663	run_hybrid_q_sB_d7500	hybrid_q	B	7500	4.5601626938095613e-07
8601	atomwise.outnet.0.linear.bias	0.040642	run_hybrid_q_sB_d7500	hybrid_q	B	7500	4.5601626938095613e-07
8601	atomwise.outnet.0.linear.weight	0.029601	run_hybrid_q_sB_d7500	hybrid_q	B	7500	4.5601626938095613e-07
8601	atomwise.outnet.1.linear.bias	0.035576	run_hybrid_q_sB_d7500	hybrid_q	B	7500	4.5601626938095613e-07
8601	atomwise.outnet.1.linear.weight	0.050408	run_hybrid_q_sB_d7500	hybrid_q	B	7500	4.5601626938095613e-07
8601	atomwise.outnet.2.linear.bias	0.015652	run_hybrid_q_sB_d7500	hybrid_q	B	7500	4.5601626938095613e-07
8601	atomwise.outnet.2.linear.weight	0.13967	run_hybrid_q_sB_d7500	hybrid_q	B	7500	4.5601626938095613e-07
8701	atomwise.linear_nn.linear.bias	0.0045469	run_hybrid_q_sB_d7500	hybrid_q	B	7500	4.5601626938095613e-07
8701	atomwise.linear_nn.linear.weight	0.015593	run_hybrid_q_sB_d7500	hybrid_q	B	7500	4.5601626938095613e-07
8701	atomwise.outnet.0.linear.bias	0.011275	run_hybrid_q_sB_d7500	hybrid_q	B	7500	4.5601626938095613e-07
8701	atomwise.outnet.0.linear.weight	0.0083051	run_hybrid_q_sB_d7500	hybrid_q	B	7500	4.5601626938095613e-07
8701	atomwise.outnet.1.linear.bias	0.0099442	run_hybrid_q_sB_d7500	hybrid_q	B	7500	4.5601626938095613e-07
8701	atomwise.outnet.1.linear.weight	0.013994	run_hybrid_q_sB_d7500	hybrid_q	B	7500	4.5601626938095613e-07
8701	atomwise.outnet.2.linear.bias	0.0045469	run_hybrid_q_sB_d7500	hybrid_q	B	7500	4.5601626938095613e-07
8701	atomwise.outnet.2.linear.weight	0.039052	run_hybrid_q_sB_d7500	hybrid_q	B	7500	4.5601626938095613e-07
8801	atomwise.linear_nn.linear.bias	0.013172	run_hybrid_q_sB_d7500	hybrid_q	B	7500	4.5601626938095613e-07
8801	atomwise.linear_nn.linear.weight	0.042447	run_hybrid_q_sB_d7500	hybrid_q	B	7500	4.5601626938095613e-07
8801	atomwise.outnet.0.linear.bias	0.030995	run_hybrid_q_sB_d7500	hybrid_q	B	7500	4.5601626938095613e-07
8801	atomwise.outnet.0.linear.weight	0.022321	run_hybrid_q_sB_d7500	hybrid_q	B	7500	4.5601626938095613e-07
8801	atomwise.outnet.1.linear.bias	0.026911	run_hybrid_q_sB_d7500	hybrid_q	B	7500	4.5601626938095613e-07
8801	atomwise.outnet.1.linear.weight	0.036799	run_hybrid_q_sB_d7500	hybrid_q	B	7500	4.5601626938095613e-07
8801	atomwise.outnet.2.linear.bias	0.013172	run_hybrid_q_sB_d7500	hybrid_q	B	7500	4.5601626938095613e-07
8801	atomwise.outnet.2.linear.weight	0.1041	run_hybrid_q_sB_d7500	hybrid_q	B	7500	4.5601626938095613e-07
8901	atomwise.linear_nn.linear.bias	0.0014928	run_hybrid_q_sB_d7500	hybrid_q	B	7500	4.5601626938095613e-07
8901	atomwise.linear_nn.linear.weight	0.0044295	run_hybrid_q_sB_d7500	hybrid_q	B	7500	4.5601626938095613e-07
8901	atomwise.outnet.0.linear.bias	0.0029754	run_hybrid_q_sB_d7500	hybrid_q	B	7500	4.5601626938095613e-07
8901	atomwise.outnet.0.linear.weight	0.0026585	run_hybrid_q_sB_d7500	hybrid_q	B	7500	4.5601626938095613e-07
8901	atomwise.outnet.1.linear.bias	0.0027939	run_hybrid_q_sB_d7500	hybrid_q	B	7500	4.5601626938095613e-07
8901	atomwise.outnet.1.linear.weight	0.0038401	run_hybrid_q_sB_d7500	hybrid_q	B	7500	4.5601626938095613e-07
8901	atomwise.outnet.2.linear.bias	0.0014928	run_hybrid_q_sB_d7500	hybrid_q	B	7500	4.5601626938095613e-07
8901	atomwise.outnet.2.linear.weight	0.010729	run_hybrid_q_sB_d7500	hybrid_q	B	7500	4.5601626938095613e-07
9001	atomwise.linear_nn.linear.bias	0.024354	run_hybrid_q_sB_d7500	hybrid_q	B	7500	4.5601626938095613e-07
9001	atomwise.linear_nn.linear.weight	0.085609	run_hybrid_q_sB_d7500	hybrid_q	B	7500	4.5601626938095613e-07
9001	atomwise.outnet.0.linear.bias	0.060218	run_hybrid_q_sB_d7500	hybrid_q	B	7500	4.5601626938095613e-07
9001	atomwise.outnet.0.linear.weight	0.043913	run_hybrid_q_sB_d7500	hybrid_q	B	7500	4.5601626938095613e-07
9001	atomwise.outnet.1.linear.bias	0.051716	run_hybrid_q_sB_d7500	hybrid_q	B	7500	4.5601626938095613e-07
9001	atomwise.outnet.1.linear.weight	0.072203	run_hybrid_q_sB_d7500	hybrid_q	B	7500	4.5601626938095613e-07
9001	atomwise.outnet.2.linear.bias	0.024354	run_hybrid_q_sB_d7500	hybrid_q	B	7500	4.5601626938095613e-07
9001	atomwise.outnet.2.linear.weight	0.20156	run_hybrid_q_sB_d7500	hybrid_q	B	7500	4.5601626938095613e-07
9101	atomwise.linear_nn.linear.bias	0.0036673	run_hybrid_q_sB_d7500	hybrid_q	B	7500	4.5601626938095613e-07
9101	atomwise.linear_nn.linear.weight	0.02702	run_hybrid_q_sB_d7500	hybrid_q	B	7500	4.5601626938095613e-07
9101	atomwise.outnet.0.linear.bias	0.015095	run_hybrid_q_sB_d7500	hybrid_q	B	7500	4.5601626938095613e-07
9101	atomwise.outnet.0.linear.weight	0.012681	run_hybrid_q_sB_d7500	hybrid_q	B	7500	4.5601626938095613e-07
9101	atomwise.outnet.1.linear.bias	0.013287	run_hybrid_q_sB_d7500	hybrid_q	B	7500	4.5601626938095613e-07
9101	atomwise.outnet.1.linear.weight	0.019917	run_hybrid_q_sB_d7500	hybrid_q	B	7500	4.5601626938095613e-07
9101	atomwise.outnet.2.linear.bias	0.0036673	run_hybrid_q_sB_d7500	hybrid_q	B	7500	4.5601626938095613e-07
9101	atomwise.outnet.2.linear.weight	0.052476	run_hybrid_q_sB_d7500	hybrid_q	B	7500	4.5601626938095613e-07
9201	atomwise.linear_nn.linear.bias	0.012458	run_hybrid_q_sB_d7500	hybrid_q	B	7500	4.5601626938095613e-07
9201	atomwise.linear_nn.linear.weight	0.050352	run_hybrid_q_sB_d7500	hybrid_q	B	7500	4.5601626938095613e-07
9201	atomwise.outnet.0.linear.bias	0.03333	run_hybrid_q_sB_d7500	hybrid_q	B	7500	4.5601626938095613e-07
9201	atomwise.outnet.0.linear.weight	0.02526	run_hybrid_q_sB_d7500	hybrid_q	B	7500	4.5601626938095613e-07
9201	atomwise.outnet.1.linear.bias	0.028533	run_hybrid_q_sB_d7500	hybrid_q	B	7500	4.5601626938095613e-07
9201	atomwise.outnet.1.linear.weight	0.040502	run_hybrid_q_sB_d7500	hybrid_q	B	7500	4.5601626938095613e-07
9201	atomwise.outnet.2.linear.bias	0.012458	run_hybrid_q_sB_d7500	hybrid_q	B	7500	4.5601626938095613e-07
9201	atomwise.outnet.2.linear.weight	0.11127	run_hybrid_q_sB_d7500	hybrid_q	B	7500	4.5601626938095613e-07
9301	atomwise.linear_nn.linear.bias	0.0070484	run_hybrid_q_sB_d7500	hybrid_q	B	7500	4.5601626938095613e-07
9301	atomwise.linear_nn.linear.weight	0.018904	run_hybrid_q_sB_d7500	hybrid_q	B	7500	4.5601626938095613e-07
9301	atomwise.outnet.0.linear.bias	0.015046	run_hybrid_q_sB_d7500	hybrid_q	B	7500	4.5601626938095613e-07
9301	atomwise.outnet.0.linear.weight	0.010261	run_hybrid_q_sB_d7500	hybrid_q	B	7500	4.5601626938095613e-07
9301	atomwise.outnet.1.linear.bias	0.012838	run_hybrid_q_sB_d7500	hybrid_q	B	7500	4.5601626938095613e-07
9301	atomwise.outnet.1.linear.weight	0.017176	run_hybrid_q_sB_d7500	hybrid_q	B	7500	4.5601626938095613e-07
9301	atomwise.outnet.2.linear.bias	0.0070484	run_hybrid_q_sB_d7500	hybrid_q	B	7500	4.5601626938095613e-07
9301	atomwise.outnet.2.linear.weight	0.049391	run_hybrid_q_sB_d7500	hybrid_q	B	7500	4.5601626938095613e-07
9401	atomwise.linear_nn.linear.bias	0.0023795	run_hybrid_q_sB_d7500	hybrid_q	B	7500	4.5601626938095613e-07
9401	atomwise.linear_nn.linear.weight	0.014864	run_hybrid_q_sB_d7500	hybrid_q	B	7500	4.5601626938095613e-07
9401	atomwise.outnet.0.linear.bias	0.0083629	run_hybrid_q_sB_d7500	hybrid_q	B	7500	4.5601626938095613e-07
9401	atomwise.outnet.0.linear.weight	0.0071512	run_hybrid_q_sB_d7500	hybrid_q	B	7500	4.5601626938095613e-07
9401	atomwise.outnet.1.linear.bias	0.007303	run_hybrid_q_sB_d7500	hybrid_q	B	7500	4.5601626938095613e-07
9401	atomwise.outnet.1.linear.weight	0.010843	run_hybrid_q_sB_d7500	hybrid_q	B	7500	4.5601626938095613e-07
9401	atomwise.outnet.2.linear.bias	0.0023795	run_hybrid_q_sB_d7500	hybrid_q	B	7500	4.5601626938095613e-07
9401	atomwise.outnet.2.linear.weight	0.028076	run_hybrid_q_sB_d7500	hybrid_q	B	7500	4.5601626938095613e-07
9501	atomwise.linear_nn.linear.bias	0.0042289	run_hybrid_q_sB_d7500	hybrid_q	B	7500	4.5601626938095613e-07
9501	atomwise.linear_nn.linear.weight	0.010273	run_hybrid_q_sB_d7500	hybrid_q	B	7500	4.5601626938095613e-07
9501	atomwise.outnet.0.linear.bias	0.008222	run_hybrid_q_sB_d7500	hybrid_q	B	7500	4.5601626938095613e-07
9501	atomwise.outnet.0.linear.weight	0.0060439	run_hybrid_q_sB_d7500	hybrid_q	B	7500	4.5601626938095613e-07
9501	atomwise.outnet.1.linear.bias	0.007098	run_hybrid_q_sB_d7500	hybrid_q	B	7500	4.5601626938095613e-07
9501	atomwise.outnet.1.linear.weight	0.0095264	run_hybrid_q_sB_d7500	hybrid_q	B	7500	4.5601626938095613e-07
9501	atomwise.outnet.2.linear.bias	0.0042289	run_hybrid_q_sB_d7500	hybrid_q	B	7500	4.5601626938095613e-07
9501	atomwise.outnet.2.linear.weight	0.027771	run_hybrid_q_sB_d7500	hybrid_q	B	7500	4.5601626938095613e-07
9601	atomwise.linear_nn.linear.bias	0.00075144	run_hybrid_q_sB_d7500	hybrid_q	B	7500	4.5601626938095613e-07
9601	atomwise.linear_nn.linear.weight	0.021037	run_hybrid_q_sB_d7500	hybrid_q	B	7500	4.5601626938095613e-07
9601	atomwise.outnet.0.linear.bias	0.0097706	run_hybrid_q_sB_d7500	hybrid_q	B	7500	4.5601626938095613e-07
9601	atomwise.outnet.0.linear.weight	0.0095174	run_hybrid_q_sB_d7500	hybrid_q	B	7500	4.5601626938095613e-07
9601	atomwise.outnet.1.linear.bias	0.0090604	run_hybrid_q_sB_d7500	hybrid_q	B	7500	4.5601626938095613e-07
9601	atomwise.outnet.1.linear.weight	0.01438	run_hybrid_q_sB_d7500	hybrid_q	B	7500	4.5601626938095613e-07
9601	atomwise.outnet.2.linear.bias	0.00075144	run_hybrid_q_sB_d7500	hybrid_q	B	7500	4.5601626938095613e-07
9601	atomwise.outnet.2.linear.weight	0.03598	run_hybrid_q_sB_d7500	hybrid_q	B	7500	4.5601626938095613e-07
9701	atomwise.linear_nn.linear.bias	0.0045525	run_hybrid_q_sB_d7500	hybrid_q	B	7500	4.5601626938095613e-07
9701	atomwise.linear_nn.linear.weight	0.017732	run_hybrid_q_sB_d7500	hybrid_q	B	7500	4.5601626938095613e-07
9701	atomwise.outnet.0.linear.bias	0.012463	run_hybrid_q_sB_d7500	hybrid_q	B	7500	4.5601626938095613e-07
9701	atomwise.outnet.0.linear.weight	0.0093418	run_hybrid_q_sB_d7500	hybrid_q	B	7500	4.5601626938095613e-07
9701	atomwise.outnet.1.linear.bias	0.011164	run_hybrid_q_sB_d7500	hybrid_q	B	7500	4.5601626938095613e-07
9701	atomwise.outnet.1.linear.weight	0.015901	run_hybrid_q_sB_d7500	hybrid_q	B	7500	4.5601626938095613e-07
9701	atomwise.outnet.2.linear.bias	0.0045525	run_hybrid_q_sB_d7500	hybrid_q	B	7500	4.5601626938095613e-07
9701	atomwise.outnet.2.linear.weight	0.044113	run_hybrid_q_sB_d7500	hybrid_q	B	7500	4.5601626938095613e-07
9801	atomwise.linear_nn.linear.bias	0.013314	run_hybrid_q_sB_d7500	hybrid_q	B	7500	4.5601626938095613e-07
9801	atomwise.linear_nn.linear.weight	0.04273	run_hybrid_q_sB_d7500	hybrid_q	B	7500	4.5601626938095613e-07
9801	atomwise.outnet.0.linear.bias	0.031567	run_hybrid_q_sB_d7500	hybrid_q	B	7500	4.5601626938095613e-07
9801	atomwise.outnet.0.linear.weight	0.022857	run_hybrid_q_sB_d7500	hybrid_q	B	7500	4.5601626938095613e-07
9801	atomwise.outnet.1.linear.bias	0.02734	run_hybrid_q_sB_d7500	hybrid_q	B	7500	4.5601626938095613e-07
9801	atomwise.outnet.1.linear.weight	0.037683	run_hybrid_q_sB_d7500	hybrid_q	B	7500	4.5601626938095613e-07
9801	atomwise.outnet.2.linear.bias	0.013314	run_hybrid_q_sB_d7500	hybrid_q	B	7500	4.5601626938095613e-07
9801	atomwise.outnet.2.linear.weight	0.10657	run_hybrid_q_sB_d7500	hybrid_q	B	7500	4.5601626938095613e-07
9901	atomwise.linear_nn.linear.bias	0.015768	run_hybrid_q_sB_d7500	hybrid_q	B	7500	4.5601626938095613e-07
9901	atomwise.linear_nn.linear.weight	0.05359	run_hybrid_q_sB_d7500	hybrid_q	B	7500	4.5601626938095613e-07
9901	atomwise.outnet.0.linear.bias	0.038793	run_hybrid_q_sB_d7500	hybrid_q	B	7500	4.5601626938095613e-07
9901	atomwise.outnet.0.linear.weight	0.028233	run_hybrid_q_sB_d7500	hybrid_q	B	7500	4.5601626938095613e-07
9901	atomwise.outnet.1.linear.bias	0.033693	run_hybrid_q_sB_d7500	hybrid_q	B	7500	4.5601626938095613e-07
9901	atomwise.outnet.1.linear.weight	0.046679	run_hybrid_q_sB_d7500	hybrid_q	B	7500	4.5601626938095613e-07
9901	atomwise.outnet.2.linear.bias	0.015768	run_hybrid_q_sB_d7500	hybrid_q	B	7500	4.5601626938095613e-07
9901	atomwise.outnet.2.linear.weight	0.13148	run_hybrid_q_sB_d7500	hybrid_q	B	7500	4.5601626938095613e-07
