run	model	rep	decay	step	lr	q_mean	q_std	q_1	q_8	E_lr
run_hybrid_fixed_sA	hybrid_fixed	A	5000	1	0.001	-0.006198480342133753	0.7087105908576485	0.4936	-1.0059	-534.1132237481924
run_hybrid_fixed_sA	hybrid_fixed	A	5000	97	0.001	-0.010715479790547822	0.7184443320755599	0.496	-1.0241	-547.456529226909
run_hybrid_fixed_sA	hybrid_fixed	A	5000	194	0.001	-0.005165542942651646	0.7155625057240023	0.4995	-1.0145	-544.5827564249154
run_hybrid_fixed_sA	hybrid_fixed	A	5000	291	0.001	-0.0025244238421763265	0.7179422727168437	0.5038	-1.0152	-547.3201954466764
run_hybrid_fixed_sA	hybrid_fixed	A	5000	388	0.001	0.0010364591021546632	0.7192164841237725	0.5083	-1.0134	-549.4318796781473
run_hybrid_fixed_sA	hybrid_fixed	A	5000	485	0.001	0.004427020080550459	0.7210899158507219	0.513	-1.0127	-552.4553492141124
run_hybrid_fixed_sA	hybrid_fixed	A	5000	582	0.001	0.00942909268977754	0.7219550114945532	0.5186	-1.0089	-554.6245441809036
run_hybrid_fixed_sA	hybrid_fixed	A	5000	679	0.001	0.015159805869105886	0.7235093341007702	0.5254	-1.0054	-557.4454184520426
run_hybrid_fixed_sA	hybrid_fixed	A	5000	776	0.001	0.020642806327546226	0.7261041581601945	0.5327	-1.0035	-561.063357069803
run_hybrid_fixed_sA	hybrid_fixed	A	5000	873	0.001	0.027869582572678332	0.727906322911945	0.5412	-0.9989	-565.9308244785051
run_hybrid_fixed_sA	hybrid_fixed	A	5000	970	0.001	0.034932605183033906	0.7311921943932845	0.5506	-0.9964	-571.9550779493643
run_hybrid_fixed_sA	hybrid_fixed	A	5000	1067	0.001	0.040873593057388094	0.7340722617313951	0.5586	-0.9945	-576.1288470392395
run_hybrid_fixed_sA	hybrid_fixed	A	5000	1164	0.001	0.04366910640672529	0.7355881523554767	0.5624	-0.9939	-579.4413153527638
run_hybrid_fixed_sA	hybrid_fixed	A	5000	1261	0.001	0.046716134389107045	0.7389986754273683	0.5679	-0.9956	-585.1568326264679
run_hybrid_fixed_sA	hybrid_fixed	A	5000	1358	0.001	0.04786527829420502	0.7392873127982297	0.5692	-0.9949	-585.6142017938726
run_hybrid_fixed_sA	hybrid_fixed	A	5000	1455	0.001	0.048813836843065464	0.7417755791810684	0.5719	-0.9975	-588.7743144056208
run_hybrid_fixed_sA	hybrid_fixed	A	5000	1552	0.001	0.050190445898090186	0.7425363388530654	0.5739	-0.9972	-590.4643776964404
run_hybrid_fixed_sA	hybrid_fixed	A	5000	1649	0.001	0.050255691993433715	0.744114218160742	0.575	-0.9993	-593.4303570700373
run_hybrid_fixed_sA	hybrid_fixed	A	5000	1746	0.001	0.050932383622773726	0.7461930014456521	0.5772	-1.0016	-596.7292866966735
run_hybrid_fixed_sA	hybrid_fixed	A	5000	1843	0.001	0.0516701546338096	0.7476514650380941	0.5789	-1.0029	-599.9584789471616
run_hybrid_fixed_sA	hybrid_fixed	A	5000	1940	0.001	0.05040113290954532	0.7488479312537923	0.5785	-1.0058	-601.0298583751875
run_hybrid_fixed_sA	hybrid_fixed	A	5000	2037	0.001	0.051137926290167446	0.7500607266836997	0.5801	-1.0068	-603.0777469674746
run_hybrid_fixed_sA	hybrid_fixed	A	5000	2134	0.001	0.04884931289382353	0.7504206772640748	0.5781	-1.0096	-602.7253697099572
run_hybrid_fixed_sA	hybrid_fixed	A	5000	2231	0.001	0.04972977218754152	0.7524001256421453	0.5804	-1.0115	-605.6617893382255
run_hybrid_fixed_sA	hybrid_fixed	A	5000	2328	0.001	0.048616780809306495	0.7533941293913892	0.5799	-1.014	-606.2461230087097
run_hybrid_fixed_sA	hybrid_fixed	A	5000	2425	0.001	0.04858547025184479	0.7548340666639998	0.5809	-1.0161	-610.4023310925527
run_hybrid_fixed_sA	hybrid_fixed	A	5000	2522	0.001	0.05004382257648739	0.7586711818218487	0.5851	-1.02	-616.6252308565159
run_hybrid_fixed_sA	hybrid_fixed	A	5000	2619	0.001	0.048782778382377726	0.7574754559660575	0.583	-1.0196	-613.6375231044424
run_hybrid_fixed_sA	hybrid_fixed	A	5000	2716	0.001	0.051610071818251405	0.762175198619482	0.5891	-1.0234	-623.3047654128278
run_hybrid_fixed_sA	hybrid_fixed	A	5000	2813	0.001	0.05002989324871232	0.7606735289794001	0.5865	-1.0229	-619.3051780899965
run_hybrid_fixed_sA	hybrid_fixed	A	5000	2910	0.001	0.05016563966929003	0.7629915382795724	0.5883	-1.026	-623.354196330906
run_hybrid_fixed_sA	hybrid_fixed	A	5000	3007	0.001	0.051160947258081124	0.7661670453260538	0.5915	-1.0295	-629.1616272154539
run_hybrid_fixed_sA	hybrid_fixed	A	5000	3104	0.001	0.051933482750636285	0.7689019358411505	0.5942	-1.0326	-633.7983901290804
run_hybrid_fixed_sA	hybrid_fixed	A	5000	3201	0.001	0.051326020616381696	0.7706695713625928	0.5948	-1.0357	-636.9645570014126
run_hybrid_fixed_sA	hybrid_fixed	A	5000	3300	0.001	0.05033189664725386	0.7734409886485264	0.5958	-1.0406	-640.6795583891276
run_hybrid_fixed_sA	hybrid_fixed	A	5000	3398	0.001	0.052236239687096134	0.7746107034535846	0.5985	-1.0403	-643.4015038520594
run_hybrid_fixed_sA	hybrid_fixed	A	5000	3495	0.001	0.05301089164213302	0.7754154281324185	0.5999	-1.0407	-643.1645798612263
run_hybrid_fixed_sA	hybrid_fixed	A	5000	3592	0.001	0.053136928698114816	0.7759214366938743	0.6003	-1.0412	-645.4008586869205
run_hybrid_fixed_sA	hybrid_fixed	A	5000	3689	0.001	0.05288774692470817	0.7791749433086014	0.6024	-1.0461	-651.4138985196217
run_hybrid_fixed_sA	hybrid_fixed	A	5000	3786	0.001	0.05387094365995796	0.7803381674824766	0.6042	-1.0467	-653.6410644238498
run_hybrid_fixed_sA	hybrid_fixed	A	5000	3883	0.001	0.05229837714203435	0.7796147204989163	0.6021	-1.0473	-651.4957957486123
run_hybrid_fixed_sA	hybrid_fixed	A	5000	3980	0.001	0.05364160319432844	0.7825356054037937	0.6055	-1.0501	-655.2320906743927
run_hybrid_fixed_sA	hybrid_fixed	A	5000	4077	0.001	0.05452850049389797	0.7838166985485572	0.6073	-1.051	-658.0948247337844
run_hybrid_fixed_sA	hybrid_fixed	A	5000	4174	0.001	0.05475737226917865	0.7859354803324441	0.609	-1.0537	-662.4059131276622
run_hybrid_fixed_sA	hybrid_fixed	A	5000	4271	0.001	0.05231659262520734	0.7872856823128338	0.6075	-1.0581	-664.1744373119576
run_hybrid_fixed_sA	hybrid_fixed	A	5000	4368	0.001	0.05241157227100253	0.7861951013507388	0.6069	-1.0565	-662.720556139282
run_hybrid_fixed_sA	hybrid_fixed	A	5000	4465	0.001	0.055088460310428425	0.7876637472156117	0.6105	-1.0558	-665.1767933653996
run_hybrid_fixed_sA	hybrid_fixed	A	5000	4562	0.001	0.05235481828447458	0.7883935387182006	0.6083	-1.0596	-665.9868305249347
run_hybrid_fixed_sA	hybrid_fixed	A	5000	4659	0.001	0.05369237479074244	0.7901260598475962	0.6109	-1.0607	-669.2093636649913
run_hybrid_fixed_sA	hybrid_fixed	A	5000	4756	0.001	0.0522428784508685	0.7916687967234598	0.6105	-1.0643	-671.527981427612
run_hybrid_fixed_sA	hybrid_fixed	A	5000	4853	0.001	0.051228525924124226	0.7918915074307651	0.6097	-1.0657	-671.7035040447367
run_hybrid_fixed_sA	hybrid_fixed	A	5000	4950	0.001	0.05264110310816039	0.7921821077820467	0.6113	-1.0646	-671.6319371287932
run_hybrid_fixed_sA	hybrid_fixed	A	5000	5047	5.924525297439452e-06	0.05222104372604726	0.792893182590342	0.6114	-1.0661	-673.3718873330553
run_hybrid_fixed_sA	hybrid_fixed	A	5000	5144	5.924525297439452e-06	0.052249447591539266	0.793409789037967	0.6118	-1.0668	-673.5345451349551
run_hybrid_fixed_sA	hybrid_fixed	A	5000	5241	5.924525297439452e-06	0.05203259870798047	0.7928284908980959	0.6111	-1.0662	-673.7284297914177
run_hybrid_fixed_sA	hybrid_fixed	A	5000	5338	5.924525297439452e-06	0.05180786709700887	0.7935333914453199	0.6114	-1.0674	-674.7643600970207
run_hybrid_fixed_sA	hybrid_fixed	A	5000	5435	5.924525297439452e-06	0.052429073113021696	0.7941736462301189	0.6125	-1.0677	-674.6020583809793
run_hybrid_fixed_sA	hybrid_fixed	A	5000	5532	5.924525297439452e-06	0.05221041712110689	0.7937169510001788	0.6119	-1.0672	-675.0733100470204
run_hybrid_fixed_sA	hybrid_fixed	A	5000	5629	5.924525297439452e-06	0.05227538083372133	0.7936537146626457	0.612	-1.0671	-674.6982461781441
run_hybrid_fixed_sA	hybrid_fixed	A	5000	5726	5.924525297439452e-06	0.0522996758821227	0.7938385963083715	0.6121	-1.0673	-674.8488571452846
run_hybrid_fixed_sA	hybrid_fixed	A	5000	5823	5.924525297439452e-06	0.051933235497993335	0.7957764844634662	0.6131	-1.0704	-679.7861011076336
run_hybrid_fixed_sA	hybrid_fixed	A	5000	5920	5.924525297439452e-06	0.05201158895475059	0.7935087614182789	0.6116	-1.0672	-674.4309668188002
run_hybrid_fixed_sA	hybrid_fixed	A	5000	6017	5.924525297439452e-06	0.0521087774900855	0.794885506582519	0.6127	-1.069	-677.241116912058
run_hybrid_fixed_sA	hybrid_fixed	A	5000	6114	5.924525297439452e-06	0.051954880255859294	0.7938298267657292	0.6118	-1.0677	-676.098158841046
run_hybrid_fixed_sA	hybrid_fixed	A	5000	6211	5.924525297439452e-06	0.052452411791833645	0.7931769407813025	0.6118	-1.0662	-673.6703600137093
run_hybrid_fixed_sA	hybrid_fixed	A	5000	6308	5.924525297439452e-06	0.05202097515471493	0.7967257188168866	0.6139	-1.0717	-681.9799132444875
run_hybrid_fixed_sA	hybrid_fixed	A	5000	6405	5.924525297439452e-06	0.0525480559318342	0.7921681146515306	0.6112	-1.0647	-672.0488035758544
run_hybrid_fixed_sA	hybrid_fixed	A	5000	6502	5.924525297439452e-06	0.051829834615667494	0.7949356751512759	0.6124	-1.0694	-678.1021204399851
run_hybrid_fixed_sA	hybrid_fixed	A	5000	6600	5.924525297439452e-06	0.05248244480484413	0.7941436782507428	0.6125	-1.0676	-675.7254615097436
run_hybrid_fixed_sA	hybrid_fixed	A	5000	6699	5.924525297439452e-06	0.0522375625335492	0.7935577500186071	0.6118	-1.067	-675.8720363036018
run_hybrid_fixed_sA	hybrid_fixed	A	5000	6796	5.924525297439452e-06	0.05250021707497219	0.7943025237189324	0.6127	-1.0678	-677.0218296983107
run_hybrid_fixed_sA	hybrid_fixed	A	5000	6893	5.924525297439452e-06	0.052182889401251265	0.7945026674649351	0.6125	-1.0684	-675.7276972173655
run_hybrid_fixed_sA	hybrid_fixed	A	5000	6990	5.924525297439452e-06	0.05204766306953427	0.7948498745370693	0.6126	-1.069	-678.2415603798062
run_hybrid_fixed_sA	hybrid_fixed	A	5000	7087	5.924525297439452e-06	0.05232722530671215	0.7932320119038901	0.6117	-1.0664	-674.0361441363012
run_hybrid_fixed_sA	hybrid_fixed	A	5000	7184	5.924525297439452e-06	0.051903569075847346	0.7949857088325614	0.6125	-1.0694	-679.1898533128253
run_hybrid_fixed_sA	hybrid_fixed	A	5000	7281	5.924525297439452e-06	0.05192524850375666	0.7925469233873201	0.6108	-1.0659	-673.7296742547172
run_hybrid_fixed_sA	hybrid_fixed	A	5000	7378	5.924525297439452e-06	0.05219486723451686	0.7958918949858403	0.6135	-1.0703	-679.8835251324408
run_hybrid_fixed_sA	hybrid_fixed	A	5000	7475	5.924525297439452e-06	0.05183131735190316	0.7936388680382135	0.6115	-1.0675	-674.7369625390975
run_hybrid_fixed_sA	hybrid_fixed	A	5000	7572	5.924525297439452e-06	0.0523450889367855	0.7935593721423239	0.612	-1.0669	-673.3504606021141
run_hybrid_fixed_sA	hybrid_fixed	A	5000	7669	5.924525297439452e-06	0.052278940231963035	0.7927886916970124	0.6114	-1.0659	-673.2039871010819
run_hybrid_fixed_sA	hybrid_fixed	A	5000	7766	5.924525297439452e-06	0.05245118178775615	0.7920635157998261	0.611	-1.0647	-671.6204917346571
run_hybrid_fixed_sA	hybrid_fixed	A	5000	7863	5.924525297439452e-06	0.052351094609819085	0.7937392459723445	0.6121	-1.0671	-674.8177765206002
run_hybrid_fixed_sA	hybrid_fixed	A	5000	7960	5.924525297439452e-06	0.05225927381335854	0.7930794794845761	0.6115	-1.0663	-674.0431973012771
run_hybrid_fixed_sA	hybrid_fixed	A	5000	8057	5.924525297439452e-06	0.0520089287042995	0.7934434388719632	0.6116	-1.0671	-674.8775676693873
run_hybrid_fixed_sA	hybrid_fixed	A	5000	8154	5.924525297439452e-06	0.05258869860019294	0.7941126506399682	0.6126	-1.0674	-674.8813357815498
run_hybrid_fixed_sA	hybrid_fixed	A	5000	8251	5.924525297439452e-06	0.05240021161851299	0.7933596791926492	0.6119	-1.0666	-673.8978645460211
run_hybrid_fixed_sA	hybrid_fixed	A	5000	8348	5.924525297439452e-06	0.051912269180948135	0.7953451551363708	0.6128	-1.0698	-678.3417160332549
run_hybrid_fixed_sA	hybrid_fixed	A	5000	8445	5.924525297439452e-06	0.05213005270775737	0.7935984950341216	0.6118	-1.0672	-675.5737567958059
run_hybrid_fixed_sA	hybrid_fixed	A	5000	8542	5.924525297439452e-06	0.05220226256567112	0.7932311280674571	0.6116	-1.0666	-674.9396796398986
run_hybrid_fixed_sA	hybrid_fixed	A	5000	8639	5.924525297439452e-06	0.051885765351008806	0.7953046481281465	0.6127	-1.0698	-677.5489547935431
run_hybrid_fixed_sA	hybrid_fixed	A	5000	8736	5.924525297439452e-06	0.052108655137723114	0.7939365527097598	0.612	-1.0676	-674.3406395949876
run_hybrid_fixed_sA	hybrid_fixed	A	5000	8833	5.924525297439452e-06	0.05235818441405952	0.7938211523692857	0.6122	-1.0673	-675.0958518150056
run_hybrid_fixed_sA	hybrid_fixed	A	5000	8930	5.924525297439452e-06	0.05186674531650076	0.7932601446622228	0.6113	-1.067	-675.1037807201976
run_hybrid_fixed_sA	hybrid_fixed	A	5000	9027	5.924525297439452e-06	0.052092895733276856	0.7944765177420211	0.6124	-1.0685	-676.3304332171882
run_hybrid_fixed_sA	hybrid_fixed	A	5000	9124	5.924525297439452e-06	0.05233184622855928	0.7931937732024927	0.6117	-1.0664	-673.9729914138711
run_hybrid_fixed_sA	hybrid_fixed	A	5000	9221	5.924525297439452e-06	0.052449659667074267	0.7954721943702355	0.6134	-1.0695	-677.0045179583803
run_hybrid_fixed_sA	hybrid_fixed	A	5000	9318	5.924525297439452e-06	0.05253115093241104	0.7952502919010516	0.6133	-1.0691	-678.5446870123731
run_hybrid_fixed_sA	hybrid_fixed	A	5000	9415	5.924525297439452e-06	0.05172576334710508	0.794278599481967	0.6119	-1.0685	-676.1711545737885
run_hybrid_fixed_sA	hybrid_fixed	A	5000	9512	5.924525297439452e-06	0.05241168980747635	0.7943363817353524	0.6126	-1.0679	-675.7771309115784
run_hybrid_fixed_sA	hybrid_fixed	A	5000	9609	5.924525297439452e-06	0.05251608981151271	0.794102961560849	0.6125	-1.0675	-675.8324983177288
run_hybrid_fixed_sA	hybrid_fixed	A	5000	9706	5.924525297439452e-06	0.05231182742258983	0.7935633085169456	0.6119	-1.0669	-674.5523991620378
run_hybrid_fixed_sA	hybrid_fixed	A	5000	9803	5.924525297439452e-06	0.05253405969604256	0.7932711994164976	0.612	-1.0663	-675.184185164516
run_hybrid_fixed_sA	hybrid_fixed	A	5000	9900	5.924525297439452e-06	0.05201567418954378	0.7932719485148532	0.6114	-1.0668	-673.5838781323577
run_hybrid_fixed_sA	hybrid_fixed	A	5000	10000	3.5100000000000036e-08	0.05225335862634809	0.7934943803566372	0.6118	-1.0669	-675.7683726771354
run_hybrid_fixed_sB	hybrid_fixed	B	5000	1	0.001	-0.012195251782202043	0.709151579307825	0.4879	-1.0125	-534.7733711651081
run_hybrid_fixed_sB	hybrid_fixed	B	5000	97	0.001	-0.017986685961035677	0.716325440184421	0.4872	-1.0284	-545.2875303247846
run_hybrid_fixed_sB	hybrid_fixed	B	5000	194	0.001	-0.007538845310258169	0.7282185032248756	0.506	-1.0347	-564.1162452665011
run_hybrid_fixed_sB	hybrid_fixed	B	5000	291	0.001	0.0024920763765720793	0.7351267725598745	0.5209	-1.0344	-574.9182793424294
run_hybrid_fixed_sB	hybrid_fixed	B	5000	388	0.001	0.012024874574228035	0.73837609571512	0.5328	-1.0295	-580.7047344521874
run_hybrid_fixed_sB	hybrid_fixed	B	5000	485	0.001	0.019076915008635176	0.7404773157874971	0.5413	-1.0254	-584.3056597681033
run_hybrid_fixed_sB	hybrid_fixed	B	5000	582	0.001	0.027893147026942268	0.7428046610348765	0.5518	-1.0198	-589.3158650696193
run_hybrid_fixed_sB	hybrid_fixed	B	5000	679	0.001	0.03471759368419393	0.7465871218122474	0.5612	-1.0183	-595.7074168868301
run_hybrid_fixed_sB	hybrid_fixed	B	5000	776	0.001	0.039301864063558546	0.7485652148062535	0.5672	-1.0165	-598.8355042061513
run_hybrid_fixed_sB	hybrid_fixed	B	5000	873	0.001	0.04434798271241787	0.7495787494231658	0.573	-1.0129	-601.9260845827067
run_hybrid_fixed_sB	hybrid_fixed	B	5000	970	0.001	0.045198820648440385	0.7512070351899167	0.575	-1.0144	-604.09447937004
run_hybrid_fixed_sB	hybrid_fixed	B	5000	1067	0.001	0.04648326956365748	0.7524535781629005	0.5771	-1.0148	-606.6046742138576
run_hybrid_fixed_sB	hybrid_fixed	B	5000	1164	0.001	0.0452166607648176	0.751955226532378	0.5755	-1.0154	-604.8451793866002
run_hybrid_fixed_sB	hybrid_fixed	B	5000	1261	0.001	0.047153062899604026	0.7533007957288796	0.5784	-1.0154	-608.4548495379269
run_hybrid_fixed_sB	hybrid_fixed	B	5000	1358	0.001	0.04652171906867776	0.7550868875688497	0.579	-1.0185	-610.0492954497987
run_hybrid_fixed_sB	hybrid_fixed	B	5000	1455	0.001	0.04636592750507801	0.7546603583822316	0.5786	-1.0181	-609.3113398375191
run_hybrid_fixed_sB	hybrid_fixed	B	5000	1552	0.001	0.047583129270791114	0.7569430049033722	0.5814	-1.0201	-614.4752542406476
run_hybrid_fixed_sB	hybrid_fixed	B	5000	1649	0.001	0.046172359457436564	0.757285900504602	0.5802	-1.022	-613.5093589337126
run_hybrid_fixed_sB	hybrid_fixed	B	5000	1746	0.001	0.047239874374571625	0.7581279701425374	0.5819	-1.0221	-615.8780924829977
run_hybrid_fixed_sB	hybrid_fixed	B	5000	1843	0.001	0.045646306289575556	0.7599823568444707	0.5816	-1.0263	-617.3315091396056
run_hybrid_fixed_sB	hybrid_fixed	B	5000	1940	0.001	0.04523726799848728	0.7608522531675712	0.5818	-1.0279	-619.9186135853213
run_hybrid_fixed_sB	hybrid_fixed	B	5000	2037	0.001	0.04572163297325427	0.7622850627803017	0.5833	-1.0295	-622.2017437675108
run_hybrid_fixed_sB	hybrid_fixed	B	5000	2134	0.001	0.04568734891973292	0.7634356469426075	0.5841	-1.0311	-623.6471145712728
run_hybrid_fixed_sB	hybrid_fixed	B	5000	2231	0.001	0.045802924712378214	0.7650788345965585	0.5854	-1.0333	-626.7273216582275
run_hybrid_fixed_sB	hybrid_fixed	B	5000	2328	0.001	0.04588346758173143	0.7679744130377331	0.5875	-1.0373	-632.0256723829987
run_hybrid_fixed_sB	hybrid_fixed	B	5000	2425	0.001	0.04545648073370541	0.7679814002065278	0.5871	-1.0378	-631.0855933899123
run_hybrid_fixed_sB	hybrid_fixed	B	5000	2522	0.001	0.04523056048531783	0.7719664584375245	0.5896	-1.0436	-638.3251428851315
run_hybrid_fixed_sB	hybrid_fixed	B	5000	2619	0.001	0.04635151539554101	0.7733949104973307	0.5918	-1.0445	-640.8543425151896
run_hybrid_fixed_sB	hybrid_fixed	B	5000	2716	0.001	0.0468303285258899	0.7737037588902005	0.5925	-1.0445	-641.8394305871922
run_hybrid_fixed_sB	hybrid_fixed	B	5000	2813	0.001	0.04709354469392396	0.7756323123991153	0.5941	-1.0469	-643.7675813388105
run_hybrid_fixed_sB	hybrid_fixed	B	5000	2910	0.001	0.04714145358337157	0.7760913130933622	0.5945	-1.0475	-644.8073084857823
run_hybrid_fixed_sB	hybrid_fixed	B	5000	3007	0.001	0.04878417440279451	0.7793582046180887	0.5984	-1.0504	-649.6087075168784
run_hybrid_fixed_sB	hybrid_fixed	B	5000	3104	0.001	0.048607437094545736	0.7810505923211574	0.5994	-1.053	-654.1727626595715
run_hybrid_fixed_sB	hybrid_fixed	B	5000	3201	0.001	0.05003956522868454	0.7838984295380832	0.6029	-1.0556	-657.9568648049933
run_hybrid_fixed_sB	hybrid_fixed	B	5000	3300	0.001	0.0503057329282926	0.7854829143504324	0.6042	-1.0576	-661.8666811859974
run_hybrid_fixed_sB	hybrid_fixed	B	5000	3398	0.001	0.05043432946822372	0.7871120291055032	0.6055	-1.0597	-662.4146943640682
run_hybrid_fixed_sB	hybrid_fixed	B	5000	3495	0.001	0.05187258517247613	0.7892970907917134	0.6085	-1.0614	-666.1330306136045
run_hybrid_fixed_sB	hybrid_fixed	B	5000	3592	0.001	0.051934369713491635	0.7911994832669115	0.6099	-1.064	-670.5651809838962
run_hybrid_fixed_sB	hybrid_fixed	B	5000	3689	0.001	0.05364176072631031	0.7930146426495128	0.6129	-1.0648	-672.2416361574745
run_hybrid_fixed_sB	hybrid_fixed	B	5000	3786	0.001	0.05093879268201679	0.7922694905595895	0.6097	-1.0665	-671.9985711072258
run_hybrid_fixed_sB	hybrid_fixed	B	5000	3883	0.001	0.05356518446603259	0.7947512310004239	0.614	-1.0674	-676.9174880000304
run_hybrid_fixed_sB	hybrid_fixed	B	5000	3980	0.001	0.053299133597458595	0.795767867678638	0.6145	-1.0691	-677.9100978982628
run_hybrid_fixed_sB	hybrid_fixed	B	5000	4077	0.001	0.0547181011764161	0.7982060457354653	0.6176	-1.0711	-683.5887618440066
run_hybrid_fixed_sB	hybrid_fixed	B	5000	4174	0.001	0.05556594988391861	0.8006703060994238	0.6202	-1.0737	-687.1841041988383
run_hybrid_fixed_sB	hybrid_fixed	B	5000	4271	0.001	0.05407327039311227	0.8021923823712976	0.6198	-1.0774	-690.7956778687847
run_hybrid_fixed_sB	hybrid_fixed	B	5000	4368	0.001	0.054677126467197135	0.8031737817813812	0.6211	-1.0782	-692.2043664631072
run_hybrid_fixed_sB	hybrid_fixed	B	5000	4465	0.001	0.05403341960664117	0.802610630154786	0.62	-1.078	-690.318191005784
run_hybrid_fixed_sB	hybrid_fixed	B	5000	4562	0.001	0.0560312654085558	0.8050987526267503	0.6238	-1.0795	-695.0416887009607
run_hybrid_fixed_sB	hybrid_fixed	B	5000	4659	0.001	0.05373802221843682	0.8057261539508013	0.622	-1.0827	-696.0838155303886
run_hybrid_fixed_sB	hybrid_fixed	B	5000	4756	0.001	0.05103917775170752	0.8050560226432424	0.6188	-1.0844	-694.8860432797098
run_hybrid_fixed_sB	hybrid_fixed	B	5000	4853	0.001	0.05113546127833002	0.8042442726559634	0.6183	-1.0832	-691.6419563154373
run_hybrid_fixed_sB	hybrid_fixed	B	5000	4950	0.001	0.052719834106207286	0.8073953310305254	0.6221	-1.086	-698.8129712604275
run_hybrid_fixed_sB	hybrid_fixed	B	5000	5047	5.924525297439452e-06	0.052036073406310036	0.8063134190565571	0.6206	-1.0852	-695.6363570036517
run_hybrid_fixed_sB	hybrid_fixed	B	5000	5144	5.924525297439452e-06	0.05137152671352492	0.8079737256802947	0.6212	-1.0882	-700.4800657591888
run_hybrid_fixed_sB	hybrid_fixed	B	5000	5241	5.924525297439452e-06	0.051432122386092585	0.8065960377794574	0.6203	-1.0862	-696.5163325115687
run_hybrid_fixed_sB	hybrid_fixed	B	5000	5338	5.924525297439452e-06	0.05164333744564421	0.8050969832769806	0.6194	-1.0839	-693.2964366023454
run_hybrid_fixed_sB	hybrid_fixed	B	5000	5435	5.924525297439452e-06	0.05127268548996292	0.8074901658080427	0.6207	-1.0876	-699.4101701889415
run_hybrid_fixed_sB	hybrid_fixed	B	5000	5532	5.924525297439452e-06	0.05111202996939027	0.8063459056401097	0.6197	-1.0862	-696.3815802913299
run_hybrid_fixed_sB	hybrid_fixed	B	5000	5629	5.924525297439452e-06	0.051394793232795055	0.8058245322550047	0.6197	-1.0852	-695.3352723658197
run_hybrid_fixed_sB	hybrid_fixed	B	5000	5726	5.924525297439452e-06	0.05101881121652874	0.8060165903095086	0.6194	-1.0858	-696.5746228761919
run_hybrid_fixed_sB	hybrid_fixed	B	5000	5823	5.924525297439452e-06	0.05159177949755263	0.805101733318086	0.6194	-1.084	-693.8587257925985
run_hybrid_fixed_sB	hybrid_fixed	B	5000	5920	5.924525297439452e-06	0.05141375169789945	0.8061395302893674	0.6199	-1.0856	-695.4663013343385
run_hybrid_fixed_sB	hybrid_fixed	B	5000	6017	5.924525297439452e-06	0.05175121767412895	0.8041587266490157	0.6189	-1.0825	-691.426302434389
run_hybrid_fixed_sB	hybrid_fixed	B	5000	6114	5.924525297439452e-06	0.05178249063601501	0.8064958868112287	0.6205	-1.0857	-695.8645456067821
run_hybrid_fixed_sB	hybrid_fixed	B	5000	6211	5.924525297439452e-06	0.051445889942719814	0.8066090267211493	0.6203	-1.0862	-696.9126427105233
run_hybrid_fixed_sB	hybrid_fixed	B	5000	6308	5.924525297439452e-06	0.05139156654423373	0.8058414105659252	0.6197	-1.0852	-695.3641007125862
run_hybrid_fixed_sB	hybrid_fixed	B	5000	6405	5.924525297439452e-06	0.05126227158823402	0.807499232339578	0.6207	-1.0877	-699.1363949799443
run_hybrid_fixed_sB	hybrid_fixed	B	5000	6502	5.924525297439452e-06	0.05104853842318931	0.8057494777537301	0.6193	-1.0854	-695.2737696178382
run_hybrid_fixed_sB	hybrid_fixed	B	5000	6600	5.924525297439452e-06	0.051432495819605364	0.8072089735918309	0.6207	-1.0871	-697.8933057013714
run_hybrid_fixed_sB	hybrid_fixed	B	5000	6699	5.924525297439452e-06	0.05124535579634385	0.8075091730072295	0.6207	-1.0877	-699.4676687883326
run_hybrid_fixed_sB	hybrid_fixed	B	5000	6796	5.924525297439452e-06	0.051578739206236235	0.8080559599695927	0.6214	-1.0881	-700.4852142484592
run_hybrid_fixed_sB	hybrid_fixed	B	5000	6893	5.924525297439452e-06	0.05143597124154671	0.8057124370257301	0.6196	-1.085	-695.706514726486
run_hybrid_fixed_sB	hybrid_fixed	B	5000	6990	5.924525297439452e-06	0.0515923613159307	0.8060426496019237	0.62	-1.0853	-695.4949986184934
run_hybrid_fixed_sB	hybrid_fixed	B	5000	7087	5.924525297439452e-06	0.05164713466196391	0.8062633296627817	0.6202	-1.0855	-696.5381055454948
run_hybrid_fixed_sB	hybrid_fixed	B	5000	7184	5.924525297439452e-06	0.051243742206037814	0.8066897184354362	0.6201	-1.0865	-697.1357053789898
run_hybrid_fixed_sB	hybrid_fixed	B	5000	7281	5.924525297439452e-06	0.05131816447185115	0.8077359554953633	0.6209	-1.0879	-698.3994960203147
run_hybrid_fixed_sB	hybrid_fixed	B	5000	7378	5.924525297439452e-06	0.05089134425650558	0.8076648761932725	0.6205	-1.0883	-700.0122885232239
run_hybrid_fixed_sB	hybrid_fixed	B	5000	7475	5.924525297439452e-06	0.051332759081530344	0.8066909358460277	0.6202	-1.0864	-697.4006908721116
run_hybrid_fixed_sB	hybrid_fixed	B	5000	7572	5.924525297439452e-06	0.05127521309379749	0.8060524837508841	0.6197	-1.0856	-696.051450998508
run_hybrid_fixed_sB	hybrid_fixed	B	5000	7669	5.924525297439452e-06	0.05143243356381183	0.8073418302921154	0.6208	-1.0873	-698.2746706655671
run_hybrid_fixed_sB	hybrid_fixed	B	5000	7766	5.924525297439452e-06	0.051337307425137604	0.8072220520884674	0.6206	-1.0872	-697.8914659498556
run_hybrid_fixed_sB	hybrid_fixed	B	5000	7863	5.924525297439452e-06	0.051440425335911255	0.8073301774712356	0.6208	-1.0872	-698.5704929662154
run_hybrid_fixed_sB	hybrid_fixed	B	5000	7960	5.924525297439452e-06	0.05136258882799867	0.8077228180403204	0.621	-1.0879	-698.904067066568
run_hybrid_fixed_sB	hybrid_fixed	B	5000	8057	5.924525297439452e-06	0.05141856147787162	0.8065676294376987	0.6202	-1.0862	-697.0522280764359
run_hybrid_fixed_sB	hybrid_fixed	B	5000	8154	5.924525297439452e-06	0.05123810620039189	0.8051352048321392	0.619	-1.0844	-693.9069167866504
run_hybrid_fixed_sB	hybrid_fixed	B	5000	8251	5.924525297439452e-06	0.051354806815852874	0.8074612753383862	0.6208	-1.0875	-699.1884569698332
run_hybrid_fixed_sB	hybrid_fixed	B	5000	8348	5.924525297439452e-06	0.05137791509104043	0.8064034539377326	0.6201	-1.086	-696.9833817212092
run_hybrid_fixed_sB	hybrid_fixed	B	5000	8445	5.924525297439452e-06	0.051304399106039546	0.8066120423807462	0.6201	-1.0864	-696.7469894778473
run_hybrid_fixed_sB	hybrid_fixed	B	5000	8542	5.924525297439452e-06	0.051389716699776024	0.8066042078754697	0.6202	-1.0863	-697.4619350569205
run_hybrid_fixed_sB	hybrid_fixed	B	5000	8639	5.924525297439452e-06	0.051429315685447174	0.8055248873587687	0.6195	-1.0847	-695.4781710139076
run_hybrid_fixed_sB	hybrid_fixed	B	5000	8736	5.924525297439452e-06	0.051600267818255996	0.8068448111856502	0.6206	-1.0864	-697.3712376394448
run_hybrid_fixed_sB	hybrid_fixed	B	5000	8833	5.924525297439452e-06	0.051701775236413616	0.8054826110284756	0.6197	-1.0844	-694.0135864738919
run_hybrid_fixed_sB	hybrid_fixed	B	5000	8930	5.924525297439452e-06	0.05128609682505303	0.807503556127185	0.6207	-1.0876	-699.3262599726044
run_hybrid_fixed_sB	hybrid_fixed	B	5000	9027	5.924525297439452e-06	0.05087342093328419	0.8074771692635345	0.6203	-1.088	-698.6948820556379
run_hybrid_fixed_sB	hybrid_fixed	B	5000	9124	5.924525297439452e-06	0.05156820734630039	0.8055681175147359	0.6197	-1.0846	-694.7165455436262
run_hybrid_fixed_sB	hybrid_fixed	B	5000	9221	5.924525297439452e-06	0.05152353834824067	0.8064758660985104	0.6203	-1.0859	-696.2414019805593
run_hybrid_fixed_sB	hybrid_fixed	B	5000	9318	5.924525297439452e-06	0.050948720812087636	0.8073535981037225	0.6203	-1.0877	-698.4469795161484
run_hybrid_fixed_sB	hybrid_fixed	B	5000	9415	5.924525297439452e-06	0.05153775053682667	0.8071106924542538	0.6207	-1.0868	-698.0132417845579
run_hybrid_fixed_sB	hybrid_fixed	B	5000	9512	5.924525297439452e-06	0.05125468695734268	0.8073675562575331	0.6206	-1.0875	-699.2709051870401
run_hybrid_fixed_sB	hybrid_fixed	B	5000	9609	5.924525297439452e-06	0.051217112612601236	0.8072614034657549	0.6205	-1.0873	-699.0109357710483
run_hybrid_fixed_sB	hybrid_fixed	B	5000	9706	5.924525297439452e-06	0.05171282478337125	0.8063580776684289	0.6204	-1.0856	-695.3192781342331
run_hybrid_fixed_sB	hybrid_fixed	B	5000	9803	5.924525297439452e-06	0.05158139741361837	0.8074566220003278	0.621	-1.0873	-697.7388644417379
run_hybrid_fixed_sB	hybrid_fixed	B	5000	9900	5.924525297439452e-06	0.051437311069364	0.8066981028493435	0.6203	-1.0863	-696.308803814893
run_hybrid_fixed_sB	hybrid_fixed	B	5000	10000	3.5100000000000036e-08	0.05110409125938418	0.8064281507649029	0.6198	-1.0863	-696.9950874250007
run_hybrid_q_sA	hybrid_q	A	5000	1	0.001	-0.006198480342133735	0.0002988128405861274	-0.0064	-0.0059	-0.028099924138302337
run_hybrid_q_sA	hybrid_q	A	5000	97	0.001	-0.018942092831597458	0.007413170189480184	-0.0211	-0.0147	-0.3017470946161456
run_hybrid_q_sA	hybrid_q	A	5000	194	0.001	-0.017852956161894265	0.040327594692171446	-0.0414	0.0292	-1.2642743358009163
run_hybrid_q_sA	hybrid_q	A	5000	291	0.001	-0.001356854137017735	0.06287340490925257	-0.0411	0.0782	-3.832358299292488
run_hybrid_q_sA	hybrid_q	A	5000	388	0.001	0.005804086314407227	0.05809282416813762	-0.0325	0.0825	-3.1983168012513548
run_hybrid_q_sA	hybrid_q	A	5000	485	0.001	0.00943034236270442	0.05070948000446073	-0.0235	0.0753	-2.4176802341173467
run_hybrid_q_sA	hybrid_q	A	5000	582	0.001	0.021847277927220708	0.038383634665408145	-0.0031	0.0717	-1.6705240291221126
run_hybrid_q_sA	hybrid_q	A	5000	679	0.001	0.030197392651375377	0.026834460954438265	0.0138	0.0629	-1.2320335433137828
run_hybrid_q_sA	hybrid_q	A	5000	776	0.001	0.025645248826460014	0.012658641577435372	0.0227	0.0316	-0.40270366468485924
run_hybrid_q_sA	hybrid_q	A	5000	873	0.001	0.025228276630952687	0.015120822341753291	0.0308	0.0141	-0.4603970140446594
run_hybrid_q_sA	hybrid_q	A	5000	970	0.001	0.014454348065469153	0.02009580490525616	0.0248	-0.0062	-0.33061171538582795
run_hybrid_q_sA	hybrid_q	A	5000	1067	0.001	0.01620494848546014	0.025848778179631805	0.0315	-0.0143	-0.6857925903465965
run_hybrid_q_sA	hybrid_q	A	5000	1164	0.001	0.011209828834710209	0.02997405050711848	0.0303	-0.027	-0.8907434481220742
run_hybrid_q_sA	hybrid_q	A	5000	1261	0.001	0.008621008841273418	0.033917167380175896	0.0305	-0.0351	-1.1890134845829778
run_hybrid_q_sA	hybrid_q	A	5000	1358	0.001	0.0049624543780404555	0.03054543567536304	0.0244	-0.0339	-0.7664421815083384
run_hybrid_q_sA	hybrid_q	A	5000	1455	0.001	0.00793328427951748	0.038558825490979616	0.0333	-0.0427	-1.4920031465255525
run_hybrid_q_sA	hybrid_q	A	5000	1552	0.001	0.00721847556882607	0.039742937662351624	0.0332	-0.0448	-1.5667629775505731
run_hybrid_q_sA	hybrid_q	A	5000	1649	0.001	0.004442758687570693	0.04069668226308536	0.0317	-0.05	-1.5713934913817522
run_hybrid_q_sA	hybrid_q	A	5000	1746	0.001	0.0042378037465735305	0.0447824670408923	0.0346	-0.0565	-1.9930983819079
run_hybrid_q_sA	hybrid_q	A	5000	1843	0.001	0.007446841173639274	0.04897116123478172	0.0407	-0.059	-2.3904943620291847
run_hybrid_q_sA	hybrid_q	A	5000	1940	0.001	0.003720582077811234	0.048513074772396775	0.0369	-0.0626	-2.4101100288060406
run_hybrid_q_sA	hybrid_q	A	5000	2037	0.001	0.003817675392915121	0.052143886181042244	0.0387	-0.066	-2.772448892355209
run_hybrid_q_sA	hybrid_q	A	5000	2134	0.001	0.005343003063681938	0.05248389948815471	0.041	-0.0659	-2.7987742340495303
run_hybrid_q_sA	hybrid_q	A	5000	2231	0.001	0.006467878754283824	0.056540026361599376	0.0451	-0.0708	-3.238686238474875
run_hybrid_q_sA	hybrid_q	A	5000	2328	0.001	0.008074873864155634	0.061483456614380844	0.0502	-0.0762	-3.953777841389371
run_hybrid_q_sA	hybrid_q	A	5000	2425	0.001	0.00800085657173176	0.06399804243053638	0.0523	-0.0806	-4.298192254654504
run_hybrid_q_sA	hybrid_q	A	5000	2522	0.001	0.006728539391127629	0.06617743339934615	0.052	-0.0838	-4.442960994856296
run_hybrid_q_sA	hybrid_q	A	5000	2619	0.001	0.006436718339153824	0.06381581653478034	0.05	-0.0806	-4.150048573798616
run_hybrid_q_sA	hybrid_q	A	5000	2716	0.001	0.008226684919816237	0.07440048931337725	0.0596	-0.0945	-5.832207428376513
run_hybrid_q_sA	hybrid_q	A	5000	2813	0.001	0.007544916053177782	0.07055787868002021	0.0559	-0.0891	-5.182518462803373
run_hybrid_q_sA	hybrid_q	A	5000	2910	0.001	0.008512146081259145	0.0711167284076903	0.0575	-0.0896	-5.386700580178501
run_hybrid_q_sA	hybrid_q	A	5000	3007	0.001	0.010493259576824811	0.07680285966467587	0.0636	-0.0958	-6.214590869971766
run_hybrid_q_sA	hybrid_q	A	5000	3104	0.001	0.009516159336839556	0.08135073448284946	0.0657	-0.1029	-7.011818947852473
run_hybrid_q_sA	hybrid_q	A	5000	3201	0.001	0.01074113804548699	0.08563488960088891	0.0698	-0.1074	-7.815367810858838
run_hybrid_q_sA	hybrid_q	A	5000	3300	0.001	0.009249524362298376	0.08919299458913409	0.0711	-0.1145	-8.42572355459503
run_hybrid_q_sA	hybrid_q	A	5000	3398	0.001	0.012735563027574582	0.09246921372307872	0.0768	-0.1155	-9.115414414565036
run_hybrid_q_sA	hybrid_q	A	5000	3495	0.001	0.012455875846026193	0.09585704293764591	0.079	-0.1207	-9.74089113263395
run_hybrid_q_sA	hybrid_q	A	5000	3592	0.001	0.011183813238199228	0.10044126505331889	0.081	-0.1284	-10.696196791504686
run_hybrid_q_sA	hybrid_q	A	5000	3689	0.001	0.012641066436301352	0.10258519966573194	0.0839	-0.1299	-11.192977606426615
run_hybrid_q_sA	hybrid_q	A	5000	3786	0.001	0.015895147079073302	0.10830825583961823	0.0911	-0.1345	-12.646777649164479
run_hybrid_q_sA	hybrid_q	A	5000	3883	0.001	0.015412180292845166	0.10862360001251983	0.0911	-0.136	-12.711198217735012
run_hybrid_q_sA	hybrid_q	A	5000	3980	0.001	0.016520614856665797	0.11149593743144819	0.0943	-0.139	-13.267292795220271
run_hybrid_q_sA	hybrid_q	A	5000	4077	0.001	0.014117265192682258	0.11454273645225445	0.0938	-0.1452	-13.982897706390945
run_hybrid_q_sA	hybrid_q	A	5000	4174	0.001	0.018390208776072062	0.11821620231319094	0.1008	-0.1463	-15.062623467248493
run_hybrid_q_sA	hybrid_q	A	5000	4271	0.001	0.016201788217993732	0.12069128296675005	0.1002	-0.1518	-15.509743943211749
run_hybrid_q_sA	hybrid_q	A	5000	4368	0.001	0.018914834092806844	0.12179932596583776	0.1039	-0.1511	-16.129092525766005
run_hybrid_q_sA	hybrid_q	A	5000	4465	0.001	0.018598675269052192	0.1226019743295031	0.1039	-0.1519	-16.248482372169086
run_hybrid_q_sA	hybrid_q	A	5000	4562	0.001	0.016843164489110624	0.12852283768102343	0.1063	-0.1621	-17.701537476226523
run_hybrid_q_sA	hybrid_q	A	5000	4659	0.001	0.017802883320364712	0.12795912334708473	0.1068	-0.1602	-17.649727888666707
run_hybrid_q_sA	hybrid_q	A	5000	4756	0.001	0.017956636257436372	0.13552609876442298	0.1125	-0.1711	-19.70963531022775
run_hybrid_q_sA	hybrid_q	A	5000	4853	0.001	0.015704178070594477	0.13563634098760297	0.1103	-0.1734	-19.6383658625708
run_hybrid_q_sA	hybrid_q	A	5000	4950	0.001	0.01870295127860882	0.14012846841579474	0.1167	-0.1772	-21.070448942349188
run_hybrid_q_sA	hybrid_q	A	5000	5047	5.924525297439452e-06	0.015562846921831514	0.13873052686990578	0.1124	-0.1782	-20.607586205824667
run_hybrid_q_sA	hybrid_q	A	5000	5144	5.924525297439452e-06	0.016070039197621795	0.1389884374503127	0.1133	-0.1783	-20.66003874146479
run_hybrid_q_sA	hybrid_q	A	5000	5241	5.924525297439452e-06	0.015439017591792174	0.13853052938039778	0.1122	-0.1782	-20.53026180406598
run_hybrid_q_sA	hybrid_q	A	5000	5338	5.924525297439452e-06	0.015549651086058986	0.14033725025192093	0.1137	-0.1808	-21.062435248938954
run_hybrid_q_sA	hybrid_q	A	5000	5435	5.924525297439452e-06	0.01613747158690524	0.13982666078842185	0.114	-0.1795	-20.84308100445897
run_hybrid_q_sA	hybrid_q	A	5000	5532	5.924525297439452e-06	0.015364364591681546	0.14022072358510143	0.1131	-0.1801	-21.074888393722002
run_hybrid_q_sA	hybrid_q	A	5000	5629	5.924525297439452e-06	0.015280130650529817	0.14002535960712184	0.1131	-0.1804	-21.01078348603413
run_hybrid_q_sA	hybrid_q	A	5000	5726	5.924525297439452e-06	0.01596100715310555	0.13982871793074164	0.1136	-0.1793	-20.97704968056051
run_hybrid_q_sA	hybrid_q	A	5000	5823	5.924525297439452e-06	0.01528843099249442	0.14472761449234878	0.1164	-0.1868	-22.324183514796125
run_hybrid_q_sA	hybrid_q	A	5000	5920	5.924525297439452e-06	0.015328624935988836	0.1399320046863192	0.1129	-0.1797	-21.00475684458649
run_hybrid_q_sA	hybrid_q	A	5000	6017	5.924525297439452e-06	0.01604362382784869	0.14158861073652185	0.1149	-0.1817	-21.47567893375881
run_hybrid_q_sA	hybrid_q	A	5000	6114	5.924525297439452e-06	0.015392206150602068	0.1416635590487692	0.1142	-0.1822	-21.565469279445438
run_hybrid_q_sA	hybrid_q	A	5000	6211	5.924525297439452e-06	0.016354637218062244	0.13871696049320176	0.1133	-0.1774	-20.677856775653503
run_hybrid_q_sA	hybrid_q	A	5000	6308	5.924525297439452e-06	0.015184472927118645	0.14573734866038224	0.1172	-0.1888	-22.74872318548076
run_hybrid_q_sA	hybrid_q	A	5000	6405	5.924525297439452e-06	0.016340862898887133	0.1372227576733493	0.1122	-0.1753	-20.28088802748058
run_hybrid_q_sA	hybrid_q	A	5000	6502	5.924525297439452e-06	0.0148375888529474	0.14284471373107807	0.1149	-0.1852	-21.924373941656793
run_hybrid_q_sA	hybrid_q	A	5000	6600	5.924525297439452e-06	0.01619068673143891	0.14134863334558484	0.1152	-0.1819	-21.400134637661104
run_hybrid_q_sA	hybrid_q	A	5000	6699	5.924525297439452e-06	0.016129147275467316	0.14051492432812704	0.1143	-0.1802	-21.088642266911055
run_hybrid_q_sA	hybrid_q	A	5000	6796	5.924525297439452e-06	0.01565103527549067	0.14089605960227095	0.1141	-0.1812	-21.321013586693123
run_hybrid_q_sA	hybrid_q	A	5000	6893	5.924525297439452e-06	0.015699125875375225	0.1412412043132695	0.1144	-0.1816	-21.237803308127948
run_hybrid_q_sA	hybrid_q	A	5000	6990	5.924525297439452e-06	0.015105323483206912	0.1428026828268209	0.115	-0.1848	-21.862199838423386
run_hybrid_q_sA	hybrid_q	A	5000	7087	5.924525297439452e-06	0.01591919732082234	0.13884403236266735	0.113	-0.1783	-20.64114010643618
run_hybrid_q_sA	hybrid_q	A	5000	7184	5.924525297439452e-06	0.015103114789546807	0.1420587071848716	0.1145	-0.1836	-21.71270166799251
run_hybrid_q_sA	hybrid_q	A	5000	7281	5.924525297439452e-06	0.01583904751834893	0.13854469949315973	0.1126	-0.1776	-20.553940204927272
run_hybrid_q_sA	hybrid_q	A	5000	7378	5.924525297439452e-06	0.01575881639692685	0.14449305538496107	0.1166	-0.186	-22.31964663753293
run_hybrid_q_sA	hybrid_q	A	5000	7475	5.924525297439452e-06	0.015457612792525902	0.13971326755194133	0.1129	-0.1794	-20.82983356816622
run_hybrid_q_sA	hybrid_q	A	5000	7572	5.924525297439452e-06	0.015990339821818942	0.13961906697166046	0.1136	-0.1793	-20.82926541001941
run_hybrid_q_sA	hybrid_q	A	5000	7669	5.924525297439452e-06	0.015778422925214607	0.13851744658695042	0.1125	-0.1777	-20.55309578630273
run_hybrid_q_sA	hybrid_q	A	5000	7766	5.924525297439452e-06	0.016122639437614515	0.13678165147525265	0.1113	-0.1743	-20.06402994198794
run_hybrid_q_sA	hybrid_q	A	5000	7863	5.924525297439452e-06	0.015745928606769367	0.13951719888085326	0.1131	-0.179	-20.80441398639055
run_hybrid_q_sA	hybrid_q	A	5000	7960	5.924525297439452e-06	0.01590587233996741	0.13884289392821625	0.113	-0.1782	-20.69490183241937
run_hybrid_q_sA	hybrid_q	A	5000	8057	5.924525297439452e-06	0.015519259034294833	0.13973091881526065	0.1133	-0.1801	-20.951002200775854
run_hybrid_q_sA	hybrid_q	A	5000	8154	5.924525297439452e-06	0.015914207498944587	0.14058730426413937	0.1142	-0.1806	-21.10037851409959
run_hybrid_q_sA	hybrid_q	A	5000	8251	5.924525297439452e-06	0.016064333009444424	0.13933523353327978	0.1133	-0.1783	-20.761379694808564
run_hybrid_q_sA	hybrid_q	A	5000	8348	5.924525297439452e-06	0.015449526196246986	0.14264849768845192	0.1151	-0.1838	-21.845880113910933
run_hybrid_q_sA	hybrid_q	A	5000	8445	5.924525297439452e-06	0.015893120716337365	0.14003889872353364	0.1139	-0.18	-21.078442114187766
run_hybrid_q_sA	hybrid_q	A	5000	8542	5.924525297439452e-06	0.015513980470287878	0.1397642880513651	0.1132	-0.1799	-21.031626766954886
run_hybrid_q_sA	hybrid_q	A	5000	8639	5.924525297439452e-06	0.015706291118078003	0.14231012474107815	0.1151	-0.1831	-21.698621407081962
run_hybrid_q_sA	hybrid_q	A	5000	8736	5.924525297439452e-06	0.015491477988395553	0.13923958148600646	0.1127	-0.179	-20.697888527760643
run_hybrid_q_sA	hybrid_q	A	5000	8833	5.924525297439452e-06	0.015702867210738537	0.14051306647120562	0.1138	-0.1805	-21.025424296229627
run_hybrid_q_sA	hybrid_q	A	5000	8930	5.924525297439452e-06	0.015274362505478884	0.13936265435948825	0.1125	-0.1791	-20.82445698993235
run_hybrid_q_sA	hybrid_q	A	5000	9027	5.924525297439452e-06	0.01597962423562015	0.1406436725989883	0.1143	-0.1807	-21.217422168827472
run_hybrid_q_sA	hybrid_q	A	5000	9124	5.924525297439452e-06	0.01602951708928981	0.1387921637855364	0.1131	-0.1781	-20.630839017046476
run_hybrid_q_sA	hybrid_q	A	5000	9221	5.924525297439452e-06	0.01626049559065368	0.14160448617735394	0.1151	-0.1814	-21.445862581986407
run_hybrid_q_sA	hybrid_q	A	5000	9318	5.924525297439452e-06	0.016212062464621015	0.1428118687438097	0.1159	-0.1831	-21.90132823050331
run_hybrid_q_sA	hybrid_q	A	5000	9415	5.924525297439452e-06	0.015386232946077827	0.14114299455525314	0.1138	-0.1815	-21.382023834404308
run_hybrid_q_sA	hybrid_q	A	5000	9512	5.924525297439452e-06	0.016616012443024915	0.14092539681163968	0.1148	-0.1798	-21.189469914649973
run_hybrid_q_sA	hybrid_q	A	5000	9609	5.924525297439452e-06	0.016679394655351124	0.14126359557388155	0.1157	-0.1814	-21.43950105745215
run_hybrid_q_sA	hybrid_q	A	5000	9706	5.924525297439452e-06	0.015528631045122402	0.13986044913684414	0.1133	-0.1799	-20.972484160885596
run_hybrid_q_sA	hybrid_q	A	5000	9803	5.924525297439452e-06	0.016703289613456095	0.13943923395046723	0.1142	-0.1783	-20.93731501412799
run_hybrid_q_sA	hybrid_q	A	5000	9900	5.924525297439452e-06	0.015669636505750945	0.13826421544743223	0.1122	-0.1773	-20.381124670174934
run_hybrid_q_sA	hybrid_q	A	5000	10000	3.5100000000000036e-08	0.0163040142444191	0.14043940847975214	0.1144	-0.1799	-21.075200178221866
run_hybrid_q_sB	hybrid_q	B	5000	1	0.001	-0.01219525178220204	0.00030689799255199983	-0.0121	-0.0125	-0.10422432159591086
run_hybrid_q_sB	hybrid_q	B	5000	97	0.001	0.014242353907252134	0.017683786278779662	0.0232	-0.0036	-0.3051525155205072
run_hybrid_q_sB	hybrid_q	B	5000	194	0.001	0.021836440817454245	0.017300094295158802	0.0327	0.0002	-0.684518575448777
run_hybrid_q_sB	hybrid_q	B	5000	291	0.001	0.046481268473223675	0.018343596164082016	0.0561	0.0272	-1.9021601569608098
run_hybrid_q_sB	hybrid_q	B	5000	388	0.001	0.04396760246959096	0.01093693559044892	0.0492	0.0335	-1.5579210249367095
run_hybrid_q_sB	hybrid_q	B	5000	485	0.001	0.039371879583007974	0.007288193789687874	0.0412	0.0358	-1.207480331199247
run_hybrid_q_sB	hybrid_q	B	5000	582	0.001	0.03277042728898512	0.005804827897414111	0.0308	0.0366	-0.8015826825653697
run_hybrid_q_sB	hybrid_q	B	5000	679	0.001	0.030754497175095187	0.014003395140403604	0.0215	0.0492	-0.8604149555795663
run_hybrid_q_sB	hybrid_q	B	5000	776	0.001	0.022197151557939887	0.017292197969960916	0.0108	0.045	-0.6159744881010318
run_hybrid_q_sB	hybrid_q	B	5000	873	0.001	0.016936917576815057	0.026024017995619174	-0.0005	0.0519	-0.8602116128719732
run_hybrid_q_sB	hybrid_q	B	5000	970	0.001	0.006546591254778707	0.03488904195637986	-0.0171	0.0539	-1.2437609154301188
run_hybrid_q_sB	hybrid_q	B	5000	1067	0.001	-0.007282905260367893	0.038030068389798985	-0.0329	0.044	-1.4485680857228476
run_hybrid_q_sB	hybrid_q	B	5000	1164	0.001	-0.011201003184009635	0.04331677041784567	-0.0406	0.0476	-1.9977949761670897
run_hybrid_q_sB	hybrid_q	B	5000	1261	0.001	-0.02187871774175562	0.05440958284633297	-0.0592	0.0528	-3.4819983501726477
run_hybrid_q_sB	hybrid_q	B	5000	1358	0.001	-0.023815327081027203	0.05964154924252863	-0.0648	0.0581	-4.148263549703954
run_hybrid_q_sB	hybrid_q	B	5000	1455	0.001	-0.0229818092747359	0.058856496962850356	-0.0635	0.0581	-3.934813171370118
run_hybrid_q_sB	hybrid_q	B	5000	1552	0.001	-0.025365936655422014	0.06927700009526475	-0.0732	0.0704	-5.529703776293449
run_hybrid_q_sB	hybrid_q	B	5000	1649	0.001	-0.03342749837429899	0.07123939152524963	-0.0828	0.0653	-6.233850103923373
run_hybrid_q_sB	hybrid_q	B	5000	1746	0.001	-0.03261602926735088	0.07361251442841761	-0.0834	0.0689	-6.514861287931552
run_hybrid_q_sB	hybrid_q	B	5000	1843	0.001	-0.027020367948097715	0.07985110240284347	-0.0825	0.0839	-7.167842537936963
run_hybrid_q_sB	hybrid_q	B	5000	1940	0.001	-0.032356368123612374	0.08247601219174287	-0.0899	0.0828	-8.077107726042257
run_hybrid_q_sB	hybrid_q	B	5000	2037	0.001	-0.03791157550886553	0.08698692866332844	-0.0984	0.0831	-9.188027233980302
run_hybrid_q_sB	hybrid_q	B	5000	2134	0.001	-0.03732045272769079	0.09002807736733948	-0.1	0.088	-9.717539616726105
run_hybrid_q_sB	hybrid_q	B	5000	2231	0.001	-0.03939776667211969	0.09574998094580975	-0.1062	0.0943	-10.927239311439465
run_hybrid_q_sB	hybrid_q	B	5000	2328	0.001	-0.04237646665097553	0.10588183969542263	-0.1163	0.1054	-13.367530610704847
run_hybrid_q_sB	hybrid_q	B	5000	2425	0.001	-0.04312632179069227	0.10203691863158086	-0.1144	0.0995	-12.5932388264934
run_hybrid_q_sB	hybrid_q	B	5000	2522	0.001	-0.047213252079375614	0.10911669423778303	-0.1235	0.1053	-14.5161141310893
run_hybrid_q_sB	hybrid_q	B	5000	2619	0.001	-0.04920389497732183	0.11301542400336455	-0.1283	0.109	-15.594556046207513
run_hybrid_q_sB	hybrid_q	B	5000	2716	0.001	-0.04851106573729739	0.11161386159365756	-0.1267	0.1079	-15.240837986886302
run_hybrid_q_sB	hybrid_q	B	5000	2813	0.001	-0.05603477811523836	0.11538541797269268	-0.1367	0.1053	-16.750305855884456
run_hybrid_q_sB	hybrid_q	B	5000	2910	0.001	-0.053855368890503685	0.11306893070928009	-0.133	0.1044	-16.047137572250126
run_hybrid_q_sB	hybrid_q	B	5000	3007	0.001	-0.05675834187512613	0.11755530117263929	-0.139	0.1078	-17.280936873965995
run_hybrid_q_sB	hybrid_q	B	5000	3104	0.001	-0.057767000478831855	0.12100118318827358	-0.1424	0.1114	-18.431808329505255
run_hybrid_q_sB	hybrid_q	B	5000	3201	0.001	-0.06212873472248585	0.12731983352385234	-0.1512	0.116	-20.508324033727057
run_hybrid_q_sB	hybrid_q	B	5000	3300	0.001	-0.05689637578117171	0.12807780539760757	-0.1466	0.1225	-20.12376324012589
run_hybrid_q_sB	hybrid_q	B	5000	3398	0.001	-0.05730110816783229	0.1283145837597041	-0.147	0.1221	-20.21036787351292
run_hybrid_q_sB	hybrid_q	B	5000	3495	0.001	-0.06098445248232666	0.13405467768954873	-0.1549	0.1268	-22.11093176124829
run_hybrid_q_sB	hybrid_q	B	5000	3592	0.001	-0.0601902637102014	0.13398234282589808	-0.1539	0.1273	-22.187269653488013
run_hybrid_q_sB	hybrid_q	B	5000	3689	0.001	-0.06085607006870139	0.13466938779270568	-0.1553	0.1279	-22.26431179413765
run_hybrid_q_sB	hybrid_q	B	5000	3786	0.001	-0.061182084419256405	0.13502754814938747	-0.1556	0.1276	-22.374336326328663
run_hybrid_q_sB	hybrid_q	B	5000	3883	0.001	-0.0640331595480858	0.13848863690162336	-0.161	0.1299	-23.834647317161537
run_hybrid_q_sB	hybrid_q	B	5000	3980	0.001	-0.059002657402346434	0.13680115671637372	-0.155	0.133	-23.04555176287853
run_hybrid_q_sB	hybrid_q	B	5000	4077	0.001	-0.057776998284487104	0.14144695514631594	-0.1568	0.1403	-24.244402233897635
run_hybrid_q_sB	hybrid_q	B	5000	4174	0.001	-0.05752229718847614	0.13992106884258373	-0.1556	0.1386	-23.23020858329788
run_hybrid_q_sB	hybrid_q	B	5000	4271	0.001	-0.058795474286517074	0.14329040991127018	-0.1592	0.142	-24.938599437352455
run_hybrid_q_sB	hybrid_q	B	5000	4368	0.001	-0.05483641559391483	0.14383632827265141	-0.1556	0.1467	-24.687090454333614
run_hybrid_q_sB	hybrid_q	B	5000	4465	0.001	-0.054189954418441016	0.14488589509264416	-0.1558	0.149	-24.849767976141333
run_hybrid_q_sB	hybrid_q	B	5000	4562	0.001	-0.05587347019065262	0.14830591506513296	-0.1599	0.1522	-26.11864048614128
run_hybrid_q_sB	hybrid_q	B	5000	4659	0.001	-0.05367097686590889	0.1484948708957007	-0.1579	0.1548	-26.055767401106774
run_hybrid_q_sB	hybrid_q	B	5000	4756	0.001	-0.052150198153165614	0.1519729431466377	-0.1589	0.1612	-26.734280184188165
run_hybrid_q_sB	hybrid_q	B	5000	4853	0.001	-0.052221895919709535	0.1467148603318133	-0.1551	0.1535	-25.24061323225959
run_hybrid_q_sB	hybrid_q	B	5000	4950	0.001	-0.05268442027295528	0.14957074470855816	-0.1576	0.1571	-26.16224340400964
run_hybrid_q_sB	hybrid_q	B	5000	5047	5.924525297439452e-06	-0.051235306006255504	0.1489926419673921	-0.1555	0.1574	-25.811123651392137
run_hybrid_q_sB	hybrid_q	B	5000	5144	5.924525297439452e-06	-0.05021140320327811	0.15235779839003097	-0.157	0.1634	-26.796680107639872
run_hybrid_q_sB	hybrid_q	B	5000	5241	5.924525297439452e-06	-0.05112033314348008	0.14922145639689316	-0.1557	0.158	-25.844996847962783
run_hybrid_q_sB	hybrid_q	B	5000	5338	5.924525297439452e-06	-0.05136723259939225	0.14577915323113777	-0.1536	0.1531	-24.84965248191096
run_hybrid_q_sB	hybrid_q	B	5000	5435	5.924525297439452e-06	-0.05023696616879407	0.15053164766941063	-0.1558	0.1609	-26.343572918761257
run_hybrid_q_sB	hybrid_q	B	5000	5532	5.924525297439452e-06	-0.05017172096128609	0.1485114013935198	-0.1542	0.158	-25.595249364340326
run_hybrid_q_sB	hybrid_q	B	5000	5629	5.924525297439452e-06	-0.05071593492271623	0.1474887429901537	-0.1541	0.156	-25.319020208298312
run_hybrid_q_sB	hybrid_q	B	5000	5726	5.924525297439452e-06	-0.050760519783997024	0.1474666135720623	-0.1541	0.156	-25.361383067030324
run_hybrid_q_sB	hybrid_q	B	5000	5823	5.924525297439452e-06	-0.051656815810514824	0.14594059191586828	-0.154	0.153	-25.01956429858408
run_hybrid_q_sB	hybrid_q	B	5000	5920	5.924525297439452e-06	-0.05043201760619158	0.1491950945527314	-0.155	0.1588	-25.802861961748498
run_hybrid_q_sB	hybrid_q	B	5000	6017	5.924525297439452e-06	-0.05175161826580472	0.1442874948262631	-0.153	0.1507	-24.49684528889519
run_hybrid_q_sB	hybrid_q	B	5000	6114	5.924525297439452e-06	-0.05130982260057641	0.14878742892612565	-0.1558	0.1577	-25.7316433355224
run_hybrid_q_sB	hybrid_q	B	5000	6211	5.924525297439452e-06	-0.05073318636245347	0.1489830913280709	-0.1551	0.158	-25.79673541952304
run_hybrid_q_sB	hybrid_q	B	5000	6308	5.924525297439452e-06	-0.05071506997681979	0.14749572193731988	-0.1541	0.156	-25.321727907129507
run_hybrid_q_sB	hybrid_q	B	5000	6405	5.924525297439452e-06	-0.049978951710783495	0.1505972360862109	-0.1555	0.1611	-26.377444036560618
run_hybrid_q_sB	hybrid_q	B	5000	6502	5.924525297439452e-06	-0.05073915353724104	0.14735454169681303	-0.1541	0.1559	-25.331474194509344
run_hybrid_q_sB	hybrid_q	B	5000	6600	5.924525297439452e-06	-0.05081633492466279	0.14991796792659287	-0.156	0.1596	-26.120766365094205
run_hybrid_q_sB	hybrid_q	B	5000	6699	5.924525297439452e-06	-0.0499231643903286	0.15098187778876418	-0.1557	0.1616	-26.461399381465142
run_hybrid_q_sB	hybrid_q	B	5000	6796	5.924525297439452e-06	-0.050503392730029385	0.15175062290451188	-0.1569	0.1622	-26.741801253888603
run_hybrid_q_sB	hybrid_q	B	5000	6893	5.924525297439452e-06	-0.0508435004657458	0.14691321096038798	-0.1539	0.1553	-25.34903431357997
run_hybrid_q_sB	hybrid_q	B	5000	6990	5.924525297439452e-06	-0.05117814749044183	0.1476466651297799	-0.1546	0.1557	-25.47186702191741
run_hybrid_q_sB	hybrid_q	B	5000	7087	5.924525297439452e-06	-0.05089924004372719	0.14857387094089575	-0.155	0.1573	-25.72509648149488
run_hybrid_q_sB	hybrid_q	B	5000	7184	5.924525297439452e-06	-0.050533574096092	0.1487108150112069	-0.1549	0.1581	-25.79327510905137
run_hybrid_q_sB	hybrid_q	B	5000	7281	5.924525297439452e-06	-0.05035224090734107	0.15034685530130498	-0.1559	0.1607	-26.223406217107048
run_hybrid_q_sB	hybrid_q	B	5000	7378	5.924525297439452e-06	-0.04988736002085763	0.15075755637771027	-0.1557	0.1618	-26.335201423064113
run_hybrid_q_sB	hybrid_q	B	5000	7475	5.924525297439452e-06	-0.0508837818374382	0.14935466855885224	-0.1556	0.1586	-25.926947463626483
run_hybrid_q_sB	hybrid_q	B	5000	7572	5.924525297439452e-06	-0.05032607509424554	0.1474678385119058	-0.1538	0.1565	-25.357891241478345
run_hybrid_q_sB	hybrid_q	B	5000	7669	5.924525297439452e-06	-0.05083669542380012	0.14993310550812372	-0.1561	0.1596	-26.17635286448739
run_hybrid_q_sB	hybrid_q	B	5000	7766	5.924525297439452e-06	-0.04988719257660768	0.1499233046359859	-0.1552	0.1607	-25.95327368839879
run_hybrid_q_sB	hybrid_q	B	5000	7863	5.924525297439452e-06	-0.05045231610149374	0.1507822712833688	-0.1562	0.1609	-26.402071414326052
run_hybrid_q_sB	hybrid_q	B	5000	7960	5.924525297439452e-06	-0.05076827590042982	0.1504667874366266	-0.1564	0.1604	-26.415044688255755
run_hybrid_q_sB	hybrid_q	B	5000	8057	5.924525297439452e-06	-0.05016033828856138	0.14905091274524027	-0.1546	0.1588	-25.791019130154687
run_hybrid_q_sB	hybrid_q	B	5000	8154	5.924525297439452e-06	-0.05105867075867932	0.14545776399493665	-0.1531	0.1531	-24.924288744071976
run_hybrid_q_sB	hybrid_q	B	5000	8251	5.924525297439452e-06	-0.04976054061427938	0.15151332813534593	-0.1561	0.1629	-26.477393465901404
run_hybrid_q_sB	hybrid_q	B	5000	8348	5.924525297439452e-06	-0.05088094908448213	0.14788702418637348	-0.1546	0.1565	-25.605214974113967
run_hybrid_q_sB	hybrid_q	B	5000	8445	5.924525297439452e-06	-0.050487466261552705	0.1488115288775134	-0.1549	0.1584	-25.772825170808197
run_hybrid_q_sB	hybrid_q	B	5000	8542	5.924525297439452e-06	-0.05014049994315993	0.14898674284213761	-0.1545	0.1586	-25.85790577876699
run_hybrid_q_sB	hybrid_q	B	5000	8639	5.924525297439452e-06	-0.0505117308954537	0.14735483045560774	-0.1539	0.1562	-25.258813755428058
run_hybrid_q_sB	hybrid_q	B	5000	8736	5.924525297439452e-06	-0.05074442179627307	0.14914426666818661	-0.1554	0.1587	-25.82329212243792
run_hybrid_q_sB	hybrid_q	B	5000	8833	5.924525297439452e-06	-0.050946488779303335	0.14652619901484384	-0.1537	0.1545	-24.86167588946826
run_hybrid_q_sB	hybrid_q	B	5000	8930	5.924525297439452e-06	-0.050627441840685225	0.15058106025960777	-0.1562	0.1604	-26.36730844048211
run_hybrid_q_sB	hybrid_q	B	5000	9027	5.924525297439452e-06	-0.04966026243784509	0.15011717897254181	-0.155	0.1609	-26.13021178032573
run_hybrid_q_sB	hybrid_q	B	5000	9124	5.924525297439452e-06	-0.05148444023449264	0.1474553608634187	-0.1549	0.1553	-25.342975118506086
run_hybrid_q_sB	hybrid_q	B	5000	9221	5.924525297439452e-06	-0.05070894822996802	0.14799106778028098	-0.1545	0.1569	-25.41733996593892
run_hybrid_q_sB	hybrid_q	B	5000	9318	5.924525297439452e-06	-0.04994839944397432	0.14981650659647283	-0.155	0.1601	-26.103217181429386
run_hybrid_q_sB	hybrid_q	B	5000	9415	5.924525297439452e-06	-0.0507372527206128	0.1491318024982812	-0.1554	0.1587	-26.005899213452302
run_hybrid_q_sB	hybrid_q	B	5000	9512	5.924525297439452e-06	-0.05042091406916405	0.14979395412852234	-0.1554	0.1596	-26.19357470078608
run_hybrid_q_sB	hybrid_q	B	5000	9609	5.924525297439452e-06	-0.05070987696065338	0.15007749547894386	-0.1558	0.1595	-26.28384607012878
run_hybrid_q_sB	hybrid_q	B	5000	9706	5.924525297439452e-06	-0.050599282998208886	0.14967148679590686	-0.1555	0.1593	-25.85104551557306
run_hybrid_q_sB	hybrid_q	B	5000	9803	5.924525297439452e-06	-0.05074205196359721	0.15040535404175895	-0.1562	0.1601	-26.209073456838293
run_hybrid_q_sB	hybrid_q	B	5000	9900	5.924525297439452e-06	-0.050784047769959054	0.14866470286068906	-0.155	0.1577	-25.655822408189803
run_hybrid_q_sB	hybrid_q	B	5000	10000	3.5100000000000036e-08	-0.05049849728414997	0.14816162020879958	-0.1543	0.1571	-25.67976097952197
run_hybrid_fixed_sA_d7500	hybrid_fixed	A	7500	1	0.001	-0.006198480342133753	0.7087105908576485	0.4936	-1.0059	-534.1132237481924
run_hybrid_fixed_sA_d7500	hybrid_fixed	A	7500	97	0.001	-0.010715479790547803	0.71844433207556	0.496	-1.0241	-547.456529226909
run_hybrid_fixed_sA_d7500	hybrid_fixed	A	7500	194	0.001	-0.00516554294265259	0.7155625057240027	0.4995	-1.0145	-544.5827564249162
run_hybrid_fixed_sA_d7500	hybrid_fixed	A	7500	291	0.001	-0.002524423842174661	0.7179422727168446	0.5038	-1.0152	-547.320195446678
run_hybrid_fixed_sA_d7500	hybrid_fixed	A	7500	388	0.001	0.0010364591021502592	0.7192164841237764	0.5083	-1.0134	-549.431879678153
run_hybrid_fixed_sA_d7500	hybrid_fixed	A	7500	485	0.001	0.00442702008054859	0.7210899158507218	0.513	-1.0127	-552.4553492141121
run_hybrid_fixed_sA_d7500	hybrid_fixed	A	7500	582	0.001	0.00942909268977632	0.7219550114945574	0.5186	-1.0089	-554.62454418091
run_hybrid_fixed_sA_d7500	hybrid_fixed	A	7500	679	0.001	0.015159805869105794	0.7235093341007697	0.5254	-1.0054	-557.4454184520418
run_hybrid_fixed_sA_d7500	hybrid_fixed	A	7500	776	0.001	0.02064280632754741	0.7261041581601952	0.5327	-1.0035	-561.0633570698043
run_hybrid_fixed_sA_d7500	hybrid_fixed	A	7500	873	0.001	0.027869582572679352	0.7279063229119457	0.5412	-0.9989	-565.9308244785061
run_hybrid_fixed_sA_d7500	hybrid_fixed	A	7500	970	0.001	0.034932605183036314	0.7311921943932856	0.5506	-0.9964	-571.9550779493661
run_hybrid_fixed_sA_d7500	hybrid_fixed	A	7500	1067	0.001	0.04087359305739052	0.7340722617313956	0.5586	-0.9945	-576.1288470392407
run_hybrid_fixed_sA_d7500	hybrid_fixed	A	7500	1164	0.001	0.04366910640672805	0.7355881523554777	0.5624	-0.9939	-579.4413153527657
run_hybrid_fixed_sA_d7500	hybrid_fixed	A	7500	1261	0.001	0.04671613438910982	0.7389986754273695	0.5679	-0.9956	-585.1568326264701
run_hybrid_fixed_sA_d7500	hybrid_fixed	A	7500	1358	0.001	0.047865278294207315	0.7392873127982298	0.5692	-0.9949	-585.6142017938732
run_hybrid_fixed_sA_d7500	hybrid_fixed	A	7500	1455	0.001	0.04881383684306756	0.7417755791810684	0.5719	-0.9975	-588.7743144056211
run_hybrid_fixed_sA_d7500	hybrid_fixed	A	7500	1552	0.001	0.05019044589809181	0.7425363388530654	0.5739	-0.9972	-590.4643776964405
run_hybrid_fixed_sA_d7500	hybrid_fixed	A	7500	1649	0.001	0.05025569199343508	0.7441142181607413	0.575	-0.9993	-593.4303570700368
run_hybrid_fixed_sA_d7500	hybrid_fixed	A	7500	1746	0.001	0.05093238362277526	0.7461930014456516	0.5772	-1.0016	-596.7292866966727
run_hybrid_fixed_sA_d7500	hybrid_fixed	A	7500	1843	0.001	0.05167015463381121	0.7476514650380932	0.5789	-1.0029	-599.9584789471604
run_hybrid_fixed_sA_d7500	hybrid_fixed	A	7500	1940	0.001	0.05040113290954695	0.7488479312537913	0.5785	-1.0058	-601.0298583751861
run_hybrid_fixed_sA_d7500	hybrid_fixed	A	7500	2037	0.001	0.051137926290168445	0.7500607266836986	0.5801	-1.0068	-603.0777469674731
run_hybrid_fixed_sA_d7500	hybrid_fixed	A	7500	2134	0.001	0.048849312893824326	0.7504206772640735	0.5781	-1.0096	-602.7253697099552
run_hybrid_fixed_sA_d7500	hybrid_fixed	A	7500	2231	0.001	0.049729772187542355	0.7524001256421436	0.5804	-1.0115	-605.6617893382229
run_hybrid_fixed_sA_d7500	hybrid_fixed	A	7500	2328	0.001	0.04861678080930727	0.7533941293913875	0.5799	-1.014	-606.2461230087073
run_hybrid_fixed_sA_d7500	hybrid_fixed	A	7500	2425	0.001	0.04858547025184604	0.7548340666639984	0.5809	-1.0161	-610.4023310925506
run_hybrid_fixed_sA_d7500	hybrid_fixed	A	7500	2522	0.001	0.050043822576488484	0.7586711818218469	0.5851	-1.02	-616.6252308565134
run_hybrid_fixed_sA_d7500	hybrid_fixed	A	7500	2619	0.001	0.04878277838237888	0.7574754559660561	0.583	-1.0196	-613.6375231044403
run_hybrid_fixed_sA_d7500	hybrid_fixed	A	7500	2716	0.001	0.05161007181825228	0.7621751986194806	0.5891	-1.0234	-623.3047654128255
run_hybrid_fixed_sA_d7500	hybrid_fixed	A	7500	2813	0.001	0.05002989324871291	0.7606735289793988	0.5865	-1.0229	-619.3051780899945
run_hybrid_fixed_sA_d7500	hybrid_fixed	A	7500	2910	0.001	0.05016563966929044	0.7629915382795709	0.5883	-1.026	-623.3541963309034
run_hybrid_fixed_sA_d7500	hybrid_fixed	A	7500	3007	0.001	0.05116094725808177	0.7661670453260524	0.5915	-1.0295	-629.1616272154515
run_hybrid_fixed_sA_d7500	hybrid_fixed	A	7500	3104	0.001	0.05193348275063693	0.7689019358411493	0.5942	-1.0326	-633.7983901290785
run_hybrid_fixed_sA_d7500	hybrid_fixed	A	7500	3201	0.001	0.05132602061638247	0.7706695713625921	0.5948	-1.0357	-636.9645570014113
run_hybrid_fixed_sA_d7500	hybrid_fixed	A	7500	3300	0.001	0.050331896647253904	0.7734409886485252	0.5958	-1.0406	-640.6795583891258
run_hybrid_fixed_sA_d7500	hybrid_fixed	A	7500	3398	0.001	0.05223623968709619	0.7746107034535834	0.5985	-1.0403	-643.4015038520572
run_hybrid_fixed_sA_d7500	hybrid_fixed	A	7500	3495	0.001	0.0530108916421332	0.7754154281324173	0.5999	-1.0407	-643.1645798612244
run_hybrid_fixed_sA_d7500	hybrid_fixed	A	7500	3592	0.001	0.05313692869811485	0.775921436693873	0.6003	-1.0412	-645.4008586869187
run_hybrid_fixed_sA_d7500	hybrid_fixed	A	7500	3689	0.001	0.052887746924708046	0.7791749433085998	0.6024	-1.0461	-651.413898519619
run_hybrid_fixed_sA_d7500	hybrid_fixed	A	7500	3786	0.001	0.05387094365995752	0.780338167482475	0.6042	-1.0467	-653.6410644238471
run_hybrid_fixed_sA_d7500	hybrid_fixed	A	7500	3883	0.001	0.05229837714203389	0.779614720498915	0.6021	-1.0473	-651.49579574861
run_hybrid_fixed_sA_d7500	hybrid_fixed	A	7500	3980	0.001	0.05364160319432785	0.7825356054037921	0.6055	-1.0501	-655.23209067439
run_hybrid_fixed_sA_d7500	hybrid_fixed	A	7500	4077	0.001	0.05452850049389753	0.7838166985485556	0.6073	-1.051	-658.0948247337817
run_hybrid_fixed_sA_d7500	hybrid_fixed	A	7500	4174	0.001	0.05475737226917776	0.7859354803324421	0.609	-1.0537	-662.4059131276588
run_hybrid_fixed_sA_d7500	hybrid_fixed	A	7500	4271	0.001	0.05231659262520627	0.7872856823128316	0.6075	-1.0581	-664.1744373119536
run_hybrid_fixed_sA_d7500	hybrid_fixed	A	7500	4368	0.001	0.052411572271001475	0.7861951013507366	0.6069	-1.0565	-662.7205561392783
run_hybrid_fixed_sA_d7500	hybrid_fixed	A	7500	4465	0.001	0.05508846031042706	0.7876637472156095	0.6105	-1.0558	-665.1767933653958
run_hybrid_fixed_sA_d7500	hybrid_fixed	A	7500	4562	0.001	0.05235481828447334	0.7883935387181982	0.6083	-1.0596	-665.9868305249305
run_hybrid_fixed_sA_d7500	hybrid_fixed	A	7500	4659	0.001	0.05369237479074133	0.7901260598475941	0.6109	-1.0607	-669.2093636649878
run_hybrid_fixed_sA_d7500	hybrid_fixed	A	7500	4756	0.001	0.052242878450866705	0.7916687967234571	0.6105	-1.0643	-671.5279814276072
run_hybrid_fixed_sA_d7500	hybrid_fixed	A	7500	4853	0.001	0.05122852592412234	0.7918915074307624	0.6097	-1.0657	-671.703504044732
run_hybrid_fixed_sA_d7500	hybrid_fixed	A	7500	4950	0.001	0.05264110310815852	0.792182107782044	0.6113	-1.0646	-671.6319371287886
run_hybrid_fixed_sA_d7500	hybrid_fixed	A	7500	5047	0.001	0.05134937259686086	0.7932892585295397	0.6108	-1.0675	-673.921384631241
run_hybrid_fixed_sA_d7500	hybrid_fixed	A	7500	5144	0.001	0.052031910528235116	0.7938323125684525	0.6118	-1.0676	-674.2241108096727
run_hybrid_fixed_sA_d7500	hybrid_fixed	A	7500	5241	0.001	0.05305508496587472	0.7950699958220379	0.6137	-1.0683	-677.6899608487913
run_hybrid_fixed_sA_d7500	hybrid_fixed	A	7500	5338	0.001	0.05074712109921836	0.7958684950126012	0.612	-1.0717	-678.5839925493353
run_hybrid_fixed_sA_d7500	hybrid_fixed	A	7500	5435	0.001	0.051827366442002545	0.7966593458180499	0.6136	-1.0718	-678.7270591952054
run_hybrid_fixed_sA_d7500	hybrid_fixed	A	7500	5532	0.001	0.04959602710959119	0.7969350620689185	0.6116	-1.0744	-680.1743311734771
run_hybrid_fixed_sA_d7500	hybrid_fixed	A	7500	5629	0.001	0.050835797217182524	0.7987096096808228	0.6141	-1.0757	-683.1189955190505
run_hybrid_fixed_sA_d7500	hybrid_fixed	A	7500	5726	0.001	0.05154506752787905	0.7999094363682296	0.6156	-1.0766	-685.0604075869744
run_hybrid_fixed_sA_d7500	hybrid_fixed	A	7500	5823	0.001	0.05048579576799439	0.8035704518401449	0.6172	-1.0829	-692.940198756331
run_hybrid_fixed_sA_d7500	hybrid_fixed	A	7500	5920	0.001	0.0485993051329661	0.8012866114378184	0.6137	-1.0815	-687.2001181582426
run_hybrid_fixed_sA_d7500	hybrid_fixed	A	7500	6017	0.001	0.05015789009687205	0.8036930331353193	0.6169	-1.0834	-691.9961557628246
run_hybrid_fixed_sA_d7500	hybrid_fixed	A	7500	6114	0.001	0.04986384257861585	0.8024638518547677	0.6158	-1.0819	-690.5243880201773
run_hybrid_fixed_sA_d7500	hybrid_fixed	A	7500	6211	0.001	0.050390516269198916	0.8027205418042768	0.6165	-1.0817	-689.6254232772485
run_hybrid_fixed_sA_d7500	hybrid_fixed	A	7500	6308	0.001	0.04952751129780619	0.8085868470027884	0.6197	-1.0909	-702.0141718920403
run_hybrid_fixed_sA_d7500	hybrid_fixed	A	7500	6405	0.001	0.05051659016577196	0.804043370056342	0.6175	-1.0835	-691.9969659885828
run_hybrid_fixed_sA_d7500	hybrid_fixed	A	7500	6502	0.001	0.049496529433647574	0.8079578817842864	0.6193	-1.09	-700.0872063182866
run_hybrid_fixed_sA_d7500	hybrid_fixed	A	7500	6600	0.001	0.04917264662071237	0.8078209722500737	0.6188	-1.0902	-698.687958301528
run_hybrid_fixed_sA_d7500	hybrid_fixed	A	7500	6699	0.001	0.04874072421952184	0.8052945972770005	0.6166	-1.087	-695.4414660719134
run_hybrid_fixed_sA_d7500	hybrid_fixed	A	7500	6796	0.001	0.04807591556347549	0.8059062674718643	0.6164	-1.0886	-696.2345939130671
run_hybrid_fixed_sA_d7500	hybrid_fixed	A	7500	6893	0.001	0.05057521958435075	0.8058830380870671	0.6189	-1.086	-694.914118489488
run_hybrid_fixed_sA_d7500	hybrid_fixed	A	7500	6990	0.001	0.04950223494310653	0.8094146455185433	0.6203	-1.0921	-702.8748067669281
run_hybrid_fixed_sA_d7500	hybrid_fixed	A	7500	7087	0.001	0.04760424418728615	0.8069984049187503	0.6167	-1.0906	-696.9064913903694
run_hybrid_fixed_sA_d7500	hybrid_fixed	A	7500	7184	0.001	0.047555556035837755	0.809056281782791	0.6181	-1.0936	-702.7203148566822
run_hybrid_fixed_sA_d7500	hybrid_fixed	A	7500	7281	0.001	0.04744254119928585	0.8070149371789062	0.6166	-1.0908	-697.8490069252715
run_hybrid_fixed_sA_d7500	hybrid_fixed	A	7500	7378	0.001	0.046716406735382576	0.8120201385930214	0.6193	-1.0985	-706.8703429443698
run_hybrid_fixed_sA_d7500	hybrid_fixed	A	7500	7475	0.001	0.04765461756153964	0.8090767727074313	0.6182	-1.0935	-700.6194806752615
run_hybrid_fixed_sA_d7500	hybrid_fixed	A	7500	7572	4.5601626938095613e-07	0.04812942841496796	0.8080213653297874	0.6179	-1.0915	-697.488132790178
run_hybrid_fixed_sA_d7500	hybrid_fixed	A	7500	7669	4.5601626938095613e-07	0.0481326960051507	0.8071650552840202	0.6173	-1.0903	-697.1901177603097
run_hybrid_fixed_sA_d7500	hybrid_fixed	A	7500	7766	4.5601626938095613e-07	0.04821005182872773	0.8063097838447187	0.6168	-1.089	-695.3403017407486
run_hybrid_fixed_sA_d7500	hybrid_fixed	A	7500	7863	4.5601626938095613e-07	0.04803225265494737	0.808252884839538	0.618	-1.0919	-699.0818501358874
run_hybrid_fixed_sA_d7500	hybrid_fixed	A	7500	7960	4.5601626938095613e-07	0.0479899087274878	0.807503043713278	0.6174	-1.0909	-698.0901452341683
run_hybrid_fixed_sA_d7500	hybrid_fixed	A	7500	8057	4.5601626938095613e-07	0.04783172253676171	0.8079136836889184	0.6176	-1.0917	-699.0743421641907
run_hybrid_fixed_sA_d7500	hybrid_fixed	A	7500	8154	4.5601626938095613e-07	0.04831399786376437	0.8085568234543394	0.6185	-1.0921	-699.0525860575289
run_hybrid_fixed_sA_d7500	hybrid_fixed	A	7500	8251	4.5601626938095613e-07	0.048236023519095464	0.807843015420838	0.6179	-1.0911	-698.1085381165343
run_hybrid_fixed_sA_d7500	hybrid_fixed	A	7500	8348	4.5601626938095613e-07	0.047588255328062656	0.8099429016603956	0.6188	-1.0947	-702.7617737970671
run_hybrid_fixed_sA_d7500	hybrid_fixed	A	7500	8445	4.5601626938095613e-07	0.04796467584543558	0.8080734047747156	0.6178	-1.0917	-699.7777579591028
run_hybrid_fixed_sA_d7500	hybrid_fixed	A	7500	8542	4.5601626938095613e-07	0.04798597447361719	0.8076590554423149	0.6176	-1.0911	-699.0378583476594
run_hybrid_fixed_sA_d7500	hybrid_fixed	A	7500	8639	4.5601626938095613e-07	0.04763462381151297	0.8099221441080453	0.6188	-1.0946	-702.0349541437246
run_hybrid_fixed_sA_d7500	hybrid_fixed	A	7500	8736	4.5601626938095613e-07	0.04777645928283819	0.8084528736387101	0.6179	-1.0924	-698.5815304378812
run_hybrid_fixed_sA_d7500	hybrid_fixed	A	7500	8833	4.5601626938095613e-07	0.0481751615744674	0.8083378750653706	0.6182	-1.0919	-699.4126637142703
run_hybrid_fixed_sA_d7500	hybrid_fixed	A	7500	8930	4.5601626938095613e-07	0.04755475845446766	0.8077598082297556	0.6172	-1.0917	-699.3600914125869
run_hybrid_fixed_sA_d7500	hybrid_fixed	A	7500	9027	4.5601626938095613e-07	0.047849667278975994	0.8089248410958674	0.6183	-1.0931	-700.4792479971732
run_hybrid_fixed_sA_d7500	hybrid_fixed	A	7500	9124	4.5601626938095613e-07	0.04814922816233835	0.8077148401822252	0.6177	-1.091	-698.2301270785916
run_hybrid_fixed_sA_d7500	hybrid_fixed	A	7500	9221	4.5601626938095613e-07	0.04817473838339853	0.8101498734453504	0.6195	-1.0944	-701.6060428870035
run_hybrid_fixed_sA_d7500	hybrid_fixed	A	7500	9318	4.5601626938095613e-07	0.048298534766919234	0.8099934226396035	0.6195	-1.0941	-703.2612524008757
run_hybrid_fixed_sA_d7500	hybrid_fixed	A	7500	9415	4.5601626938095613e-07	0.04745675043973633	0.8088759037090189	0.6179	-1.0934	-700.6015787924521
run_hybrid_fixed_sA_d7500	hybrid_fixed	A	7500	9512	4.5601626938095613e-07	0.04806936783585791	0.8088949078715202	0.6185	-1.0928	-700.0474363903876
run_hybrid_fixed_sA_d7500	hybrid_fixed	A	7500	9609	4.5601626938095613e-07	0.048348559746728526	0.8085460499045761	0.6185	-1.092	-699.9898126132125
run_hybrid_fixed_sA_d7500	hybrid_fixed	A	7500	9706	4.5601626938095613e-07	0.04807997018288457	0.8079408834169347	0.6178	-1.0914	-698.5709525840701
run_hybrid_fixed_sA_d7500	hybrid_fixed	A	7500	9803	4.5601626938095613e-07	0.04826779606074451	0.8077077569925031	0.6179	-1.0909	-699.2767570450783
run_hybrid_fixed_sA_d7500	hybrid_fixed	A	7500	9900	4.5601626938095613e-07	0.04772581715387464	0.807868045663027	0.6174	-1.0917	-697.9978055393689
run_hybrid_fixed_sA_d7500	hybrid_fixed	A	7500	10000	4.5601626938095613e-07	0.04793717487160729	0.8081090111947963	0.6178	-1.0918	-700.1899487634595
run_hybrid_fixed_sB_d7500	hybrid_fixed	B	7500	1	0.001	-0.012195251782202043	0.709151579307825	0.4879	-1.0125	-534.7733711651081
run_hybrid_fixed_sB_d7500	hybrid_fixed	B	7500	97	0.001	-0.01798668596103566	0.716325440184421	0.4872	-1.0284	-545.2875303247847
run_hybrid_fixed_sB_d7500	hybrid_fixed	B	7500	194	0.001	-0.007538845310258094	0.7282185032248756	0.506	-1.0347	-564.116245266501
run_hybrid_fixed_sB_d7500	hybrid_fixed	B	7500	291	0.001	0.0024920763765718204	0.7351267725598747	0.5209	-1.0344	-574.9182793424295
run_hybrid_fixed_sB_d7500	hybrid_fixed	B	7500	388	0.001	0.012024874574227701	0.7383760957151194	0.5328	-1.0295	-580.7047344521866
run_hybrid_fixed_sB_d7500	hybrid_fixed	B	7500	485	0.001	0.019076915008635155	0.7404773157874968	0.5413	-1.0254	-584.3056597681028
run_hybrid_fixed_sB_d7500	hybrid_fixed	B	7500	582	0.001	0.027893147026942046	0.742804661034876	0.5518	-1.0198	-589.3158650696184
run_hybrid_fixed_sB_d7500	hybrid_fixed	B	7500	679	0.001	0.03471759368419378	0.7465871218122472	0.5612	-1.0183	-595.7074168868296
run_hybrid_fixed_sB_d7500	hybrid_fixed	B	7500	776	0.001	0.03930186406355825	0.7485652148062533	0.5672	-1.0165	-598.8355042061507
run_hybrid_fixed_sB_d7500	hybrid_fixed	B	7500	873	0.001	0.044347982712417466	0.7495787494231655	0.573	-1.0129	-601.926084582706
run_hybrid_fixed_sB_d7500	hybrid_fixed	B	7500	970	0.001	0.04519882064844001	0.7512070351899164	0.575	-1.0144	-604.0944793700397
run_hybrid_fixed_sB_d7500	hybrid_fixed	B	7500	1067	0.001	0.046483269563657205	0.7524535781629003	0.5771	-1.0148	-606.6046742138573
run_hybrid_fixed_sB_d7500	hybrid_fixed	B	7500	1164	0.001	0.045216660764817285	0.7519552265323778	0.5755	-1.0154	-604.8451793865999
run_hybrid_fixed_sB_d7500	hybrid_fixed	B	7500	1261	0.001	0.04715306289960384	0.7533007957288795	0.5784	-1.0154	-608.4548495379266
run_hybrid_fixed_sB_d7500	hybrid_fixed	B	7500	1358	0.001	0.046521719068677594	0.7550868875688495	0.579	-1.0185	-610.0492954497986
run_hybrid_fixed_sB_d7500	hybrid_fixed	B	7500	1455	0.001	0.04636592750507788	0.7546603583822314	0.5786	-1.0181	-609.3113398375189
run_hybrid_fixed_sB_d7500	hybrid_fixed	B	7500	1552	0.001	0.047583129270791	0.7569430049033722	0.5814	-1.0201	-614.4752542406474
run_hybrid_fixed_sB_d7500	hybrid_fixed	B	7500	1649	0.001	0.046172359457436585	0.757285900504602	0.5802	-1.022	-613.5093589337126
run_hybrid_fixed_sB_d7500	hybrid_fixed	B	7500	1746	0.001	0.04723987437457176	0.7581279701425374	0.5819	-1.0221	-615.8780924829977
run_hybrid_fixed_sB_d7500	hybrid_fixed	B	7500	1843	0.001	0.04564630628957568	0.7599823568444707	0.5816	-1.0263	-617.3315091396057
run_hybrid_fixed_sB_d7500	hybrid_fixed	B	7500	1940	0.001	0.04523726799848743	0.7608522531675713	0.5818	-1.0279	-619.9186135853213
run_hybrid_fixed_sB_d7500	hybrid_fixed	B	7500	2037	0.001	0.04572163297325447	0.762285062780302	0.5833	-1.0295	-622.2017437675111
run_hybrid_fixed_sB_d7500	hybrid_fixed	B	7500	2134	0.001	0.04568734891973315	0.7634356469426078	0.5841	-1.0311	-623.6471145712733
run_hybrid_fixed_sB_d7500	hybrid_fixed	B	7500	2231	0.001	0.045802924712378346	0.7650788345965587	0.5854	-1.0333	-626.727321658228
run_hybrid_fixed_sB_d7500	hybrid_fixed	B	7500	2328	0.001	0.0458834675817316	0.7679744130377333	0.5875	-1.0373	-632.0256723829989
run_hybrid_fixed_sB_d7500	hybrid_fixed	B	7500	2425	0.001	0.04545648073370574	0.767981400206528	0.5871	-1.0378	-631.0855933899129
run_hybrid_fixed_sB_d7500	hybrid_fixed	B	7500	2522	0.001	0.045230560485318184	0.771966458437525	0.5896	-1.0436	-638.3251428851322
run_hybrid_fixed_sB_d7500	hybrid_fixed	B	7500	2619	0.001	0.04635151539554131	0.773394910497331	0.5918	-1.0445	-640.8543425151902
run_hybrid_fixed_sB_d7500	hybrid_fixed	B	7500	2716	0.001	0.04683032852589023	0.7737037588902008	0.5925	-1.0445	-641.8394305871927
run_hybrid_fixed_sB_d7500	hybrid_fixed	B	7500	2813	0.001	0.0470935446939242	0.7756323123991158	0.5941	-1.0469	-643.7675813388113
run_hybrid_fixed_sB_d7500	hybrid_fixed	B	7500	2910	0.001	0.04714145358337235	0.7760913130933629	0.5945	-1.0475	-644.8073084857837
run_hybrid_fixed_sB_d7500	hybrid_fixed	B	7500	3007	0.001	0.04878417440279499	0.7793582046180894	0.5984	-1.0504	-649.6087075168796
run_hybrid_fixed_sB_d7500	hybrid_fixed	B	7500	3104	0.001	0.04860743709454614	0.781050592321158	0.5994	-1.053	-654.1727626595728
run_hybrid_fixed_sB_d7500	hybrid_fixed	B	7500	3201	0.001	0.05003956522868506	0.783898429538084	0.6029	-1.0556	-657.9568648049949
run_hybrid_fixed_sB_d7500	hybrid_fixed	B	7500	3300	0.001	0.05030573292829299	0.7854829143504333	0.6042	-1.0576	-661.8666811859988
run_hybrid_fixed_sB_d7500	hybrid_fixed	B	7500	3398	0.001	0.050434329468224126	0.7871120291055044	0.6055	-1.0597	-662.4146943640701
run_hybrid_fixed_sB_d7500	hybrid_fixed	B	7500	3495	0.001	0.051872585172476206	0.7892970907917145	0.6085	-1.0614	-666.1330306136067
run_hybrid_fixed_sB_d7500	hybrid_fixed	B	7500	3592	0.001	0.051934369713492	0.7911994832669127	0.6099	-1.064	-670.5651809838984
run_hybrid_fixed_sB_d7500	hybrid_fixed	B	7500	3689	0.001	0.05364176072631081	0.7930146426495139	0.6129	-1.0648	-672.2416361574761
run_hybrid_fixed_sB_d7500	hybrid_fixed	B	7500	3786	0.001	0.05093879268201712	0.7922694905595906	0.6097	-1.0665	-671.9985711072277
run_hybrid_fixed_sB_d7500	hybrid_fixed	B	7500	3883	0.001	0.053565184466032756	0.794751231000425	0.614	-1.0674	-676.9174880000322
run_hybrid_fixed_sB_d7500	hybrid_fixed	B	7500	3980	0.001	0.053299133597459115	0.7957678676786392	0.6145	-1.0691	-677.9100978982648
run_hybrid_fixed_sB_d7500	hybrid_fixed	B	7500	4077	0.001	0.05471810117641662	0.7982060457354664	0.6176	-1.0711	-683.5887618440087
run_hybrid_fixed_sB_d7500	hybrid_fixed	B	7500	4174	0.001	0.0555659498839192	0.8006703060994251	0.6202	-1.0737	-687.1841041988405
run_hybrid_fixed_sB_d7500	hybrid_fixed	B	7500	4271	0.001	0.05407327039311242	0.8021923823712988	0.6198	-1.0774	-690.7956778687865
run_hybrid_fixed_sB_d7500	hybrid_fixed	B	7500	4368	0.001	0.05467712646719747	0.8031737817813823	0.6211	-1.0782	-692.2043664631093
run_hybrid_fixed_sB_d7500	hybrid_fixed	B	7500	4465	0.001	0.054033419606641465	0.8026106301547871	0.62	-1.078	-690.3181910057859
run_hybrid_fixed_sB_d7500	hybrid_fixed	B	7500	4562	0.001	0.05603126540855639	0.8050987526267517	0.6238	-1.0795	-695.0416887009633
run_hybrid_fixed_sB_d7500	hybrid_fixed	B	7500	4659	0.001	0.05373802221843722	0.8057261539508024	0.622	-1.0827	-696.0838155303908
run_hybrid_fixed_sB_d7500	hybrid_fixed	B	7500	4756	0.001	0.051039177751707965	0.8050560226432437	0.6188	-1.0844	-694.886043279712
run_hybrid_fixed_sB_d7500	hybrid_fixed	B	7500	4853	0.001	0.05113546127833022	0.8042442726559645	0.6183	-1.0832	-691.6419563154392
run_hybrid_fixed_sB_d7500	hybrid_fixed	B	7500	4950	0.001	0.052719834106207675	0.8073953310305269	0.6221	-1.086	-698.81297126043
run_hybrid_fixed_sB_d7500	hybrid_fixed	B	7500	5047	0.001	0.052179746027353126	0.8077218875844561	0.6218	-1.087	-698.0716590771308
run_hybrid_fixed_sB_d7500	hybrid_fixed	B	7500	5144	0.001	0.05124408726724905	0.8098747459835612	0.6224	-1.091	-703.7437769510984
run_hybrid_fixed_sB_d7500	hybrid_fixed	B	7500	5241	0.001	0.05035019249921609	0.8079875949088573	0.6202	-1.0893	-698.7671733520391
run_hybrid_fixed_sB_d7500	hybrid_fixed	B	7500	5338	0.001	0.05211208141177788	0.807433918724694	0.6215	-1.0867	-697.3769844316063
run_hybrid_fixed_sB_d7500	hybrid_fixed	B	7500	5435	0.001	0.050066227747689686	0.8121589709877122	0.6228	-1.0954	-707.3256425256094
run_hybrid_fixed_sB_d7500	hybrid_fixed	B	7500	5532	0.001	0.048868270409679816	0.8083663068897923	0.6189	-1.0913	-699.5454553745346
run_hybrid_fixed_sB_d7500	hybrid_fixed	B	7500	5629	0.001	0.049236521651101386	0.8098069841540976	0.6203	-1.0929	-701.8903835627883
run_hybrid_fixed_sB_d7500	hybrid_fixed	B	7500	5726	0.001	0.04886799359355141	0.8105502768091136	0.6205	-1.0944	-704.1005446417128
run_hybrid_fixed_sB_d7500	hybrid_fixed	B	7500	5823	0.001	0.05032117048084318	0.8094534766503525	0.6212	-1.0914	-701.1707187161369
run_hybrid_fixed_sB_d7500	hybrid_fixed	B	7500	5920	0.001	0.0469299773452241	0.8094623570309188	0.6178	-1.0948	-700.5909959699239
run_hybrid_fixed_sB_d7500	hybrid_fixed	B	7500	6017	0.001	0.04750235107699059	0.8085294730790551	0.6177	-1.0929	-698.3836196826982
run_hybrid_fixed_sB_d7500	hybrid_fixed	B	7500	6114	0.001	0.04742126752081599	0.8116798855416777	0.6198	-1.0974	-704.2677943187339
run_hybrid_fixed_sB_d7500	hybrid_fixed	B	7500	6211	0.001	0.04664615246400562	0.8109258319907274	0.6185	-1.0971	-703.737731945883
run_hybrid_fixed_sB_d7500	hybrid_fixed	B	7500	6308	0.001	0.04584027640972719	0.8116004341512284	0.6182	-1.0988	-704.5554152825515
run_hybrid_fixed_sB_d7500	hybrid_fixed	B	7500	6405	0.001	0.045232440837732125	0.8119179392198141	0.6178	-1.0999	-705.9430528921947
run_hybrid_fixed_sB_d7500	hybrid_fixed	B	7500	6502	0.001	0.04454305971607989	0.8104553785328289	0.6161	-1.0985	-702.5218412635288
run_hybrid_fixed_sB_d7500	hybrid_fixed	B	7500	6600	0.001	0.04555182273069813	0.8131858780323967	0.619	-1.1014	-707.4798043989085
run_hybrid_fixed_sB_d7500	hybrid_fixed	B	7500	6699	0.001	0.045502424985208303	0.814043328524337	0.6196	-1.1026	-710.0036409373471
run_hybrid_fixed_sB_d7500	hybrid_fixed	B	7500	6796	0.001	0.04378694415048138	0.814498439818761	0.6182	-1.105	-710.6425894165515
run_hybrid_fixed_sB_d7500	hybrid_fixed	B	7500	6893	0.001	0.04215056023886197	0.8121833141297301	0.6149	-1.1034	-705.6107342764655
run_hybrid_fixed_sB_d7500	hybrid_fixed	B	7500	6990	0.001	0.043690062866721426	0.8136605831010845	0.6175	-1.1039	-707.6112081569131
run_hybrid_fixed_sB_d7500	hybrid_fixed	B	7500	7087	0.001	0.04344307223260927	0.8123985745888062	0.6163	-1.1024	-706.0749881637239
run_hybrid_fixed_sB_d7500	hybrid_fixed	B	7500	7184	0.001	0.0422955386474102	0.8134204698847222	0.6159	-1.105	-707.6056642300466
run_hybrid_fixed_sB_d7500	hybrid_fixed	B	7500	7281	0.001	0.04149370069258823	0.8138531100212086	0.6154	-1.1064	-707.7442530312743
run_hybrid_fixed_sB_d7500	hybrid_fixed	B	7500	7378	0.001	0.04003575729429709	0.8123088706158681	0.6129	-1.1057	-706.6590462136321
run_hybrid_fixed_sB_d7500	hybrid_fixed	B	7500	7475	0.001	0.04259546069605054	0.8132952125200017	0.6161	-1.1045	-707.711241692303
run_hybrid_fixed_sB_d7500	hybrid_fixed	B	7500	7572	4.5601626938095613e-07	0.042312979305971145	0.8124974081241207	0.6153	-1.1037	-705.999803855637
run_hybrid_fixed_sB_d7500	hybrid_fixed	B	7500	7669	4.5601626938095613e-07	0.042552565148774035	0.8137738879605959	0.6164	-1.1052	-708.2985197192911
run_hybrid_fixed_sB_d7500	hybrid_fixed	B	7500	7766	4.5601626938095613e-07	0.04238012828936255	0.8137508684949373	0.6162	-1.1054	-708.0992983855845
run_hybrid_fixed_sB_d7500	hybrid_fixed	B	7500	7863	4.5601626938095613e-07	0.042420507015882195	0.8138127202427954	0.6163	-1.1054	-708.6027319115974
run_hybrid_fixed_sB_d7500	hybrid_fixed	B	7500	7960	4.5601626938095613e-07	0.04238255258417387	0.814260240786937	0.6166	-1.1061	-709.0313472531176
run_hybrid_fixed_sB_d7500	hybrid_fixed	B	7500	8057	4.5601626938095613e-07	0.04237220861124628	0.8129919765493632	0.6157	-1.1043	-707.013598631307
run_hybrid_fixed_sB_d7500	hybrid_fixed	B	7500	8154	4.5601626938095613e-07	0.04224863729047945	0.8114190030042805	0.6145	-1.1022	-703.5436018062213
run_hybrid_fixed_sB_d7500	hybrid_fixed	B	7500	8251	4.5601626938095613e-07	0.0422742693059601	0.8140978860459556	0.6164	-1.1059	-709.578596776328
run_hybrid_fixed_sB_d7500	hybrid_fixed	B	7500	8348	4.5601626938095613e-07	0.042450031489576004	0.8128189233164401	0.6157	-1.104	-706.896089631711
run_hybrid_fixed_sB_d7500	hybrid_fixed	B	7500	8445	4.5601626938095613e-07	0.042319854049114015	0.8129678869285442	0.6156	-1.1043	-706.5937913335716
run_hybrid_fixed_sB_d7500	hybrid_fixed	B	7500	8542	4.5601626938095613e-07	0.04228734579150648	0.8130441862661983	0.6156	-1.1044	-707.3625318977714
run_hybrid_fixed_sB_d7500	hybrid_fixed	B	7500	8639	4.5601626938095613e-07	0.04241473058987614	0.8119084813336191	0.615	-1.1027	-705.3519571716851
run_hybrid_fixed_sB_d7500	hybrid_fixed	B	7500	8736	4.5601626938095613e-07	0.04256778224571215	0.8133216651926141	0.6161	-1.1046	-707.3703887623186
run_hybrid_fixed_sB_d7500	hybrid_fixed	B	7500	8833	4.5601626938095613e-07	0.042706229806392826	0.8118860171128224	0.6153	-1.1024	-703.9591442183988
run_hybrid_fixed_sB_d7500	hybrid_fixed	B	7500	8930	4.5601626938095613e-07	0.04223705179851178	0.8139404333124142	0.6162	-1.1058	-709.2987055285713
run_hybrid_fixed_sB_d7500	hybrid_fixed	B	7500	9027	4.5601626938095613e-07	0.041868243636269245	0.8139551717953293	0.6159	-1.1062	-708.7528733885372
run_hybrid_fixed_sB_d7500	hybrid_fixed	B	7500	9124	4.5601626938095613e-07	0.0425553206405785	0.8119134980744154	0.6151	-1.1026	-704.5372017417662
run_hybrid_fixed_sB_d7500	hybrid_fixed	B	7500	9221	4.5601626938095613e-07	0.04258388065629785	0.8127239306198035	0.6157	-1.1037	-705.940784184461
run_hybrid_fixed_sB_d7500	hybrid_fixed	B	7500	9318	4.5601626938095613e-07	0.041873166723502865	0.8137176741455274	0.6157	-1.1058	-708.2967017966528
run_hybrid_fixed_sB_d7500	hybrid_fixed	B	7500	9415	4.5601626938095613e-07	0.042456666203661876	0.8134629827252031	0.6161	-1.1049	-707.7803362935981
run_hybrid_fixed_sB_d7500	hybrid_fixed	B	7500	9512	4.5601626938095613e-07	0.042185025163676906	0.8136418761445608	0.616	-1.1054	-708.9284206901063
run_hybrid_fixed_sB_d7500	hybrid_fixed	B	7500	9609	4.5601626938095613e-07	0.042169202127279384	0.813527000222359	0.6159	-1.1052	-708.6797176046719
run_hybrid_fixed_sB_d7500	hybrid_fixed	B	7500	9706	4.5601626938095613e-07	0.042602208009087095	0.8128317307911472	0.6158	-1.1038	-705.4131494770785
run_hybrid_fixed_sB_d7500	hybrid_fixed	B	7500	9803	4.5601626938095613e-07	0.04248470733985954	0.8137428484293016	0.6163	-1.1052	-707.4376590529391
run_hybrid_fixed_sB_d7500	hybrid_fixed	B	7500	9900	4.5601626938095613e-07	0.042363432540500824	0.8129239164937893	0.6156	-1.1042	-705.9152419482537
run_hybrid_fixed_sB_d7500	hybrid_fixed	B	7500	10000	4.5601626938095613e-07	0.04206588202687879	0.8125363871776726	0.6151	-1.104	-706.3387216123614
run_hybrid_q_sA_d7500	hybrid_q	A	7500	1	0.001	-0.006198480342133735	0.0002988128405861274	-0.0064	-0.0059	-0.028099924138302337
run_hybrid_q_sA_d7500	hybrid_q	A	7500	97	0.001	-0.018942092831597486	0.007413170189480199	-0.0211	-0.0147	-0.30174709461614657
run_hybrid_q_sA_d7500	hybrid_q	A	7500	194	0.001	-0.01785295616189428	0.040327594692171835	-0.0414	0.0292	-1.264274335800953
run_hybrid_q_sA_d7500	hybrid_q	A	7500	291	0.001	-0.001356854137017684	0.06287340490925278	-0.0411	0.0782	-3.8323582992925145
run_hybrid_q_sA_d7500	hybrid_q	A	7500	388	0.001	0.0058040863144067385	0.058092824168137866	-0.0325	0.0825	-3.1983168012513814
run_hybrid_q_sA_d7500	hybrid_q	A	7500	485	0.001	0.009430342362703886	0.05070948000446115	-0.0235	0.0753	-2.417680234117387
run_hybrid_q_sA_d7500	hybrid_q	A	7500	582	0.001	0.021847277927220108	0.0383836346654089	-0.0031	0.0717	-1.6705240291221535
run_hybrid_q_sA_d7500	hybrid_q	A	7500	679	0.001	0.030197392651374805	0.02683446095443878	0.0138	0.0629	-1.2320335433137855
run_hybrid_q_sA_d7500	hybrid_q	A	7500	776	0.001	0.02564524882645961	0.01265864157743563	0.0227	0.0316	-0.4027036646848499
run_hybrid_q_sA_d7500	hybrid_q	A	7500	873	0.001	0.025228276630952416	0.015120822341752648	0.0308	0.0141	-0.4603970140446281
run_hybrid_q_sA_d7500	hybrid_q	A	7500	970	0.001	0.014454348065469174	0.020095804905254706	0.0248	-0.0062	-0.33061171538576145
run_hybrid_q_sA_d7500	hybrid_q	A	7500	1067	0.001	0.016204948485458226	0.025848778179632145	0.0315	-0.0143	-0.6857925903465696
run_hybrid_q_sA_d7500	hybrid_q	A	7500	1164	0.001	0.01120982883470915	0.029974050507118388	0.0303	-0.027	-0.8907434481220492
run_hybrid_q_sA_d7500	hybrid_q	A	7500	1261	0.001	0.008621008841272435	0.033917167380175556	0.0305	-0.0351	-1.1890134845829379
run_hybrid_q_sA_d7500	hybrid_q	A	7500	1358	0.001	0.004962454378039778	0.030545435675362633	0.0244	-0.0339	-0.7664421815083048
run_hybrid_q_sA_d7500	hybrid_q	A	7500	1455	0.001	0.007933284279516754	0.03855882549097915	0.0333	-0.0427	-1.4920031465255053
run_hybrid_q_sA_d7500	hybrid_q	A	7500	1552	0.001	0.007218475568825306	0.03974293766235068	0.0332	-0.0448	-1.5667629775504832
run_hybrid_q_sA_d7500	hybrid_q	A	7500	1649	0.001	0.004442758687569557	0.04069668226308458	0.0317	-0.05	-1.5713934913816765
run_hybrid_q_sA_d7500	hybrid_q	A	7500	1746	0.001	0.004237803746572783	0.04478246704089134	0.0346	-0.0565	-1.9930983819078016
run_hybrid_q_sA_d7500	hybrid_q	A	7500	1843	0.001	0.007446841173638524	0.048971161234780985	0.0407	-0.059	-2.390494362029099
run_hybrid_q_sA_d7500	hybrid_q	A	7500	1940	0.001	0.003720582077810634	0.04851307477239553	0.0369	-0.0626	-2.410110028805908
run_hybrid_q_sA_d7500	hybrid_q	A	7500	2037	0.001	0.00381767539291435	0.05214388618104105	0.0387	-0.066	-2.7724488923550705
run_hybrid_q_sA_d7500	hybrid_q	A	7500	2134	0.001	0.005343003063681219	0.05248389948815393	0.041	-0.0659	-2.7987742340494335
run_hybrid_q_sA_d7500	hybrid_q	A	7500	2231	0.001	0.006467878754283009	0.05654002636159837	0.0451	-0.0708	-3.238686238474743
run_hybrid_q_sA_d7500	hybrid_q	A	7500	2328	0.001	0.008074873864154768	0.06148345661437969	0.0502	-0.0762	-3.953777841389209
run_hybrid_q_sA_d7500	hybrid_q	A	7500	2425	0.001	0.008000856571731194	0.06399804243053446	0.0523	-0.0806	-4.298192254654237
run_hybrid_q_sA_d7500	hybrid_q	A	7500	2522	0.001	0.006728539391127002	0.06617743339934436	0.052	-0.0838	-4.442960994856037
run_hybrid_q_sA_d7500	hybrid_q	A	7500	2619	0.001	0.006436718339153283	0.06381581653477893	0.05	-0.0806	-4.150048573798417
run_hybrid_q_sA_d7500	hybrid_q	A	7500	2716	0.001	0.008226684919815631	0.0744004893133759	0.0596	-0.0945	-5.832207428376287
run_hybrid_q_sA_d7500	hybrid_q	A	7500	2813	0.001	0.007544916053177178	0.07055787868001909	0.0559	-0.0891	-5.182518462803195
run_hybrid_q_sA_d7500	hybrid_q	A	7500	2910	0.001	0.008512146081258583	0.07111672840768887	0.0575	-0.0896	-5.386700580178273
run_hybrid_q_sA_d7500	hybrid_q	A	7500	3007	0.001	0.010493259576824185	0.07680285966467436	0.0636	-0.0958	-6.214590869971504
run_hybrid_q_sA_d7500	hybrid_q	A	7500	3104	0.001	0.009516159336838987	0.08135073448284787	0.0657	-0.1029	-7.011818947852182
run_hybrid_q_sA_d7500	hybrid_q	A	7500	3201	0.001	0.010741138045486426	0.08563488960088726	0.0698	-0.1074	-7.8153678108585245
run_hybrid_q_sA_d7500	hybrid_q	A	7500	3300	0.001	0.009249524362297696	0.08919299458913234	0.0711	-0.1145	-8.425723554594683
run_hybrid_q_sA_d7500	hybrid_q	A	7500	3398	0.001	0.012735563027573874	0.09246921372307691	0.0768	-0.1155	-9.115414414564668
run_hybrid_q_sA_d7500	hybrid_q	A	7500	3495	0.001	0.012455875846025595	0.09585704293764427	0.079	-0.1207	-9.7408911326336
run_hybrid_q_sA_d7500	hybrid_q	A	7500	3592	0.001	0.011183813238198588	0.1004412650533171	0.081	-0.1284	-10.696196791504288
run_hybrid_q_sA_d7500	hybrid_q	A	7500	3689	0.001	0.012641066436300774	0.10258519966573007	0.0839	-0.1299	-11.19297760642619
run_hybrid_q_sA_d7500	hybrid_q	A	7500	3786	0.001	0.01589514707907278	0.10830825583961609	0.0911	-0.1345	-12.646777649163967
run_hybrid_q_sA_d7500	hybrid_q	A	7500	3883	0.001	0.01541218029284454	0.10862360001251824	0.0911	-0.136	-12.711198217734626
run_hybrid_q_sA_d7500	hybrid_q	A	7500	3980	0.001	0.016520614856665262	0.11149593743144653	0.0943	-0.139	-13.267292795219861
run_hybrid_q_sA_d7500	hybrid_q	A	7500	4077	0.001	0.01411726519268178	0.11454273645225277	0.0938	-0.1452	-13.982897706390519
run_hybrid_q_sA_d7500	hybrid_q	A	7500	4174	0.001	0.018390208776071407	0.11821620231318924	0.1008	-0.1463	-15.062623467248045
run_hybrid_q_sA_d7500	hybrid_q	A	7500	4271	0.001	0.016201788217993226	0.12069128296674782	0.1002	-0.1518	-15.50974394321115
run_hybrid_q_sA_d7500	hybrid_q	A	7500	4368	0.001	0.01891483409280622	0.12179932596583588	0.1039	-0.1511	-16.12909252576549
run_hybrid_q_sA_d7500	hybrid_q	A	7500	4465	0.001	0.01859867526905158	0.12260197432950101	0.1039	-0.1519	-16.248482372168517
run_hybrid_q_sA_d7500	hybrid_q	A	7500	4562	0.001	0.01684316448910986	0.12852283768102143	0.1063	-0.1621	-17.701537476225948
run_hybrid_q_sA_d7500	hybrid_q	A	7500	4659	0.001	0.017802883320364185	0.12795912334708287	0.1068	-0.1602	-17.64972788866618
run_hybrid_q_sA_d7500	hybrid_q	A	7500	4756	0.001	0.017956636257435665	0.1355260987644209	0.1125	-0.1711	-19.709635310227124
run_hybrid_q_sA_d7500	hybrid_q	A	7500	4853	0.001	0.015704178070593933	0.13563634098760108	0.1103	-0.1734	-19.638365862570225
run_hybrid_q_sA_d7500	hybrid_q	A	7500	4950	0.001	0.018702951278608194	0.14012846841579293	0.1167	-0.1772	-21.070448942348627
run_hybrid_q_sA_d7500	hybrid_q	A	7500	5047	0.001	0.01442890196224882	0.13963700219767383	0.1119	-0.1806	-20.831003188661864
run_hybrid_q_sA_d7500	hybrid_q	A	7500	5144	0.001	0.01810301924145368	0.14198085535970673	0.1174	-0.1805	-21.630117647986395
run_hybrid_q_sA_d7500	hybrid_q	A	7500	5241	0.001	0.017538360313612517	0.14384950240002362	0.1181	-0.1836	-22.22303036106378
run_hybrid_q_sA_d7500	hybrid_q	A	7500	5338	0.001	0.018451856756280693	0.14628769324300334	0.1208	-0.1863	-22.994638830502403
run_hybrid_q_sA_d7500	hybrid_q	A	7500	5435	0.001	0.018010325101442383	0.14846184143716862	0.122	-0.1899	-23.57444663509199
run_hybrid_q_sA_d7500	hybrid_q	A	7500	5532	0.001	0.015944585507352983	0.15004832822253586	0.1206	-0.1934	-24.127727806044017
run_hybrid_q_sA_d7500	hybrid_q	A	7500	5629	0.001	0.018509420255362445	0.15045449465415817	0.1237	-0.1919	-24.367795713932367
run_hybrid_q_sA_d7500	hybrid_q	A	7500	5726	0.001	0.017266338674197045	0.15300109834360914	0.1242	-0.1967	-25.14079762701326
run_hybrid_q_sA_d7500	hybrid_q	A	7500	5823	0.001	0.015179489982165038	0.15767203028311996	0.1254	-0.2053	-26.552171774903805
run_hybrid_q_sA_d7500	hybrid_q	A	7500	5920	0.001	0.01849449606761977	0.15658747542757165	0.1278	-0.2001	-26.392697398835583
run_hybrid_q_sA_d7500	hybrid_q	A	7500	6017	0.001	0.020094254153449842	0.15753069150773735	0.1302	-0.2002	-26.7231696348176
run_hybrid_q_sA_d7500	hybrid_q	A	7500	6114	0.001	0.020165500523149395	0.16062170197698816	0.1323	-0.2042	-27.868754904202827
run_hybrid_q_sA_d7500	hybrid_q	A	7500	6211	0.001	0.01944677802220543	0.15942602300637324	0.131	-0.2036	-27.37932022202346
run_hybrid_q_sA_d7500	hybrid_q	A	7500	6308	0.001	0.020066822945834208	0.16983422722684136	0.1391	-0.2179	-31.08750561648669
run_hybrid_q_sA_d7500	hybrid_q	A	7500	6405	0.001	0.019978529468466122	0.16022332183625201	0.1321	-0.2042	-27.727745797554448
run_hybrid_q_sA_d7500	hybrid_q	A	7500	6502	0.001	0.016972305709818974	0.16784682777408738	0.1346	-0.2184	-30.29889348098861
run_hybrid_q_sA_d7500	hybrid_q	A	7500	6600	0.001	0.018448513178573635	0.16633088251066647	0.1351	-0.2149	-29.697055609839992
run_hybrid_q_sA_d7500	hybrid_q	A	7500	6699	0.001	0.017000233946454592	0.1659506267358292	0.1331	-0.2153	-29.471607237137132
run_hybrid_q_sA_d7500	hybrid_q	A	7500	6796	0.001	0.020649918540755853	0.16637163131749277	0.1371	-0.2122	-29.870525619558297
run_hybrid_q_sA_d7500	hybrid_q	A	7500	6893	0.001	0.024842954082410017	0.16553672824336968	0.1407	-0.2068	-29.531781481878337
run_hybrid_q_sA_d7500	hybrid_q	A	7500	6990	0.001	0.020193776958057588	0.1723060953925893	0.141	-0.2213	-32.00050863765895
run_hybrid_q_sA_d7500	hybrid_q	A	7500	7087	0.001	0.01862839111425853	0.16759975645430347	0.136	-0.2161	-30.107952302042772
run_hybrid_q_sA_d7500	hybrid_q	A	7500	7184	0.001	0.01935258160021667	0.17208877807325676	0.14	-0.2219	-31.95203853235826
run_hybrid_q_sA_d7500	hybrid_q	A	7500	7281	0.001	0.0201203790442685	0.16681113062138253	0.1368	-0.2133	-29.92325804420699
run_hybrid_q_sA_d7500	hybrid_q	A	7500	7378	0.001	0.018038590348095563	0.17852331384299755	0.143	-0.2318	-34.10966286447867
run_hybrid_q_sA_d7500	hybrid_q	A	7500	7475	0.001	0.01865184735733959	0.1738289454455483	0.1403	-0.2245	-32.35989582074181
run_hybrid_q_sA_d7500	hybrid_q	A	7500	7572	4.5601626938095613e-07	0.017292590763599198	0.1747467756666001	0.1398	-0.2277	-32.62663116982096
run_hybrid_q_sA_d7500	hybrid_q	A	7500	7669	4.5601626938095613e-07	0.017361347102022806	0.17331983358683864	0.1387	-0.2253	-32.15536784487126
run_hybrid_q_sA_d7500	hybrid_q	A	7500	7766	4.5601626938095613e-07	0.017376396552946597	0.17161340575714062	0.1373	-0.2225	-31.55394324594429
run_hybrid_q_sA_d7500	hybrid_q	A	7500	7863	4.5601626938095613e-07	0.016998315814587613	0.17449201251686206	0.1391	-0.2273	-32.583319615684566
run_hybrid_q_sA_d7500	hybrid_q	A	7500	7960	4.5601626938095613e-07	0.017233705443926495	0.1739174993596086	0.1391	-0.2265	-32.42687260073952
run_hybrid_q_sA_d7500	hybrid_q	A	7500	8057	4.5601626938095613e-07	0.0168958293563973	0.17460375467425746	0.1394	-0.2281	-32.70214427479712
run_hybrid_q_sA_d7500	hybrid_q	A	7500	8154	4.5601626938095613e-07	0.017064970021655596	0.175642064451431	0.1401	-0.2291	-32.962251600674165
run_hybrid_q_sA_d7500	hybrid_q	A	7500	8251	4.5601626938095613e-07	0.017455609655137448	0.17418006819963458	0.1393	-0.2263	-32.422372690264325
run_hybrid_q_sA_d7500	hybrid_q	A	7500	8348	4.5601626938095613e-07	0.016979315069129974	0.17815467308598706	0.1417	-0.2325	-34.05648045141123
run_hybrid_q_sA_d7500	hybrid_q	A	7500	8445	4.5601626938095613e-07	0.017253785159677223	0.1752596694491194	0.1401	-0.2285	-32.99469391287908
run_hybrid_q_sA_d7500	hybrid_q	A	7500	8542	4.5601626938095613e-07	0.016955607018129055	0.17466868343826336	0.1393	-0.2278	-32.78900191691931
run_hybrid_q_sA_d7500	hybrid_q	A	7500	8639	4.5601626938095613e-07	0.017036830374161194	0.1778604318374334	0.1416	-0.2321	-33.876880495324244
run_hybrid_q_sA_d7500	hybrid_q	A	7500	8736	4.5601626938095613e-07	0.016890546879198155	0.17458796872522753	0.1391	-0.2276	-32.54871132150197
run_hybrid_q_sA_d7500	hybrid_q	A	7500	8833	4.5601626938095613e-07	0.01698922692130567	0.175504762344065	0.1399	-0.2289	-32.86850698136748
run_hybrid_q_sA_d7500	hybrid_q	A	7500	8930	4.5601626938095613e-07	0.016668396855459226	0.17433673633525987	0.1387	-0.2273	-32.59126455012237
run_hybrid_q_sA_d7500	hybrid_q	A	7500	9027	4.5601626938095613e-07	0.017157467912041473	0.1759076213585188	0.1404	-0.2294	-33.1534202607911
run_hybrid_q_sA_d7500	hybrid_q	A	7500	9124	4.5601626938095613e-07	0.01744435518585358	0.17394339482626336	0.1393	-0.2264	-32.38077773148728
run_hybrid_q_sA_d7500	hybrid_q	A	7500	9221	4.5601626938095613e-07	0.017337205241211823	0.17736736114111507	0.1415	-0.231	-33.62932330010544
run_hybrid_q_sA_d7500	hybrid_q	A	7500	9318	4.5601626938095613e-07	0.017500505111639343	0.17832226437269938	0.1423	-0.2321	-34.11690280025023
run_hybrid_q_sA_d7500	hybrid_q	A	7500	9415	4.5601626938095613e-07	0.016415061340587667	0.17662883353855055	0.14	-0.2308	-33.45498236073104
run_hybrid_q_sA_d7500	hybrid_q	A	7500	9512	4.5601626938095613e-07	0.017893447009906655	0.17617157588758123	0.1411	-0.2286	-33.14104953858797
run_hybrid_q_sA_d7500	hybrid_q	A	7500	9609	4.5601626938095613e-07	0.017755350147570632	0.17651938975110337	0.1417	-0.2301	-33.41916533410355
run_hybrid_q_sA_d7500	hybrid_q	A	7500	9706	4.5601626938095613e-07	0.016976283151030162	0.17469466579841408	0.1393	-0.2277	-32.67496503672067
run_hybrid_q_sA_d7500	hybrid_q	A	7500	9803	4.5601626938095613e-07	0.01772942450390743	0.17456418167937485	0.1401	-0.227	-32.748187704928846
run_hybrid_q_sA_d7500	hybrid_q	A	7500	9900	4.5601626938095613e-07	0.016853144391720535	0.1734711078506341	0.1383	-0.226	-32.10054764518343
run_hybrid_q_sA_d7500	hybrid_q	A	7500	10000	4.5601626938095613e-07	0.01728341450441396	0.17543414813800878	0.1401	-0.2284	-32.92327301520345
run_hybrid_q_sB_d7500	hybrid_q	B	7500	1	0.001	-0.01219525178220204	0.00030689799255199983	-0.0121	-0.0125	-0.10422432159591086
run_hybrid_q_sB_d7500	hybrid_q	B	7500	97	0.001	0.014242353907252273	0.017683786278779753	0.0232	-0.0036	-0.3051525155205136
run_hybrid_q_sB_d7500	hybrid_q	B	7500	194	0.001	0.02183644081745741	0.017300094295160065	0.0327	0.0002	-0.6845185754489354
run_hybrid_q_sB_d7500	hybrid_q	B	7500	291	0.001	0.046481268473213544	0.018343596164088843	0.0561	0.0272	-1.9021601569604338
run_hybrid_q_sB_d7500	hybrid_q	B	7500	388	0.001	0.04396760246960091	0.010936935590452699	0.0492	0.0335	-1.5579210249374595
run_hybrid_q_sB_d7500	hybrid_q	B	7500	485	0.001	0.03937187958301318	0.007288193789690614	0.0412	0.0358	-1.2074803311996147
run_hybrid_q_sB_d7500	hybrid_q	B	7500	582	0.001	0.03277042728898883	0.00580482789740975	0.0308	0.0366	-0.801582682565516
run_hybrid_q_sB_d7500	hybrid_q	B	7500	679	0.001	0.03075449717509749	0.014003395140390907	0.0215	0.0492	-0.8604149555793261
run_hybrid_q_sB_d7500	hybrid_q	B	7500	776	0.001	0.022197151557943873	0.017292197969945324	0.0108	0.045	-0.6159744881006142
run_hybrid_q_sB_d7500	hybrid_q	B	7500	873	0.001	0.016936917576821402	0.02602401799559905	-0.0005	0.0519	-0.8602116128710524
run_hybrid_q_sB_d7500	hybrid_q	B	7500	970	0.001	0.006546591254790332	0.03488904195635567	-0.0171	0.0539	-1.2437609154284524
run_hybrid_q_sB_d7500	hybrid_q	B	7500	1067	0.001	-0.007282905260353909	0.0380300683897758	-0.0329	0.044	-1.4485680857208425
run_hybrid_q_sB_d7500	hybrid_q	B	7500	1164	0.001	-0.011201003183999886	0.04331677041782433	-0.0406	0.0476	-1.9977949761649496
run_hybrid_q_sB_d7500	hybrid_q	B	7500	1261	0.001	-0.021878717741747714	0.05440958284631083	-0.0592	0.0528	-3.4819983501697744
run_hybrid_q_sB_d7500	hybrid_q	B	7500	1358	0.001	-0.023815327081021426	0.05964154924250766	-0.0648	0.0581	-4.1482635497010545
run_hybrid_q_sB_d7500	hybrid_q	B	7500	1455	0.001	-0.022981809274732853	0.0588564969628313	-0.0635	0.0581	-3.9348131713676184
run_hybrid_q_sB_d7500	hybrid_q	B	7500	1552	0.001	-0.025365936655418118	0.06927700009524498	-0.0732	0.0704	-5.529703776290354
run_hybrid_q_sB_d7500	hybrid_q	B	7500	1649	0.001	-0.03342749837429622	0.07123939152522944	-0.0828	0.0653	-6.233850103920133
run_hybrid_q_sB_d7500	hybrid_q	B	7500	1746	0.001	-0.03261602926734715	0.07361251442839692	-0.0834	0.0689	-6.51486128792809
run_hybrid_q_sB_d7500	hybrid_q	B	7500	1843	0.001	-0.027020367948092754	0.07985110240282366	-0.0825	0.0839	-7.167842537933377
run_hybrid_q_sB_d7500	hybrid_q	B	7500	1940	0.001	-0.032356368123608245	0.08247601219172133	-0.0899	0.0828	-8.077107726038225
run_hybrid_q_sB_d7500	hybrid_q	B	7500	2037	0.001	-0.03791157550886154	0.08698692866330789	-0.0984	0.0831	-9.188027233976213
run_hybrid_q_sB_d7500	hybrid_q	B	7500	2134	0.001	-0.037320452727686124	0.0900280773673191	-0.1	0.088	-9.717539616721885
run_hybrid_q_sB_d7500	hybrid_q	B	7500	2231	0.001	-0.039397766672115156	0.09574998094578994	-0.1062	0.0943	-10.927239311435125
run_hybrid_q_sB_d7500	hybrid_q	B	7500	2328	0.001	-0.04237646665097118	0.10588183969540305	-0.1163	0.1054	-13.367530610700095
run_hybrid_q_sB_d7500	hybrid_q	B	7500	2425	0.001	-0.0431263217906884	0.10203691863156071	-0.1144	0.0995	-12.59323882648873
run_hybrid_q_sB_d7500	hybrid_q	B	7500	2522	0.001	-0.0472132520793715	0.10911669423776277	-0.1235	0.1053	-14.516114131084235
run_hybrid_q_sB_d7500	hybrid_q	B	7500	2619	0.001	-0.0492038949773186	0.11301542400334451	-0.1283	0.109	-15.594556046202385
run_hybrid_q_sB_d7500	hybrid_q	B	7500	2716	0.001	-0.048511065737293094	0.11161386159363729	-0.1267	0.1079	-15.240837986881095
run_hybrid_q_sB_d7500	hybrid_q	B	7500	2813	0.001	-0.05603477811523534	0.11538541797267443	-0.1367	0.1053	-16.750305855879667
run_hybrid_q_sB_d7500	hybrid_q	B	7500	2910	0.001	-0.053855368890500854	0.11306893070926062	-0.133	0.1044	-16.047137572245152
run_hybrid_q_sB_d7500	hybrid_q	B	7500	3007	0.001	-0.056758341875122825	0.11755530117261956	-0.139	0.1078	-17.280936873960734
run_hybrid_q_sB_d7500	hybrid_q	B	7500	3104	0.001	-0.05776700047882847	0.1210011831882544	-0.1424	0.1114	-18.431808329499937
run_hybrid_q_sB_d7500	hybrid_q	B	7500	3201	0.001	-0.06212873472248243	0.1273198335238322	-0.1512	0.116	-20.508324033721205
run_hybrid_q_sB_d7500	hybrid_q	B	7500	3300	0.001	-0.056896375781167914	0.12807780539758762	-0.1466	0.1225	-20.123763240120052
run_hybrid_q_sB_d7500	hybrid_q	B	7500	3398	0.001	-0.0573011081678278	0.12831458375968394	-0.147	0.1221	-20.21036787350697
run_hybrid_q_sB_d7500	hybrid_q	B	7500	3495	0.001	-0.060984452482323356	0.13405467768952956	-0.1549	0.1268	-22.110931761242483
run_hybrid_q_sB_d7500	hybrid_q	B	7500	3592	0.001	-0.06019026371019781	0.1339823428258793	-0.1539	0.1273	-22.187269653482243
run_hybrid_q_sB_d7500	hybrid_q	B	7500	3689	0.001	-0.060856070068697324	0.13466938779268628	-0.1553	0.1279	-22.26431179413167
run_hybrid_q_sB_d7500	hybrid_q	B	7500	3786	0.001	-0.06118208441925211	0.1350275481493682	-0.1556	0.1276	-22.37433632632267
run_hybrid_q_sB_d7500	hybrid_q	B	7500	3883	0.001	-0.06403315954808118	0.13848863690160437	-0.161	0.1299	-23.834647317155408
run_hybrid_q_sB_d7500	hybrid_q	B	7500	3980	0.001	-0.0590026574023421	0.1368011567163542	-0.155	0.133	-23.045551762872343
run_hybrid_q_sB_d7500	hybrid_q	B	7500	4077	0.001	-0.057776998284481525	0.1414469551462962	-0.1568	0.1403	-24.244402233891083
run_hybrid_q_sB_d7500	hybrid_q	B	7500	4174	0.001	-0.05752229718846999	0.13992106884256447	-0.1556	0.1386	-23.230208583291564
run_hybrid_q_sB_d7500	hybrid_q	B	7500	4271	0.001	-0.05879547428651164	0.14329040991125058	-0.1592	0.142	-24.938599437345868
run_hybrid_q_sB_d7500	hybrid_q	B	7500	4368	0.001	-0.054836415593909234	0.1438363282726323	-0.1556	0.1467	-24.68709045432718
run_hybrid_q_sB_d7500	hybrid_q	B	7500	4465	0.001	-0.05418995441843488	0.14488589509262548	-0.1558	0.149	-24.849767976134967
run_hybrid_q_sB_d7500	hybrid_q	B	7500	4562	0.001	-0.05587347019064629	0.14830591506511454	-0.1599	0.1522	-26.118640486134822
run_hybrid_q_sB_d7500	hybrid_q	B	7500	4659	0.001	-0.053670976865902234	0.1484948708956831	-0.1579	0.1548	-26.055767401100553
run_hybrid_q_sB_d7500	hybrid_q	B	7500	4756	0.001	-0.05215019815315867	0.15197294314661977	-0.1589	0.1612	-26.73428018418174
run_hybrid_q_sB_d7500	hybrid_q	B	7500	4853	0.001	-0.05222189591970236	0.14671486033179484	-0.1551	0.1535	-25.24061323225315
run_hybrid_q_sB_d7500	hybrid_q	B	7500	4950	0.001	-0.05268442027294799	0.14957074470854048	-0.1576	0.1571	-26.16224340400332
run_hybrid_q_sB_d7500	hybrid_q	B	7500	5047	0.001	-0.05036011063308464	0.15163565731808168	-0.1565	0.162	-26.602069806559125
run_hybrid_q_sB_d7500	hybrid_q	B	7500	5144	0.001	-0.05032778979264818	0.15581587454647133	-0.1596	0.1682	-27.958952097041887
run_hybrid_q_sB_d7500	hybrid_q	B	7500	5241	0.001	-0.04934727500814929	0.15436484211788007	-0.1576	0.1671	-27.399864563505677
run_hybrid_q_sB_d7500	hybrid_q	B	7500	5338	0.001	-0.04698983262459747	0.14755423668226747	-0.1505	0.1601	-25.036676909211813
run_hybrid_q_sB_d7500	hybrid_q	B	7500	5435	0.001	-0.046020766414246586	0.15661541741624155	-0.1559	0.1738	-28.009229564531672
run_hybrid_q_sB_d7500	hybrid_q	B	7500	5532	0.001	-0.041044522855280596	0.15172591421313872	-0.1474	0.1717	-25.905452453622317
run_hybrid_q_sB_d7500	hybrid_q	B	7500	5629	0.001	-0.042067960379924746	0.15166842208339323	-0.1484	0.1706	-25.95896716881926
run_hybrid_q_sB_d7500	hybrid_q	B	7500	5726	0.001	-0.04241968737922256	0.15320519070184693	-0.1499	0.1725	-26.53388311729522
run_hybrid_q_sB_d7500	hybrid_q	B	7500	5823	0.001	-0.04202822982803478	0.1522749442917969	-0.1488	0.1716	-26.24576704624887
run_hybrid_q_sB_d7500	hybrid_q	B	7500	5920	0.001	-0.041017498957957435	0.15380867860122313	-0.1489	0.1748	-26.561151673629546
run_hybrid_q_sB_d7500	hybrid_q	B	7500	6017	0.001	-0.0404279674335058	0.14910420415409162	-0.1451	0.1689	-25.095592884382675
run_hybrid_q_sB_d7500	hybrid_q	B	7500	6114	0.001	-0.0399371353223017	0.15562504163290553	-0.1493	0.1787	-27.10534752979901
run_hybrid_q_sB_d7500	hybrid_q	B	7500	6211	0.001	-0.0401046818344264	0.1577214298796124	-0.1507	0.1811	-27.822353617637518
run_hybrid_q_sB_d7500	hybrid_q	B	7500	6308	0.001	-0.038202844082777215	0.15501053890347877	-0.1469	0.1792	-26.81571761452944
run_hybrid_q_sB_d7500	hybrid_q	B	7500	6405	0.001	-0.034285605798788275	0.15767485230535622	-0.1449	0.1869	-27.56346936784998
run_hybrid_q_sB_d7500	hybrid_q	B	7500	6502	0.001	-0.03650012100059409	0.15598519595669866	-0.146	0.1825	-27.077956409899304
run_hybrid_q_sB_d7500	hybrid_q	B	7500	6600	0.001	-0.036921876895173546	0.16145730959897325	-0.1503	0.1898	-28.898043019726426
run_hybrid_q_sB_d7500	hybrid_q	B	7500	6699	0.001	-0.03514224993906176	0.16203447599100712	-0.1488	0.1921	-29.08810373799147
run_hybrid_q_sB_d7500	hybrid_q	B	7500	6796	0.001	-0.03621101249656398	0.1635642747280607	-0.151	0.1933	-29.672459717995796
run_hybrid_q_sB_d7500	hybrid_q	B	7500	6893	0.001	-0.032041534326230324	0.15855404406304816	-0.1434	0.1906	-27.762926927585156
run_hybrid_q_sB_d7500	hybrid_q	B	7500	6990	0.001	-0.03686265948628585	0.16130644049163662	-0.15	0.1894	-28.878752955834223
run_hybrid_q_sB_d7500	hybrid_q	B	7500	7087	0.001	-0.03588564282638046	0.1635549354909326	-0.1507	0.1937	-29.63136287230852
run_hybrid_q_sB_d7500	hybrid_q	B	7500	7184	0.001	-0.03137922056340238	0.16290356064371722	-0.1458	0.1974	-29.123761992131605
run_hybrid_q_sB_d7500	hybrid_q	B	7500	7281	0.001	-0.03123487222247802	0.16395704466369285	-0.1464	0.1991	-29.397984086228846
run_hybrid_q_sB_d7500	hybrid_q	B	7500	7378	0.001	-0.02971341957245452	0.16509544330152534	-0.1457	0.2024	-29.816430091953656
run_hybrid_q_sB_d7500	hybrid_q	B	7500	7475	0.001	-0.030229378662349694	0.16124628809137562	-0.1435	0.1962	-28.44040994666116
run_hybrid_q_sB_d7500	hybrid_q	B	7500	7572	4.5601626938095613e-07	-0.03126934641003175	0.16022449992103968	-0.1438	0.1937	-28.197759083588874
run_hybrid_q_sB_d7500	hybrid_q	B	7500	7669	4.5601626938095613e-07	-0.03196795297238537	0.16257798274249405	-0.1461	0.1964	-29.027880577156346
run_hybrid_q_sB_d7500	hybrid_q	B	7500	7766	4.5601626938095613e-07	-0.031182286521347413	0.16296482376603189	-0.1457	0.1978	-29.028222256280035
run_hybrid_q_sB_d7500	hybrid_q	B	7500	7863	4.5601626938095613e-07	-0.03162587745045736	0.16345281009055834	-0.1463	0.1977	-29.31881077312111
run_hybrid_q_sB_d7500	hybrid_q	B	7500	7960	4.5601626938095613e-07	-0.03182240108583337	0.16328261811611686	-0.1465	0.1975	-29.31589973375841
run_hybrid_q_sB_d7500	hybrid_q	B	7500	8057	4.5601626938095613e-07	-0.031080844379585172	0.16172755477041828	-0.1446	0.1959	-28.687590119616743
run_hybrid_q_sB_d7500	hybrid_q	B	7500	8154	4.5601626938095613e-07	-0.031771285439970855	0.15827238928262108	-0.1429	0.1905	-27.627711959994404
run_hybrid_q_sB_d7500	hybrid_q	B	7500	8251	4.5601626938095613e-07	-0.03128218959734816	0.16452677337187605	-0.1469	0.1999	-29.66144476907043
run_hybrid_q_sB_d7500	hybrid_q	B	7500	8348	4.5601626938095613e-07	-0.03182277663928823	0.1606265299359038	-0.1446	0.1937	-28.41539213797337
run_hybrid_q_sB_d7500	hybrid_q	B	7500	8445	4.5601626938095613e-07	-0.03142631463410083	0.16155469152951424	-0.1449	0.1955	-28.65096143245971
run_hybrid_q_sB_d7500	hybrid_q	B	7500	8542	4.5601626938095613e-07	-0.03128782749510364	0.16183730136710814	-0.1448	0.1958	-28.780298668037467
run_hybrid_q_sB_d7500	hybrid_q	B	7500	8639	4.5601626938095613e-07	-0.0314568505038948	0.16058162210596744	-0.1442	0.194	-28.264600380673595
run_hybrid_q_sB_d7500	hybrid_q	B	7500	8736	4.5601626938095613e-07	-0.031781805316017125	0.16216356173216967	-0.1457	0.1961	-28.824866611981097
run_hybrid_q_sB_d7500	hybrid_q	B	7500	8833	4.5601626938095613e-07	-0.0317859576002074	0.1597932199623595	-0.1439	0.1925	-27.840244395659052
run_hybrid_q_sB_d7500	hybrid_q	B	7500	8930	4.5601626938095613e-07	-0.03170110125140759	0.16314805477457514	-0.1462	0.1973	-29.254058915053953
run_hybrid_q_sB_d7500	hybrid_q	B	7500	9027	4.5601626938095613e-07	-0.030912551287922963	0.16287531043052297	-0.1452	0.1977	-29.07159808603497
run_hybrid_q_sB_d7500	hybrid_q	B	7500	9124	4.5601626938095613e-07	-0.0321781016588923	0.16052849448157394	-0.1448	0.1931	-28.2585976648508
run_hybrid_q_sB_d7500	hybrid_q	B	7500	9221	4.5601626938095613e-07	-0.031775699920122975	0.16084265239425138	-0.1447	0.194	-28.29166092716046
run_hybrid_q_sB_d7500	hybrid_q	B	7500	9318	4.5601626938095613e-07	-0.03101140331339995	0.16243091911764623	-0.145	0.197	-28.975708785575176
run_hybrid_q_sB_d7500	hybrid_q	B	7500	9415	4.5601626938095613e-07	-0.0316671532723869	0.1618560099888691	-0.1454	0.1958	-28.829324075289392
run_hybrid_q_sB_d7500	hybrid_q	B	7500	9512	4.5601626938095613e-07	-0.03143976211125989	0.16206714480583367	-0.1451	0.196	-28.884606424895992
run_hybrid_q_sB_d7500	hybrid_q	B	7500	9609	4.5601626938095613e-07	-0.03167046927204121	0.16237859503735966	-0.1456	0.1962	-29.03114976246937
run_hybrid_q_sB_d7500	hybrid_q	B	7500	9706	4.5601626938095613e-07	-0.03171164544122465	0.16312206184583428	-0.1462	0.1972	-29.074623137833303
run_hybrid_q_sB_d7500	hybrid_q	B	7500	9803	4.5601626938095613e-07	-0.03183270186142332	0.16294054167951566	-0.1462	0.1968	-29.019951418819467
run_hybrid_q_sB_d7500	hybrid_q	B	7500	9900	4.5601626938095613e-07	-0.03169321653826594	0.1614577977969474	-0.145	0.1949	-28.531033749765506
run_hybrid_q_sB_d7500	hybrid_q	B	7500	10000	4.5601626938095613e-07	-0.031646351334617746	0.16047227959391236	-0.1442	0.1935	-28.36143446382439
