global_epoch	phase	block	block_epoch	val_e_sr_mean	val_e_sr_rms	val_e_lr_mean	val_e_lr_std	val_e_lr_rms	val_q_mean	val_q_rms	val_q_max_abs	val_net_charge	val_sum_q2	val_f_sr_rms	val_f_lr_rms	val_f_tot_rms	val_f_lr_over_f_tot
1	0	0	1	7.22907867e+01	7.22955780e+01	5.21450043e+00	1.83515921e-01	5.21772861e+00	1.02995574e+00	1.25766146e+00	3.27932024e+00	1.97751495e+02	3.03688782e+02	5.55256844e-01	2.74970770e-01	6.32869542e-01	4.34482545e-01
2	0	0	2	6.63840790e+01	6.63938980e+01	6.73513710e-01	2.47596111e-02	6.73968554e-01	3.46299678e-01	4.92619425e-01	1.27441490e+00	6.64895401e+01	4.65933914e+01	7.72979498e-01	4.27176431e-02	7.80754507e-01	5.47132827e-02
3	0	0	3	7.48304977e+01	7.48334045e+01	5.79514027e-01	2.19226405e-02	5.79928577e-01	3.11377138e-01	4.81744260e-01	1.19867790e+00	5.97844124e+01	4.45588799e+01	8.03561330e-01	3.35184745e-02	8.17948222e-01	4.09787223e-02
4	0	0	4	6.55988998e+01	6.56013718e+01	3.87978405e-01	1.95959564e-02	3.88472974e-01	2.73999035e-01	3.31291318e-01	9.68284309e-01	5.26078110e+01	2.10727577e+01	7.70814776e-01	2.74778027e-02	7.78537929e-01	3.52941081e-02
5	0	0	5	6.75815277e+01	6.75841980e+01	3.59759986e-01	2.22359635e-02	3.60446513e-01	2.76052296e-01	2.94620395e-01	7.73353100e-01	5.30020447e+01	1.66658268e+01	8.18944573e-01	2.73875427e-02	8.23054016e-01	3.32755111e-02
6	0	0	6	7.59406967e+01	7.59431610e+01	2.46122792e-01	1.57220345e-02	2.46624425e-01	2.31410757e-01	2.42216587e-01	6.11426294e-01	4.44308662e+01	1.12644253e+01	7.75042236e-01	2.15961132e-02	7.82493770e-01	2.75990870e-02
7	0	0	7	7.60437469e+01	7.60459824e+01	6.76142946e-02	1.29994182e-02	6.88525885e-02	8.13689381e-02	1.47577733e-01	3.78359258e-01	1.56228361e+01	4.18160391e+00	7.88390636e-01	1.38645973e-02	7.92114258e-01	1.75032802e-02
8	0	0	8	7.95193481e+01	7.95214615e+01	1.65560633e-01	2.24416032e-02	1.67074680e-01	1.54336080e-01	1.90584838e-01	5.89913607e-01	2.96325264e+01	6.97393513e+00	8.72847676e-01	2.24097986e-02	8.79148364e-01	2.54903492e-02
9	0	0	9	6.75261688e+01	6.75284729e+01	1.69446558e-01	2.14351490e-02	1.70796946e-01	1.40696913e-01	2.11483672e-01	6.23860121e-01	2.70138054e+01	8.58726692e+00	7.54135728e-01	2.63082813e-02	7.60073423e-01	3.46128158e-02
10	0	0	10	6.55232544e+01	6.55257339e+01	2.97861904e-01	3.42907980e-02	2.99829215e-01	2.06214041e-01	2.46344775e-01	8.61875832e-01	3.95930977e+01	1.16516628e+01	7.61886239e-01	3.55920009e-02	7.68624365e-01	4.63061072e-02
11	0	0	11	6.55629425e+01	6.55659790e+01	2.20913768e-01	4.77224253e-02	2.26009592e-01	9.35387984e-03	2.22755671e-01	7.04889774e-01	1.79594493e+00	9.52705669e+00	8.36458027e-01	4.13426794e-02	8.40913475e-01	4.91640121e-02
12	0	0	12	7.71656342e+01	7.71681137e+01	1.91053420e-01	3.11998352e-02	1.93584189e-01	-6.40626252e-02	1.64874882e-01	8.02937925e-01	-1.23000231e+01	5.21927547e+00	8.39523792e-01	3.26500311e-02	8.43873024e-01	3.86906937e-02
13	0	0	13	7.20826797e+01	7.20852814e+01	2.05932945e-01	4.02873345e-02	2.09836721e-01	-1.48425213e-04	2.01959655e-01	1.09623408e+00	-2.84976270e-02	7.83124018e+00	8.00662160e-01	4.03047539e-02	8.07341754e-01	4.99227904e-02
14	0	0	14	7.43117523e+01	7.43142471e+01	1.79764405e-01	2.79071685e-02	1.81917697e-01	-6.22734167e-02	3.62330526e-01	1.19315159e+00	-1.19564962e+01	2.52064133e+01	7.78547049e-01	2.86855828e-02	7.82713294e-01	3.66489030e-02
15	0	0	15	7.54992676e+01	7.55019073e+01	2.82019317e-01	3.69383246e-02	2.84428090e-01	-1.10995527e-02	4.88615423e-01	1.66685987e+00	-2.13111448e+00	4.58390427e+01	8.15281153e-01	4.03289571e-02	8.23112369e-01	4.89956886e-02
16	0	0	16	7.09250259e+01	7.09272537e+01	2.59543598e-01	4.54709828e-02	2.63496637e-01	-1.94500368e-02	4.50586915e-01	1.44187701e+00	-3.73440695e+00	3.89814873e+01	7.90955007e-01	4.19380143e-02	7.99787402e-01	5.24364524e-02
17	0	0	17	7.36143036e+01	7.36169586e+01	2.76829183e-01	3.95562500e-02	2.79641002e-01	-5.85138313e-02	5.92770576e-01	1.60851443e+00	-1.12346554e+01	6.74643860e+01	8.28207195e-01	3.73234823e-02	8.35676253e-01	4.46626097e-02
18	0	0	18	6.82111816e+01	6.82139664e+01	4.11846817e-01	4.07676362e-02	4.13859665e-01	-1.32711977e-01	8.11329067e-01	2.19178677e+00	-2.54807014e+01	1.26384933e+02	8.19408596e-01	4.05755527e-02	8.25217545e-01	4.91695218e-02
19	0	0	19	7.31024780e+01	7.31053162e+01	5.77671528e-01	4.24660482e-02	5.79230309e-01	-1.00600250e-01	1.08809948e+00	2.53726792e+00	-1.93152485e+01	2.27320389e+02	8.20202470e-01	4.60957997e-02	8.26687217e-01	5.57596609e-02
20	0	0	20	7.95460968e+01	7.95485306e+01	7.84221292e-01	5.40498495e-02	7.86081731e-01	-2.56850392e-01	1.29178584e+00	2.44826865e+00	-4.93152695e+01	3.20392456e+02	8.24319899e-01	5.04980870e-02	8.35019827e-01	6.04753159e-02
21	0	0	21	7.07977905e+01	7.08003616e+01	9.72469628e-01	5.09207100e-02	9.73801851e-01	-8.86013284e-02	1.54213333e+00	3.15813541e+00	-1.70114555e+01	4.56609619e+02	7.96215236e-01	5.23100793e-02	8.08456898e-01	6.47036061e-02
22	0	0	22	7.60308609e+01	7.60334091e+01	1.15395677e+00	5.66270202e-02	1.15534544e+00	-1.74467161e-01	1.74672294e+00	3.35789442e+00	-3.34976883e+01	5.85799866e+02	8.21781516e-01	5.78802004e-02	8.33362460e-01	6.94538131e-02
23	0	0	23	6.62099304e+01	6.62124710e+01	1.51550186e+00	6.16724826e-02	1.51675618e+00	-1.97076410e-01	2.07426214e+00	3.44881535e+00	-3.78386765e+01	8.26092102e+02	7.93068528e-01	5.41946441e-02	7.99892008e-01	6.77524507e-02
24	0	0	24	7.30278625e+01	7.30302505e+01	2.02241254e+00	7.24903941e-02	2.02371120e+00	-1.16156287e-01	2.38316345e+00	4.11406994e+00	-2.23020058e+01	1.09045776e+03	7.76969492e-01	6.03327490e-02	7.88572669e-01	7.65087977e-02
25	0	0	25	7.64531631e+01	7.64553986e+01	2.10585713e+00	8.38251933e-02	2.10752487e+00	-2.51971900e-01	2.49251008e+00	3.96301699e+00	-4.83786049e+01	1.19282031e+03	8.14217865e-01	6.77874759e-02	8.20905566e-01	8.25764611e-02
26	0	0	26	7.65880585e+01	7.65903625e+01	2.44755769e+00	1.01640061e-01	2.44966722e+00	-3.19504112e-01	2.70771956e+00	4.31124926e+00	-6.13447876e+01	1.40769507e+03	8.41747046e-01	7.81838745e-02	8.47850204e-01	9.22142565e-02
27	0	0	27	6.76815033e+01	6.76839600e+01	2.87064505e+00	1.10916935e-01	2.87278724e+00	-3.01720619e-01	2.95106673e+00	4.74121284e+00	-5.79303589e+01	1.67208911e+03	8.24213386e-01	8.84236246e-02	8.38041663e-01	1.05512209e-01
28	0	0	28	6.91781158e+01	6.91804047e+01	3.36816740e+00	1.37137055e-01	3.37095785e+00	-3.73911381e-01	3.22129321e+00	5.02362394e+00	-7.17909851e+01	1.99233203e+03	8.04629266e-01	9.74453688e-02	8.19212139e-01	1.18950106e-01
29	0	0	29	7.10017242e+01	7.10037384e+01	3.89779544e+00	1.43873513e-01	3.90044951e+00	-2.53620297e-01	3.46559405e+00	5.35312176e+00	-4.86951027e+01	2.30598560e+03	7.73563325e-01	9.78156105e-02	7.98651814e-01	1.22475915e-01
30	0	0	30	6.67532272e+01	6.67555466e+01	4.06336689e+00	1.51071697e-01	4.06617451e+00	-2.43959337e-01	3.51416326e+00	5.44468117e+00	-4.68401871e+01	2.37107373e+03	7.91289568e-01	1.04158394e-01	8.11496794e-01	1.28353432e-01
31	0	0	31	6.97366180e+01	6.97388840e+01	4.16616631e+00	1.53014034e-01	4.16897535e+00	-2.81655043e-01	3.59133053e+00	5.59239721e+00	-5.40777664e+01	2.47634961e+03	8.02215576e-01	1.06472895e-01	8.18152547e-01	1.30138189e-01
32	0	0	32	7.03874054e+01	7.03895721e+01	4.39737511e+00	1.62587926e-01	4.40038013e+00	-3.10610384e-01	3.70427918e+00	5.68258476e+00	-5.96371956e+01	2.63456348e+03	7.75348008e-01	1.14010744e-01	7.97626495e-01	1.42937511e-01
33	0	0	33	6.99352341e+01	6.99374542e+01	4.98740196e+00	1.94076896e-01	4.99117661e+00	-3.62310916e-01	3.96311831e+00	6.03608894e+00	-6.95636902e+01	3.01561084e+03	8.10514510e-01	1.31523505e-01	8.29313993e-01	1.58593133e-01
34	0	0	34	7.11188507e+01	7.11209106e+01	5.53846598e+00	2.06196383e-01	5.54230309e+00	-3.05159122e-01	4.16219711e+00	6.34550714e+00	-5.85905533e+01	3.32618604e+03	8.22278500e-01	1.37437657e-01	8.29774618e-01	1.65632516e-01
35	0	0	35	6.68843307e+01	6.68864136e+01	5.51518536e+00	2.12405413e-01	5.51927376e+00	-3.58311832e-01	4.17248440e+00	6.37562466e+00	-6.87958755e+01	3.34264795e+03	7.95506835e-01	1.40475318e-01	8.15765321e-01	1.72200650e-01
36	0	0	36	6.94278793e+01	6.94299088e+01	5.95707417e+00	2.24296331e-01	5.96129513e+00	-3.48398894e-01	4.33817577e+00	6.54292536e+00	-6.68925934e+01	3.61339526e+03	7.99868166e-01	1.46760672e-01	8.14988673e-01	1.80076942e-01
37	0	0	37	6.44300308e+01	6.44320450e+01	6.42592239e+00	2.54938781e-01	6.43097734e+00	-4.14807439e-01	4.51716137e+00	6.63631439e+00	-7.96430283e+01	3.91771167e+03	7.93423474e-01	1.57029361e-01	8.08774650e-01	1.94157124e-01
38	0	0	38	6.10585518e+01	6.10607719e+01	6.50226355e+00	2.61755347e-01	6.50752926e+00	-4.44780529e-01	4.56242847e+00	6.68485832e+00	-8.53978729e+01	3.99662427e+03	7.78335690e-01	1.60891488e-01	8.04546773e-01	1.99977800e-01
39	0	0	39	6.69612961e+01	6.69633026e+01	6.57233334e+00	2.53431439e-01	6.57721758e+00	-3.89700204e-01	4.56976032e+00	6.82682323e+00	-7.48224335e+01	4.00948047e+03	8.14358950e-01	1.61943078e-01	8.17495227e-01	1.98096663e-01
40	0	0	40	6.95514755e+01	6.95534668e+01	6.79181385e+00	2.65546590e-01	6.79700232e+00	-4.19161797e-01	4.65614510e+00	6.94114399e+00	-8.04790649e+01	4.16250000e+03	8.34413588e-01	1.75665066e-01	8.37148070e-01	2.09837511e-01
41	0	1	1	6.60883942e+01	6.60904694e+01	7.43414021e+00	2.68523574e-01	7.43898773e+00	-3.07257533e-01	4.82304239e+00	7.21841860e+00	-5.89934464e+01	4.46625293e+03	8.02694738e-01	1.72844872e-01	8.19742382e-01	2.10852668e-01
42	0	1	2	6.71924896e+01	6.71944199e+01	6.91630411e+00	2.66281337e-01	6.92142725e+00	-3.72628838e-01	4.66719723e+00	6.87425423e+00	-7.15447388e+01	4.18228467e+03	7.84228325e-01	1.60907716e-01	8.04639697e-01	1.99974865e-01
43	0	1	3	6.42191696e+01	6.42212601e+01	6.95208263e+00	2.49575227e-01	6.95656109e+00	-2.83906311e-01	4.65593529e+00	6.85709858e+00	-5.45100098e+01	4.16212451e+03	8.02102089e-01	1.49529487e-01	8.16217542e-01	1.83198079e-01
44	0	1	4	6.66325684e+01	6.66344452e+01	7.58090115e+00	2.76888400e-01	7.58595610e+00	-2.94462651e-01	4.86179209e+00	7.21025467e+00	-5.65368233e+01	4.53830859e+03	7.43020952e-01	1.69904515e-01	7.64997482e-01	2.22098142e-01
45	0	1	5	6.11558228e+01	6.11578560e+01	7.41117191e+00	2.86399186e-01	7.41670322e+00	-3.89613241e-01	4.86614895e+00	7.17073822e+00	-7.48057404e+01	4.54644629e+03	7.68765450e-01	1.76697612e-01	7.75231600e-01	2.27928802e-01
46	0	1	6	6.63314209e+01	6.63332443e+01	7.94366837e+00	3.09943795e-01	7.94971228e+00	-4.36124980e-01	5.04986763e+00	7.38016748e+00	-8.37359924e+01	4.89622363e+03	7.59836435e-01	1.96163818e-01	7.85000920e-01	2.49889925e-01
47	0	1	7	6.75838699e+01	6.75857468e+01	7.99274302e+00	2.64299989e-01	7.99711084e+00	-2.01043516e-01	4.94156551e+00	7.34853601e+00	-3.86003532e+01	4.68846191e+03	7.73473978e-01	1.72209829e-01	7.78804421e-01	2.21120760e-01
48	0	1	8	6.48565521e+01	6.48586655e+01	6.73612499e+00	2.65325218e-01	6.74134874e+00	-4.76123631e-01	4.66892815e+00	6.71320724e+00	-9.14157333e+01	4.18538672e+03	8.00997138e-01	1.62985235e-01	8.02301407e-01	2.03147143e-01
49	0	1	9	6.02176399e+01	6.02197952e+01	6.82465839e+00	2.58781731e-01	6.82956362e+00	-3.58684868e-01	4.65863180e+00	6.85687113e+00	-6.88674927e+01	4.16694727e+03	7.95029461e-01	1.72938332e-01	8.12677026e-01	2.12800816e-01
50	0	1	10	6.30042496e+01	6.30062828e+01	7.34251404e+00	2.86635727e-01	7.34810734e+00	-4.44750816e-01	4.86774731e+00	7.13277674e+00	-8.53921661e+01	4.54943262e+03	7.69344985e-01	1.91432938e-01	8.10967624e-01	2.36054972e-01
51	0	1	11	6.69385071e+01	6.69404755e+01	8.19221878e+00	3.02054584e-01	8.19778538e+00	-3.58101666e-01	5.09805632e+00	7.54582596e+00	-6.87555237e+01	4.99011426e+03	8.23639393e-01	2.06815332e-01	8.23588490e-01	2.51114875e-01
52	0	1	12	6.33310928e+01	6.33331261e+01	8.65705776e+00	3.13887030e-01	8.66274643e+00	-3.22911203e-01	5.21803713e+00	7.70768976e+00	-6.19989510e+01	5.22775928e+03	7.73489416e-01	2.11036369e-01	8.10418606e-01	2.60404140e-01
53	0	1	13	6.39152832e+01	6.39171867e+01	8.90757847e+00	3.22285652e-01	8.91340637e+00	-3.26252759e-01	5.28582525e+00	7.83694315e+00	-6.26405258e+01	5.36447119e+03	8.04540515e-01	2.15909794e-01	8.12210262e-01	2.65829921e-01
54	0	1	14	6.65885391e+01	6.65903549e+01	9.74488640e+00	3.22529823e-01	9.75022125e+00	-2.14585543e-01	5.43994045e+00	8.17575455e+00	-4.12004204e+01	5.68184668e+03	8.16279411e-01	2.11207524e-01	8.29788685e-01	2.54531711e-01
55	0	1	15	5.96489754e+01	5.96510162e+01	8.29595375e+00	3.15899044e-01	8.30196476e+00	-4.06646103e-01	5.13812256e+00	7.44958687e+00	-7.80760498e+01	5.06885791e+03	8.19787741e-01	1.98445559e-01	8.33209455e-01	2.38170072e-01
56	0	1	16	6.63842773e+01	6.63862610e+01	8.09189510e+00	3.20079178e-01	8.09822369e+00	-4.51335400e-01	5.11169529e+00	7.51499701e+00	-8.66563950e+01	5.01685010e+03	8.19120288e-01	2.00696304e-01	8.54934275e-01	2.34750569e-01
57	0	1	17	5.69136963e+01	5.69159698e+01	8.51535606e+00	3.11419249e-01	8.52104855e+00	-2.95700073e-01	5.16072750e+00	7.65533066e+00	-5.67744141e+01	5.11355713e+03	8.48523200e-01	1.95392936e-01	8.55657876e-01	2.28354052e-01
58	0	1	18	6.53495941e+01	6.53517380e+01	8.43426800e+00	3.12125236e-01	8.44004154e+00	-4.04344380e-01	5.21086264e+00	7.68681049e+00	-7.76341324e+01	5.21339307e+03	7.95848012e-01	1.91958606e-01	8.09855163e-01	2.37028316e-01
59	0	1	19	6.55137024e+01	6.55155716e+01	8.79742813e+00	3.19591671e-01	8.80323124e+00	-3.22488129e-01	5.24945498e+00	7.78425980e+00	-6.19177132e+01	5.29090137e+03	7.81688511e-01	2.01453343e-01	8.19594085e-01	2.45796487e-01
60	0	1	20	7.05443420e+01	7.05461426e+01	8.84550858e+00	3.37792248e-01	8.85195637e+00	-4.04081136e-01	5.30352974e+00	7.75150537e+00	-7.75835800e+01	5.40046631e+03	8.03074956e-01	2.17673346e-01	8.24917793e-01	2.63872772e-01
61	0	1	21	6.47349167e+01	6.47367859e+01	8.68439293e+00	3.33839625e-01	8.69080734e+00	-4.44673151e-01	5.28314304e+00	7.72648430e+00	-8.53772507e+01	5.35902734e+03	7.74919748e-01	2.10498899e-01	8.06254566e-01	2.61082441e-01
62	0	1	22	6.39700203e+01	6.39718246e+01	8.89884567e+00	3.35560888e-01	8.90516949e+00	-3.72684389e-01	5.31281614e+00	7.76654625e+00	-7.15554047e+01	5.41939453e+03	8.02422106e-01	2.08015174e-01	8.16698492e-01	2.54702538e-01
63	0	1	23	6.57065430e+01	6.57085648e+01	9.20728207e+00	3.51173490e-01	9.21397686e+00	-4.10899550e-01	5.41865730e+00	7.92705059e+00	-7.88927155e+01	5.63747510e+03	8.05122495e-01	2.19166502e-01	8.39205921e-01	2.61159390e-01
64	0	1	24	6.48053360e+01	6.48071671e+01	8.94735813e+00	3.45746309e-01	8.95403481e+00	-4.35192317e-01	5.33913803e+00	7.79001474e+00	-8.35569229e+01	5.47322803e+03	8.10937464e-01	2.11714774e-01	8.27467501e-01	2.55858719e-01
65	0	1	25	6.36981087e+01	6.36999207e+01	9.29488945e+00	3.46203417e-01	9.30133533e+00	-3.47807914e-01	5.40076590e+00	7.96674585e+00	-6.67791290e+01	5.60030859e+03	7.86284387e-01	2.10560530e-01	8.02630663e-01	2.62338012e-01
66	0	1	26	6.35652847e+01	6.35670967e+01	8.67790031e+00	3.16566020e-01	8.68367195e+00	-2.91591793e-01	5.17932796e+00	7.69555616e+00	-5.59856339e+01	5.15048438e+03	7.69425690e-01	1.90417394e-01	7.95151711e-01	2.39473030e-01
67	0	1	27	6.44066315e+01	6.44084473e+01	8.88197803e+00	3.21153194e-01	8.88778114e+00	-2.91006416e-01	5.23849726e+00	7.76360226e+00	-5.58732300e+01	5.26883643e+03	8.24750483e-01	1.97791010e-01	8.35247159e-01	2.36805364e-01
68	0	1	28	6.57358932e+01	6.57376862e+01	8.78593159e+00	3.37734431e-01	8.79241943e+00	-3.90655518e-01	5.24540710e+00	7.67060423e+00	-7.50058594e+01	5.28274463e+03	7.79154956e-01	1.99822098e-01	8.09863806e-01	2.46735439e-01
69	0	1	29	6.16756363e+01	6.16774750e+01	8.47701740e+00	3.06957811e-01	8.48257351e+00	-2.74432182e-01	5.09433937e+00	7.58161259e+00	-5.26909790e+01	4.98284082e+03	7.68289447e-01	1.86970741e-01	7.92583406e-01	2.35900402e-01
70	0	1	30	6.47098846e+01	6.47118225e+01	8.78722763e+00	3.12438190e-01	8.79278088e+00	-2.56556183e-01	5.19583607e+00	7.71324921e+00	-4.92587852e+01	5.18336865e+03	8.00589919e-01	1.92672789e-01	8.27235639e-01	2.32911617e-01
71	0	1	31	5.85155029e+01	5.85175514e+01	8.73435020e+00	3.21948558e-01	8.74028111e+00	-3.27117413e-01	5.21605921e+00	7.71548653e+00	-6.28065414e+01	5.22379688e+03	7.72963464e-01	1.96848646e-01	7.93089688e-01	2.48204768e-01
72	0	1	32	6.17126274e+01	6.17145844e+01	9.02279663e+00	3.28668654e-01	9.02877998e+00	-3.18685830e-01	5.28469276e+00	7.80107498e+00	-6.11876831e+01	5.36217236e+03	7.88086057e-01	2.03133017e-01	8.14890265e-01	2.49276534e-01
73	0	1	33	6.46717148e+01	6.46736450e+01	9.25963688e+00	3.29864949e-01	9.26551056e+00	-2.95792311e-01	5.34883165e+00	7.96512413e+00	-5.67921257e+01	5.49312012e+03	7.99423039e-01	2.05962732e-01	8.18161905e-01	2.51738369e-01
74	0	1	34	6.35093384e+01	6.35112457e+01	9.78502178e+00	3.35336328e-01	9.79076672e+00	-2.35904306e-01	5.44959927e+00	8.13786888e+00	-4.52936287e+01	5.70204150e+03	7.99513757e-01	2.12400660e-01	8.16002131e-01	2.60294259e-01
75	0	1	35	6.27048416e+01	6.27068443e+01	1.01816845e+01	3.47583354e-01	1.01876163e+01	-2.29240894e-01	5.54791641e+00	8.34858608e+00	-4.40142441e+01	5.90964014e+03	8.03255260e-01	2.17497692e-01	8.19572628e-01	2.65379399e-01
76	0	1	36	6.47476501e+01	6.47496338e+01	9.84107018e+00	3.36362034e-01	9.84681702e+00	-2.48472020e-01	5.48550558e+00	8.24117279e+00	-4.77066269e+01	5.77742871e+03	7.95626104e-01	2.10689351e-01	8.08992505e-01	2.60434240e-01
77	0	1	37	6.23064384e+01	6.23083954e+01	9.54949474e+00	3.38434666e-01	9.55548954e+00	-2.79874235e-01	5.40837622e+00	8.10244179e+00	-5.37358627e+01	5.61610254e+03	7.89936662e-01	2.02574715e-01	8.15940857e-01	2.48271316e-01
78	0	1	38	6.30954475e+01	6.30972710e+01	9.69465828e+00	3.37974250e-01	9.70054722e+00	-2.11367950e-01	5.39313889e+00	8.10320663e+00	-4.05826492e+01	5.58450146e+03	7.96226978e-01	2.00902954e-01	8.17992449e-01	2.45604903e-01
79	0	1	39	6.03823471e+01	6.03842468e+01	9.95486259e+00	3.41961980e-01	9.96073532e+00	-2.10835934e-01	5.46000671e+00	8.27046013e+00	-4.04804916e+01	5.72384131e+03	8.08540225e-01	2.03768343e-01	8.17642212e-01	2.49214560e-01
80	0	1	40	6.47941437e+01	6.47960663e+01	1.00358658e+01	3.52028489e-01	1.00420389e+01	-2.45099127e-01	5.51201248e+00	8.28446198e+00	-4.70590324e+01	5.83339844e+03	8.07041824e-01	2.10191384e-01	8.22973192e-01	2.55404890e-01
81	0	2	1	6.19637642e+01	6.19656639e+01	1.00329304e+01	3.60555351e-01	1.00394068e+01	-2.87722468e-01	5.54554129e+00	8.21857834e+00	-5.52427139e+01	5.90458105e+03	7.98024237e-01	2.15543792e-01	8.19182158e-01	2.63120711e-01
82	0	2	2	6.15150375e+01	6.15170326e+01	1.00301008e+01	3.37024122e-01	1.00357618e+01	-1.69594377e-01	5.45408964e+00	8.19757938e+00	-3.25621223e+01	5.71144238e+03	7.97866166e-01	2.00593740e-01	8.23195457e-01	2.43676931e-01
83	0	2	3	6.66857376e+01	6.66875839e+01	9.61268902e+00	3.37373316e-01	9.61860752e+00	-2.61629790e-01	5.41867924e+00	8.14015675e+00	-5.02329254e+01	5.63752100e+03	8.13678026e-01	2.03555226e-01	8.44830692e-01	2.40942031e-01
84	0	2	4	6.21666756e+01	6.21686020e+01	9.68716621e+00	3.33241433e-01	9.69289589e+00	-2.10349962e-01	5.39663935e+00	8.13128471e+00	-4.03871880e+01	5.59175391e+03	7.95297146e-01	2.01127827e-01	8.16994429e-01	2.46180177e-01
85	0	2	5	6.25971375e+01	6.25993385e+01	8.60299110e+00	3.16498131e-01	8.60881042e+00	-2.82112747e-01	5.16534996e+00	7.66927624e+00	-5.41656494e+01	5.12272119e+03	8.17974687e-01	1.81573972e-01	8.48906815e-01	2.13891521e-01
86	0	2	6	6.26086311e+01	6.26105766e+01	8.72605705e+00	2.97068924e-01	8.73111153e+00	-1.99683249e-01	5.11219883e+00	7.67174339e+00	-3.83391838e+01	5.01783838e+03	7.84122467e-01	1.80774763e-01	8.07265937e-01	2.23934591e-01
87	0	2	7	6.37560425e+01	6.37578735e+01	8.71002483e+00	2.98536837e-01	8.71514034e+00	-1.89939842e-01	5.09657335e+00	7.55014038e+00	-3.64684525e+01	4.98721045e+03	7.97287226e-01	1.80374041e-01	8.13050807e-01	2.21848428e-01
88	0	2	8	6.17547493e+01	6.17565994e+01	8.64334297e+00	3.24013919e-01	8.64941311e+00	-3.24605107e-01	5.16770172e+00	7.56574726e+00	-6.23241806e+01	5.12738672e+03	7.61462748e-01	1.96571812e-01	8.07021558e-01	2.43576899e-01
89	0	2	9	6.68335190e+01	6.68353653e+01	8.94187641e+00	3.16216469e-01	8.94746590e+00	-2.69060254e-01	5.24582672e+00	7.73868275e+00	-5.16595688e+01	5.28359033e+03	7.78207004e-01	2.02162474e-01	8.16497922e-01	2.47597054e-01
90	0	2	10	6.43989029e+01	6.44007874e+01	9.09047890e+00	3.27709585e-01	9.09638405e+00	-3.24967384e-01	5.32063198e+00	7.88996840e+00	-6.23937454e+01	5.43535254e+03	7.93688118e-01	2.15275466e-01	8.09015155e-01	2.66095728e-01
91	0	2	11	6.30619202e+01	6.30638390e+01	9.49506378e+00	3.41574132e-01	9.50120544e+00	-3.14326793e-01	5.43609762e+00	8.09191704e+00	-6.03507462e+01	5.67382178e+03	8.22238863e-01	2.24389836e-01	8.22474062e-01	2.72823006e-01
92	0	2	12	6.54486237e+01	6.54505081e+01	9.73223877e+00	3.47017825e-01	9.73842430e+00	-3.14634591e-01	5.50135231e+00	8.18974876e+00	-6.04098396e+01	5.81085645e+03	8.35003436e-01	2.35586479e-01	8.26824486e-01	2.84929246e-01
93	0	2	13	6.36102104e+01	6.36121254e+01	9.96755695e+00	3.52146536e-01	9.97377586e+00	-3.16655606e-01	5.57031059e+00	8.30242538e+00	-6.07978745e+01	5.95744531e+03	8.19399714e-01	2.43012294e-01	8.18582118e-01	2.96869785e-01
94	0	2	14	6.54136734e+01	6.54156876e+01	9.40621185e+00	3.34666908e-01	9.41216373e+00	-2.98614770e-01	5.40508652e+00	8.08755779e+00	-5.73340340e+01	5.60927197e+03	8.15897822e-01	2.22675115e-01	8.23205352e-01	2.70497650e-01
95	0	2	15	6.21816177e+01	6.21834526e+01	9.01299477e+00	3.32316667e-01	9.01911736e+00	-3.40887845e-01	5.31412697e+00	7.78776550e+00	-6.54504700e+01	5.42206934e+03	7.83529222e-01	2.02863216e-01	8.10145617e-01	2.50403404e-01
96	0	2	16	6.31314087e+01	6.31331062e+01	8.55950260e+00	3.32407147e-01	8.56595516e+00	-4.34547484e-01	5.19427729e+00	7.58294010e+00	-8.34331131e+01	5.18025928e+03	7.87426353e-01	1.95004672e-01	8.02846670e-01	2.42891550e-01
97	0	2	17	6.07199631e+01	6.07223129e+01	7.86910343e+00	3.02002013e-01	7.87489605e+00	-3.93736333e-01	4.98613167e+00	7.43165779e+00	-7.55973740e+01	4.77340918e+03	7.97834218e-01	1.77584201e-01	8.11724961e-01	2.18773857e-01
98	0	2	18	6.99760590e+01	6.99778290e+01	7.95765829e+00	2.97227502e-01	7.96320724e+00	-3.67432952e-01	5.01101446e+00	7.39468670e+00	-7.05471268e+01	4.82117090e+03	7.47699857e-01	1.83931068e-01	7.87464201e-01	2.33573884e-01
99	0	2	19	6.36857796e+01	6.36877022e+01	8.47072220e+00	2.93259561e-01	8.47579670e+00	-2.42520466e-01	5.09676504e+00	7.72730684e+00	-4.65639343e+01	4.98758643e+03	7.78806329e-01	1.98047161e-01	8.18408310e-01	2.41990656e-01
100	0	2	20	6.63858871e+01	6.63877869e+01	8.12431049e+00	2.84090012e-01	8.12927532e+00	-2.16387972e-01	4.97103167e+00	7.45002747e+00	-4.15464935e+01	4.74454199e+03	7.92654574e-01	1.81196302e-01	8.20925117e-01	2.20722079e-01
101	0	2	21	6.47113800e+01	6.47131958e+01	8.66202831e+00	3.05814683e-01	8.66742611e+00	-2.69556820e-01	5.14663744e+00	7.68237543e+00	-5.17549057e+01	5.08567285e+03	7.95229256e-01	1.96818858e-01	8.19127679e-01	2.40278602e-01
102	0	2	22	6.47188721e+01	6.47207108e+01	9.73220062e+00	3.21789593e-01	9.73751831e+00	-1.84795707e-01	5.38052607e+00	8.01908207e+00	-3.54807854e+01	5.55841113e+03	7.85997212e-01	2.06218272e-01	8.13057125e-01	2.53633201e-01
103	0	2	23	6.30633469e+01	6.30652580e+01	9.75060749e+00	3.25027645e-01	9.75602341e+00	-1.81090638e-01	5.38163280e+00	8.05364323e+00	-3.47694016e+01	5.56069824e+03	8.03627491e-01	2.01935396e-01	8.17993879e-01	2.46866629e-01
104	0	2	24	6.00100899e+01	6.00121307e+01	9.37917995e+00	3.31329644e-01	9.38503075e+00	-2.58402288e-01	5.34841871e+00	7.92932940e+00	-4.96132393e+01	5.49227148e+03	7.99494326e-01	1.98981553e-01	8.19969416e-01	2.42669478e-01
105	0	2	25	6.31523743e+01	6.31542320e+01	9.42804718e+00	3.29657316e-01	9.43380833e+00	-2.49080092e-01	5.36103916e+00	7.95803976e+00	-4.78233719e+01	5.51822168e+03	7.94576526e-01	1.99537098e-01	8.12648833e-01	2.45539144e-01
106	0	2	26	6.06919060e+01	6.06938820e+01	9.39372063e+00	3.47117871e-01	9.40013313e+00	-3.33888054e-01	5.39190769e+00	7.99023151e+00	-6.41065063e+01	5.58195215e+03	7.99064338e-01	2.07987785e-01	8.24609876e-01	2.52225667e-01
107	0	2	27	6.48870468e+01	6.48890686e+01	9.09165382e+00	3.45989257e-01	9.09823513e+00	-3.72853845e-01	5.34068346e+00	7.83341599e+00	-7.15879364e+01	5.47639697e+03	8.27793241e-01	2.01975271e-01	8.48350048e-01	2.38080114e-01
108	0	2	28	6.54482269e+01	6.54500351e+01	8.88696671e+00	2.84077495e-01	8.89150620e+00	-1.04754947e-01	5.06529045e+00	7.81431770e+00	-2.01129494e+01	4.92617627e+03	7.71295011e-01	1.74448967e-01	7.97984183e-01	2.18612060e-01
109	0	2	29	6.67248688e+01	6.67266998e+01	8.40991020e+00	2.89691925e-01	8.41489792e+00	-2.19506934e-01	5.03304243e+00	7.58614254e+00	-4.21453323e+01	4.86365088e+03	7.88933992e-01	1.75745279e-01	8.15266192e-01	2.15567976e-01
110	0	2	30	6.58219376e+01	6.58237991e+01	8.81866169e+00	3.05898577e-01	8.82396412e+00	-2.19897658e-01	5.13295698e+00	7.80734253e+00	-4.22203560e+01	5.05867139e+03	8.01958561e-01	1.88637882e-01	8.20665240e-01	2.29859725e-01
111	0	2	31	6.34885559e+01	6.34904175e+01	9.18405724e+00	3.16684544e-01	9.18951607e+00	-2.17457712e-01	5.24801254e+00	7.95244598e+00	-4.17518845e+01	5.28799365e+03	7.93232143e-01	1.94616973e-01	8.29021811e-01	2.34754950e-01
112	0	2	32	6.29675674e+01	6.29694176e+01	9.56863213e+00	3.26804906e-01	9.57421207e+00	-1.97221011e-01	5.34994841e+00	8.06730080e+00	-3.78664322e+01	5.49541406e+03	7.74845898e-01	1.98710248e-01	7.97510087e-01	2.49163300e-01
113	0	2	33	6.31385193e+01	6.31404190e+01	9.60229206e+00	3.34901392e-01	9.60812950e+00	-2.34723359e-01	5.38524199e+00	8.03938580e+00	-4.50668831e+01	5.56816064e+03	7.96812296e-01	2.03251988e-01	8.14628720e-01	2.49502599e-01
114	0	2	34	6.02112656e+01	6.02131271e+01	9.54157448e+00	3.27540070e-01	9.54719448e+00	-2.17264563e-01	5.35043097e+00	8.07714844e+00	-4.17147903e+01	5.49640527e+03	7.93509424e-01	2.01082766e-01	8.14044774e-01	2.47016832e-01
115	0	2	35	6.32370224e+01	6.32387695e+01	9.92421913e+00	3.37987334e-01	9.92997169e+00	-1.93563610e-01	5.43280554e+00	8.19429493e+00	-3.71642151e+01	5.66695215e+03	7.75652707e-01	2.05815464e-01	7.95217037e-01	2.58816719e-01
116	0	2	36	6.36768799e+01	6.36788521e+01	8.44455814e+00	2.96015769e-01	8.44974422e+00	-2.54748195e-01	5.07756329e+00	7.50544119e+00	-4.89116516e+01	4.95007666e+03	8.08968663e-01	1.74600750e-01	8.30620944e-01	2.10205093e-01
117	0	2	37	6.60188370e+01	6.60207977e+01	8.09297943e+00	2.83122510e-01	8.09792995e+00	-2.15433180e-01	4.93519497e+00	7.42085743e+00	-4.13631706e+01	4.67637988e+03	7.69340098e-01	1.73743919e-01	7.93192804e-01	2.19043747e-01
118	0	2	38	6.19366875e+01	6.19386864e+01	8.19822693e+00	2.78983235e-01	8.20297337e+00	-1.80902824e-01	4.92253113e+00	7.39955330e+00	-3.47333374e+01	4.65241162e+03	7.91310728e-01	1.76301330e-01	8.12095463e-01	2.17094347e-01
119	0	2	39	6.80076752e+01	6.80094681e+01	8.68271637e+00	2.94192970e-01	8.68769932e+00	-2.04400226e-01	5.09609270e+00	7.69588709e+00	-3.92448463e+01	4.98627148e+03	7.95238137e-01	1.89853534e-01	8.22481871e-01	2.30830058e-01
120	0	2	40	6.46822357e+01	6.46841125e+01	8.75948811e+00	3.03195506e-01	8.76473331e+00	-2.27187023e-01	5.13653660e+00	7.70750999e+00	-4.36199074e+01	5.06572949e+03	7.95879066e-01	1.91072583e-01	8.18586826e-01	2.33417615e-01
121	0	3	1	6.28735161e+01	6.28755035e+01	8.26350880e+00	2.96406448e-01	8.26882267e+00	-2.66300142e-01	5.01579046e+00	7.52548313e+00	-5.11296272e+01	4.83036572e+03	7.94739068e-01	1.83098972e-01	8.17305028e-01	2.24027708e-01
122	0	3	2	6.62707291e+01	6.62725296e+01	7.95653677e+00	2.83180565e-01	7.96157455e+00	-2.51073450e-01	4.90744686e+00	7.33397293e+00	-4.82061081e+01	4.62394287e+03	8.03516805e-01	1.74868584e-01	8.13949943e-01	2.14839488e-01
123	0	3	3	6.58908844e+01	6.58928452e+01	8.65708923e+00	3.00007552e-01	8.66228580e+00	-2.10373089e-01	5.08088064e+00	7.63401699e+00	-4.03916321e+01	4.95654736e+03	8.21972728e-01	1.82653427e-01	8.47436547e-01	2.15536401e-01
124	0	3	4	6.69144287e+01	6.69162369e+01	7.06202221e+00	2.54413247e-01	7.06660318e+00	-2.36324310e-01	4.62320042e+00	7.01662445e+00	-4.53742676e+01	4.10380469e+03	7.78830111e-01	1.47459820e-01	7.98823178e-01	1.84596315e-01
125	0	3	5	6.54104614e+01	6.54125748e+01	6.62803507e+00	2.40688309e-01	6.63240337e+00	-1.77575380e-01	4.40757942e+00	6.64276314e+00	-3.40944748e+01	3.72993750e+03	8.40267420e-01	1.41228244e-01	8.79856229e-01	1.60512865e-01
126	0	3	6	6.74326859e+01	6.74346390e+01	6.65744925e+00	2.21170232e-01	6.66112232e+00	-1.25310108e-01	4.39793491e+00	6.63804674e+00	-2.40595360e+01	3.71363159e+03	8.41931581e-01	1.42299399e-01	8.65960717e-01	1.64325461e-01
127	0	3	7	6.23250542e+01	6.23269806e+01	6.33005714e+00	2.25722149e-01	6.33408022e+00	-2.27414578e-01	4.36802197e+00	6.54482555e+00	-4.36635971e+01	3.66328589e+03	7.60132313e-01	1.45258263e-01	7.86072612e-01	1.84789881e-01
128	0	3	8	6.73592987e+01	6.73612289e+01	6.65293789e+00	2.35891223e-01	6.65711832e+00	-2.14971110e-01	4.45054579e+00	6.77387094e+00	-4.12744560e+01	3.80301245e+03	7.89489269e-01	1.48992956e-01	8.09819520e-01	1.83982909e-01
129	0	3	9	6.07732430e+01	6.07758560e+01	6.17437983e+00	2.31647044e-01	6.17872381e+00	-2.70314753e-01	4.32419252e+00	6.50443649e+00	-5.19004326e+01	3.59013916e+03	7.99869001e-01	1.47064433e-01	8.20358694e-01	1.79268450e-01
130	0	3	10	6.15611458e+01	6.15633125e+01	5.81292486e+00	2.32765630e-01	5.81758356e+00	-3.64841461e-01	4.26211739e+00	6.30057001e+00	-7.00495605e+01	3.48780396e+03	7.77478218e-01	1.39607415e-01	7.97932863e-01	1.74961358e-01
131	0	3	11	6.61120529e+01	6.61139984e+01	6.37194490e+00	2.48889744e-01	6.37680387e+00	-3.57887954e-01	4.45426416e+00	6.68138409e+00	-6.87144928e+01	3.80937036e+03	7.92471528e-01	1.57130376e-01	8.18712473e-01	1.91923752e-01
132	0	3	12	6.33704033e+01	6.33722610e+01	7.09122705e+00	2.70061493e-01	7.09636736e+00	-3.06181520e-01	4.66400480e+00	6.88992786e+00	-5.87868538e+01	4.17656494e+03	7.82469511e-01	1.60017714e-01	8.01162839e-01	1.99731827e-01
133	0	3	13	7.12088623e+01	7.12108002e+01	7.17322254e+00	2.59000301e-01	7.17789698e+00	-2.67565787e-01	4.68189859e+00	6.98563385e+00	-5.13726311e+01	4.20867334e+03	8.02618086e-01	1.63226381e-01	8.22635770e-01	1.98418781e-01
134	0	3	14	6.78338165e+01	6.78357773e+01	6.59983540e+00	2.29837060e-01	6.60383558e+00	-2.35137209e-01	4.44821453e+00	6.72107506e+00	-4.51463470e+01	3.79902979e+03	8.09390783e-01	1.45561561e-01	8.24311972e-01	1.76585525e-01
135	0	3	15	6.79893646e+01	6.79914474e+01	5.37508965e+00	1.98587552e-01	5.37875700e+00	-2.26334035e-01	4.01703548e+00	6.05940008e+00	-4.34561348e+01	3.09822266e+03	7.58406043e-01	1.20777503e-01	7.81278610e-01	1.54589549e-01
136	0	3	16	7.36413116e+01	7.36430817e+01	5.78753901e+00	2.11789474e-01	5.79141235e+00	-1.81383386e-01	4.13066483e+00	6.26541901e+00	-3.48256111e+01	3.27597900e+03	7.85935104e-01	1.31972179e-01	8.14048409e-01	1.62118345e-01
137	0	3	17	6.21350327e+01	6.21371841e+01	5.63245678e+00	2.08335131e-01	5.63630819e+00	-2.16778770e-01	4.08225060e+00	6.11883068e+00	-4.16215286e+01	3.19963574e+03	7.82074809e-01	1.34775385e-01	7.97708750e-01	1.68953121e-01
138	0	3	18	7.10922241e+01	7.10941086e+01	5.77078724e+00	2.27738947e-01	5.77527857e+00	-3.77073288e-01	4.22048235e+00	6.24753428e+00	-7.23980713e+01	3.41999414e+03	7.88736463e-01	1.48701072e-01	8.06327224e-01	1.84417769e-01
139	0	3	19	6.71947403e+01	6.71968002e+01	6.43881464e+00	2.41690651e-01	6.44334888e+00	-3.27461064e-01	4.46655464e+00	6.67990255e+00	-6.28725204e+01	3.83042114e+03	7.93133080e-01	1.56067774e-01	8.11062634e-01	1.92423820e-01
140	0	3	20	6.32084122e+01	6.32105331e+01	5.83950424e+00	2.29915097e-01	5.84402895e+00	-3.57009828e-01	4.29863501e+00	6.36832047e+00	-6.85458832e+01	3.54782617e+03	8.02112043e-01	1.31764740e-01	8.44823480e-01	1.55967191e-01
141	0	3	21	6.81772156e+01	6.81791458e+01	5.56040335e+00	2.17234671e-01	5.56464529e+00	-3.77863884e-01	4.15905428e+00	6.28312683e+00	-7.25498581e+01	3.32116455e+03	7.78375506e-01	1.29526496e-01	7.90384591e-01	1.63877815e-01
142	0	3	22	6.68150177e+01	6.68169708e+01	6.01019573e+00	2.34357730e-01	6.01476336e+00	-3.27609032e-01	4.30618811e+00	6.45079994e+00	-6.29009323e+01	3.56030542e+03	8.00589740e-01	1.39533028e-01	8.22290301e-01	1.69688284e-01
143	0	3	23	6.71603851e+01	6.71623306e+01	6.20574093e+00	2.39018843e-01	6.21034241e+00	-3.24582249e-01	4.38079882e+00	6.50998878e+00	-6.23197861e+01	3.68474805e+03	8.04361761e-01	1.46235809e-01	8.33352029e-01	1.75479040e-01
144	0	3	24	6.49063568e+01	6.49083023e+01	6.93808222e+00	2.43940815e-01	6.94236946e+00	-2.19180062e-01	4.56382751e+00	6.91328812e+00	-4.20825691e+01	3.99907666e+03	7.84507990e-01	1.56910449e-01	8.06380689e-01	1.94586068e-01
145	0	3	25	6.66423721e+01	6.66442947e+01	7.34491444e+00	2.56240010e-01	7.34938192e+00	-2.20070273e-01	4.68512154e+00	7.08794880e+00	-4.22534904e+01	4.21446973e+03	7.95772791e-01	1.69570044e-01	8.17764640e-01	2.07358003e-01
146	0	3	26	6.48722610e+01	6.48741531e+01	7.90892315e+00	2.44716376e-01	7.91270828e+00	-4.71440144e-02	4.69371128e+00	7.26259184e+00	-9.05164909e+00	4.22993848e+03	7.85540760e-01	1.68153241e-01	8.17289710e-01	2.05744967e-01
147	0	3	27	6.79288483e+01	6.79307938e+01	7.44606304e+00	2.45357603e-01	7.45010471e+00	-1.05768971e-01	4.61456633e+00	7.06109142e+00	-2.03076439e+01	4.08849072e+03	8.02838445e-01	1.55034855e-01	8.24015319e-01	1.88145593e-01
148	0	3	28	6.44716797e+01	6.44735336e+01	6.70483923e+00	2.40013823e-01	6.70913363e+00	-1.95096061e-01	4.44050407e+00	6.80531120e+00	-3.74584427e+01	3.78587061e+03	7.73921072e-01	1.53021142e-01	8.01095843e-01	1.91014782e-01
149	0	3	29	6.64873962e+01	6.64892426e+01	7.15389013e+00	2.25801259e-01	7.15745306e+00	-7.50416890e-02	4.48957682e+00	6.95536470e+00	-1.44080019e+01	3.87000977e+03	7.66876578e-01	1.48721740e-01	7.88001478e-01	1.88732818e-01
150	0	3	30	6.65918961e+01	6.65937805e+01	6.61916494e+00	2.35310048e-01	6.62334681e+00	-1.87128752e-01	4.40905046e+00	6.74526119e+00	-3.59287224e+01	3.73242725e+03	8.04324329e-01	1.50852293e-01	8.26980591e-01	1.82413340e-01
151	0	3	31	6.77566986e+01	6.77587585e+01	7.12986851e+00	2.38623902e-01	7.13386059e+00	-1.24358416e-01	4.51057673e+00	6.99703979e+00	-2.38768196e+01	3.90629761e+03	7.76408136e-01	1.59987494e-01	8.03212166e-01	1.99184597e-01
152	0	3	32	6.60923462e+01	6.60945740e+01	7.16893911e+00	2.40516856e-01	7.17297268e+00	-6.70437440e-02	4.49174023e+00	6.88289881e+00	-1.28723955e+01	3.87374072e+03	8.12420487e-01	1.41491175e-01	8.43973219e-01	1.67648897e-01
153	0	3	33	6.51400909e+01	6.51423111e+01	6.70321131e+00	2.17254207e-01	6.70673084e+00	-9.76889506e-02	4.36561966e+00	6.74175119e+00	-1.87562790e+01	3.65925781e+03	8.11912060e-01	1.43858969e-01	8.23391676e-01	1.74715117e-01
154	0	3	34	6.67278595e+01	6.67298279e+01	6.60216141e+00	2.21928984e-01	6.60589027e+00	-1.52139023e-01	4.39035654e+00	6.71147060e+00	-2.92106972e+01	3.70084375e+03	8.12246084e-01	1.44783482e-01	8.20732594e-01	1.76407620e-01
155	0	3	35	6.84399261e+01	6.84419327e+01	7.00674725e+00	2.26336673e-01	7.01040268e+00	-9.90491286e-02	4.46707916e+00	6.88744450e+00	-1.90174351e+01	3.83132080e+03	8.17419946e-01	1.53871030e-01	8.26789856e-01	1.86106578e-01
156	0	3	36	6.82325211e+01	6.82345352e+01	6.86473322e+00	2.40197301e-01	6.86893415e+00	-1.83590040e-01	4.50871849e+00	6.84336042e+00	-3.52492867e+01	3.90307959e+03	8.33187938e-01	1.56249449e-01	8.44733953e-01	1.84968829e-01
157	0	3	37	6.53465424e+01	6.53484879e+01	6.98692942e+00	2.45950907e-01	6.99125719e+00	-2.02347472e-01	4.55533266e+00	6.94361210e+00	-3.88507156e+01	3.98420239e+03	7.86254883e-01	1.62327364e-01	8.08090687e-01	2.00877652e-01
158	0	3	38	6.34600716e+01	6.34619637e+01	7.28326130e+00	2.58255571e-01	7.28783798e+00	-2.19613165e-01	4.66948462e+00	7.09856033e+00	-4.21657295e+01	4.18638525e+03	7.69382477e-01	1.62990138e-01	8.04130375e-01	2.02691182e-01
159	0	3	39	6.54620514e+01	6.54639359e+01	7.42386007e+00	2.61674076e-01	7.42847013e+00	-1.98210210e-01	4.68422842e+00	7.08702564e+00	-3.80563583e+01	4.21286328e+03	7.87644565e-01	1.68247819e-01	8.12660635e-01	2.07033306e-01
160	0	3	40	6.73881989e+01	6.73900452e+01	7.46917725e+00	2.55062789e-01	7.47352982e+00	-1.55203015e-01	4.64956093e+00	7.10594940e+00	-2.97989769e+01	4.15073584e+03	7.95484364e-01	1.66546836e-01	8.22482347e-01	2.02492908e-01
161	0	4	1	6.73489838e+01	6.73508377e+01	7.06856918e+00	2.54190207e-01	7.07313824e+00	-2.27928936e-01	4.59910250e+00	6.93362141e+00	-4.37623596e+01	4.06113550e+03	7.90327489e-01	1.59517989e-01	8.11861873e-01	1.96484149e-01
162	0	4	2	6.49016418e+01	6.49036331e+01	7.35581589e+00	2.48036116e-01	7.35999680e+00	-1.49893001e-01	4.62605810e+00	7.03121758e+00	-2.87794552e+01	4.10887939e+03	7.89697528e-01	1.58919483e-01	8.15407217e-01	1.94895849e-01
163	0	4	3	6.63065338e+01	6.63089371e+01	4.84187412e+00	1.88275844e-01	4.84553289e+00	-2.22732410e-01	3.78711438e+00	5.84880543e+00	-4.27646179e+01	2.75370923e+03	8.09952319e-01	1.08324207e-01	8.35606456e-01	1.29635438e-01
164	0	4	4	6.93544846e+01	6.93568497e+01	4.94297075e+00	1.81557506e-01	4.94630384e+00	-1.54113799e-01	3.77889633e+00	5.88084173e+00	-2.95898533e+01	2.74177100e+03	7.85975218e-01	1.01446904e-01	8.07055950e-01	1.25699967e-01
165	0	4	5	6.88185883e+01	6.88206329e+01	5.33371639e+00	1.85609043e-01	5.33694506e+00	-1.29272938e-01	3.89198828e+00	6.21280718e+00	-2.48204002e+01	2.90833398e+03	8.16974521e-01	1.27067506e-01	8.43072057e-01	1.50719628e-01
166	0	4	6	6.45227509e+01	6.45247574e+01	5.20118713e+00	1.87973127e-01	5.20458269e+00	-1.77574471e-01	3.91768360e+00	6.07163715e+00	-3.40942993e+01	2.94686279e+03	7.72602201e-01	1.17923260e-01	7.97209978e-01	1.47919953e-01
167	0	4	7	6.89205170e+01	6.89226532e+01	5.41830063e+00	2.06187189e-01	5.42222214e+00	-2.73024201e-01	4.04480648e+00	6.05831861e+00	-5.24206429e+01	3.14120825e+03	8.52418303e-01	1.24108747e-01	8.58999968e-01	1.44480497e-01
168	0	4	8	6.59797516e+01	6.59817963e+01	5.57529163e+00	2.05197170e-01	5.57906628e+00	-2.44829968e-01	4.10404587e+00	6.18925571e+00	-4.70073586e+01	3.23389307e+03	7.98822463e-01	1.33643359e-01	8.29103351e-01	1.61190227e-01
169	0	4	9	6.49865417e+01	6.49885254e+01	5.45514774e+00	2.15368763e-01	5.45939684e+00	-3.34044516e-01	4.10331440e+00	6.08587551e+00	-6.41365433e+01	3.23274072e+03	7.72628903e-01	1.35523945e-01	7.98625350e-01	1.69696525e-01
170	0	4	10	6.79648819e+01	6.79667969e+01	5.68562841e+00	2.11000800e-01	5.68954229e+00	-2.57450670e-01	4.16240931e+00	6.25991917e+00	-4.94305305e+01	3.32652490e+03	7.84652352e-01	1.41635805e-01	7.94346392e-01	1.78304836e-01
171	0	4	11	6.47629166e+01	6.47649460e+01	5.92069864e+00	2.22678587e-01	5.92488432e+00	-2.89211214e-01	4.26014757e+00	6.44801426e+00	-5.55285454e+01	3.48458057e+03	7.88054943e-01	1.52166590e-01	8.10234606e-01	1.87805593e-01
172	0	4	12	6.46217880e+01	6.46237717e+01	6.14674377e+00	2.36851290e-01	6.15130520e+00	-3.17804724e-01	4.34429741e+00	6.51577282e+00	-6.10184937e+01	3.62360156e+03	8.10616851e-01	1.55800596e-01	8.23529124e-01	1.89186499e-01
173	0	4	13	6.86201401e+01	6.86221924e+01	6.02568865e+00	2.39749596e-01	6.03045607e+00	-3.89210641e-01	4.35075235e+00	6.39913368e+00	-7.47284393e+01	3.63437646e+03	8.14371347e-01	1.55522153e-01	8.25835347e-01	1.88321024e-01
174	0	4	14	6.83007965e+01	6.83026657e+01	6.26489782e+00	2.33797997e-01	6.26925945e+00	-2.71678239e-01	4.35849714e+00	6.52986526e+00	-5.21622124e+01	3.64732739e+03	7.80627549e-01	1.57981187e-01	8.14086914e-01	1.94059357e-01
175	0	4	15	6.66919785e+01	6.66939316e+01	6.37181187e+00	2.44066417e-01	6.37648439e+00	-3.12195152e-01	4.42494249e+00	6.62819290e+00	-5.99414673e+01	3.75938208e+03	8.09603453e-01	1.63742870e-01	8.22470069e-01	1.99086726e-01
176	0	4	16	6.84305038e+01	6.84323196e+01	6.95515156e+00	2.44890347e-01	6.95946169e+00	-2.12156966e-01	4.56066275e+00	6.94189930e+00	-4.07341309e+01	3.99353125e+03	8.11372221e-01	1.70183063e-01	8.21078479e-01	2.07267717e-01
177	0	4	17	6.46953278e+01	6.46974487e+01	6.88802433e+00	2.69426078e-01	6.89329147e+00	-2.83395916e-01	4.55510902e+00	6.86235905e+00	-5.44120102e+01	3.98381177e+03	8.49664867e-01	1.79727152e-01	8.50794256e-01	2.11246312e-01
178	0	4	18	6.85066071e+01	6.85084381e+01	6.32721853e+00	2.44079873e-01	6.33192492e+00	-2.87254542e-01	4.39817190e+00	6.58509541e+00	-5.51528816e+01	3.71403198e+03	7.73704112e-01	1.57728359e-01	8.02924454e-01	1.96442336e-01
179	0	4	19	6.59045029e+01	6.59064713e+01	6.50378418e+00	2.27570862e-01	6.50776386e+00	-1.93658039e-01	4.39785004e+00	6.73155880e+00	-3.71823425e+01	3.71348828e+03	8.03040206e-01	1.54673666e-01	8.31544995e-01	1.86007574e-01
180	0	4	20	6.90900269e+01	6.90924072e+01	5.22516918e+00	2.02965766e-01	5.22911024e+00	-3.39104384e-01	3.99154091e+00	5.90982962e+00	-6.51080475e+01	3.05902075e+03	8.33936989e-01	1.26657620e-01	8.51580083e-01	1.48732483e-01
181	0	4	21	6.79335861e+01	6.79356079e+01	5.34372234e+00	1.69194192e-01	5.34640074e+00	-6.05797842e-02	3.85846615e+00	6.09370708e+00	-1.16313190e+01	2.85844995e+03	7.85091400e-01	1.18260168e-01	8.13551366e-01	1.45362884e-01
182	0	4	22	6.67079086e+01	6.67098618e+01	5.64321232e+00	1.95059091e-01	5.64658260e+00	-1.13873467e-01	4.00128698e+00	6.33249378e+00	-2.18637047e+01	3.07397656e+03	7.84052610e-01	1.31672919e-01	8.09964538e-01	1.62566274e-01
183	0	4	23	6.81099472e+01	6.81119003e+01	6.11029816e+00	2.15610579e-01	6.11410093e+00	-1.74391225e-01	4.21936178e+00	6.53274250e+00	-3.34831161e+01	3.41817896e+03	7.78094172e-01	1.45047188e-01	8.01613510e-01	1.80944040e-01
184	0	4	24	6.73866730e+01	6.73885727e+01	6.30134678e+00	2.24253580e-01	6.30533600e+00	-2.03420267e-01	4.31630898e+00	6.60737181e+00	-3.90566902e+01	3.57706055e+03	7.90224254e-01	1.50717065e-01	8.20454776e-01	1.83699414e-01
185	0	4	25	6.70812988e+01	6.70831833e+01	6.42166996e+00	2.26745486e-01	6.42567158e+00	-2.00173572e-01	4.35295677e+00	6.67567444e+00	-3.84333267e+01	3.63806055e+03	7.86538601e-01	1.52843177e-01	8.10949922e-01	1.88474253e-01
186	0	4	26	6.62465515e+01	6.62485199e+01	6.64055347e+00	2.35904709e-01	6.64474201e+00	-2.04396784e-01	4.42930555e+00	6.79012823e+00	-3.92441826e+01	3.76679932e+03	7.94351578e-01	1.60221159e-01	8.18514526e-01	1.95746258e-01
187	0	4	27	6.38940125e+01	6.38960915e+01	6.33629370e+00	2.42671728e-01	6.34093952e+00	-2.83554882e-01	4.37504244e+00	6.63931656e+00	-5.44425278e+01	3.67507104e+03	7.99982071e-01	1.58917099e-01	8.22889030e-01	1.93120942e-01
188	0	4	28	6.47204895e+01	6.47225113e+01	6.72331095e+00	2.38080099e-01	6.72752476e+00	-1.97823867e-01	4.44856548e+00	6.82878494e+00	-3.79821777e+01	3.79962939e+03	7.99001396e-01	1.60314307e-01	8.19639564e-01	1.95591226e-01
189	0	4	29	6.62965927e+01	6.62985764e+01	6.98322439e+00	2.40265489e-01	6.98735666e+00	-1.65087506e-01	4.50857878e+00	6.96262836e+00	-3.16968021e+01	3.90283838e+03	7.89597631e-01	1.64520219e-01	8.17499459e-01	2.01248109e-01
190	0	4	30	6.43079453e+01	6.43098373e+01	7.07891369e+00	2.45959222e-01	7.08318615e+00	-1.57189414e-01	4.53483677e+00	6.98298025e+00	-3.01803646e+01	3.94843091e+03	7.95475721e-01	1.56016648e-01	8.22454095e-01	1.89696476e-01
191	0	4	31	6.43505402e+01	6.43526001e+01	6.89874744e+00	2.43882880e-01	6.90305710e+00	-1.90603167e-01	4.50245333e+00	6.83189106e+00	-3.65958023e+01	3.89224023e+03	7.96259105e-01	1.50658548e-01	8.20764601e-01	1.83558777e-01
192	0	4	32	6.90024643e+01	6.90042648e+01	6.84649277e+00	2.47861266e-01	6.85097837e+00	-2.29916438e-01	4.52114296e+00	6.81073141e+00	-4.41439514e+01	3.92462109e+03	7.86408722e-01	1.53400019e-01	8.11341643e-01	1.89069569e-01
193	0	4	33	6.37324905e+01	6.37346001e+01	6.41299915e+00	2.47197315e-01	6.41776133e+00	-2.76979357e-01	4.39345884e+00	6.60121870e+00	-5.31800423e+01	3.70607666e+03	8.01534355e-01	1.49067551e-01	8.27050745e-01	1.80239916e-01
194	0	4	34	6.56493454e+01	6.56514511e+01	6.49060535e+00	2.24855676e-01	6.49449921e+00	-1.53689608e-01	4.32447720e+00	6.65984631e+00	-2.95084114e+01	3.59061182e+03	8.00897896e-01	1.42681196e-01	8.29187214e-01	1.72073558e-01
195	0	4	35	6.51988525e+01	6.52009277e+01	6.05056763e+00	2.08307281e-01	6.05415249e+00	-1.41360700e-01	4.15776443e+00	6.48553991e+00	-2.71412544e+01	3.31910498e+03	7.81939626e-01	1.35882080e-01	8.09738219e-01	1.67809889e-01
196	0	4	36	6.67003021e+01	6.67022705e+01	6.18427134e+00	2.18631819e-01	6.18813419e+00	-1.50882334e-01	4.21198606e+00	6.62279129e+00	-2.89694023e+01	3.40623901e+03	7.92308450e-01	1.39645636e-01	8.15561891e-01	1.71226293e-01
197	0	4	37	6.70128937e+01	6.70147324e+01	6.44788074e+00	2.25066468e-01	6.45180798e+00	-1.63817987e-01	4.30973196e+00	6.71624660e+00	-3.14530525e+01	3.56616724e+03	7.87904799e-01	1.49641484e-01	8.15061629e-01	1.83595300e-01
198	0	4	38	6.72970581e+01	6.72989502e+01	6.77910900e+00	2.26395160e-01	6.78288889e+00	-1.23852082e-01	4.39539576e+00	6.86959982e+00	-2.37795982e+01	3.70934448e+03	7.86445498e-01	1.53312653e-01	8.10815334e-01	1.89084545e-01
199	0	4	39	6.94622345e+01	6.94640503e+01	6.94497395e+00	2.41605490e-01	6.94917440e+00	-1.49056852e-01	4.46949148e+00	6.97239304e+00	-2.86189156e+01	3.83546021e+03	8.00633907e-01	1.57085449e-01	8.25201392e-01	1.90360129e-01
200	0	4	40	6.63368073e+01	6.63387299e+01	6.75576305e+00	2.42845446e-01	6.76012611e+00	-2.10143030e-01	4.46988058e+00	6.79987717e+00	-4.03474617e+01	3.83612842e+03	7.78799534e-01	1.53006569e-01	7.99123228e-01	1.91468060e-01
201	1	0	1	6.69955673e+01	6.69973984e+01	6.88532734e+00	2.49278054e-01	6.88983822e+00	-2.20565334e-01	4.51456165e+00	6.89400959e+00	-4.23485413e+01	3.91320312e+03	8.00542057e-01	1.58626541e-01	8.20204139e-01	1.93398848e-01
202	1	0	2	6.54271088e+01	6.54289856e+01	6.72536755e+00	2.56146193e-01	6.73024368e+00	-3.01776767e-01	4.51870394e+00	6.78398752e+00	-5.79411392e+01	3.92038745e+03	7.74386942e-01	1.60954013e-01	8.08664680e-01	1.99036777e-01
203	1	0	3	6.89161072e+01	6.89179535e+01	6.74860764e+00	2.58095115e-01	6.75354099e+00	-3.21839869e-01	4.54133844e+00	6.78912926e+00	-6.17932625e+01	3.95976099e+03	7.89767146e-01	1.62766561e-01	8.12642515e-01	2.00292945e-01
204	1	0	4	6.69080582e+01	6.69099960e+01	6.74926996e+00	2.59623021e-01	6.75426197e+00	-3.30763698e-01	4.55093336e+00	6.79736376e+00	-6.35066299e+01	3.97651050e+03	8.04562986e-01	1.64467141e-01	8.21695983e-01	2.00155705e-01
205	1	0	5	6.55782242e+01	6.55801468e+01	6.77212667e+00	2.61300415e-01	6.77716637e+00	-3.38526279e-01	4.56140900e+00	6.82727957e+00	-6.49970474e+01	3.99483862e+03	7.80959368e-01	1.67927355e-01	8.12781513e-01	2.06608236e-01
206	1	0	6	6.61254425e+01	6.61274033e+01	6.84417200e+00	2.59736538e-01	6.84909868e+00	-3.17520112e-01	4.57577467e+00	6.86290503e+00	-6.09638557e+01	4.02004150e+03	7.98825860e-01	1.67658865e-01	8.18651617e-01	2.04798803e-01
207	1	0	7	6.66523895e+01	6.66542740e+01	6.96658468e+00	2.59523660e-01	6.97141790e+00	-2.85671175e-01	4.59997368e+00	6.93530035e+00	-5.48488655e+01	4.06267334e+03	7.98600197e-01	1.69211671e-01	8.19190383e-01	2.06559643e-01
208	1	0	8	6.50972900e+01	6.50992126e+01	7.02921581e+00	2.61014193e-01	7.03406096e+00	-2.83050627e-01	4.61489964e+00	6.96881533e+00	-5.43457260e+01	4.08908203e+03	7.91710854e-01	1.70086786e-01	8.15264165e-01	2.08627820e-01
209	1	0	9	6.64536057e+01	6.64554901e+01	7.16495514e+00	2.64737457e-01	7.16984415e+00	-2.73965955e-01	4.65089512e+00	7.03322077e+00	-5.26014633e+01	4.15311865e+03	7.87309170e-01	1.73653781e-01	8.16164494e-01	2.12768123e-01
210	1	0	10	6.55251083e+01	6.55269470e+01	7.27620792e+00	2.61627227e-01	7.28090954e+00	-2.39028960e-01	4.66269684e+00	7.08830690e+00	-4.58935623e+01	4.17422217e+03	7.92518854e-01	1.70892894e-01	8.15632582e-01	2.09521905e-01
211	1	0	11	6.56212387e+01	6.56231613e+01	7.41319895e+00	2.66670018e-01	7.41799402e+00	-2.31968492e-01	4.69904423e+00	7.14294291e+00	-4.45379448e+01	4.23955469e+03	7.87235618e-01	1.72880188e-01	8.15338850e-01	2.12034777e-01
212	1	0	12	6.51335449e+01	6.51354446e+01	7.58255482e+00	2.66698778e-01	7.58724403e+00	-1.97557464e-01	4.72481775e+00	7.23436642e+00	-3.79310303e+01	4.28618945e+03	7.97099710e-01	1.71541303e-01	8.20574939e-01	2.09050134e-01
213	1	0	13	6.49719086e+01	6.49738007e+01	7.65340948e+00	2.74432600e-01	7.65832806e+00	-2.28770554e-01	4.77450705e+00	7.23809004e+00	-4.39239502e+01	4.37681641e+03	7.83532500e-01	1.74322218e-01	8.13434184e-01	2.14304030e-01
214	1	0	14	6.52096176e+01	6.52114639e+01	7.69142389e+00	2.79700130e-01	7.69650745e+00	-2.41720989e-01	4.78983307e+00	7.27376747e+00	-4.64104233e+01	4.40495996e+03	7.84271777e-01	1.77607760e-01	8.12867582e-01	2.18495324e-01
215	1	0	15	6.51919861e+01	6.51938400e+01	7.71860981e+00	2.79496193e-01	7.72366762e+00	-2.39150614e-01	4.79825640e+00	7.29207277e+00	-4.59169121e+01	4.42046680e+03	7.83192456e-01	1.77892745e-01	8.15355480e-01	2.18178138e-01
216	1	0	16	6.62770538e+01	6.62789001e+01	7.83617926e+00	2.79258013e-01	7.84115410e+00	-2.23500296e-01	4.82459354e+00	7.34430695e+00	-4.29120560e+01	4.46912598e+03	7.95283079e-01	1.79658070e-01	8.18494797e-01	2.19498128e-01
217	1	0	17	6.55666351e+01	6.55684662e+01	7.89418030e+00	2.77285784e-01	7.89904785e+00	-2.06306994e-01	4.82997799e+00	7.36271667e+00	-3.96109428e+01	4.47910840e+03	7.87421823e-01	1.79121509e-01	8.16754580e-01	2.19308853e-01
218	1	0	18	6.48067017e+01	6.48085175e+01	7.94928503e+00	2.83342600e-01	7.95433283e+00	-2.23473206e-01	4.85741091e+00	7.38823605e+00	-4.29068527e+01	4.53013281e+03	7.86198914e-01	1.79557905e-01	8.15319955e-01	2.20229983e-01
219	1	0	19	6.42858124e+01	6.42877045e+01	7.99056721e+00	2.82627136e-01	7.99556255e+00	-2.12524503e-01	4.86091709e+00	7.39795017e+00	-4.08047066e+01	4.53667480e+03	7.92583644e-01	1.79301351e-01	8.17635417e-01	2.19292551e-01
220	1	0	20	6.43370056e+01	6.43388596e+01	8.02620125e+00	2.84596413e-01	8.03124619e+00	-2.22192690e-01	4.88151264e+00	7.41870499e+00	-4.26609917e+01	4.57520020e+03	7.87711442e-01	1.80621505e-01	8.14622223e-01	2.21724257e-01
221	1	0	21	6.46949768e+01	6.46968689e+01	8.10082245e+00	2.85785735e-01	8.10586262e+00	-2.09572002e-01	4.89104176e+00	7.46782207e+00	-4.02378273e+01	4.59307959e+03	7.92687595e-01	1.82302952e-01	8.18224251e-01	2.22803161e-01
222	1	0	22	6.51334381e+01	6.51352997e+01	8.23565674e+00	2.86679745e-01	8.24064445e+00	-1.91830799e-01	4.91829300e+00	7.53060532e+00	-3.68315125e+01	4.64440527e+03	7.92039573e-01	1.83008432e-01	8.18635285e-01	2.23553076e-01
223	1	0	23	6.57954254e+01	6.57972717e+01	8.36638832e+00	2.89898396e-01	8.37141037e+00	-1.83666989e-01	4.94910669e+00	7.56603718e+00	-3.52640610e+01	4.70278174e+03	7.90824234e-01	1.84164762e-01	8.18915486e-01	2.24888608e-01
224	1	0	24	6.44129486e+01	6.44147873e+01	8.27943993e+00	2.88881242e-01	8.28447819e+00	-1.94319665e-01	4.93371773e+00	7.54094028e+00	-3.73093681e+01	4.67358105e+03	7.85402775e-01	1.82863250e-01	8.16115499e-01	2.24065408e-01
225	1	0	25	6.42068405e+01	6.42087097e+01	8.34449959e+00	2.89132059e-01	8.34950638e+00	-1.93232879e-01	4.95468426e+00	7.56496620e+00	-3.71007118e+01	4.71338770e+03	7.88674712e-01	1.83778971e-01	8.16207349e-01	2.25162119e-01
226	1	0	26	6.48203964e+01	6.48222351e+01	8.36460018e+00	2.94014841e-01	8.36976624e+00	-2.02617332e-01	4.96522379e+00	7.57688999e+00	-3.89025269e+01	4.73346143e+03	7.91335404e-01	1.84863314e-01	8.17132354e-01	2.26234242e-01
227	1	0	27	6.43659058e+01	6.43677521e+01	8.42682838e+00	2.90299505e-01	8.43182659e+00	-1.75002500e-01	4.96118307e+00	7.60819149e+00	-3.36004715e+01	4.72576074e+03	7.92429566e-01	1.83842734e-01	8.18888783e-01	2.24502683e-01
228	1	0	28	6.43999557e+01	6.44018173e+01	8.44738197e+00	2.93416142e-01	8.45247746e+00	-1.91387236e-01	4.98181581e+00	7.61628246e+00	-3.67463455e+01	4.76514990e+03	7.85302997e-01	1.85947925e-01	8.15362096e-01	2.28055641e-01
229	1	0	29	6.45457306e+01	6.45475998e+01	8.51114464e+00	2.93242514e-01	8.51619530e+00	-1.76195726e-01	4.98822737e+00	7.64969349e+00	-3.38295746e+01	4.77742334e+03	7.92960167e-01	1.86359718e-01	8.19363892e-01	2.27444381e-01
230	1	0	30	6.42539902e+01	6.42558517e+01	8.58708668e+00	2.95361310e-01	8.59216404e+00	-1.67449698e-01	5.00010252e+00	7.68218422e+00	-3.21503410e+01	4.80019678e+03	7.87944019e-01	1.87376991e-01	8.16667557e-01	2.29440957e-01
231	1	0	31	6.49606171e+01	6.49624405e+01	8.64842510e+00	2.96717882e-01	8.65351486e+00	-1.70221582e-01	5.01909971e+00	7.70009518e+00	-3.26825409e+01	4.83674170e+03	7.87883818e-01	1.86981693e-01	8.17166626e-01	2.28817090e-01
232	1	0	32	6.43318024e+01	6.43336411e+01	8.60002327e+00	2.97609895e-01	8.60517120e+00	-1.79732189e-01	5.01601744e+00	7.69045925e+00	-3.45085831e+01	4.83080322e+03	7.92699337e-01	1.86436325e-01	8.17982137e-01	2.27922246e-01
233	1	0	33	6.50367279e+01	6.50385437e+01	8.64111900e+00	2.96549290e-01	8.64620590e+00	-1.73397228e-01	5.02321577e+00	7.70903826e+00	-3.32922630e+01	4.84467773e+03	7.87698627e-01	1.86867699e-01	8.15568209e-01	2.29125783e-01
234	1	0	34	6.38643265e+01	6.38661919e+01	8.66674328e+00	2.98529238e-01	8.67188358e+00	-1.74340397e-01	5.03062534e+00	7.71254206e+00	-3.34733543e+01	4.85898145e+03	7.90958345e-01	1.87510744e-01	8.17175865e-01	2.29461923e-01
235	1	0	35	6.53395157e+01	6.53413239e+01	8.65868568e+00	2.99662471e-01	8.66386890e+00	-1.84149519e-01	5.03515053e+00	7.71189260e+00	-3.53567085e+01	4.86772656e+03	7.90392280e-01	1.87740594e-01	8.15836430e-01	2.30120391e-01
236	1	0	36	6.53548126e+01	6.53566437e+01	8.70379448e+00	3.00131828e-01	8.70896721e+00	-1.81006894e-01	5.04508400e+00	7.72311592e+00	-3.47533264e+01	4.88695117e+03	7.88425088e-01	1.88889667e-01	8.16541433e-01	2.31328949e-01
237	1	0	37	6.40925064e+01	6.40943451e+01	8.61822414e+00	2.99666315e-01	8.62343311e+00	-1.92103386e-01	5.03411055e+00	7.69512844e+00	-3.68838501e+01	4.86571582e+03	7.92258024e-01	1.87539399e-01	8.17664146e-01	2.29359940e-01
238	1	0	38	6.45843353e+01	6.45861588e+01	8.67769432e+00	3.01106364e-01	8.68291664e+00	-1.87131613e-01	5.04391766e+00	7.72904396e+00	-3.59292641e+01	4.88469238e+03	7.92818904e-01	1.89330444e-01	8.18121850e-01	2.31420845e-01
239	1	0	39	6.45641632e+01	6.45659790e+01	8.68883705e+00	3.02595943e-01	8.69410419e+00	-1.91709325e-01	5.05153084e+00	7.72507954e+00	-3.68081970e+01	4.89944922e+03	7.91583598e-01	1.89251140e-01	8.16359758e-01	2.31823206e-01
240	1	0	40	6.47220459e+01	6.47238388e+01	8.72935200e+00	3.01196575e-01	8.73454666e+00	-1.83688790e-01	5.05470133e+00	7.74706936e+00	-3.52682419e+01	4.90560059e+03	7.86606073e-01	1.89916313e-01	8.15286815e-01	2.32944176e-01
241	1	0	41	6.45506210e+01	6.45524750e+01	8.75742912e+00	2.99906701e-01	8.76256275e+00	-1.74899980e-01	5.05773830e+00	7.75705481e+00	-3.35807953e+01	4.91149707e+03	7.90892541e-01	1.89414948e-01	8.18739533e-01	2.31349453e-01
242	1	0	42	6.42797089e+01	6.42816162e+01	8.78264141e+00	3.02527070e-01	8.78785038e+00	-1.76241964e-01	5.06448412e+00	7.77230549e+00	-3.38384590e+01	4.92460840e+03	7.89678752e-01	1.89823195e-01	8.17693830e-01	2.32144579e-01
243	1	0	43	6.38615646e+01	6.38633995e+01	8.83620262e+00	3.00972074e-01	8.84132767e+00	-1.62743151e-01	5.07178640e+00	7.77670002e+00	-3.12466850e+01	4.93881934e+03	7.89778829e-01	1.88591868e-01	8.17458093e-01	2.30705246e-01
244	1	0	44	6.44671860e+01	6.44690170e+01	8.85694313e+00	3.01286966e-01	8.86206532e+00	-1.53293073e-01	5.06702518e+00	7.79857540e+00	-2.94322720e+01	4.92955127e+03	7.87439406e-01	1.88093632e-01	8.16732526e-01	2.30300158e-01
245	1	0	45	6.47599258e+01	6.47617722e+01	8.90470695e+00	3.02277714e-01	8.90983677e+00	-1.47031367e-01	5.07248783e+00	7.81885338e+00	-2.82300148e+01	4.94018506e+03	7.90386319e-01	1.88933104e-01	8.17301154e-01	2.31167063e-01
246	1	0	46	6.41587219e+01	6.41605759e+01	8.88919640e+00	3.02483857e-01	8.89434052e+00	-1.57044724e-01	5.07702923e+00	7.81333065e+00	-3.01525879e+01	4.94903516e+03	7.89369226e-01	1.89093560e-01	8.16058934e-01	2.31715575e-01
247	1	0	47	6.40829620e+01	6.40848007e+01	8.90667248e+00	3.02515894e-01	8.91180897e+00	-1.53690621e-01	5.08115292e+00	7.80941200e+00	-2.95086060e+01	4.95707764e+03	7.91496456e-01	1.88464880e-01	8.16877067e-01	2.30713889e-01
248	1	0	48	6.43072968e+01	6.43091125e+01	8.96240234e+00	3.05288285e-01	8.96760082e+00	-1.57573938e-01	5.09505033e+00	7.83752203e+00	-3.02541924e+01	4.98423096e+03	7.82335997e-01	1.91126242e-01	8.10892999e-01	2.35698476e-01
249	1	0	49	6.41212311e+01	6.41230545e+01	8.98479939e+00	3.03962260e-01	8.98993969e+00	-1.47856906e-01	5.09341812e+00	7.84483624e+00	-2.83885231e+01	4.98103809e+03	7.84663379e-01	1.89707205e-01	8.12565148e-01	2.33467072e-01
250	1	0	50	6.39810905e+01	6.39829063e+01	8.98861980e+00	3.04986328e-01	8.99379253e+00	-1.50763571e-01	5.09850264e+00	7.85687876e+00	-2.89466057e+01	4.99098828e+03	7.87948966e-01	1.89780697e-01	8.16057503e-01	2.32557997e-01
251	1	0	51	6.41683807e+01	6.41702042e+01	9.03461361e+00	3.02523702e-01	9.03967762e+00	-1.38713926e-01	5.10065842e+00	7.87269449e+00	-2.66330776e+01	4.99520947e+03	7.85432339e-01	1.89808309e-01	8.14335227e-01	2.33083755e-01
252	1	0	52	6.40507660e+01	6.40526276e+01	9.05012703e+00	3.03499967e-01	9.05521584e+00	-1.38100535e-01	5.10639668e+00	7.87014198e+00	-2.65153008e+01	5.00645459e+03	7.88567781e-01	1.89634323e-01	8.16301644e-01	2.32309133e-01
253	1	0	53	6.40688629e+01	6.40706940e+01	9.07429314e+00	3.04908544e-01	9.07941532e+00	-1.40477881e-01	5.11285067e+00	7.88696671e+00	-2.69717503e+01	5.01911816e+03	7.86113620e-01	1.90373510e-01	8.14832211e-01	2.33635232e-01
254	1	0	54	6.42917252e+01	6.42935867e+01	9.09472656e+00	3.08926821e-01	9.09997177e+00	-1.51641920e-01	5.12692165e+00	7.90093613e+00	-2.91152554e+01	5.04678223e+03	7.91935563e-01	1.90918967e-01	8.19919229e-01	2.32850939e-01
255	1	0	55	6.39649734e+01	6.39668198e+01	9.12337112e+00	3.06375623e-01	9.12851429e+00	-1.34182379e-01	5.12097216e+00	7.90405178e+00	-2.57630196e+01	5.03507666e+03	7.89505780e-01	1.89576402e-01	8.16247821e-01	2.32253492e-01
256	1	0	56	6.41430054e+01	6.41448593e+01	9.13917351e+00	3.06490004e-01	9.14431095e+00	-1.35316283e-01	5.12527704e+00	7.91021633e+00	-2.59807243e+01	5.04354541e+03	7.92358935e-01	1.91205978e-01	8.20265830e-01	2.33102456e-01
257	1	0	57	6.38811264e+01	6.38829498e+01	9.13718891e+00	3.06121856e-01	9.14231491e+00	-1.33411661e-01	5.12315083e+00	7.90035582e+00	-2.56150360e+01	5.03936182e+03	7.90290296e-01	1.89789504e-01	8.17534864e-01	2.32148513e-01
258	1	0	58	6.42507324e+01	6.42525558e+01	9.17760944e+00	3.06714892e-01	9.18273258e+00	-1.29296809e-01	5.13114977e+00	7.92969227e+00	-2.48249874e+01	5.05511035e+03	7.88697243e-01	1.90087989e-01	8.17303956e-01	2.32579306e-01
259	1	0	59	6.35566483e+01	6.35584755e+01	9.14544106e+00	3.09766918e-01	9.15068531e+00	-1.43235192e-01	5.13564682e+00	7.91233158e+00	-2.75011597e+01	5.06397412e+03	7.91788757e-01	1.91359833e-01	8.19025815e-01	2.33643219e-01
260	1	0	60	6.40850296e+01	6.40868683e+01	9.16173267e+00	3.09250683e-01	9.16695023e+00	-1.40926749e-01	5.13848972e+00	7.91495514e+00	-2.70579338e+01	5.06958301e+03	7.89727867e-01	1.90529302e-01	8.16946745e-01	2.33221203e-01
261	1	0	61	6.43228531e+01	6.43246689e+01	9.21783066e+00	3.07177067e-01	9.22294712e+00	-1.28682703e-01	5.14247990e+00	7.94497681e+00	-2.47070732e+01	5.07745947e+03	7.85358906e-01	1.91095710e-01	8.14623713e-01	2.34581575e-01
262	1	0	62	6.40366974e+01	6.40385208e+01	9.21350098e+00	3.06627393e-01	9.21860123e+00	-1.27804294e-01	5.14024258e+00	7.94650316e+00	-2.45384293e+01	5.07304199e+03	7.86766529e-01	1.91066340e-01	8.14731777e-01	2.34514400e-01
263	1	0	63	6.38860855e+01	6.38879128e+01	9.24271679e+00	3.09289426e-01	9.24789047e+00	-1.31560430e-01	5.14886189e+00	7.95871735e+00	-2.52596035e+01	5.09006934e+03	7.86846578e-01	1.91989183e-01	8.16088140e-01	2.35255450e-01
264	1	0	64	6.41977463e+01	6.41995697e+01	9.27486610e+00	3.08640033e-01	9.27999973e+00	-1.22521050e-01	5.15398216e+00	7.96558523e+00	-2.35240421e+01	5.10019775e+03	7.85951853e-01	1.90835848e-01	8.15470159e-01	2.34019414e-01
265	1	0	65	6.38375053e+01	6.38393440e+01	9.23245430e+00	3.09548527e-01	9.23764229e+00	-1.32531077e-01	5.14852428e+00	7.95294476e+00	-2.54459724e+01	5.08940234e+03	7.87648976e-01	1.91970602e-01	8.16051841e-01	2.35243142e-01
266	1	0	66	6.37737312e+01	6.37755699e+01	9.25996876e+00	3.08909267e-01	9.26511955e+00	-1.22372530e-01	5.14748383e+00	7.96188116e+00	-2.34955273e+01	5.08734521e+03	7.87916303e-01	1.91246390e-01	8.16488206e-01	2.34230444e-01
267	1	0	67	6.37908707e+01	6.37927017e+01	9.25361252e+00	3.11766922e-01	9.25886250e+00	-1.37891829e-01	5.15761280e+00	7.97088766e+00	-2.64752293e+01	5.10738672e+03	7.86142170e-01	1.92810491e-01	8.14380348e-01	2.36757293e-01
268	1	0	68	6.39226990e+01	6.39245338e+01	9.29339504e+00	3.08325976e-01	9.29850864e+00	-1.14745364e-01	5.14925766e+00	7.97700167e+00	-2.20311089e+01	5.09085156e+03	7.88268447e-01	1.90836951e-01	8.15710902e-01	2.33951703e-01
269	1	0	69	6.38752747e+01	6.38771210e+01	9.27906513e+00	3.09358984e-01	9.28421974e+00	-1.26133606e-01	5.15482330e+00	7.97288561e+00	-2.42176552e+01	5.10186328e+03	7.89404690e-01	1.92305356e-01	8.17092597e-01	2.35353202e-01
270	1	0	70	6.38027229e+01	6.38045731e+01	9.28652954e+00	3.12052816e-01	9.29177094e+00	-1.33245960e-01	5.16346741e+00	7.98192310e+00	-2.55832157e+01	5.11898730e+03	7.89503813e-01	1.92703992e-01	8.17989945e-01	2.35582352e-01
271	1	0	71	6.35711288e+01	6.35729790e+01	9.33407116e+00	3.10324550e-01	9.33922863e+00	-1.18773051e-01	5.16510057e+00	7.99281931e+00	-2.28044186e+01	5.12222705e+03	7.86099136e-01	1.91708222e-01	8.14818859e-01	2.35277101e-01
272	1	0	72	6.36555367e+01	6.36574097e+01	9.31396198e+00	3.09788764e-01	9.31911182e+00	-1.22678109e-01	5.16185427e+00	7.99242401e+00	-2.35542049e+01	5.11579004e+03	7.84973860e-01	1.92154109e-01	8.14389050e-01	2.35948786e-01
273	1	0	73	6.38781738e+01	6.38800049e+01	9.33759212e+00	3.10463578e-01	9.34275150e+00	-1.21618584e-01	5.16532326e+00	7.99960327e+00	-2.33507671e+01	5.12266846e+03	7.85017371e-01	1.93154365e-01	8.14659238e-01	2.37098351e-01
274	1	0	74	6.39583664e+01	6.39601936e+01	9.34423351e+00	3.10575604e-01	9.34939289e+00	-1.19810194e-01	5.16782570e+00	7.99864435e+00	-2.30035572e+01	5.12763330e+03	7.87017524e-01	1.92972541e-01	8.15692663e-01	2.36575067e-01
275	1	0	75	6.41828079e+01	6.41846619e+01	9.32777214e+00	3.11882824e-01	9.33298492e+00	-1.24440782e-01	5.16656399e+00	7.99639988e+00	-2.38926353e+01	5.12512988e+03	7.89479375e-01	1.92441687e-01	8.18532944e-01	2.35105604e-01
276	1	0	76	6.39980392e+01	6.39998741e+01	9.34003639e+00	3.11489910e-01	9.34522724e+00	-1.24006763e-01	5.16945696e+00	8.00253868e+00	-2.38092995e+01	5.13087061e+03	7.88967669e-01	1.93446085e-01	8.17953348e-01	2.36500144e-01
277	1	0	77	6.39575386e+01	6.39593582e+01	9.35974121e+00	3.09881091e-01	9.36487007e+00	-1.19707949e-01	5.17125368e+00	8.00299549e+00	-2.29839268e+01	5.13443848e+03	7.89447069e-01	1.92678675e-01	8.16945434e-01	2.35852569e-01
278	1	0	78	6.39717178e+01	6.39735489e+01	9.34195328e+00	3.10324758e-01	9.34710598e+00	-1.23980470e-01	5.17245913e+00	7.99327087e+00	-2.38042488e+01	5.13683203e+03	7.86985159e-01	1.92576736e-01	8.15870702e-01	2.36038297e-01
279	1	0	79	6.37292252e+01	6.37310562e+01	9.34706879e+00	3.10711473e-01	9.35223103e+00	-1.22091427e-01	5.16952419e+00	7.99886131e+00	-2.34415550e+01	5.13100488e+03	7.86042213e-01	1.92691728e-01	8.15579295e-01	2.36263633e-01
280	1	0	80	6.39614372e+01	6.39632835e+01	9.38020039e+00	3.10638309e-01	9.38534260e+00	-1.18288346e-01	5.17593431e+00	8.01238632e+00	-2.27113647e+01	5.14373682e+03	7.89577186e-01	1.93187758e-01	8.17681909e-01	2.36262724e-01
281	1	0	81	6.39845390e+01	6.39863892e+01	9.37669373e+00	3.10772717e-01	9.38184261e+00	-1.17902689e-01	5.17393780e+00	8.00905418e+00	-2.26373215e+01	5.13977002e+03	7.87106454e-01	1.92801967e-01	8.15633833e-01	2.36382991e-01
282	1	0	82	6.36987801e+01	6.37006302e+01	9.36130333e+00	3.11984837e-01	9.36649990e+00	-1.22565411e-01	5.17548132e+00	7.99847937e+00	-2.35325623e+01	5.14283643e+03	7.87133932e-01	1.92404255e-01	8.15859556e-01	2.35830113e-01
283	1	0	83	6.38033066e+01	6.38051338e+01	9.37895679e+00	3.12578410e-01	9.38416386e+00	-1.23486996e-01	5.18042326e+00	8.01417351e+00	-2.37095051e+01	5.15266309e+03	7.87296712e-01	1.92814305e-01	8.16783130e-01	2.36065492e-01
284	1	0	84	6.35882263e+01	6.35900764e+01	9.38629913e+00	3.11224192e-01	9.39145660e+00	-1.18336566e-01	5.17803478e+00	8.01530266e+00	-2.27206211e+01	5.14791309e+03	7.88394809e-01	1.92508966e-01	8.17070246e-01	2.35608831e-01
285	1	0	85	6.35856209e+01	6.35874748e+01	9.38601112e+00	3.10215890e-01	9.39113617e+00	-1.16016962e-01	5.17486954e+00	8.01514435e+00	-2.22752552e+01	5.14162061e+03	7.86501288e-01	1.92826033e-01	8.15348923e-01	2.36495107e-01
286	1	0	86	6.35304947e+01	6.35323257e+01	9.40345764e+00	3.11513901e-01	9.40861607e+00	-1.14477329e-01	5.17875528e+00	8.01870918e+00	-2.19796448e+01	5.14934521e+03	7.86761045e-01	1.92883864e-01	8.15616667e-01	2.36488387e-01
287	1	0	87	6.36860466e+01	6.36879005e+01	9.37957478e+00	3.12120646e-01	9.38476658e+00	-1.21458136e-01	5.17835045e+00	8.01554203e+00	-2.33199615e+01	5.14854004e+03	7.88920939e-01	1.93020120e-01	8.16891015e-01	2.36286253e-01
288	1	0	88	6.36781120e+01	6.36799583e+01	9.41538239e+00	3.11178714e-01	9.42052269e+00	-1.16014406e-01	5.18241739e+00	8.02330017e+00	-2.22747650e+01	5.15663086e+03	7.88782597e-01	1.93484128e-01	8.17264736e-01	2.36745968e-01
289	1	0	89	6.37366867e+01	6.37385292e+01	9.37198830e+00	3.12654793e-01	9.37720203e+00	-1.22654326e-01	5.17777205e+00	8.01108837e+00	-2.35496349e+01	5.14739014e+03	7.89775491e-01	1.93276182e-01	8.17400694e-01	2.36452192e-01
290	1	0	90	6.38900375e+01	6.38918724e+01	9.39315510e+00	3.12582672e-01	9.39835453e+00	-1.20232187e-01	5.18037224e+00	8.02069473e+00	-2.30845757e+01	5.15256104e+03	7.91004598e-01	1.93365738e-01	8.17810178e-01	2.36443296e-01
291	1	0	91	6.38333817e+01	6.38352165e+01	9.39810753e+00	3.11716259e-01	9.40327549e+00	-1.18133917e-01	5.18041992e+00	8.01827717e+00	-2.26817131e+01	5.15265527e+03	7.89360881e-01	1.92853034e-01	8.16846132e-01	2.36094683e-01
292	1	0	92	6.38377686e+01	6.38395996e+01	9.41120148e+00	3.11745465e-01	9.41636276e+00	-1.16771527e-01	5.18192768e+00	8.02317810e+00	-2.24201317e+01	5.15565527e+03	7.85336316e-01	1.93208978e-01	8.15500498e-01	2.36920729e-01
293	1	0	93	6.34681892e+01	6.34700394e+01	9.39726162e+00	3.13084185e-01	9.40247536e+00	-1.23913974e-01	5.18616247e+00	8.01904678e+00	-2.37914848e+01	5.16408594e+03	7.89227962e-01	1.93584710e-01	8.17812264e-01	2.36710459e-01
294	1	0	94	6.37124405e+01	6.37142677e+01	9.39165211e+00	3.10461462e-01	9.39678192e+00	-1.15512677e-01	5.17702723e+00	8.01673317e+00	-2.21784306e+01	5.14591016e+03	7.86470830e-01	1.92520365e-01	8.15731347e-01	2.36009523e-01
295	1	0	95	6.37629929e+01	6.37648354e+01	9.40341377e+00	3.11629415e-01	9.40857506e+00	-1.17715500e-01	5.18100500e+00	8.01896858e+00	-2.26013813e+01	5.15382031e+03	7.87196100e-01	1.93215147e-01	8.16244841e-01	2.36712247e-01
296	1	0	96	6.36459732e+01	6.36478233e+01	9.39999676e+00	3.13249469e-01	9.40521431e+00	-1.22190498e-01	5.18503094e+00	8.01973152e+00	-2.34605751e+01	5.16183252e+03	7.89218187e-01	1.93240091e-01	8.18246067e-01	2.36163795e-01
297	1	0	97	6.36598015e+01	6.36616592e+01	9.43750191e+00	3.12428027e-01	9.44267273e+00	-1.15356557e-01	5.18767977e+00	8.03355694e+00	-2.21484642e+01	5.16710840e+03	7.88478971e-01	1.93187341e-01	8.17741752e-01	2.36244932e-01
298	1	0	98	6.39782181e+01	6.39800606e+01	9.44523907e+00	3.12297374e-01	9.45040131e+00	-1.12155460e-01	5.18694592e+00	8.03420067e+00	-2.15338497e+01	5.16564551e+03	7.86400437e-01	1.93188742e-01	8.15881014e-01	2.36785442e-01
299	1	0	99	6.36435165e+01	6.36453590e+01	9.41442394e+00	3.12342554e-01	9.41960335e+00	-1.17073536e-01	5.18315649e+00	8.02613258e+00	-2.24781227e+01	5.15810107e+03	7.88411677e-01	1.93157986e-01	8.17055404e-01	2.36407459e-01
300	1	0	100	6.37322693e+01	6.37341042e+01	9.43586826e+00	3.12915206e-01	9.44105530e+00	-1.16019674e-01	5.18816996e+00	8.03274250e+00	-2.22757778e+01	5.16808447e+03	7.87368000e-01	1.93036988e-01	8.16895366e-01	2.36305654e-01
301	2	0	1	6.38480759e+01	6.38499107e+01	9.44973660e+00	3.13182741e-01	9.45492554e+00	-1.14489146e-01	5.19051123e+00	8.04016018e+00	-2.19819183e+01	5.17275049e+03	7.87333012e-01	1.93090931e-01	8.16629648e-01	2.36448586e-01
302	2	0	2	6.37742538e+01	6.37760925e+01	9.44339943e+00	3.12646955e-01	9.44857311e+00	-1.14153467e-01	5.18838787e+00	8.03639317e+00	-2.19174633e+01	5.16851855e+03	7.86839604e-01	1.93305627e-01	8.16262245e-01	2.36818045e-01
303	2	0	3	6.37429924e+01	6.37448273e+01	9.43085766e+00	3.12620550e-01	9.43603802e+00	-1.14955105e-01	5.18611002e+00	8.03019238e+00	-2.20713844e+01	5.16398145e+03	7.88906813e-01	1.92927316e-01	8.18135619e-01	2.35813364e-01
304	2	0	4	6.34061890e+01	6.34080353e+01	9.41555882e+00	3.13112110e-01	9.42076302e+00	-1.18705325e-01	5.18417215e+00	8.02857780e+00	-2.27914181e+01	5.16012256e+03	7.86738753e-01	1.93659067e-01	8.16446304e-01	2.37197548e-01
305	2	0	5	6.37530212e+01	6.37548637e+01	9.44098473e+00	3.12138468e-01	9.44614410e+00	-1.12611026e-01	5.18603754e+00	8.03359318e+00	-2.16213131e+01	5.16383740e+03	7.86922097e-01	1.93316564e-01	8.16129982e-01	2.36869827e-01
306	2	0	6	6.37970886e+01	6.37989197e+01	9.43454075e+00	3.11515719e-01	9.43968201e+00	-1.11710072e-01	5.18402195e+00	8.02967262e+00	-2.14483356e+01	5.15982422e+03	7.88012385e-01	1.92988351e-01	8.16625893e-01	2.36324072e-01
307	2	0	7	6.37198868e+01	6.37217216e+01	9.42662525e+00	3.12165022e-01	9.43179226e+00	-1.15289591e-01	5.18519211e+00	8.02657986e+00	-2.21355991e+01	5.16215381e+03	7.87380338e-01	1.92981556e-01	8.16591203e-01	2.36325786e-01
308	2	0	8	6.38447075e+01	6.38465385e+01	9.42146492e+00	3.12975556e-01	9.42666245e+00	-1.17736839e-01	5.18598461e+00	8.02998161e+00	-2.26054745e+01	5.16373145e+03	7.86990285e-01	1.93281710e-01	8.15938592e-01	2.36882672e-01
309	2	0	9	6.37448730e+01	6.37467232e+01	9.43639374e+00	3.12972963e-01	9.44158268e+00	-1.16377972e-01	5.18852901e+00	8.03259850e+00	-2.23445702e+01	5.16880029e+03	7.86770821e-01	1.93174601e-01	8.15561950e-01	2.36860737e-01
310	2	0	10	6.36924820e+01	6.36943283e+01	9.44145679e+00	3.12392056e-01	9.44662380e+00	-1.12744458e-01	5.18606663e+00	8.03674030e+00	-2.16469383e+01	5.16389551e+03	7.87022769e-01	1.93157926e-01	8.16336215e-01	2.36615658e-01
311	2	0	11	6.38172836e+01	6.38191147e+01	9.42879200e+00	3.12484771e-01	9.43396854e+00	-1.13956481e-01	5.18496370e+00	8.03061390e+00	-2.18796501e+01	5.16169922e+03	7.87759185e-01	1.92845955e-01	8.16013455e-01	2.36326933e-01
312	2	0	12	6.37557487e+01	6.37575874e+01	9.43678856e+00	3.12888831e-01	9.44197464e+00	-1.15106389e-01	5.18745089e+00	8.03463650e+00	-2.21004295e+01	5.16665283e+03	7.87072003e-01	1.93395779e-01	8.16388667e-01	2.36891791e-01
313	2	0	13	6.37609940e+01	6.37628288e+01	9.43308258e+00	3.13388914e-01	9.43828678e+00	-1.16873153e-01	5.18792248e+00	8.03249836e+00	-2.24396400e+01	5.16759082e+03	7.88205445e-01	1.93307161e-01	8.17240417e-01	2.36536473e-01
314	2	0	14	6.37448540e+01	6.37466927e+01	9.43126583e+00	3.12605590e-01	9.43644619e+00	-1.14815973e-01	5.18564320e+00	8.03160095e+00	-2.20446644e+01	5.16305176e+03	7.89014757e-01	1.93020523e-01	8.16925883e-01	2.36276671e-01
315	2	0	15	6.39650993e+01	6.39669228e+01	9.44900703e+00	3.12728673e-01	9.45417976e+00	-1.13489598e-01	5.18892908e+00	8.03905869e+00	-2.17900047e+01	5.16959668e+03	7.87424862e-01	1.93438739e-01	8.16439152e-01	2.36929774e-01
316	2	0	16	6.36884766e+01	6.36903152e+01	9.43097401e+00	3.12750846e-01	9.43615818e+00	-1.15942039e-01	5.18634844e+00	8.03189850e+00	-2.22608719e+01	5.16445605e+03	7.87867129e-01	1.93307623e-01	8.16633940e-01	2.36712694e-01
317	2	0	17	6.36682968e+01	6.36701241e+01	9.41701889e+00	3.13233733e-01	9.42222691e+00	-1.18541516e-01	5.18538666e+00	8.02961445e+00	-2.27599678e+01	5.16254150e+03	7.86719382e-01	1.93331242e-01	8.16199422e-01	2.36867651e-01
318	2	0	18	6.36180916e+01	6.36199303e+01	9.42771626e+00	3.12283695e-01	9.43288708e+00	-1.14238106e-01	5.18486929e+00	8.02906418e+00	-2.19337196e+01	5.16151074e+03	7.86876678e-01	1.92726374e-01	8.16134334e-01	2.36145407e-01
319	2	0	19	6.37271233e+01	6.37289543e+01	9.42450809e+00	3.12670976e-01	9.42969322e+00	-1.17007606e-01	5.18623447e+00	8.02781296e+00	-2.24654598e+01	5.16422949e+03	7.87002027e-01	1.93259016e-01	8.15717876e-01	2.36918941e-01
320	2	0	20	6.37687378e+01	6.37705727e+01	9.42239952e+00	3.12900156e-01	9.42759323e+00	-1.17600478e-01	5.18608236e+00	8.02803040e+00	-2.25792885e+01	5.16392676e+03	7.87906110e-01	1.93150669e-01	8.16979170e-01	2.36420557e-01
321	2	0	21	6.37021904e+01	6.37040291e+01	9.42056274e+00	3.12587887e-01	9.42574787e+00	-1.16402782e-01	5.18464851e+00	8.02620316e+00	-2.23493366e+01	5.16107129e+03	7.87636578e-01	1.93022236e-01	8.16457212e-01	2.36414388e-01
322	2	0	22	6.37875748e+01	6.37894096e+01	9.42794609e+00	3.12665999e-01	9.43312931e+00	-1.15466073e-01	5.18619156e+00	8.02992344e+00	-2.21694813e+01	5.16414453e+03	7.87699819e-01	1.93119735e-01	8.16690028e-01	2.36466378e-01
323	2	0	23	6.38129501e+01	6.38147850e+01	9.42929268e+00	3.12870234e-01	9.43448257e+00	-1.16246477e-01	5.18662119e+00	8.03115845e+00	-2.23193226e+01	5.16499902e+03	7.88585484e-01	1.93140596e-01	8.16962838e-01	2.36412957e-01
324	2	0	24	6.36195297e+01	6.36213722e+01	9.41857815e+00	3.12693000e-01	9.42376804e+00	-1.17298760e-01	5.18440533e+00	8.02760410e+00	-2.25213585e+01	5.16058789e+03	7.87093163e-01	1.93153828e-01	8.16469073e-01	2.36572132e-01
325	2	0	25	6.37519608e+01	6.37537918e+01	9.41972733e+00	3.12961370e-01	9.42492485e+00	-1.18083946e-01	5.18539619e+00	8.02986431e+00	-2.26721210e+01	5.16256006e+03	7.87682056e-01	1.93262860e-01	8.16739500e-01	2.36627296e-01
326	2	0	26	6.38639755e+01	6.38658104e+01	9.43486595e+00	3.12673748e-01	9.44004631e+00	-1.15190409e-01	5.18647528e+00	8.03304768e+00	-2.21165581e+01	5.16470898e+03	7.87882805e-01	1.93326220e-01	8.16794872e-01	2.36688823e-01
327	2	0	27	6.36342468e+01	6.36360817e+01	9.42132282e+00	3.13176841e-01	9.42652607e+00	-1.18385285e-01	5.18603182e+00	8.02768707e+00	-2.27299690e+01	5.16382568e+03	7.87761509e-01	1.93326458e-01	8.16842794e-01	2.36675233e-01
328	2	0	28	6.35557480e+01	6.35575905e+01	9.41688538e+00	3.12765211e-01	9.42207813e+00	-1.17246829e-01	5.18345928e+00	8.02565384e+00	-2.25113888e+01	5.15870410e+03	7.88034022e-01	1.93256617e-01	8.16940963e-01	2.36561298e-01
329	2	0	29	6.36671028e+01	6.36689415e+01	9.42503452e+00	3.12745988e-01	9.43022156e+00	-1.15727626e-01	5.18423271e+00	8.02775955e+00	-2.22196999e+01	5.16024316e+03	7.87550747e-01	1.93217903e-01	8.16259623e-01	2.36711338e-01
330	2	0	30	6.38534355e+01	6.38552704e+01	9.43028736e+00	3.12342614e-01	9.43545818e+00	-1.14047624e-01	5.18372822e+00	8.02817535e+00	-2.18971405e+01	5.15924072e+03	7.88026989e-01	1.93072945e-01	8.16947401e-01	2.36334607e-01
331	2	0	31	6.38388367e+01	6.38406639e+01	9.42809677e+00	3.13159376e-01	9.43329620e+00	-1.16427056e-01	5.18547010e+00	8.02912903e+00	-2.23539944e+01	5.16270703e+03	7.88454354e-01	1.93302527e-01	8.16930413e-01	2.36620560e-01
332	2	0	32	6.36951599e+01	6.36969986e+01	9.41983318e+00	3.13040763e-01	9.42503357e+00	-1.18036747e-01	5.18540430e+00	8.02533531e+00	-2.26630516e+01	5.16257568e+03	7.87852466e-01	1.93269163e-01	8.17257226e-01	2.36485109e-01
333	2	0	33	6.37248001e+01	6.37266312e+01	9.42405605e+00	3.13362867e-01	9.42926502e+00	-1.18399538e-01	5.18721819e+00	8.02724838e+00	-2.27327118e+01	5.16618799e+03	7.86741734e-01	1.93385601e-01	8.15834641e-01	2.37040192e-01
334	2	0	34	6.36918564e+01	6.36936951e+01	9.42619514e+00	3.12890351e-01	9.43138599e+00	-1.17689662e-01	5.18658686e+00	8.02929115e+00	-2.25964146e+01	5.16493164e+03	7.88754046e-01	1.93477169e-01	8.17310631e-01	2.36724153e-01
335	2	0	35	6.38121147e+01	6.38139458e+01	9.42841625e+00	3.13177913e-01	9.43361664e+00	-1.17624857e-01	5.18741989e+00	8.03222656e+00	-2.25839672e+01	5.16658984e+03	7.87720561e-01	1.93461493e-01	8.16610277e-01	2.36907989e-01
336	2	0	36	6.37130928e+01	6.37149315e+01	9.43118286e+00	3.11986893e-01	9.43634224e+00	-1.13139637e-01	5.18456793e+00	8.03157616e+00	-2.17228127e+01	5.16091113e+03	7.87167668e-01	1.93212584e-01	8.16589594e-01	2.36609161e-01
337	2	0	37	6.37586555e+01	6.37604904e+01	9.43038654e+00	3.12634170e-01	9.43556595e+00	-1.14337936e-01	5.18510437e+00	8.03308487e+00	-2.19528847e+01	5.16197852e+03	7.88170159e-01	1.93367317e-01	8.16820800e-01	2.36731634e-01
338	2	0	38	6.37185440e+01	6.37203903e+01	9.42621994e+00	3.12421441e-01	9.43139553e+00	-1.14975795e-01	5.18467045e+00	8.02937889e+00	-2.20753555e+01	5.16111475e+03	7.87784576e-01	1.93225667e-01	8.16851199e-01	2.36549407e-01
339	2	0	39	6.36950607e+01	6.36968956e+01	9.42653465e+00	3.12198192e-01	9.43170357e+00	-1.12543069e-01	5.18282318e+00	8.02924728e+00	-2.16082687e+01	5.15743750e+03	7.87937284e-01	1.92820489e-01	8.16708207e-01	2.36094713e-01
340	2	0	40	6.37233391e+01	6.37251740e+01	9.43366432e+00	3.13105881e-01	9.43885899e+00	-1.15678810e-01	5.18648195e+00	8.03298759e+00	-2.22103348e+01	5.16472168e+03	7.87411392e-01	1.93591684e-01	8.16404879e-01	2.37127051e-01
341	2	0	41	6.37373581e+01	6.37391968e+01	9.43945599e+00	3.12574357e-01	9.44462967e+00	-1.13544747e-01	5.18645668e+00	8.03298855e+00	-2.18005867e+01	5.16467188e+03	7.88049996e-01	1.93302721e-01	8.16885054e-01	2.36633927e-01
342	2	0	42	6.37435532e+01	6.37453918e+01	9.43025398e+00	3.12582463e-01	9.43543243e+00	-1.14524432e-01	5.18485260e+00	8.03090858e+00	-2.19886837e+01	5.16147754e+03	7.87925065e-01	1.93090737e-01	8.17046523e-01	2.36327708e-01
343	2	0	43	6.37484932e+01	6.37503319e+01	9.42782784e+00	3.12352479e-01	9.43300152e+00	-1.13902263e-01	5.18382931e+00	8.02864456e+00	-2.18692398e+01	5.15944043e+03	7.87933350e-01	1.92986846e-01	8.16650033e-01	2.36315235e-01
344	2	0	44	6.36846199e+01	6.36864510e+01	9.42883778e+00	3.12536448e-01	9.43401623e+00	-1.14794880e-01	5.18461418e+00	8.02947330e+00	-2.20406170e+01	5.16100293e+03	7.86713243e-01	1.93200469e-01	8.16303372e-01	2.36677289e-01
345	2	0	45	6.37287102e+01	6.37305489e+01	9.43281746e+00	3.12535882e-01	9.43799305e+00	-1.14270099e-01	5.18503475e+00	8.03157711e+00	-2.19398613e+01	5.16184082e+03	7.87815094e-01	1.93312913e-01	8.16837490e-01	2.36660182e-01
346	2	0	46	6.36712036e+01	6.36730423e+01	9.43161011e+00	3.12512696e-01	9.43678570e+00	-1.14211388e-01	5.18470716e+00	8.03071690e+00	-2.19285889e+01	5.16118848e+03	7.87040710e-01	1.93300739e-01	8.16524148e-01	2.36736089e-01
347	2	0	47	6.38350525e+01	6.38368950e+01	9.44093990e+00	3.12262565e-01	9.44610310e+00	-1.12112641e-01	5.18543482e+00	8.03392220e+00	-2.15256348e+01	5.16263672e+03	7.88127661e-01	1.93315372e-01	8.16960990e-01	2.36627415e-01
348	2	0	48	6.36861687e+01	6.36880035e+01	9.43067360e+00	3.12552989e-01	9.43585110e+00	-1.14010386e-01	5.18433762e+00	8.03076363e+00	-2.18899956e+01	5.16045215e+03	7.87308991e-01	1.93265483e-01	8.16540003e-01	2.36688316e-01
349	2	0	49	6.37809677e+01	6.37828064e+01	9.44127846e+00	3.12461197e-01	9.44644737e+00	-1.12287492e-01	5.18591166e+00	8.03313828e+00	-2.15592003e+01	5.16358691e+03	7.87064672e-01	1.93275481e-01	8.16206574e-01	2.36797258e-01
350	2	0	50	6.36861801e+01	6.36880264e+01	9.43113422e+00	3.13098371e-01	9.43632889e+00	-1.15437336e-01	5.18596983e+00	8.03109741e+00	-2.21639671e+01	5.16370264e+03	7.87619412e-01	1.93465218e-01	8.16799700e-01	2.36857608e-01
351	2	0	51	6.37679062e+01	6.37697449e+01	9.43775177e+00	3.12493861e-01	9.44292355e+00	-1.12234674e-01	5.18469810e+00	8.03248024e+00	-2.15490551e+01	5.16116943e+03	7.88065910e-01	1.93183437e-01	8.16532016e-01	2.36590162e-01
352	2	0	52	6.37020187e+01	6.37038536e+01	9.43275738e+00	3.12573701e-01	9.43793583e+00	-1.13448635e-01	5.18440008e+00	8.03162479e+00	-2.17821350e+01	5.16057666e+03	7.87739158e-01	1.93268836e-01	8.16595852e-01	2.36676246e-01
353	2	0	53	6.37420845e+01	6.37439232e+01	9.43574905e+00	3.12481135e-01	9.44092178e+00	-1.12980887e-01	5.18488884e+00	8.03199196e+00	-2.16923294e+01	5.16154980e+03	7.87937284e-01	1.93277732e-01	8.16638827e-01	2.36674681e-01
354	2	0	54	6.37231369e+01	6.37249756e+01	9.43662453e+00	3.12585056e-01	9.44179916e+00	-1.13709755e-01	5.18564272e+00	8.03316498e+00	-2.18322697e+01	5.16305078e+03	7.88250208e-01	1.93431810e-01	8.17314923e-01	2.36667410e-01
355	2	0	55	6.36872787e+01	6.36891212e+01	9.43515778e+00	3.12843293e-01	9.44034290e+00	-1.14588924e-01	5.18598843e+00	8.03337860e+00	-2.20010738e+01	5.16373926e+03	7.87250817e-01	1.93458334e-01	8.16216171e-01	2.37018496e-01
356	2	0	56	6.37361450e+01	6.37379837e+01	9.43646336e+00	3.13178301e-01	9.44165802e+00	-1.15544356e-01	5.18700504e+00	8.03504658e+00	-2.21845150e+01	5.16576416e+03	7.87368894e-01	1.93585366e-01	8.16761971e-01	2.37015650e-01
357	2	0	57	6.37295532e+01	6.37313957e+01	9.43938160e+00	3.12832952e-01	9.44456387e+00	-1.13967299e-01	5.18624926e+00	8.03471279e+00	-2.18817253e+01	5.16425879e+03	7.87828803e-01	1.93470255e-01	8.16704273e-01	2.36891448e-01
358	2	0	58	6.37611885e+01	6.37630196e+01	9.43839264e+00	3.12777549e-01	9.44357300e+00	-1.14252940e-01	5.18634939e+00	8.03305817e+00	-2.19365578e+01	5.16445801e+03	7.87657082e-01	1.93550780e-01	8.16545069e-01	2.37036243e-01
359	2	0	59	6.36706772e+01	6.36725159e+01	9.43055248e+00	3.12649012e-01	9.43573380e+00	-1.14588924e-01	5.18464756e+00	8.03039265e+00	-2.20010719e+01	5.16106934e+03	7.87814021e-01	1.93298087e-01	8.16649556e-01	2.36696497e-01
360	2	0	60	6.37504768e+01	6.37523155e+01	9.43396664e+00	3.12554598e-01	9.43914318e+00	-1.13946334e-01	5.18518448e+00	8.03153896e+00	-2.18776989e+01	5.16213818e+03	7.88313508e-01	1.93268597e-01	8.16967726e-01	2.36568213e-01
361	2	0	61	6.36789780e+01	6.36808205e+01	9.42988396e+00	3.12650770e-01	9.43506622e+00	-1.14831649e-01	5.18485117e+00	8.03059387e+00	-2.20476818e+01	5.16147412e+03	7.87423015e-01	1.93335548e-01	8.16669643e-01	2.36736536e-01
362	2	0	62	6.36647568e+01	6.36665916e+01	9.42958355e+00	3.12553972e-01	9.43476295e+00	-1.14736624e-01	5.18465281e+00	8.03016472e+00	-2.20294361e+01	5.16107959e+03	7.87161827e-01	1.93370774e-01	8.16335201e-01	2.36876681e-01
363	2	0	63	6.36892700e+01	6.36911087e+01	9.43223190e+00	3.12493950e-01	9.43740749e+00	-1.14151433e-01	5.18489170e+00	8.03046417e+00	-2.19170742e+01	5.16155566e+03	7.87567079e-01	1.93362385e-01	8.16595674e-01	2.36790851e-01
364	2	0	64	6.36988640e+01	6.37007065e+01	9.43374538e+00	3.12410653e-01	9.43891716e+00	-1.13465577e-01	5.18475437e+00	8.03091812e+00	-2.17853947e+01	5.16128223e+03	7.87588060e-01	1.93314359e-01	8.16777229e-01	2.36679420e-01
365	2	0	65	6.37256241e+01	6.37274590e+01	9.43691826e+00	3.12465936e-01	9.44208908e+00	-1.13178350e-01	5.18536091e+00	8.03219318e+00	-2.17302399e+01	5.16249023e+03	7.87638843e-01	1.93296194e-01	8.16760898e-01	2.36661911e-01
366	2	0	66	6.37137527e+01	6.37155876e+01	9.43427467e+00	3.12700838e-01	9.43945503e+00	-1.13881491e-01	5.18532801e+00	8.03155708e+00	-2.18652477e+01	5.16242480e+03	7.87665486e-01	1.93277702e-01	8.16645801e-01	2.36672625e-01
367	2	0	67	6.37755852e+01	6.37774277e+01	9.43924713e+00	3.12588453e-01	9.44442177e+00	-1.12958506e-01	5.18561792e+00	8.03380394e+00	-2.16880302e+01	5.16300146e+03	7.87840068e-01	1.93369374e-01	8.16760659e-01	2.36751571e-01
368	2	0	68	6.37635880e+01	6.37654266e+01	9.43915844e+00	3.12308848e-01	9.44432449e+00	-1.12179756e-01	5.18498898e+00	8.03342438e+00	-2.15385132e+01	5.16174902e+03	7.87892997e-01	1.93293661e-01	8.16735387e-01	2.36666203e-01
369	2	0	69	6.37255173e+01	6.37273560e+01	9.43627453e+00	3.12507212e-01	9.44144821e+00	-1.12938531e-01	5.18481493e+00	8.03318405e+00	-2.16842003e+01	5.16140283e+03	7.87850678e-01	1.93351045e-01	8.16768050e-01	2.36726999e-01
370	2	0	70	6.37428207e+01	6.37446556e+01	9.43862152e+00	3.12405229e-01	9.44378948e+00	-1.12170950e-01	5.18480206e+00	8.03337383e+00	-2.15368271e+01	5.16137793e+03	7.87189782e-01	1.93288848e-01	8.16463709e-01	2.36739054e-01
371	2	0	71	6.37614136e+01	6.37632523e+01	9.43887520e+00	3.12584519e-01	9.44404984e+00	-1.12522401e-01	5.18524361e+00	8.03386497e+00	-2.16043015e+01	5.16225586e+03	7.87811100e-01	1.93318531e-01	8.16768527e-01	2.36687049e-01
372	2	0	72	6.37441406e+01	6.37459793e+01	9.43824577e+00	3.12594205e-01	9.44342136e+00	-1.12727776e-01	5.18528605e+00	8.03349113e+00	-2.16437378e+01	5.16234082e+03	7.87894130e-01	1.93317428e-01	8.16774130e-01	2.36684069e-01
373	2	0	73	6.37084579e+01	6.37102928e+01	9.43796349e+00	3.12414557e-01	9.44313335e+00	-1.12671264e-01	5.18520737e+00	8.03266907e+00	-2.16328831e+01	5.16218408e+03	7.87467897e-01	1.93287075e-01	8.16669226e-01	2.36677304e-01
374	2	0	74	6.37806702e+01	6.37825050e+01	9.44086456e+00	3.12465072e-01	9.44603348e+00	-1.12230822e-01	5.18558216e+00	8.03357697e+00	-2.15483170e+01	5.16293066e+03	7.88207591e-01	1.93255290e-01	8.16777110e-01	2.36607134e-01
375	2	0	75	6.37617798e+01	6.37636185e+01	9.44010735e+00	3.12776029e-01	9.44528770e+00	-1.13433614e-01	5.18645048e+00	8.03377533e+00	-2.17792568e+01	5.16466016e+03	7.87439764e-01	1.93396404e-01	8.16575050e-01	2.36838490e-01
376	2	0	76	6.37371140e+01	6.37389488e+01	9.43865871e+00	3.12593609e-01	9.44383335e+00	-1.12956673e-01	5.18555593e+00	8.03304291e+00	-2.16876831e+01	5.16287793e+03	7.87691355e-01	1.93345219e-01	8.16735029e-01	2.36729428e-01
377	2	0	77	6.37186661e+01	6.37205048e+01	9.43772697e+00	3.12461764e-01	9.44289780e+00	-1.12563945e-01	5.18516493e+00	8.03253460e+00	-2.16122742e+01	5.16209961e+03	7.87504435e-01	1.93245426e-01	8.16606402e-01	2.36644521e-01
378	2	0	78	6.37415771e+01	6.37434120e+01	9.43878937e+00	3.12481880e-01	9.44396114e+00	-1.12292036e-01	5.18547344e+00	8.03248024e+00	-2.15600700e+01	5.16271484e+03	7.87677169e-01	1.93178415e-01	8.16753149e-01	2.36519948e-01
379	2	0	79	6.36762314e+01	6.36780739e+01	9.43589783e+00	3.12534362e-01	9.44107246e+00	-1.12446196e-01	5.18476534e+00	8.03164101e+00	-2.15896606e+01	5.16130469e+03	7.87056744e-01	1.93095818e-01	8.16327572e-01	2.36542076e-01
380	2	0	80	6.36997986e+01	6.37016373e+01	9.43624401e+00	3.12592626e-01	9.44142056e+00	-1.12682611e-01	5.18478489e+00	8.03249168e+00	-2.16350651e+01	5.16134229e+03	7.87121832e-01	1.93229243e-01	8.16382110e-01	2.36689702e-01
381	2	0	81	6.37360954e+01	6.37379379e+01	9.43875217e+00	3.12507808e-01	9.44392395e+00	-1.12301759e-01	5.18502235e+00	8.03325653e+00	-2.15619392e+01	5.16181543e+03	7.87405312e-01	1.93273962e-01	8.16507101e-01	2.36708239e-01
382	2	0	82	6.37464409e+01	6.37482834e+01	9.43925571e+00	3.12486589e-01	9.44442654e+00	-1.12278417e-01	5.18516970e+00	8.03319740e+00	-2.15574532e+01	5.16210889e+03	7.87633538e-01	1.93235472e-01	8.16683948e-01	2.36609861e-01
383	2	0	83	6.37348137e+01	6.37366486e+01	9.43643475e+00	3.12617630e-01	9.44161129e+00	-1.12932459e-01	5.18495417e+00	8.03249168e+00	-2.16830311e+01	5.16168018e+03	7.87699878e-01	1.93245351e-01	8.16770911e-01	2.36596763e-01
384	2	0	84	6.37261734e+01	6.37280045e+01	9.43503761e+00	3.12591523e-01	9.44021511e+00	-1.12978809e-01	5.18452740e+00	8.03235245e+00	-2.16919327e+01	5.16082959e+03	7.87435412e-01	1.93295464e-01	8.16567302e-01	2.36717120e-01
385	2	0	85	6.37150764e+01	6.37169113e+01	9.43346596e+00	3.12658966e-01	9.43864632e+00	-1.13231413e-01	5.18427181e+00	8.03231144e+00	-2.17404270e+01	5.16032129e+03	7.87718117e-01	1.93316579e-01	8.16557050e-01	2.36745954e-01
386	2	0	86	6.37012024e+01	6.37030411e+01	9.43451881e+00	3.12656850e-01	9.43969822e+00	-1.13111846e-01	5.18452168e+00	8.03254795e+00	-2.17174740e+01	5.16081934e+03	7.87710786e-01	1.93300590e-01	8.16649795e-01	2.36699492e-01
387	2	0	87	6.37132454e+01	6.37150764e+01	9.43592548e+00	3.12574714e-01	9.44110107e+00	-1.12852179e-01	5.18473625e+00	8.03279305e+00	-2.16676216e+01	5.16124512e+03	7.87540734e-01	1.93287745e-01	8.16515625e-01	2.36722648e-01
388	2	0	88	6.37554550e+01	6.37572937e+01	9.43693066e+00	3.12628806e-01	9.44210815e+00	-1.12943396e-01	5.18506050e+00	8.03350163e+00	-2.16851349e+01	5.16189111e+03	7.87742734e-01	1.93320796e-01	8.16612244e-01	2.36735120e-01
389	2	0	89	6.37296982e+01	6.37315331e+01	9.43630123e+00	3.12675416e-01	9.44148064e+00	-1.13166019e-01	5.18508244e+00	8.03338909e+00	-2.17278709e+01	5.16193506e+03	7.87176132e-01	1.93335682e-01	8.16425323e-01	2.36807555e-01
390	2	0	90	6.37355232e+01	6.37373619e+01	9.43812370e+00	3.12614679e-01	9.44330025e+00	-1.12819865e-01	5.18520784e+00	8.03386116e+00	-2.16614113e+01	5.16218506e+03	7.87393510e-01	1.93339825e-01	8.16523373e-01	2.36784190e-01
391	2	0	91	6.36872330e+01	6.36890717e+01	9.43507385e+00	3.12618196e-01	9.44025135e+00	-1.13322265e-01	5.18470287e+00	8.03307247e+00	-2.17578735e+01	5.16117969e+03	7.87636459e-01	1.93355694e-01	8.16783130e-01	2.36728311e-01
392	2	0	92	6.37210999e+01	6.37229347e+01	9.43744755e+00	3.12620223e-01	9.44262409e+00	-1.13070294e-01	5.18502760e+00	8.03408813e+00	-2.17094994e+01	5.16182666e+03	7.87809193e-01	1.93403587e-01	8.16765308e-01	2.36792117e-01
393	2	0	93	6.37294617e+01	6.37312965e+01	9.43870258e+00	3.12623352e-01	9.44387817e+00	-1.12826437e-01	5.18519115e+00	8.03431702e+00	-2.16626797e+01	5.16215137e+03	7.87310302e-01	1.93372324e-01	8.16500545e-01	2.36830607e-01
394	2	0	94	6.37209473e+01	6.37227821e+01	9.43780804e+00	3.12614888e-01	9.44298458e+00	-1.12774029e-01	5.18499660e+00	8.03389931e+00	-2.16526146e+01	5.16176465e+03	7.87532866e-01	1.93330616e-01	8.16696823e-01	2.36722618e-01
395	2	0	95	6.37294083e+01	6.37312431e+01	9.43866634e+00	3.12561899e-01	9.44384003e+00	-1.12509422e-01	5.18501806e+00	8.03418064e+00	-2.16018085e+01	5.16180713e+03	7.87971079e-01	1.93313017e-01	8.16874385e-01	2.36649632e-01
396	2	0	96	6.37549019e+01	6.37567444e+01	9.44110394e+00	3.12498957e-01	9.44627476e+00	-1.12138040e-01	5.18535376e+00	8.03490257e+00	-2.15305061e+01	5.16247559e+03	7.88341403e-01	1.93318203e-01	8.17107677e-01	2.36588404e-01
397	2	0	97	6.37187386e+01	6.37205811e+01	9.43915367e+00	3.12603861e-01	9.44432926e+00	-1.12725258e-01	5.18521595e+00	8.03448868e+00	-2.16432533e+01	5.16220068e+03	7.87989974e-01	1.93373263e-01	8.16952407e-01	2.36700773e-01
398	2	0	98	6.37071457e+01	6.37089844e+01	9.43730164e+00	3.12712848e-01	9.44248199e+00	-1.13300800e-01	5.18517780e+00	8.03420353e+00	-2.17537518e+01	5.16212500e+03	7.87400663e-01	1.93413869e-01	8.16557407e-01	2.36864999e-01
399	2	0	99	6.37207756e+01	6.37226143e+01	9.43803596e+00	3.12696278e-01	9.44321537e+00	-1.13110267e-01	5.18522930e+00	8.03427124e+00	-2.17171688e+01	5.16222803e+03	7.87577391e-01	1.93381786e-01	8.16618562e-01	2.36807972e-01
400	2	0	100	6.37142448e+01	6.37160873e+01	9.43761349e+00	3.12705725e-01	9.44279194e+00	-1.13100179e-01	5.18518209e+00	8.03387070e+00	-2.17152348e+01	5.16213379e+03	7.87817478e-01	1.93340912e-01	8.16694677e-01	2.36735851e-01
401	3	0	1	6.37232857e+01	6.37251167e+01	9.43691444e+00	3.12807441e-01	9.44209671e+00	-1.13458507e-01	5.18529272e+00	8.03396606e+00	-2.17840328e+01	5.16235400e+03	7.87829697e-01	1.93374410e-01	8.16727221e-01	2.36767441e-01
402	3	0	2	6.37196884e+01	6.37215271e+01	9.43602562e+00	3.12869787e-01	9.44121075e+00	-1.13743998e-01	5.18532705e+00	8.03376961e+00	-2.18388462e+01	5.16242236e+03	7.87696600e-01	1.93387106e-01	8.16704094e-01	2.36789688e-01
403	3	0	3	6.37369881e+01	6.37388229e+01	9.43687725e+00	3.12887132e-01	9.44206238e+00	-1.13754496e-01	5.18557119e+00	8.03409195e+00	-2.18408623e+01	5.16290918e+03	7.87463248e-01	1.93419129e-01	8.16659451e-01	2.36841843e-01
404	3	0	4	6.37257919e+01	6.37276344e+01	9.43537331e+00	3.12852740e-01	9.44055748e+00	-1.13876887e-01	5.18535280e+00	8.03332996e+00	-2.18643589e+01	5.16247412e+03	7.87477970e-01	1.93387866e-01	8.16662192e-01	2.36802772e-01
405	3	0	5	6.37580948e+01	6.37599258e+01	9.43647480e+00	3.12903345e-01	9.44165993e+00	-1.13902226e-01	5.18571615e+00	8.03364182e+00	-2.18692245e+01	5.16319678e+03	7.87495613e-01	1.93407029e-01	8.16696644e-01	2.36816242e-01
406	3	0	6	6.37432938e+01	6.37451286e+01	9.43566322e+00	3.12962741e-01	9.44085312e+00	-1.14126123e-01	5.18577194e+00	8.03333950e+00	-2.19122200e+01	5.16330859e+03	7.87415326e-01	1.93394050e-01	8.16683888e-01	2.36804053e-01
407	3	0	7	6.37490616e+01	6.37508926e+01	9.43671608e+00	3.12998086e-01	9.44190502e+00	-1.14037506e-01	5.18606377e+00	8.03348255e+00	-2.18951988e+01	5.16388965e+03	7.87458658e-01	1.93380743e-01	8.16729963e-01	2.36774400e-01
408	3	0	8	6.37352104e+01	6.37370491e+01	9.43629646e+00	3.13053071e-01	9.44148827e+00	-1.14138722e-01	5.18612146e+00	8.03322983e+00	-2.19146347e+01	5.16400488e+03	7.87472308e-01	1.93353653e-01	8.16752434e-01	2.36734718e-01
409	3	0	9	6.37255249e+01	6.37273560e+01	9.43450737e+00	3.13080430e-01	9.43970108e+00	-1.14262201e-01	5.18572712e+00	8.03285694e+00	-2.19383469e+01	5.16321875e+03	7.87398696e-01	1.93348080e-01	8.16702783e-01	2.36742288e-01
410	3	0	10	6.37245598e+01	6.37263908e+01	9.43372726e+00	3.13148052e-01	9.43892384e+00	-1.14595048e-01	5.18583775e+00	8.03261566e+00	-2.20022469e+01	5.16343896e+03	7.87265539e-01	1.93367034e-01	8.16708326e-01	2.36763880e-01
411	3	0	11	6.37337418e+01	6.37355728e+01	9.43464470e+00	3.13192338e-01	9.43984127e+00	-1.14666350e-01	5.18617105e+00	8.03267384e+00	-2.20159340e+01	5.16410303e+03	7.87077844e-01	1.93387210e-01	8.16730142e-01	2.36782268e-01
412	3	0	12	6.37278328e+01	6.37296638e+01	9.43426132e+00	3.13153774e-01	9.43945694e+00	-1.14547335e-01	5.18598175e+00	8.03231621e+00	-2.19930878e+01	5.16372559e+03	7.87392735e-01	1.93351656e-01	8.16796780e-01	2.36719415e-01
413	3	0	13	6.37752190e+01	6.37770538e+01	9.43598747e+00	3.13101590e-01	9.44118118e+00	-1.14098854e-01	5.18606138e+00	8.03285599e+00	-2.19069767e+01	5.16388525e+03	7.87705064e-01	1.93341628e-01	8.16896379e-01	2.36678272e-01
414	3	0	14	6.37688065e+01	6.37706337e+01	9.43532085e+00	3.13154161e-01	9.44051552e+00	-1.14268914e-01	5.18606901e+00	8.03260231e+00	-2.19396305e+01	5.16389941e+03	7.87723064e-01	1.93330482e-01	8.16933215e-01	2.36653969e-01
415	3	0	15	6.37357903e+01	6.37376213e+01	9.43338966e+00	3.13201964e-01	9.43858719e+00	-1.14529446e-01	5.18590975e+00	8.03152370e+00	-2.19896564e+01	5.16358203e+03	7.87788808e-01	1.93259120e-01	8.16951394e-01	2.36561343e-01
416	3	0	16	6.37205315e+01	6.37223587e+01	9.43182945e+00	3.13206792e-01	9.43702793e+00	-1.14754722e-01	5.18572712e+00	8.03084946e+00	-2.20329075e+01	5.16321973e+03	7.87652373e-01	1.93245664e-01	8.16911161e-01	2.36556530e-01
417	3	0	17	6.37083740e+01	6.37102013e+01	9.43072224e+00	3.13220233e-01	9.43592072e+00	-1.14886358e-01	5.18551970e+00	8.03053665e+00	-2.20581760e+01	5.16280615e+03	7.87331462e-01	1.93253025e-01	8.16828787e-01	2.36589387e-01
418	3	0	18	6.37493515e+01	6.37511902e+01	9.43311501e+00	3.13217431e-01	9.43831253e+00	-1.14475347e-01	5.18577909e+00	8.03136921e+00	-2.19792614e+01	5.16332178e+03	7.87690580e-01	1.93258852e-01	8.16980898e-01	2.36552477e-01
419	3	0	19	6.37251892e+01	6.37270203e+01	9.43203735e+00	3.13198507e-01	9.43723583e+00	-1.14505611e-01	5.18555307e+00	8.03085041e+00	-2.19850807e+01	5.16287207e+03	7.87646413e-01	1.93226770e-01	8.16959441e-01	2.36519411e-01
420	3	0	20	6.37327042e+01	6.37345352e+01	9.43388939e+00	3.13177496e-01	9.43908596e+00	-1.14252940e-01	5.18584061e+00	8.03123093e+00	-2.19365635e+01	5.16344531e+03	7.87334621e-01	1.93236783e-01	8.16949010e-01	2.36534700e-01
421	3	0	21	6.37273674e+01	6.37291985e+01	9.43388939e+00	3.13149065e-01	9.43908596e+00	-1.14160694e-01	5.18575621e+00	8.03113079e+00	-2.19188499e+01	5.16327637e+03	7.87227094e-01	1.93225682e-01	8.16913724e-01	2.36531317e-01
422	3	0	22	6.37492599e+01	6.37510872e+01	9.43524837e+00	3.13125163e-01	9.44044304e+00	-1.13862835e-01	5.18583441e+00	8.03154564e+00	-2.18616638e+01	5.16343311e+03	7.87268162e-01	1.93222642e-01	8.16942990e-01	2.36519128e-01
423	3	0	23	6.37187729e+01	6.37206001e+01	9.43351936e+00	3.13102216e-01	9.43871403e+00	-1.13929078e-01	5.18544054e+00	8.03092575e+00	-2.18743839e+01	5.16264844e+03	7.87184894e-01	1.93186745e-01	8.16879451e-01	2.36493573e-01
424	3	0	24	6.37506943e+01	6.37525215e+01	9.43497658e+00	3.13071996e-01	9.44016838e+00	-1.13622226e-01	5.18555641e+00	8.03139019e+00	-2.18154659e+01	5.16287891e+03	7.87482798e-01	1.93179891e-01	8.16936851e-01	2.36468568e-01
425	3	0	25	6.37405510e+01	6.37423782e+01	9.43443489e+00	3.13088596e-01	9.43962765e+00	-1.13699310e-01	5.18548918e+00	8.03120899e+00	-2.18302650e+01	5.16274512e+03	7.87491679e-01	1.93164140e-01	8.16916943e-01	2.36455053e-01
426	3	0	26	6.37308464e+01	6.37326775e+01	9.43396854e+00	3.13132465e-01	9.43916321e+00	-1.13884382e-01	5.18554115e+00	8.03105354e+00	-2.18658028e+01	5.16284912e+03	7.87349224e-01	1.93162411e-01	8.16885650e-01	2.36461997e-01
427	3	0	27	6.37642326e+01	6.37660599e+01	9.43608665e+00	3.13115358e-01	9.44128036e+00	-1.13554262e-01	5.18580294e+00	8.03172207e+00	-2.18024178e+01	5.16337012e+03	7.87542641e-01	1.93167761e-01	8.16955149e-01	2.36448422e-01
428	3	0	28	6.37494011e+01	6.37512283e+01	9.43508148e+00	3.13168049e-01	9.44027805e+00	-1.13817044e-01	5.18575811e+00	8.03148556e+00	-2.18528671e+01	5.16328027e+03	7.87524998e-01	1.93172023e-01	8.16941261e-01	2.36457661e-01
429	3	0	29	6.37167892e+01	6.37186165e+01	9.43319035e+00	3.13209474e-01	9.43838882e+00	-1.14159018e-01	5.18558884e+00	8.03082848e+00	-2.19185295e+01	5.16294434e+03	7.87488282e-01	1.93157315e-01	8.16916764e-01	2.36446753e-01
430	3	0	30	6.37292786e+01	6.37311058e+01	9.43377209e+00	3.13222617e-01	9.43897057e+00	-1.14105754e-01	5.18569899e+00	8.03104591e+00	-2.19083042e+01	5.16316211e+03	7.87599266e-01	1.93160906e-01	8.16959739e-01	2.36438707e-01
431	3	0	31	6.37387924e+01	6.37406273e+01	9.43406391e+00	3.13226342e-01	9.43926239e+00	-1.14128225e-01	5.18580008e+00	8.03115463e+00	-2.19126167e+01	5.16336377e+03	7.87600100e-01	1.93172082e-01	8.16973865e-01	2.36448303e-01
432	3	0	32	6.37339706e+01	6.37358017e+01	9.43365002e+00	3.13291162e-01	9.43885136e+00	-1.14407033e-01	5.18592310e+00	8.03115273e+00	-2.19661503e+01	5.16360840e+03	7.87569225e-01	1.93195522e-01	8.17021132e-01	2.36463308e-01
433	3	0	33	6.37546501e+01	6.37564850e+01	9.43465614e+00	3.13279390e-01	9.43985462e+00	-1.14252426e-01	5.18604612e+00	8.03151894e+00	-2.19364624e+01	5.16385400e+03	7.87631154e-01	1.93205506e-01	8.17069709e-01	2.36461475e-01
434	3	0	34	6.37401810e+01	6.37420082e+01	9.43382072e+00	3.13323945e-01	9.43902111e+00	-1.14444263e-01	5.18599319e+00	8.03126526e+00	-2.19733009e+01	5.16374902e+03	7.87658095e-01	1.93198785e-01	8.17089558e-01	2.36447498e-01
435	3	0	35	6.37249260e+01	6.37267494e+01	9.43342209e+00	3.13327104e-01	9.43862438e+00	-1.14431128e-01	5.18586111e+00	8.03117752e+00	-2.19707756e+01	5.16348584e+03	7.87497401e-01	1.93194211e-01	8.17056000e-01	2.36451611e-01
436	3	0	36	6.37218552e+01	6.37236824e+01	9.43306446e+00	3.13351542e-01	9.43826675e+00	-1.14520632e-01	5.18587971e+00	8.03102684e+00	-2.19879570e+01	5.16352393e+03	7.87458777e-01	1.93188712e-01	8.17051053e-01	2.36446321e-01
437	3	0	37	6.37319946e+01	6.37338257e+01	9.43292809e+00	3.13353896e-01	9.43813133e+00	-1.14498086e-01	5.18585396e+00	8.03096962e+00	-2.19836311e+01	5.16347168e+03	7.87535608e-01	1.93181440e-01	8.17065716e-01	2.36433178e-01
438	3	0	38	6.37365799e+01	6.37384071e+01	9.43280029e+00	3.13362390e-01	9.43800354e+00	-1.14512227e-01	5.18586922e+00	8.03094482e+00	-2.19863491e+01	5.16350244e+03	7.87602246e-01	1.93171859e-01	8.17089558e-01	2.36414552e-01
439	3	0	39	6.37443314e+01	6.37461586e+01	9.43299866e+00	3.13374996e-01	9.43820286e+00	-1.14495628e-01	5.18591118e+00	8.03100395e+00	-2.19831600e+01	5.16358496e+03	7.87645519e-01	1.93172351e-01	8.17116737e-01	2.36407280e-01
440	3	0	40	6.37373657e+01	6.37391930e+01	9.43253613e+00	3.13386917e-01	9.43774033e+00	-1.14570476e-01	5.18588209e+00	8.03073311e+00	-2.19975319e+01	5.16352783e+03	7.87701547e-01	1.93158388e-01	8.17127764e-01	2.36387014e-01
441	3	0	41	6.37430305e+01	6.37448540e+01	9.43280125e+00	3.13389480e-01	9.43800545e+00	-1.14536442e-01	5.18591833e+00	8.03078651e+00	-2.19910011e+01	5.16360010e+03	7.87826002e-01	1.93156347e-01	8.17158520e-01	2.36375615e-01
442	3	0	42	6.37316360e+01	6.37334595e+01	9.43215752e+00	3.13393265e-01	9.43736362e+00	-1.14606313e-01	5.18579960e+00	8.03058720e+00	-2.20044060e+01	5.16336279e+03	7.87798524e-01	1.93150356e-01	8.17137182e-01	2.36374453e-01
443	3	0	43	6.37486191e+01	6.37504463e+01	9.43282127e+00	3.13374043e-01	9.43802547e+00	-1.14452519e-01	5.18583632e+00	8.03081322e+00	-2.19748859e+01	5.16343652e+03	7.87918329e-01	1.93150297e-01	8.17185044e-01	2.36360535e-01
444	3	0	44	6.37188721e+01	6.37206993e+01	9.43121910e+00	3.13370883e-01	9.43642426e+00	-1.14620879e-01	5.18557358e+00	8.03023529e+00	-2.20072136e+01	5.16291309e+03	7.87818730e-01	1.93131253e-01	8.17141593e-01	2.36349806e-01
445	3	0	45	6.37466354e+01	6.37484627e+01	9.43277264e+00	3.13334614e-01	9.43797588e+00	-1.14323743e-01	5.18571377e+00	8.03072548e+00	-2.19501629e+01	5.16319238e+03	7.87928045e-01	1.93138883e-01	8.17195952e-01	2.36343414e-01
446	3	0	46	6.37318840e+01	6.37337112e+01	9.43195152e+00	3.13325584e-01	9.43715477e+00	-1.14382423e-01	5.18555593e+00	8.03041077e+00	-2.19614296e+01	5.16287842e+03	7.87889540e-01	1.93125010e-01	8.17173600e-01	2.36332908e-01
447	3	0	47	6.37377129e+01	6.37395439e+01	9.43219471e+00	3.13318491e-01	9.43739700e+00	-1.14313826e-01	5.18555784e+00	8.03049088e+00	-2.19482574e+01	5.16288184e+03	7.87911475e-01	1.93123728e-01	8.17182064e-01	2.36328885e-01
448	3	0	48	6.37447281e+01	6.37465477e+01	9.43262005e+00	3.13315630e-01	9.43782234e+00	-1.14225522e-01	5.18558359e+00	8.03063488e+00	-2.19312992e+01	5.16293262e+03	7.87945986e-01	1.93124011e-01	8.17194581e-01	2.36325607e-01
449	3	0	49	6.37431755e+01	6.37450104e+01	9.43253899e+00	3.13316435e-01	9.43774128e+00	-1.14222907e-01	5.18556786e+00	8.03057861e+00	-2.19307976e+01	5.16290137e+03	7.87965536e-01	1.93120107e-01	8.17198932e-01	2.36319572e-01
450	3	0	50	6.37379875e+01	6.37398071e+01	9.43233204e+00	3.13319743e-01	9.43753433e+00	-1.14254639e-01	5.18555212e+00	8.03043079e+00	-2.19368935e+01	5.16287012e+03	7.87942469e-01	1.93114832e-01	8.17187071e-01	2.36316547e-01
451	3	0	51	6.37352676e+01	6.37370949e+01	9.43209839e+00	3.13331485e-01	9.43730068e+00	-1.14278890e-01	5.18552017e+00	8.03033447e+00	-2.19415474e+01	5.16280713e+03	7.87998021e-01	1.93107158e-01	8.17193866e-01	2.36305192e-01
452	3	0	52	6.37410583e+01	6.37428818e+01	9.43248463e+00	3.13341856e-01	9.43768692e+00	-1.14260055e-01	5.18560457e+00	8.03045177e+00	-2.19379349e+01	5.16297510e+03	7.87953436e-01	1.93114057e-01	8.17194879e-01	2.36313343e-01
453	3	0	53	6.37363052e+01	6.37381325e+01	9.43243885e+00	3.13343883e-01	9.43764114e+00	-1.14290580e-01	5.18562222e+00	8.03036976e+00	-2.19437866e+01	5.16301025e+03	7.87869692e-01	1.93114996e-01	8.17183137e-01	2.36317888e-01
454	3	0	54	6.37332268e+01	6.37350540e+01	9.43234444e+00	3.13346624e-01	9.43754768e+00	-1.14306919e-01	5.18561745e+00	8.03032017e+00	-2.19469261e+01	5.16300098e+03	7.87816763e-01	1.93112820e-01	8.17176998e-01	2.36317009e-01
455	3	0	55	6.37520256e+01	6.37538528e+01	9.43344593e+00	3.13340247e-01	9.43864822e+00	-1.14150129e-01	5.18577909e+00	8.03066444e+00	-2.19168282e+01	5.16332275e+03	7.87894011e-01	1.93117023e-01	8.17219913e-01	2.36309737e-01
456	3	0	56	6.37342606e+01	6.37360878e+01	9.43255711e+00	3.13357294e-01	9.43776035e+00	-1.14315607e-01	5.18569231e+00	8.03037739e+00	-2.19486027e+01	5.16314990e+03	7.87799001e-01	1.93115547e-01	8.17191720e-01	2.36316085e-01
457	3	0	57	6.37394791e+01	6.37413025e+01	9.43266296e+00	3.13340932e-01	9.43786621e+00	-1.14224397e-01	5.18563604e+00	8.03043175e+00	-2.19310875e+01	5.16303760e+03	7.87826061e-01	1.93112820e-01	8.17189574e-01	2.36313373e-01
458	3	0	58	6.37367744e+01	6.37385979e+01	9.43245316e+00	3.13363612e-01	9.43765736e+00	-1.14315964e-01	5.18566036e+00	8.03040886e+00	-2.19486656e+01	5.16308594e+03	7.87742615e-01	1.93119630e-01	8.17161620e-01	2.36329779e-01
459	3	0	59	6.37406616e+01	6.37424889e+01	9.43280029e+00	3.13366652e-01	9.43800354e+00	-1.14252575e-01	5.18570375e+00	8.03049469e+00	-2.19364910e+01	5.16317236e+03	7.87722230e-01	1.93117678e-01	8.17162037e-01	2.36327276e-01
460	3	0	60	6.37288933e+01	6.37307205e+01	9.43234348e+00	3.13360125e-01	9.43754768e+00	-1.14258543e-01	5.18560123e+00	8.03028107e+00	-2.19376335e+01	5.16296826e+03	7.87695527e-01	1.93102583e-01	8.17150831e-01	2.36312047e-01
461	3	0	61	6.37367363e+01	6.37385674e+01	9.43277168e+00	3.13355565e-01	9.43797493e+00	-1.14180326e-01	5.18564987e+00	8.03042698e+00	-2.19226284e+01	5.16306543e+03	7.87737668e-01	1.93103030e-01	8.17168534e-01	2.36307472e-01
462	3	0	62	6.37357178e+01	6.37375488e+01	9.43266869e+00	3.13357860e-01	9.43787289e+00	-1.14185221e-01	5.18563461e+00	8.03039837e+00	-2.19235573e+01	5.16303418e+03	7.87770629e-01	1.93099111e-01	8.17173183e-01	2.36301333e-01
463	3	0	63	6.37319565e+01	6.37337837e+01	9.43246746e+00	3.13368857e-01	9.43767262e+00	-1.14238210e-01	5.18563318e+00	8.03033066e+00	-2.19337349e+01	5.16303223e+03	7.87764430e-01	1.93098247e-01	8.17169905e-01	2.36301228e-01
464	3	0	64	6.37343216e+01	6.37361450e+01	9.43249035e+00	3.13371658e-01	9.43769455e+00	-1.14249676e-01	5.18564606e+00	8.03036022e+00	-2.19359398e+01	5.16305762e+03	7.87755489e-01	1.93102598e-01	8.17165613e-01	2.36307785e-01
465	3	0	65	6.37401810e+01	6.37420120e+01	9.43277931e+00	3.13376307e-01	9.43798256e+00	-1.14219911e-01	5.18568993e+00	8.03048134e+00	-2.19302254e+01	5.16314453e+03	7.87767231e-01	1.93108052e-01	8.17175388e-01	2.36311629e-01
466	3	0	66	6.37348022e+01	6.37366333e+01	9.43247986e+00	3.13375235e-01	9.43768311e+00	-1.14247829e-01	5.18563700e+00	8.03038120e+00	-2.19355812e+01	5.16303906e+03	7.87766337e-01	1.93103924e-01	8.17169070e-01	2.36308411e-01
467	3	0	67	6.37364120e+01	6.37382431e+01	9.43247795e+00	3.13373327e-01	9.43768311e+00	-1.14243910e-01	5.18563557e+00	8.03038597e+00	-2.19348335e+01	5.16303662e+03	7.87762940e-01	1.93104684e-01	8.17169070e-01	2.36309335e-01
468	3	0	68	6.37435913e+01	6.37454109e+01	9.43277740e+00	3.13374043e-01	9.43798065e+00	-1.14211895e-01	5.18569136e+00	8.03048515e+00	-2.19286880e+01	5.16314746e+03	7.87798524e-01	1.93107322e-01	8.17181051e-01	2.36309111e-01
469	3	0	69	6.37336540e+01	6.37354889e+01	9.43237877e+00	3.13378781e-01	9.43758297e+00	-1.14276715e-01	5.18565083e+00	8.03032303e+00	-2.19411316e+01	5.16306738e+03	7.87763059e-01	1.93102404e-01	8.17169845e-01	2.36306325e-01
470	3	0	70	6.37372208e+01	6.37390480e+01	9.43255329e+00	3.13377976e-01	9.43775749e+00	-1.14245743e-01	5.18567514e+00	8.03036213e+00	-2.19351845e+01	5.16311572e+03	7.87787795e-01	1.93101466e-01	8.17183852e-01	2.36301124e-01
471	3	0	71	6.37375107e+01	6.37393417e+01	9.43253708e+00	3.13379794e-01	9.43774128e+00	-1.14253253e-01	5.18568182e+00	8.03034592e+00	-2.19366245e+01	5.16312891e+03	7.87794292e-01	1.93100780e-01	8.17186713e-01	2.36299455e-01
472	3	0	72	6.37393684e+01	6.37411957e+01	9.43266392e+00	3.13381404e-01	9.43786812e+00	-1.14243045e-01	5.18570757e+00	8.03037834e+00	-2.19346676e+01	5.16318066e+03	7.87791371e-01	1.93101987e-01	8.17191839e-01	2.36299455e-01
473	3	0	73	6.37396965e+01	6.37415237e+01	9.43269825e+00	3.13381821e-01	9.43790340e+00	-1.14242427e-01	5.18571997e+00	8.03037453e+00	-2.19345493e+01	5.16320508e+03	7.87820101e-01	1.93101108e-01	8.17199528e-01	2.36296162e-01
474	3	0	74	6.37362480e+01	6.37380753e+01	9.43250847e+00	3.13409626e-01	9.43771362e+00	-1.14339255e-01	5.18575239e+00	8.03032970e+00	-2.19531403e+01	5.16326904e+03	7.87831306e-01	1.93104267e-01	8.17210078e-01	2.36296967e-01
475	3	0	75	6.37366943e+01	6.37385139e+01	9.43249798e+00	3.13406318e-01	9.43770409e+00	-1.14328556e-01	5.18573809e+00	8.03031349e+00	-2.19510803e+01	5.16324121e+03	7.87842095e-01	1.93103746e-01	8.17212105e-01	2.36295745e-01
476	3	0	76	6.37390251e+01	6.37408562e+01	9.43259716e+00	3.13402563e-01	9.43780231e+00	-1.14310242e-01	5.18574905e+00	8.03033829e+00	-2.19475594e+01	5.16326270e+03	7.87832558e-01	1.93104714e-01	8.17210615e-01	2.36297369e-01
477	3	0	77	6.37345085e+01	6.37363396e+01	9.43240929e+00	3.13403398e-01	9.43761444e+00	-1.14333965e-01	5.18572378e+00	8.03025436e+00	-2.19521179e+01	5.16321240e+03	7.87828684e-01	1.93101272e-01	8.17203164e-01	2.36295313e-01
478	3	0	78	6.37346420e+01	6.37364731e+01	9.43245792e+00	3.13400954e-01	9.43766212e+00	-1.14323601e-01	5.18572712e+00	8.03026009e+00	-2.19501305e+01	5.16321875e+03	7.87833750e-01	1.93101287e-01	8.17204118e-01	2.36295044e-01
479	3	0	79	6.37402115e+01	6.37420349e+01	9.43285847e+00	3.13385129e-01	9.43806362e+00	-1.14233568e-01	5.18574858e+00	8.03037834e+00	-2.19328499e+01	5.16326172e+03	7.87838221e-01	1.93103686e-01	8.17207575e-01	2.36296982e-01
480	3	0	80	6.37340317e+01	6.37358627e+01	9.43259621e+00	3.13385576e-01	9.43780136e+00	-1.14269271e-01	5.18571329e+00	8.03027725e+00	-2.19396915e+01	5.16319092e+03	7.87836134e-01	1.93100110e-01	8.17202449e-01	2.36294091e-01
481	3	0	81	6.37339668e+01	6.37357941e+01	9.43262768e+00	3.13384742e-01	9.43783283e+00	-1.14262201e-01	5.18571663e+00	8.03027916e+00	-2.19383373e+01	5.16319727e+03	7.87856638e-01	1.93099409e-01	8.17205429e-01	2.36292377e-01
482	3	0	82	6.37368050e+01	6.37386322e+01	9.43278122e+00	3.13382149e-01	9.43798542e+00	-1.14236116e-01	5.18573666e+00	8.03032207e+00	-2.19333248e+01	5.16323730e+03	7.87873924e-01	1.93099692e-01	8.17212343e-01	2.36290723e-01
483	3	0	83	6.37395859e+01	6.37414131e+01	9.43290997e+00	3.13376963e-01	9.43811321e+00	-1.14204004e-01	5.18574095e+00	8.03036118e+00	-2.19271660e+01	5.16324658e+03	7.87886381e-01	1.93100199e-01	8.17216337e-01	2.36290187e-01
484	3	0	84	6.37413406e+01	6.37431641e+01	9.43299007e+00	3.13374430e-01	9.43819427e+00	-1.14182681e-01	5.18574095e+00	8.03038979e+00	-2.19230766e+01	5.16324609e+03	7.87874758e-01	1.93101138e-01	8.17215383e-01	2.36291602e-01
485	3	0	85	6.37396355e+01	6.37414627e+01	9.43291283e+00	3.13378066e-01	9.43811798e+00	-1.14200480e-01	5.18573570e+00	8.03037071e+00	-2.19264965e+01	5.16323682e+03	7.87862360e-01	1.93101123e-01	8.17211211e-01	2.36292794e-01
486	3	0	86	6.37344589e+01	6.37362938e+01	9.43266296e+00	3.13382566e-01	9.43786716e+00	-1.14247575e-01	5.18571138e+00	8.03028870e+00	-2.19355373e+01	5.16318750e+03	7.87844002e-01	1.93099931e-01	8.17201138e-01	2.36294255e-01
487	3	0	87	6.37330399e+01	6.37348709e+01	9.43264484e+00	3.13380599e-01	9.43784809e+00	-1.14253812e-01	5.18571568e+00	8.03026962e+00	-2.19367390e+01	5.16319629e+03	7.87828207e-01	1.93100303e-01	8.17198813e-01	2.36295372e-01
488	3	0	88	6.37354507e+01	6.37372742e+01	9.43274975e+00	3.13378572e-01	9.43795395e+00	-1.14241287e-01	5.18573236e+00	8.03030205e+00	-2.19343262e+01	5.16322998e+03	7.87823677e-01	1.93102121e-01	8.17201853e-01	2.36296728e-01
489	3	0	89	6.37329483e+01	6.37347755e+01	9.43262196e+00	3.13381702e-01	9.43782616e+00	-1.14266343e-01	5.18572283e+00	8.03026199e+00	-2.19391365e+01	5.16321094e+03	7.87805796e-01	1.93101957e-01	8.17196190e-01	2.36298159e-01
490	3	0	90	6.37360840e+01	6.37379150e+01	9.43272686e+00	3.13382417e-01	9.43793106e+00	-1.14250965e-01	5.18573570e+00	8.03031254e+00	-2.19361858e+01	5.16323633e+03	7.87825704e-01	1.93103462e-01	8.17203104e-01	2.36298010e-01
491	3	0	91	6.37358780e+01	6.37377014e+01	9.43271828e+00	3.13382894e-01	9.43792248e+00	-1.14248291e-01	5.18573236e+00	8.03031063e+00	-2.19356689e+01	5.16322949e+03	7.87837744e-01	1.93102613e-01	8.17207515e-01	2.36295685e-01
492	3	0	92	6.37378464e+01	6.37396736e+01	9.43279648e+00	3.13382417e-01	9.43800068e+00	-1.14235640e-01	5.18574190e+00	8.03033447e+00	-2.19332447e+01	5.16324902e+03	7.87851691e-01	1.93103150e-01	8.17213535e-01	2.36294612e-01
493	3	0	93	6.37425766e+01	6.37444077e+01	9.43297386e+00	3.13385069e-01	9.43817806e+00	-1.14221998e-01	5.18577528e+00	8.03039837e+00	-2.19306221e+01	5.16331445e+03	7.87875891e-01	1.93106338e-01	8.17226231e-01	2.36294836e-01
494	3	0	94	6.37369995e+01	6.37388306e+01	9.43269444e+00	3.13389063e-01	9.43789864e+00	-1.14261970e-01	5.18573666e+00	8.03030586e+00	-2.19382992e+01	5.16323730e+03	7.87865877e-01	1.93104118e-01	8.17220032e-01	2.36293912e-01
495	3	0	95	6.37347488e+01	6.37365723e+01	9.43260193e+00	3.13389182e-01	9.43780613e+00	-1.14269428e-01	5.18571806e+00	8.03027153e+00	-2.19397335e+01	5.16320117e+03	7.87868440e-01	1.93102464e-01	8.17217469e-01	2.36292630e-01
496	3	0	96	6.37312622e+01	6.37330818e+01	9.43252277e+00	3.13388288e-01	9.43772793e+00	-1.14275806e-01	5.18570137e+00	8.03023911e+00	-2.19409599e+01	5.16316699e+03	7.87847340e-01	1.93101913e-01	8.17209542e-01	2.36294240e-01
497	3	0	97	6.37357979e+01	6.37376251e+01	9.43275261e+00	3.13384056e-01	9.43795681e+00	-1.14233650e-01	5.18572569e+00	8.03030109e+00	-2.19328613e+01	5.16321582e+03	7.87848651e-01	1.93102971e-01	8.17213237e-01	2.36294478e-01
498	3	0	98	6.37402725e+01	6.37420998e+01	9.43295574e+00	3.13380033e-01	9.43816090e+00	-1.14196055e-01	5.18574715e+00	8.03036118e+00	-2.19256420e+01	5.16325830e+03	7.87867904e-01	1.93103641e-01	8.17221582e-01	2.36292884e-01
499	3	0	99	6.37326546e+01	6.37344894e+01	9.43261433e+00	3.13387334e-01	9.43781853e+00	-1.14258133e-01	5.18571186e+00	8.03024483e+00	-2.19375591e+01	5.16318848e+03	7.87831545e-01	1.93101868e-01	8.17207575e-01	2.36294761e-01
500	3	0	100	6.37400627e+01	6.37418938e+01	9.43292809e+00	3.13383460e-01	9.43813324e+00	-1.14204854e-01	5.18574619e+00	8.03035164e+00	-2.19273338e+01	5.16325684e+03	7.87853658e-01	1.93104312e-01	8.17218959e-01	2.36294463e-01
