arm	global_epoch	phase	block	block_epoch	val_e_sr_mean	val_e_sr_rms	val_e_lr_mean	val_e_lr_std	val_e_lr_rms	val_q_mean	val_q_rms	val_q_max_abs	val_net_charge	val_sum_q2	val_f_sr_rms	val_f_lr_rms	val_f_tot_rms	val_f_lr_over_f_tot
cace-sea-lr	1	0	0	1	72.2907867	72.295578	5.21450043	0.183515921	5.21772861	1.02995574	1.25766146	3.27932024	197.751495	303.688782	0.555256844	0.27497077	0.632869542	0.434482545
cace-sea-lr	2	0	0	2	66.384079	66.393898	0.67351371	0.0247596111	0.673968554	0.346299678	0.492619425	1.2744149	66.4895401	46.5933914	0.772979498	0.0427176431	0.780754507	0.0547132827
cace-sea-lr	3	0	0	3	74.8304977	74.8334045	0.579514027	0.0219226405	0.579928577	0.311377138	0.48174426	1.1986779	59.7844124	44.5588799	0.80356133	0.0335184745	0.817948222	0.0409787223
cace-sea-lr	4	0	0	4	65.5988998	65.6013718	0.387978405	0.0195959564	0.388472974	0.273999035	0.331291318	0.968284309	52.607811	21.0727577	0.770814776	0.0274778027	0.778537929	0.0352941081
cace-sea-lr	5	0	0	5	67.5815277	67.584198	0.359759986	0.0222359635	0.360446513	0.276052296	0.294620395	0.7733531	53.0020447	16.6658268	0.818944573	0.0273875427	0.823054016	0.0332755111
cace-sea-lr	6	0	0	6	75.9406967	75.943161	0.246122792	0.0157220345	0.246624425	0.231410757	0.242216587	0.611426294	44.4308662	11.2644253	0.775042236	0.0215961132	0.78249377	0.027599087
cace-sea-lr	7	0	0	7	76.0437469	76.0459824	0.0676142946	0.0129994182	0.0688525885	0.0813689381	0.147577733	0.378359258	15.6228361	4.18160391	0.788390636	0.0138645973	0.792114258	0.0175032802
cace-sea-lr	8	0	0	8	79.5193481	79.5214615	0.165560633	0.0224416032	0.16707468	0.15433608	0.190584838	0.589913607	29.6325264	6.97393513	0.872847676	0.0224097986	0.879148364	0.0254903492
cace-sea-lr	9	0	0	9	67.5261688	67.5284729	0.169446558	0.021435149	0.170796946	0.140696913	0.211483672	0.623860121	27.0138054	8.58726692	0.754135728	0.0263082813	0.760073423	0.0346128158
cace-sea-lr	10	0	0	10	65.5232544	65.5257339	0.297861904	0.034290798	0.299829215	0.206214041	0.246344775	0.861875832	39.5930977	11.6516628	0.761886239	0.0355920009	0.768624365	0.0463061072
cace-sea-lr	11	0	0	11	65.5629425	65.565979	0.220913768	0.0477224253	0.226009592	0.00935387984	0.222755671	0.704889774	1.79594493	9.52705669	0.836458027	0.0413426794	0.840913475	0.0491640121
cace-sea-lr	12	0	0	12	77.1656342	77.1681137	0.19105342	0.0311998352	0.193584189	-0.0640626252	0.164874882	0.802937925	-12.3000231	5.21927547	0.839523792	0.0326500311	0.843873024	0.0386906937
cace-sea-lr	13	0	0	13	72.0826797	72.0852814	0.205932945	0.0402873345	0.209836721	-0.000148425213	0.201959655	1.09623408	-0.028497627	7.83124018	0.80066216	0.0403047539	0.807341754	0.0499227904
cace-sea-lr	14	0	0	14	74.3117523	74.3142471	0.179764405	0.0279071685	0.181917697	-0.0622734167	0.362330526	1.19315159	-11.9564962	25.2064133	0.778547049	0.0286855828	0.782713294	0.036648903
cace-sea-lr	15	0	0	15	75.4992676	75.5019073	0.282019317	0.0369383246	0.28442809	-0.0110995527	0.488615423	1.66685987	-2.13111448	45.8390427	0.815281153	0.0403289571	0.823112369	0.0489956886
cace-sea-lr	16	0	0	16	70.9250259	70.9272537	0.259543598	0.0454709828	0.263496637	-0.0194500368	0.450586915	1.44187701	-3.73440695	38.9814873	0.790955007	0.0419380143	0.799787402	0.0524364524
cace-sea-lr	17	0	0	17	73.6143036	73.6169586	0.276829183	0.03955625	0.279641002	-0.0585138313	0.592770576	1.60851443	-11.2346554	67.464386	0.828207195	0.0373234823	0.835676253	0.0446626097
cace-sea-lr	18	0	0	18	68.2111816	68.2139664	0.411846817	0.0407676362	0.413859665	-0.132711977	0.811329067	2.19178677	-25.4807014	126.384933	0.819408596	0.0405755527	0.825217545	0.0491695218
cace-sea-lr	19	0	0	19	73.102478	73.1053162	0.577671528	0.0424660482	0.579230309	-0.10060025	1.08809948	2.53726792	-19.3152485	227.320389	0.82020247	0.0460957997	0.826687217	0.0557596609
cace-sea-lr	20	0	0	20	79.5460968	79.5485306	0.784221292	0.0540498495	0.786081731	-0.256850392	1.29178584	2.44826865	-49.3152695	320.392456	0.824319899	0.050498087	0.835019827	0.0604753159
cace-sea-lr	21	0	0	21	70.7977905	70.8003616	0.972469628	0.05092071	0.973801851	-0.0886013284	1.54213333	3.15813541	-17.0114555	456.609619	0.796215236	0.0523100793	0.808456898	0.0647036061
cace-sea-lr	22	0	0	22	76.0308609	76.0334091	1.15395677	0.0566270202	1.15534544	-0.174467161	1.74672294	3.35789442	-33.4976883	585.799866	0.821781516	0.0578802004	0.83336246	0.0694538131
cace-sea-lr	23	0	0	23	66.2099304	66.212471	1.51550186	0.0616724826	1.51675618	-0.19707641	2.07426214	3.44881535	-37.8386765	826.092102	0.793068528	0.0541946441	0.799892008	0.0677524507
cace-sea-lr	24	0	0	24	73.0278625	73.0302505	2.02241254	0.0724903941	2.0237112	-0.116156287	2.38316345	4.11406994	-22.3020058	1090.45776	0.776969492	0.060332749	0.788572669	0.0765087977
cace-sea-lr	25	0	0	25	76.4531631	76.4553986	2.10585713	0.0838251933	2.10752487	-0.2519719	2.49251008	3.96301699	-48.3786049	1192.82031	0.814217865	0.0677874759	0.820905566	0.0825764611
cace-sea-lr	26	0	0	26	76.5880585	76.5903625	2.44755769	0.101640061	2.44966722	-0.319504112	2.70771956	4.31124926	-61.3447876	1407.69507	0.841747046	0.0781838745	0.847850204	0.0922142565
cace-sea-lr	27	0	0	27	67.6815033	67.68396	2.87064505	0.110916935	2.87278724	-0.301720619	2.95106673	4.74121284	-57.9303589	1672.08911	0.824213386	0.0884236246	0.838041663	0.105512209
cace-sea-lr	28	0	0	28	69.1781158	69.1804047	3.3681674	0.137137055	3.37095785	-0.373911381	3.22129321	5.02362394	-71.7909851	1992.33203	0.804629266	0.0974453688	0.819212139	0.118950106
cace-sea-lr	29	0	0	29	71.0017242	71.0037384	3.89779544	0.143873513	3.90044951	-0.253620297	3.46559405	5.35312176	-48.6951027	2305.9856	0.773563325	0.0978156105	0.798651814	0.122475915
cace-sea-lr	30	0	0	30	66.7532272	66.7555466	4.06336689	0.151071697	4.06617451	-0.243959337	3.51416326	5.44468117	-46.8401871	2371.07373	0.791289568	0.104158394	0.811496794	0.128353432
cace-sea-lr	31	0	0	31	69.736618	69.738884	4.16616631	0.153014034	4.16897535	-0.281655043	3.59133053	5.59239721	-54.0777664	2476.34961	0.802215576	0.106472895	0.818152547	0.130138189
cace-sea-lr	32	0	0	32	70.3874054	70.3895721	4.39737511	0.162587926	4.40038013	-0.310610384	3.70427918	5.68258476	-59.6371956	2634.56348	0.775348008	0.114010744	0.797626495	0.142937511
cace-sea-lr	33	0	0	33	69.9352341	69.9374542	4.98740196	0.194076896	4.99117661	-0.362310916	3.96311831	6.03608894	-69.5636902	3015.61084	0.81051451	0.131523505	0.829313993	0.158593133
cace-sea-lr	34	0	0	34	71.1188507	71.1209106	5.53846598	0.206196383	5.54230309	-0.305159122	4.16219711	6.34550714	-58.5905533	3326.18604	0.8222785	0.137437657	0.829774618	0.165632516
cace-sea-lr	35	0	0	35	66.8843307	66.8864136	5.51518536	0.212405413	5.51927376	-0.358311832	4.1724844	6.37562466	-68.7958755	3342.64795	0.795506835	0.140475318	0.815765321	0.17220065
cace-sea-lr	36	0	0	36	69.4278793	69.4299088	5.95707417	0.224296331	5.96129513	-0.348398894	4.33817577	6.54292536	-66.8925934	3613.39526	0.799868166	0.146760672	0.814988673	0.180076942
cace-sea-lr	37	0	0	37	64.4300308	64.432045	6.42592239	0.254938781	6.43097734	-0.414807439	4.51716137	6.63631439	-79.6430283	3917.71167	0.793423474	0.157029361	0.80877465	0.194157124
cace-sea-lr	38	0	0	38	61.0585518	61.0607719	6.50226355	0.261755347	6.50752926	-0.444780529	4.56242847	6.68485832	-85.3978729	3996.62427	0.77833569	0.160891488	0.804546773	0.1999778
cace-sea-lr	39	0	0	39	66.9612961	66.9633026	6.57233334	0.253431439	6.57721758	-0.389700204	4.56976032	6.82682323	-74.8224335	4009.48047	0.81435895	0.161943078	0.817495227	0.198096663
cace-sea-lr	40	0	0	40	69.5514755	69.5534668	6.79181385	0.26554659	6.79700232	-0.419161797	4.6561451	6.94114399	-80.4790649	4162.5	0.834413588	0.175665066	0.83714807	0.209837511
cace-sea-lr	41	0	1	1	66.0883942	66.0904694	7.43414021	0.268523574	7.43898773	-0.307257533	4.82304239	7.2184186	-58.9934464	4466.25293	0.802694738	0.172844872	0.819742382	0.210852668
cace-sea-lr	42	0	1	2	67.1924896	67.1944199	6.91630411	0.266281337	6.92142725	-0.372628838	4.66719723	6.87425423	-71.5447388	4182.28467	0.784228325	0.160907716	0.804639697	0.199974865
cace-sea-lr	43	0	1	3	64.2191696	64.2212601	6.95208263	0.249575227	6.95656109	-0.283906311	4.65593529	6.85709858	-54.5100098	4162.12451	0.802102089	0.149529487	0.816217542	0.183198079
cace-sea-lr	44	0	1	4	66.6325684	66.6344452	7.58090115	0.2768884	7.5859561	-0.294462651	4.86179209	7.21025467	-56.5368233	4538.30859	0.743020952	0.169904515	0.764997482	0.222098142
cace-sea-lr	45	0	1	5	61.1558228	61.157856	7.41117191	0.286399186	7.41670322	-0.389613241	4.86614895	7.17073822	-74.8057404	4546.44629	0.76876545	0.176697612	0.7752316	0.227928802
cace-sea-lr	46	0	1	6	66.3314209	66.3332443	7.94366837	0.309943795	7.94971228	-0.43612498	5.04986763	7.38016748	-83.7359924	4896.22363	0.759836435	0.196163818	0.78500092	0.249889925
cace-sea-lr	47	0	1	7	67.5838699	67.5857468	7.99274302	0.264299989	7.99711084	-0.201043516	4.94156551	7.34853601	-38.6003532	4688.46191	0.773473978	0.172209829	0.778804421	0.22112076
cace-sea-lr	48	0	1	8	64.8565521	64.8586655	6.73612499	0.265325218	6.74134874	-0.476123631	4.66892815	6.71320724	-91.4157333	4185.38672	0.800997138	0.162985235	0.802301407	0.203147143
cace-sea-lr	49	0	1	9	60.2176399	60.2197952	6.82465839	0.258781731	6.82956362	-0.358684868	4.6586318	6.85687113	-68.8674927	4166.94727	0.795029461	0.172938332	0.812677026	0.212800816
cace-sea-lr	50	0	1	10	63.0042496	63.0062828	7.34251404	0.286635727	7.34810734	-0.444750816	4.86774731	7.13277674	-85.3921661	4549.43262	0.769344985	0.191432938	0.810967624	0.236054972
cace-sea-lr	51	0	1	11	66.9385071	66.9404755	8.19221878	0.302054584	8.19778538	-0.358101666	5.09805632	7.54582596	-68.7555237	4990.11426	0.823639393	0.206815332	0.82358849	0.251114875
cace-sea-lr	52	0	1	12	63.3310928	63.3331261	8.65705776	0.31388703	8.66274643	-0.322911203	5.21803713	7.70768976	-61.998951	5227.75928	0.773489416	0.211036369	0.810418606	0.26040414
cace-sea-lr	53	0	1	13	63.9152832	63.9171867	8.90757847	0.322285652	8.91340637	-0.326252759	5.28582525	7.83694315	-62.6405258	5364.47119	0.804540515	0.215909794	0.812210262	0.265829921
cace-sea-lr	54	0	1	14	66.5885391	66.5903549	9.7448864	0.322529823	9.75022125	-0.214585543	5.43994045	8.17575455	-41.2004204	5681.84668	0.816279411	0.211207524	0.829788685	0.254531711
cace-sea-lr	55	0	1	15	59.6489754	59.6510162	8.29595375	0.315899044	8.30196476	-0.406646103	5.13812256	7.44958687	-78.0760498	5068.85791	0.819787741	0.198445559	0.833209455	0.238170072
cace-sea-lr	56	0	1	16	66.3842773	66.386261	8.0918951	0.320079178	8.09822369	-0.4513354	5.11169529	7.51499701	-86.656395	5016.8501	0.819120288	0.200696304	0.854934275	0.234750569
cace-sea-lr	57	0	1	17	56.9136963	56.9159698	8.51535606	0.311419249	8.52104855	-0.295700073	5.1607275	7.65533066	-56.7744141	5113.55713	0.8485232	0.195392936	0.855657876	0.228354052
cace-sea-lr	58	0	1	18	65.3495941	65.351738	8.434268	0.312125236	8.44004154	-0.40434438	5.21086264	7.68681049	-77.6341324	5213.39307	0.795848012	0.191958606	0.809855163	0.237028316
cace-sea-lr	59	0	1	19	65.5137024	65.5155716	8.79742813	0.319591671	8.80323124	-0.322488129	5.24945498	7.7842598	-61.9177132	5290.90137	0.781688511	0.201453343	0.819594085	0.245796487
cace-sea-lr	60	0	1	20	70.544342	70.5461426	8.84550858	0.337792248	8.85195637	-0.404081136	5.30352974	7.75150537	-77.58358	5400.46631	0.803074956	0.217673346	0.824917793	0.263872772
cace-sea-lr	61	0	1	21	64.7349167	64.7367859	8.68439293	0.333839625	8.69080734	-0.444673151	5.28314304	7.7264843	-85.3772507	5359.02734	0.774919748	0.210498899	0.806254566	0.261082441
cace-sea-lr	62	0	1	22	63.9700203	63.9718246	8.89884567	0.335560888	8.90516949	-0.372684389	5.31281614	7.76654625	-71.5554047	5419.39453	0.802422106	0.208015174	0.816698492	0.254702538
cace-sea-lr	63	0	1	23	65.706543	65.7085648	9.20728207	0.35117349	9.21397686	-0.41089955	5.4186573	7.92705059	-78.8927155	5637.4751	0.805122495	0.219166502	0.839205921	0.26115939
cace-sea-lr	64	0	1	24	64.805336	64.8071671	8.94735813	0.345746309	8.95403481	-0.435192317	5.33913803	7.79001474	-83.5569229	5473.22803	0.810937464	0.211714774	0.827467501	0.255858719
cace-sea-lr	65	0	1	25	63.6981087	63.6999207	9.29488945	0.346203417	9.30133533	-0.347807914	5.4007659	7.96674585	-66.779129	5600.30859	0.786284387	0.21056053	0.802630663	0.262338012
cace-sea-lr	66	0	1	26	63.5652847	63.5670967	8.67790031	0.31656602	8.68367195	-0.291591793	5.17932796	7.69555616	-55.9856339	5150.48438	0.76942569	0.190417394	0.795151711	0.23947303
cace-sea-lr	67	0	1	27	64.4066315	64.4084473	8.88197803	0.321153194	8.88778114	-0.291006416	5.23849726	7.76360226	-55.87323	5268.83643	0.824750483	0.19779101	0.835247159	0.236805364
cace-sea-lr	68	0	1	28	65.7358932	65.7376862	8.78593159	0.337734431	8.79241943	-0.390655518	5.2454071	7.67060423	-75.0058594	5282.74463	0.779154956	0.199822098	0.809863806	0.246735439
cace-sea-lr	69	0	1	29	61.6756363	61.677475	8.4770174	0.306957811	8.48257351	-0.274432182	5.09433937	7.58161259	-52.690979	4982.84082	0.768289447	0.186970741	0.792583406	0.235900402
cace-sea-lr	70	0	1	30	64.7098846	64.7118225	8.78722763	0.31243819	8.79278088	-0.256556183	5.19583607	7.71324921	-49.2587852	5183.36865	0.800589919	0.192672789	0.827235639	0.232911617
cace-sea-lr	71	0	1	31	58.5155029	58.5175514	8.7343502	0.321948558	8.74028111	-0.327117413	5.21605921	7.71548653	-62.8065414	5223.79688	0.772963464	0.196848646	0.793089688	0.248204768
cace-sea-lr	72	0	1	32	61.7126274	61.7145844	9.02279663	0.328668654	9.02877998	-0.31868583	5.28469276	7.80107498	-61.1876831	5362.17236	0.788086057	0.203133017	0.814890265	0.249276534
cace-sea-lr	73	0	1	33	64.6717148	64.673645	9.25963688	0.329864949	9.26551056	-0.295792311	5.34883165	7.96512413	-56.7921257	5493.12012	0.799423039	0.205962732	0.818161905	0.251738369
cace-sea-lr	74	0	1	34	63.5093384	63.5112457	9.78502178	0.335336328	9.79076672	-0.235904306	5.44959927	8.13786888	-45.2936287	5702.0415	0.799513757	0.21240066	0.816002131	0.260294259
cace-sea-lr	75	0	1	35	62.7048416	62.7068443	10.1816845	0.347583354	10.1876163	-0.229240894	5.54791641	8.34858608	-44.0142441	5909.64014	0.80325526	0.217497692	0.819572628	0.265379399
cace-sea-lr	76	0	1	36	64.7476501	64.7496338	9.84107018	0.336362034	9.84681702	-0.24847202	5.48550558	8.24117279	-47.7066269	5777.42871	0.795626104	0.210689351	0.808992505	0.26043424
cace-sea-lr	77	0	1	37	62.3064384	62.3083954	9.54949474	0.338434666	9.55548954	-0.279874235	5.40837622	8.10244179	-53.7358627	5616.10254	0.789936662	0.202574715	0.815940857	0.248271316
cace-sea-lr	78	0	1	38	63.0954475	63.097271	9.69465828	0.33797425	9.70054722	-0.21136795	5.39313889	8.10320663	-40.5826492	5584.50146	0.796226978	0.200902954	0.817992449	0.245604903
cace-sea-lr	79	0	1	39	60.3823471	60.3842468	9.95486259	0.34196198	9.96073532	-0.210835934	5.46000671	8.27046013	-40.4804916	5723.84131	0.808540225	0.203768343	0.817642212	0.24921456
cace-sea-lr	80	0	1	40	64.7941437	64.7960663	10.0358658	0.352028489	10.0420389	-0.245099127	5.51201248	8.28446198	-47.0590324	5833.39844	0.807041824	0.210191384	0.822973192	0.25540489
cace-sea-lr	81	0	2	1	61.9637642	61.9656639	10.0329304	0.360555351	10.0394068	-0.287722468	5.54554129	8.21857834	-55.2427139	5904.58105	0.798024237	0.215543792	0.819182158	0.263120711
cace-sea-lr	82	0	2	2	61.5150375	61.5170326	10.0301008	0.337024122	10.0357618	-0.169594377	5.45408964	8.19757938	-32.5621223	5711.44238	0.797866166	0.20059374	0.823195457	0.243676931
cace-sea-lr	83	0	2	3	66.6857376	66.6875839	9.61268902	0.337373316	9.61860752	-0.26162979	5.41867924	8.14015675	-50.2329254	5637.521	0.813678026	0.203555226	0.844830692	0.240942031
cace-sea-lr	84	0	2	4	62.1666756	62.168602	9.68716621	0.333241433	9.69289589	-0.210349962	5.39663935	8.13128471	-40.387188	5591.75391	0.795297146	0.201127827	0.816994429	0.246180177
cace-sea-lr	85	0	2	5	62.5971375	62.5993385	8.6029911	0.316498131	8.60881042	-0.282112747	5.16534996	7.66927624	-54.1656494	5122.72119	0.817974687	0.181573972	0.848906815	0.213891521
cace-sea-lr	86	0	2	6	62.6086311	62.6105766	8.72605705	0.297068924	8.73111153	-0.199683249	5.11219883	7.67174339	-38.3391838	5017.83838	0.784122467	0.180774763	0.807265937	0.223934591
cace-sea-lr	87	0	2	7	63.7560425	63.7578735	8.71002483	0.298536837	8.71514034	-0.189939842	5.09657335	7.55014038	-36.4684525	4987.21045	0.797287226	0.180374041	0.813050807	0.221848428
cace-sea-lr	88	0	2	8	61.7547493	61.7565994	8.64334297	0.324013919	8.64941311	-0.324605107	5.16770172	7.56574726	-62.3241806	5127.38672	0.761462748	0.196571812	0.807021558	0.243576899
cace-sea-lr	89	0	2	9	66.833519	66.8353653	8.94187641	0.316216469	8.9474659	-0.269060254	5.24582672	7.73868275	-51.6595688	5283.59033	0.778207004	0.202162474	0.816497922	0.247597054
cace-sea-lr	90	0	2	10	64.3989029	64.4007874	9.0904789	0.327709585	9.09638405	-0.324967384	5.32063198	7.8899684	-62.3937454	5435.35254	0.793688118	0.215275466	0.809015155	0.266095728
cace-sea-lr	91	0	2	11	63.0619202	63.063839	9.49506378	0.341574132	9.50120544	-0.314326793	5.43609762	8.09191704	-60.3507462	5673.82178	0.822238863	0.224389836	0.822474062	0.272823006
cace-sea-lr	92	0	2	12	65.4486237	65.4505081	9.73223877	0.347017825	9.7384243	-0.314634591	5.50135231	8.18974876	-60.4098396	5810.85645	0.835003436	0.235586479	0.826824486	0.284929246
cace-sea-lr	93	0	2	13	63.6102104	63.6121254	9.96755695	0.352146536	9.97377586	-0.316655606	5.57031059	8.30242538	-60.7978745	5957.44531	0.819399714	0.243012294	0.818582118	0.296869785
cace-sea-lr	94	0	2	14	65.4136734	65.4156876	9.40621185	0.334666908	9.41216373	-0.29861477	5.40508652	8.08755779	-57.334034	5609.27197	0.815897822	0.222675115	0.823205352	0.27049765
cace-sea-lr	95	0	2	15	62.1816177	62.1834526	9.01299477	0.332316667	9.01911736	-0.340887845	5.31412697	7.7877655	-65.45047	5422.06934	0.783529222	0.202863216	0.810145617	0.250403404
cace-sea-lr	96	0	2	16	63.1314087	63.1331062	8.5595026	0.332407147	8.56595516	-0.434547484	5.19427729	7.5829401	-83.4331131	5180.25928	0.787426353	0.195004672	0.80284667	0.24289155
cace-sea-lr	97	0	2	17	60.7199631	60.7223129	7.86910343	0.302002013	7.87489605	-0.393736333	4.98613167	7.43165779	-75.597374	4773.40918	0.797834218	0.177584201	0.811724961	0.218773857
cace-sea-lr	98	0	2	18	69.976059	69.977829	7.95765829	0.297227502	7.96320724	-0.367432952	5.01101446	7.3946867	-70.5471268	4821.1709	0.747699857	0.183931068	0.787464201	0.233573884
cace-sea-lr	99	0	2	19	63.6857796	63.6877022	8.4707222	0.293259561	8.4757967	-0.242520466	5.09676504	7.72730684	-46.5639343	4987.58643	0.778806329	0.198047161	0.81840831	0.241990656
cace-sea-lr	100	0	2	20	66.3858871	66.3877869	8.12431049	0.284090012	8.12927532	-0.216387972	4.97103167	7.45002747	-41.5464935	4744.54199	0.792654574	0.181196302	0.820925117	0.220722079
cace-sea-lr	101	0	2	21	64.71138	64.7131958	8.66202831	0.305814683	8.66742611	-0.26955682	5.14663744	7.68237543	-51.7549057	5085.67285	0.795229256	0.196818858	0.819127679	0.240278602
cace-sea-lr	102	0	2	22	64.7188721	64.7207108	9.73220062	0.321789593	9.73751831	-0.184795707	5.38052607	8.01908207	-35.4807854	5558.41113	0.785997212	0.206218272	0.813057125	0.253633201
cace-sea-lr	103	0	2	23	63.0633469	63.065258	9.75060749	0.325027645	9.75602341	-0.181090638	5.3816328	8.05364323	-34.7694016	5560.69824	0.803627491	0.201935396	0.817993879	0.246866629
cace-sea-lr	104	0	2	24	60.0100899	60.0121307	9.37917995	0.331329644	9.38503075	-0.258402288	5.34841871	7.9293294	-49.6132393	5492.27148	0.799494326	0.198981553	0.819969416	0.242669478
cace-sea-lr	105	0	2	25	63.1523743	63.154232	9.42804718	0.329657316	9.43380833	-0.249080092	5.36103916	7.95803976	-47.8233719	5518.22168	0.794576526	0.199537098	0.812648833	0.245539144
cace-sea-lr	106	0	2	26	60.691906	60.693882	9.39372063	0.347117871	9.40013313	-0.333888054	5.39190769	7.99023151	-64.1065063	5581.95215	0.799064338	0.207987785	0.824609876	0.252225667
cace-sea-lr	107	0	2	27	64.8870468	64.8890686	9.09165382	0.345989257	9.09823513	-0.372853845	5.34068346	7.83341599	-71.5879364	5476.39697	0.827793241	0.201975271	0.848350048	0.238080114
cace-sea-lr	108	0	2	28	65.4482269	65.4500351	8.88696671	0.284077495	8.8915062	-0.104754947	5.06529045	7.8143177	-20.1129494	4926.17627	0.771295011	0.174448967	0.797984183	0.21861206
cace-sea-lr	109	0	2	29	66.7248688	66.7266998	8.4099102	0.289691925	8.41489792	-0.219506934	5.03304243	7.58614254	-42.1453323	4863.65088	0.788933992	0.175745279	0.815266192	0.215567976
cace-sea-lr	110	0	2	30	65.8219376	65.8237991	8.81866169	0.305898577	8.82396412	-0.219897658	5.13295698	7.80734253	-42.220356	5058.67139	0.801958561	0.188637882	0.82066524	0.229859725
cace-sea-lr	111	0	2	31	63.4885559	63.4904175	9.18405724	0.316684544	9.18951607	-0.217457712	5.24801254	7.95244598	-41.7518845	5287.99365	0.793232143	0.194616973	0.829021811	0.23475495
cace-sea-lr	112	0	2	32	62.9675674	62.9694176	9.56863213	0.326804906	9.57421207	-0.197221011	5.34994841	8.0673008	-37.8664322	5495.41406	0.774845898	0.198710248	0.797510087	0.2491633
cace-sea-lr	113	0	2	33	63.1385193	63.140419	9.60229206	0.334901392	9.6081295	-0.234723359	5.38524199	8.0393858	-45.0668831	5568.16064	0.796812296	0.203251988	0.81462872	0.249502599
cace-sea-lr	114	0	2	34	60.2112656	60.2131271	9.54157448	0.32754007	9.54719448	-0.217264563	5.35043097	8.07714844	-41.7147903	5496.40527	0.793509424	0.201082766	0.814044774	0.247016832
cace-sea-lr	115	0	2	35	63.2370224	63.2387695	9.92421913	0.337987334	9.92997169	-0.19356361	5.43280554	8.19429493	-37.1642151	5666.95215	0.775652707	0.205815464	0.795217037	0.258816719
cace-sea-lr	116	0	2	36	63.6768799	63.6788521	8.44455814	0.296015769	8.44974422	-0.254748195	5.07756329	7.50544119	-48.9116516	4950.07666	0.808968663	0.17460075	0.830620944	0.210205093
cace-sea-lr	117	0	2	37	66.018837	66.0207977	8.09297943	0.28312251	8.09792995	-0.21543318	4.93519497	7.42085743	-41.3631706	4676.37988	0.769340098	0.173743919	0.793192804	0.219043747
cace-sea-lr	118	0	2	38	61.9366875	61.9386864	8.19822693	0.278983235	8.20297337	-0.180902824	4.92253113	7.3995533	-34.7333374	4652.41162	0.791310728	0.17630133	0.812095463	0.217094347
cace-sea-lr	119	0	2	39	68.0076752	68.0094681	8.68271637	0.29419297	8.68769932	-0.204400226	5.0960927	7.69588709	-39.2448463	4986.27148	0.795238137	0.189853534	0.822481871	0.230830058
cace-sea-lr	120	0	2	40	64.6822357	64.6841125	8.75948811	0.303195506	8.76473331	-0.227187023	5.1365366	7.70750999	-43.6199074	5065.72949	0.795879066	0.191072583	0.818586826	0.233417615
cace-sea-lr	121	0	3	1	62.8735161	62.8755035	8.2635088	0.296406448	8.26882267	-0.266300142	5.01579046	7.52548313	-51.1296272	4830.36572	0.794739068	0.183098972	0.817305028	0.224027708
cace-sea-lr	122	0	3	2	66.2707291	66.2725296	7.95653677	0.283180565	7.96157455	-0.25107345	4.90744686	7.33397293	-48.2061081	4623.94287	0.803516805	0.174868584	0.813949943	0.214839488
cace-sea-lr	123	0	3	3	65.8908844	65.8928452	8.65708923	0.300007552	8.6622858	-0.210373089	5.08088064	7.63401699	-40.3916321	4956.54736	0.821972728	0.182653427	0.847436547	0.215536401
cace-sea-lr	124	0	3	4	66.9144287	66.9162369	7.06202221	0.254413247	7.06660318	-0.23632431	4.62320042	7.01662445	-45.3742676	4103.80469	0.778830111	0.14745982	0.798823178	0.184596315
cace-sea-lr	125	0	3	5	65.4104614	65.4125748	6.62803507	0.240688309	6.63240337	-0.17757538	4.40757942	6.64276314	-34.0944748	3729.9375	0.84026742	0.141228244	0.879856229	0.160512865
cace-sea-lr	126	0	3	6	67.4326859	67.434639	6.65744925	0.221170232	6.66112232	-0.125310108	4.39793491	6.63804674	-24.059536	3713.63159	0.841931581	0.142299399	0.865960717	0.164325461
cace-sea-lr	127	0	3	7	62.3250542	62.3269806	6.33005714	0.225722149	6.33408022	-0.227414578	4.36802197	6.54482555	-43.6635971	3663.28589	0.760132313	0.145258263	0.786072612	0.184789881
cace-sea-lr	128	0	3	8	67.3592987	67.3612289	6.65293789	0.235891223	6.65711832	-0.21497111	4.45054579	6.77387094	-41.274456	3803.01245	0.789489269	0.148992956	0.80981952	0.183982909
cace-sea-lr	129	0	3	9	60.773243	60.775856	6.17437983	0.231647044	6.17872381	-0.270314753	4.32419252	6.50443649	-51.9004326	3590.13916	0.799869001	0.147064433	0.820358694	0.17926845
cace-sea-lr	130	0	3	10	61.5611458	61.5633125	5.81292486	0.23276563	5.81758356	-0.364841461	4.26211739	6.30057001	-70.0495605	3487.80396	0.777478218	0.139607415	0.797932863	0.174961358
cace-sea-lr	131	0	3	11	66.1120529	66.1139984	6.3719449	0.248889744	6.37680387	-0.357887954	4.45426416	6.68138409	-68.7144928	3809.37036	0.792471528	0.157130376	0.818712473	0.191923752
cace-sea-lr	132	0	3	12	63.3704033	63.372261	7.09122705	0.270061493	7.09636736	-0.30618152	4.6640048	6.88992786	-58.7868538	4176.56494	0.782469511	0.160017714	0.801162839	0.199731827
cace-sea-lr	133	0	3	13	71.2088623	71.2108002	7.17322254	0.259000301	7.17789698	-0.267565787	4.68189859	6.98563385	-51.3726311	4208.67334	0.802618086	0.163226381	0.82263577	0.198418781
cace-sea-lr	134	0	3	14	67.8338165	67.8357773	6.5998354	0.22983706	6.60383558	-0.235137209	4.44821453	6.72107506	-45.146347	3799.02979	0.809390783	0.145561561	0.824311972	0.176585525
cace-sea-lr	135	0	3	15	67.9893646	67.9914474	5.37508965	0.198587552	5.378757	-0.226334035	4.01703548	6.05940008	-43.4561348	3098.22266	0.758406043	0.120777503	0.78127861	0.154589549
cace-sea-lr	136	0	3	16	73.6413116	73.6430817	5.78753901	0.211789474	5.79141235	-0.181383386	4.13066483	6.26541901	-34.8256111	3275.979	0.785935104	0.131972179	0.814048409	0.162118345
cace-sea-lr	137	0	3	17	62.1350327	62.1371841	5.63245678	0.208335131	5.63630819	-0.21677877	4.0822506	6.11883068	-41.6215286	3199.63574	0.782074809	0.134775385	0.79770875	0.168953121
cace-sea-lr	138	0	3	18	71.0922241	71.0941086	5.77078724	0.227738947	5.77527857	-0.377073288	4.22048235	6.24753428	-72.3980713	3419.99414	0.788736463	0.148701072	0.806327224	0.184417769
cace-sea-lr	139	0	3	19	67.1947403	67.1968002	6.43881464	0.241690651	6.44334888	-0.327461064	4.46655464	6.67990255	-62.8725204	3830.42114	0.79313308	0.156067774	0.811062634	0.19242382
cace-sea-lr	140	0	3	20	63.2084122	63.2105331	5.83950424	0.229915097	5.84402895	-0.357009828	4.29863501	6.36832047	-68.5458832	3547.82617	0.802112043	0.13176474	0.84482348	0.155967191
cace-sea-lr	141	0	3	21	68.1772156	68.1791458	5.56040335	0.217234671	5.56464529	-0.377863884	4.15905428	6.28312683	-72.5498581	3321.16455	0.778375506	0.129526496	0.790384591	0.163877815
cace-sea-lr	142	0	3	22	66.8150177	66.8169708	6.01019573	0.23435773	6.01476336	-0.327609032	4.30618811	6.45079994	-62.9009323	3560.30542	0.80058974	0.139533028	0.822290301	0.169688284
cace-sea-lr	143	0	3	23	67.1603851	67.1623306	6.20574093	0.239018843	6.21034241	-0.324582249	4.38079882	6.50998878	-62.3197861	3684.74805	0.804361761	0.146235809	0.833352029	0.17547904
cace-sea-lr	144	0	3	24	64.9063568	64.9083023	6.93808222	0.243940815	6.94236946	-0.219180062	4.56382751	6.91328812	-42.0825691	3999.07666	0.78450799	0.156910449	0.806380689	0.194586068
cace-sea-lr	145	0	3	25	66.6423721	66.6442947	7.34491444	0.25624001	7.34938192	-0.220070273	4.68512154	7.0879488	-42.2534904	4214.46973	0.795772791	0.169570044	0.81776464	0.207358003
cace-sea-lr	146	0	3	26	64.872261	64.8741531	7.90892315	0.244716376	7.91270828	-0.0471440144	4.69371128	7.26259184	-9.05164909	4229.93848	0.78554076	0.168153241	0.81728971	0.205744967
cace-sea-lr	147	0	3	27	67.9288483	67.9307938	7.44606304	0.245357603	7.45010471	-0.105768971	4.61456633	7.06109142	-20.3076439	4088.49072	0.802838445	0.155034855	0.824015319	0.188145593
cace-sea-lr	148	0	3	28	64.4716797	64.4735336	6.70483923	0.240013823	6.70913363	-0.195096061	4.44050407	6.8053112	-37.4584427	3785.87061	0.773921072	0.153021142	0.801095843	0.191014782
cace-sea-lr	149	0	3	29	66.4873962	66.4892426	7.15389013	0.225801259	7.15745306	-0.075041689	4.48957682	6.9553647	-14.4080019	3870.00977	0.766876578	0.14872174	0.788001478	0.188732818
cace-sea-lr	150	0	3	30	66.5918961	66.5937805	6.61916494	0.235310048	6.62334681	-0.187128752	4.40905046	6.74526119	-35.9287224	3732.42725	0.804324329	0.150852293	0.826980591	0.18241334
cace-sea-lr	151	0	3	31	67.7566986	67.7587585	7.12986851	0.238623902	7.13386059	-0.124358416	4.51057673	6.99703979	-23.8768196	3906.29761	0.776408136	0.159987494	0.803212166	0.199184597
cace-sea-lr	152	0	3	32	66.0923462	66.094574	7.16893911	0.240516856	7.17297268	-0.067043744	4.49174023	6.88289881	-12.8723955	3873.74072	0.812420487	0.141491175	0.843973219	0.167648897
cace-sea-lr	153	0	3	33	65.1400909	65.1423111	6.70321131	0.217254207	6.70673084	-0.0976889506	4.36561966	6.74175119	-18.756279	3659.25781	0.81191206	0.143858969	0.823391676	0.174715117
cace-sea-lr	154	0	3	34	66.7278595	66.7298279	6.60216141	0.221928984	6.60589027	-0.152139023	4.39035654	6.7114706	-29.2106972	3700.84375	0.812246084	0.144783482	0.820732594	0.17640762
cace-sea-lr	155	0	3	35	68.4399261	68.4419327	7.00674725	0.226336673	7.01040268	-0.0990491286	4.46707916	6.8874445	-19.0174351	3831.3208	0.817419946	0.15387103	0.826789856	0.186106578
cace-sea-lr	156	0	3	36	68.2325211	68.2345352	6.86473322	0.240197301	6.86893415	-0.18359004	4.50871849	6.84336042	-35.2492867	3903.07959	0.833187938	0.156249449	0.844733953	0.184968829
cace-sea-lr	157	0	3	37	65.3465424	65.3484879	6.98692942	0.245950907	6.99125719	-0.202347472	4.55533266	6.9436121	-38.8507156	3984.20239	0.786254883	0.162327364	0.808090687	0.200877652
cace-sea-lr	158	0	3	38	63.4600716	63.4619637	7.2832613	0.258255571	7.28783798	-0.219613165	4.66948462	7.09856033	-42.1657295	4186.38525	0.769382477	0.162990138	0.804130375	0.202691182
cace-sea-lr	159	0	3	39	65.4620514	65.4639359	7.42386007	0.261674076	7.42847013	-0.19821021	4.68422842	7.08702564	-38.0563583	4212.86328	0.787644565	0.168247819	0.812660635	0.207033306
cace-sea-lr	160	0	3	40	67.3881989	67.3900452	7.46917725	0.255062789	7.47352982	-0.155203015	4.64956093	7.1059494	-29.7989769	4150.73584	0.795484364	0.166546836	0.822482347	0.202492908
cace-sea-lr	161	0	4	1	67.3489838	67.3508377	7.06856918	0.254190207	7.07313824	-0.227928936	4.5991025	6.93362141	-43.7623596	4061.1355	0.790327489	0.159517989	0.811861873	0.196484149
cace-sea-lr	162	0	4	2	64.9016418	64.9036331	7.35581589	0.248036116	7.3599968	-0.149893001	4.6260581	7.03121758	-28.7794552	4108.87939	0.789697528	0.158919483	0.815407217	0.194895849
cace-sea-lr	163	0	4	3	66.3065338	66.3089371	4.84187412	0.188275844	4.84553289	-0.22273241	3.78711438	5.84880543	-42.7646179	2753.70923	0.809952319	0.108324207	0.835606456	0.129635438
cace-sea-lr	164	0	4	4	69.3544846	69.3568497	4.94297075	0.181557506	4.94630384	-0.154113799	3.77889633	5.88084173	-29.5898533	2741.771	0.785975218	0.101446904	0.80705595	0.125699967
cace-sea-lr	165	0	4	5	68.8185883	68.8206329	5.33371639	0.185609043	5.33694506	-0.129272938	3.89198828	6.21280718	-24.8204002	2908.33398	0.816974521	0.127067506	0.843072057	0.150719628
cace-sea-lr	166	0	4	6	64.5227509	64.5247574	5.20118713	0.187973127	5.20458269	-0.177574471	3.9176836	6.07163715	-34.0942993	2946.86279	0.772602201	0.11792326	0.797209978	0.147919953
cace-sea-lr	167	0	4	7	68.920517	68.9226532	5.41830063	0.206187189	5.42222214	-0.273024201	4.04480648	6.05831861	-52.4206429	3141.20825	0.852418303	0.124108747	0.858999968	0.144480497
cace-sea-lr	168	0	4	8	65.9797516	65.9817963	5.57529163	0.20519717	5.57906628	-0.244829968	4.10404587	6.18925571	-47.0073586	3233.89307	0.798822463	0.133643359	0.829103351	0.161190227
cace-sea-lr	169	0	4	9	64.9865417	64.9885254	5.45514774	0.215368763	5.45939684	-0.334044516	4.1033144	6.08587551	-64.1365433	3232.74072	0.772628903	0.135523945	0.79862535	0.169696525
cace-sea-lr	170	0	4	10	67.9648819	67.9667969	5.68562841	0.2110008	5.68954229	-0.25745067	4.16240931	6.25991917	-49.4305305	3326.5249	0.784652352	0.141635805	0.794346392	0.178304836
cace-sea-lr	171	0	4	11	64.7629166	64.764946	5.92069864	0.222678587	5.92488432	-0.289211214	4.26014757	6.44801426	-55.5285454	3484.58057	0.788054943	0.15216659	0.810234606	0.187805593
cace-sea-lr	172	0	4	12	64.621788	64.6237717	6.14674377	0.23685129	6.1513052	-0.317804724	4.34429741	6.51577282	-61.0184937	3623.60156	0.810616851	0.155800596	0.823529124	0.189186499
cace-sea-lr	173	0	4	13	68.6201401	68.6221924	6.02568865	0.239749596	6.03045607	-0.389210641	4.35075235	6.39913368	-74.7284393	3634.37646	0.814371347	0.155522153	0.825835347	0.188321024
cace-sea-lr	174	0	4	14	68.3007965	68.3026657	6.26489782	0.233797997	6.26925945	-0.271678239	4.35849714	6.52986526	-52.1622124	3647.32739	0.780627549	0.157981187	0.814086914	0.194059357
cace-sea-lr	175	0	4	15	66.6919785	66.6939316	6.37181187	0.244066417	6.37648439	-0.312195152	4.42494249	6.6281929	-59.9414673	3759.38208	0.809603453	0.16374287	0.822470069	0.199086726
cace-sea-lr	176	0	4	16	68.4305038	68.4323196	6.95515156	0.244890347	6.95946169	-0.212156966	4.56066275	6.9418993	-40.7341309	3993.53125	0.811372221	0.170183063	0.821078479	0.207267717
cace-sea-lr	177	0	4	17	64.6953278	64.6974487	6.88802433	0.269426078	6.89329147	-0.283395916	4.55510902	6.86235905	-54.4120102	3983.81177	0.849664867	0.179727152	0.850794256	0.211246312
cace-sea-lr	178	0	4	18	68.5066071	68.5084381	6.32721853	0.244079873	6.33192492	-0.287254542	4.3981719	6.58509541	-55.1528816	3714.03198	0.773704112	0.157728359	0.802924454	0.196442336
cace-sea-lr	179	0	4	19	65.9045029	65.9064713	6.50378418	0.227570862	6.50776386	-0.193658039	4.39785004	6.7315588	-37.1823425	3713.48828	0.803040206	0.154673666	0.831544995	0.186007574
cace-sea-lr	180	0	4	20	69.0900269	69.0924072	5.22516918	0.202965766	5.22911024	-0.339104384	3.99154091	5.90982962	-65.1080475	3059.02075	0.833936989	0.12665762	0.851580083	0.148732483
cace-sea-lr	181	0	4	21	67.9335861	67.9356079	5.34372234	0.169194192	5.34640074	-0.0605797842	3.85846615	6.09370708	-11.631319	2858.44995	0.7850914	0.118260168	0.813551366	0.145362884
cace-sea-lr	182	0	4	22	66.7079086	66.7098618	5.64321232	0.195059091	5.6465826	-0.113873467	4.00128698	6.33249378	-21.8637047	3073.97656	0.78405261	0.131672919	0.809964538	0.162566274
cace-sea-lr	183	0	4	23	68.1099472	68.1119003	6.11029816	0.215610579	6.11410093	-0.174391225	4.21936178	6.5327425	-33.4831161	3418.17896	0.778094172	0.145047188	0.80161351	0.18094404
cace-sea-lr	184	0	4	24	67.386673	67.3885727	6.30134678	0.22425358	6.305336	-0.203420267	4.31630898	6.60737181	-39.0566902	3577.06055	0.790224254	0.150717065	0.820454776	0.183699414
cace-sea-lr	185	0	4	25	67.0812988	67.0831833	6.42166996	0.226745486	6.42567158	-0.200173572	4.35295677	6.67567444	-38.4333267	3638.06055	0.786538601	0.152843177	0.810949922	0.188474253
cace-sea-lr	186	0	4	26	66.2465515	66.2485199	6.64055347	0.235904709	6.64474201	-0.204396784	4.42930555	6.79012823	-39.2441826	3766.79932	0.794351578	0.160221159	0.818514526	0.195746258
cace-sea-lr	187	0	4	27	63.8940125	63.8960915	6.3362937	0.242671728	6.34093952	-0.283554882	4.37504244	6.63931656	-54.4425278	3675.07104	0.799982071	0.158917099	0.82288903	0.193120942
cace-sea-lr	188	0	4	28	64.7204895	64.7225113	6.72331095	0.238080099	6.72752476	-0.197823867	4.44856548	6.82878494	-37.9821777	3799.62939	0.799001396	0.160314307	0.819639564	0.195591226
cace-sea-lr	189	0	4	29	66.2965927	66.2985764	6.98322439	0.240265489	6.98735666	-0.165087506	4.50857878	6.96262836	-31.6968021	3902.83838	0.789597631	0.164520219	0.817499459	0.201248109
cace-sea-lr	190	0	4	30	64.3079453	64.3098373	7.07891369	0.245959222	7.08318615	-0.157189414	4.53483677	6.98298025	-30.1803646	3948.43091	0.795475721	0.156016648	0.822454095	0.189696476
cace-sea-lr	191	0	4	31	64.3505402	64.3526001	6.89874744	0.24388288	6.9030571	-0.190603167	4.50245333	6.83189106	-36.5958023	3892.24023	0.796259105	0.150658548	0.820764601	0.183558777
cace-sea-lr	192	0	4	32	69.0024643	69.0042648	6.84649277	0.247861266	6.85097837	-0.229916438	4.52114296	6.81073141	-44.1439514	3924.62109	0.786408722	0.153400019	0.811341643	0.189069569
cace-sea-lr	193	0	4	33	63.7324905	63.7346001	6.41299915	0.247197315	6.41776133	-0.276979357	4.39345884	6.6012187	-53.1800423	3706.07666	0.801534355	0.149067551	0.827050745	0.180239916
cace-sea-lr	194	0	4	34	65.6493454	65.6514511	6.49060535	0.224855676	6.49449921	-0.153689608	4.3244772	6.65984631	-29.5084114	3590.61182	0.800897896	0.142681196	0.829187214	0.172073558
cace-sea-lr	195	0	4	35	65.1988525	65.2009277	6.05056763	0.208307281	6.05415249	-0.1413607	4.15776443	6.48553991	-27.1412544	3319.10498	0.781939626	0.13588208	0.809738219	0.167809889
cace-sea-lr	196	0	4	36	66.7003021	66.7022705	6.18427134	0.218631819	6.18813419	-0.150882334	4.21198606	6.62279129	-28.9694023	3406.23901	0.79230845	0.139645636	0.815561891	0.171226293
cace-sea-lr	197	0	4	37	67.0128937	67.0147324	6.44788074	0.225066468	6.45180798	-0.163817987	4.30973196	6.7162466	-31.4530525	3566.16724	0.787904799	0.149641484	0.815061629	0.1835953
cace-sea-lr	198	0	4	38	67.2970581	67.2989502	6.779109	0.22639516	6.78288889	-0.123852082	4.39539576	6.86959982	-23.7795982	3709.34448	0.786445498	0.153312653	0.810815334	0.189084545
cace-sea-lr	199	0	4	39	69.4622345	69.4640503	6.94497395	0.24160549	6.9491744	-0.149056852	4.46949148	6.97239304	-28.6189156	3835.46021	0.800633907	0.157085449	0.825201392	0.190360129
cace-sea-lr	200	0	4	40	66.3368073	66.3387299	6.75576305	0.242845446	6.76012611	-0.21014303	4.46988058	6.79987717	-40.3474617	3836.12842	0.778799534	0.153006569	0.799123228	0.19146806
cace-sea-lr	201	1	0	1	66.9955673	66.9973984	6.88532734	0.249278054	6.88983822	-0.220565334	4.51456165	6.89400959	-42.3485413	3913.20312	0.800542057	0.158626541	0.820204139	0.193398848
cace-sea-lr	202	1	0	2	65.4271088	65.4289856	6.72536755	0.256146193	6.73024368	-0.301776767	4.51870394	6.78398752	-57.9411392	3920.38745	0.774386942	0.160954013	0.80866468	0.199036777
cace-sea-lr	203	1	0	3	68.9161072	68.9179535	6.74860764	0.258095115	6.75354099	-0.321839869	4.54133844	6.78912926	-61.7932625	3959.76099	0.789767146	0.162766561	0.812642515	0.200292945
cace-sea-lr	204	1	0	4	66.9080582	66.909996	6.74926996	0.259623021	6.75426197	-0.330763698	4.55093336	6.79736376	-63.5066299	3976.5105	0.804562986	0.164467141	0.821695983	0.200155705
cace-sea-lr	205	1	0	5	65.5782242	65.5801468	6.77212667	0.261300415	6.77716637	-0.338526279	4.561409	6.82727957	-64.9970474	3994.83862	0.780959368	0.167927355	0.812781513	0.206608236
cace-sea-lr	206	1	0	6	66.1254425	66.1274033	6.844172	0.259736538	6.84909868	-0.317520112	4.57577467	6.86290503	-60.9638557	4020.0415	0.79882586	0.167658865	0.818651617	0.204798803
cace-sea-lr	207	1	0	7	66.6523895	66.654274	6.96658468	0.25952366	6.9714179	-0.285671175	4.59997368	6.93530035	-54.8488655	4062.67334	0.798600197	0.169211671	0.819190383	0.206559643
cace-sea-lr	208	1	0	8	65.09729	65.0992126	7.02921581	0.261014193	7.03406096	-0.283050627	4.61489964	6.96881533	-54.345726	4089.08203	0.791710854	0.170086786	0.815264165	0.20862782
cace-sea-lr	209	1	0	9	66.4536057	66.4554901	7.16495514	0.264737457	7.16984415	-0.273965955	4.65089512	7.03322077	-52.6014633	4153.11865	0.78730917	0.173653781	0.816164494	0.212768123
cace-sea-lr	210	1	0	10	65.5251083	65.526947	7.27620792	0.261627227	7.28090954	-0.23902896	4.66269684	7.0883069	-45.8935623	4174.22217	0.792518854	0.170892894	0.815632582	0.209521905
cace-sea-lr	211	1	0	11	65.6212387	65.6231613	7.41319895	0.266670018	7.41799402	-0.231968492	4.69904423	7.14294291	-44.5379448	4239.55469	0.787235618	0.172880188	0.81533885	0.212034777
cace-sea-lr	212	1	0	12	65.1335449	65.1354446	7.58255482	0.266698778	7.58724403	-0.197557464	4.72481775	7.23436642	-37.9310303	4286.18945	0.79709971	0.171541303	0.820574939	0.209050134
cace-sea-lr	213	1	0	13	64.9719086	64.9738007	7.65340948	0.2744326	7.65832806	-0.228770554	4.77450705	7.23809004	-43.9239502	4376.81641	0.7835325	0.174322218	0.813434184	0.21430403
cace-sea-lr	214	1	0	14	65.2096176	65.2114639	7.69142389	0.27970013	7.69650745	-0.241720989	4.78983307	7.27376747	-46.4104233	4404.95996	0.784271777	0.17760776	0.812867582	0.218495324
cace-sea-lr	215	1	0	15	65.1919861	65.19384	7.71860981	0.279496193	7.72366762	-0.239150614	4.7982564	7.29207277	-45.9169121	4420.4668	0.783192456	0.177892745	0.81535548	0.218178138
cace-sea-lr	216	1	0	16	66.2770538	66.2789001	7.83617926	0.279258013	7.8411541	-0.223500296	4.82459354	7.34430695	-42.912056	4469.12598	0.795283079	0.17965807	0.818494797	0.219498128
cace-sea-lr	217	1	0	17	65.5666351	65.5684662	7.8941803	0.277285784	7.89904785	-0.206306994	4.82997799	7.36271667	-39.6109428	4479.1084	0.787421823	0.179121509	0.81675458	0.219308853
cace-sea-lr	218	1	0	18	64.8067017	64.8085175	7.94928503	0.2833426	7.95433283	-0.223473206	4.85741091	7.38823605	-42.9068527	4530.13281	0.786198914	0.179557905	0.815319955	0.220229983
cace-sea-lr	219	1	0	19	64.2858124	64.2877045	7.99056721	0.282627136	7.99556255	-0.212524503	4.86091709	7.39795017	-40.8047066	4536.6748	0.792583644	0.179301351	0.817635417	0.219292551
cace-sea-lr	220	1	0	20	64.3370056	64.3388596	8.02620125	0.284596413	8.03124619	-0.22219269	4.88151264	7.41870499	-42.6609917	4575.2002	0.787711442	0.180621505	0.814622223	0.221724257
cace-sea-lr	221	1	0	21	64.6949768	64.6968689	8.10082245	0.285785735	8.10586262	-0.209572002	4.89104176	7.46782207	-40.2378273	4593.07959	0.792687595	0.182302952	0.818224251	0.222803161
cace-sea-lr	222	1	0	22	65.1334381	65.1352997	8.23565674	0.286679745	8.24064445	-0.191830799	4.918293	7.53060532	-36.8315125	4644.40527	0.792039573	0.183008432	0.818635285	0.223553076
cace-sea-lr	223	1	0	23	65.7954254	65.7972717	8.36638832	0.289898396	8.37141037	-0.183666989	4.94910669	7.56603718	-35.264061	4702.78174	0.790824234	0.184164762	0.818915486	0.224888608
cace-sea-lr	224	1	0	24	64.4129486	64.4147873	8.27943993	0.288881242	8.28447819	-0.194319665	4.93371773	7.54094028	-37.3093681	4673.58105	0.785402775	0.18286325	0.816115499	0.224065408
cace-sea-lr	225	1	0	25	64.2068405	64.2087097	8.34449959	0.289132059	8.34950638	-0.193232879	4.95468426	7.5649662	-37.1007118	4713.3877	0.788674712	0.183778971	0.816207349	0.225162119
cace-sea-lr	226	1	0	26	64.8203964	64.8222351	8.36460018	0.294014841	8.36976624	-0.202617332	4.96522379	7.57688999	-38.9025269	4733.46143	0.791335404	0.184863314	0.817132354	0.226234242
cace-sea-lr	227	1	0	27	64.3659058	64.3677521	8.42682838	0.290299505	8.43182659	-0.1750025	4.96118307	7.60819149	-33.6004715	4725.76074	0.792429566	0.183842734	0.818888783	0.224502683
cace-sea-lr	228	1	0	28	64.3999557	64.4018173	8.44738197	0.293416142	8.45247746	-0.191387236	4.98181581	7.61628246	-36.7463455	4765.1499	0.785302997	0.185947925	0.815362096	0.228055641
cace-sea-lr	229	1	0	29	64.5457306	64.5475998	8.51114464	0.293242514	8.5161953	-0.176195726	4.98822737	7.64969349	-33.8295746	4777.42334	0.792960167	0.186359718	0.819363892	0.227444381
cace-sea-lr	230	1	0	30	64.2539902	64.2558517	8.58708668	0.29536131	8.59216404	-0.167449698	5.00010252	7.68218422	-32.150341	4800.19678	0.787944019	0.187376991	0.816667557	0.229440957
cace-sea-lr	231	1	0	31	64.9606171	64.9624405	8.6484251	0.296717882	8.65351486	-0.170221582	5.01909971	7.70009518	-32.6825409	4836.7417	0.787883818	0.186981693	0.817166626	0.22881709
cace-sea-lr	232	1	0	32	64.3318024	64.3336411	8.60002327	0.297609895	8.6051712	-0.179732189	5.01601744	7.69045925	-34.5085831	4830.80322	0.792699337	0.186436325	0.817982137	0.227922246
cace-sea-lr	233	1	0	33	65.0367279	65.0385437	8.641119	0.29654929	8.6462059	-0.173397228	5.02321577	7.70903826	-33.292263	4844.67773	0.787698627	0.186867699	0.815568209	0.229125783
cace-sea-lr	234	1	0	34	63.8643265	63.8661919	8.66674328	0.298529238	8.67188358	-0.174340397	5.03062534	7.71254206	-33.4733543	4858.98145	0.790958345	0.187510744	0.817175865	0.229461923
cace-sea-lr	235	1	0	35	65.3395157	65.3413239	8.65868568	0.299662471	8.6638689	-0.184149519	5.03515053	7.7118926	-35.3567085	4867.72656	0.79039228	0.187740594	0.81583643	0.230120391
cace-sea-lr	236	1	0	36	65.3548126	65.3566437	8.70379448	0.300131828	8.70896721	-0.181006894	5.045084	7.72311592	-34.7533264	4886.95117	0.788425088	0.188889667	0.816541433	0.231328949
cace-sea-lr	237	1	0	37	64.0925064	64.0943451	8.61822414	0.299666315	8.62343311	-0.192103386	5.03411055	7.69512844	-36.8838501	4865.71582	0.792258024	0.187539399	0.817664146	0.22935994
cace-sea-lr	238	1	0	38	64.5843353	64.5861588	8.67769432	0.301106364	8.68291664	-0.187131613	5.04391766	7.72904396	-35.9292641	4884.69238	0.792818904	0.189330444	0.81812185	0.231420845
cace-sea-lr	239	1	0	39	64.5641632	64.565979	8.68883705	0.302595943	8.69410419	-0.191709325	5.05153084	7.72507954	-36.808197	4899.44922	0.791583598	0.18925114	0.816359758	0.231823206
cace-sea-lr	240	1	0	40	64.7220459	64.7238388	8.729352	0.301196575	8.73454666	-0.18368879	5.05470133	7.74706936	-35.2682419	4905.60059	0.786606073	0.189916313	0.815286815	0.232944176
cace-sea-lr	241	1	0	41	64.550621	64.552475	8.75742912	0.299906701	8.76256275	-0.17489998	5.0577383	7.75705481	-33.5807953	4911.49707	0.790892541	0.189414948	0.818739533	0.231349453
cace-sea-lr	242	1	0	42	64.2797089	64.2816162	8.78264141	0.30252707	8.78785038	-0.176241964	5.06448412	7.77230549	-33.838459	4924.6084	0.789678752	0.189823195	0.81769383	0.232144579
cace-sea-lr	243	1	0	43	63.8615646	63.8633995	8.83620262	0.300972074	8.84132767	-0.162743151	5.0717864	7.77670002	-31.246685	4938.81934	0.789778829	0.188591868	0.817458093	0.230705246
cace-sea-lr	244	1	0	44	64.467186	64.469017	8.85694313	0.301286966	8.86206532	-0.153293073	5.06702518	7.7985754	-29.432272	4929.55127	0.787439406	0.188093632	0.816732526	0.230300158
cace-sea-lr	245	1	0	45	64.7599258	64.7617722	8.90470695	0.302277714	8.90983677	-0.147031367	5.07248783	7.81885338	-28.2300148	4940.18506	0.790386319	0.188933104	0.817301154	0.231167063
cace-sea-lr	246	1	0	46	64.1587219	64.1605759	8.8891964	0.302483857	8.89434052	-0.157044724	5.07702923	7.81333065	-30.1525879	4949.03516	0.789369226	0.18909356	0.816058934	0.231715575
cace-sea-lr	247	1	0	47	64.082962	64.0848007	8.90667248	0.302515894	8.91180897	-0.153690621	5.08115292	7.809412	-29.508606	4957.07764	0.791496456	0.18846488	0.816877067	0.230713889
cace-sea-lr	248	1	0	48	64.3072968	64.3091125	8.96240234	0.305288285	8.96760082	-0.157573938	5.09505033	7.83752203	-30.2541924	4984.23096	0.782335997	0.191126242	0.810892999	0.235698476
cace-sea-lr	249	1	0	49	64.1212311	64.1230545	8.98479939	0.30396226	8.98993969	-0.147856906	5.09341812	7.84483624	-28.3885231	4981.03809	0.784663379	0.189707205	0.812565148	0.233467072
cace-sea-lr	250	1	0	50	63.9810905	63.9829063	8.9886198	0.304986328	8.99379253	-0.150763571	5.09850264	7.85687876	-28.9466057	4990.98828	0.787948966	0.189780697	0.816057503	0.232557997
cace-sea-lr	251	1	0	51	64.1683807	64.1702042	9.03461361	0.302523702	9.03967762	-0.138713926	5.10065842	7.87269449	-26.6330776	4995.20947	0.785432339	0.189808309	0.814335227	0.233083755
cace-sea-lr	252	1	0	52	64.050766	64.0526276	9.05012703	0.303499967	9.05521584	-0.138100535	5.10639668	7.87014198	-26.5153008	5006.45459	0.788567781	0.189634323	0.816301644	0.232309133
cace-sea-lr	253	1	0	53	64.0688629	64.070694	9.07429314	0.304908544	9.07941532	-0.140477881	5.11285067	7.88696671	-26.9717503	5019.11816	0.78611362	0.19037351	0.814832211	0.233635232
cace-sea-lr	254	1	0	54	64.2917252	64.2935867	9.09472656	0.308926821	9.09997177	-0.15164192	5.12692165	7.90093613	-29.1152554	5046.78223	0.791935563	0.190918967	0.819919229	0.232850939
cace-sea-lr	255	1	0	55	63.9649734	63.9668198	9.12337112	0.306375623	9.12851429	-0.134182379	5.12097216	7.90405178	-25.7630196	5035.07666	0.78950578	0.189576402	0.816247821	0.232253492
cace-sea-lr	256	1	0	56	64.1430054	64.1448593	9.13917351	0.306490004	9.14431095	-0.135316283	5.12527704	7.91021633	-25.9807243	5043.54541	0.792358935	0.191205978	0.82026583	0.233102456
cace-sea-lr	257	1	0	57	63.8811264	63.8829498	9.13718891	0.306121856	9.14231491	-0.133411661	5.12315083	7.90035582	-25.615036	5039.36182	0.790290296	0.189789504	0.817534864	0.232148513
cace-sea-lr	258	1	0	58	64.2507324	64.2525558	9.17760944	0.306714892	9.18273258	-0.129296809	5.13114977	7.92969227	-24.8249874	5055.11035	0.788697243	0.190087989	0.817303956	0.232579306
cace-sea-lr	259	1	0	59	63.5566483	63.5584755	9.14544106	0.309766918	9.15068531	-0.143235192	5.13564682	7.91233158	-27.5011597	5063.97412	0.791788757	0.191359833	0.819025815	0.233643219
cace-sea-lr	260	1	0	60	64.0850296	64.0868683	9.16173267	0.309250683	9.16695023	-0.140926749	5.13848972	7.91495514	-27.0579338	5069.58301	0.789727867	0.190529302	0.816946745	0.233221203
cace-sea-lr	261	1	0	61	64.3228531	64.3246689	9.21783066	0.307177067	9.22294712	-0.128682703	5.1424799	7.94497681	-24.7070732	5077.45947	0.785358906	0.19109571	0.814623713	0.234581575
cace-sea-lr	262	1	0	62	64.0366974	64.0385208	9.21350098	0.306627393	9.21860123	-0.127804294	5.14024258	7.94650316	-24.5384293	5073.04199	0.786766529	0.19106634	0.814731777	0.2345144
cace-sea-lr	263	1	0	63	63.8860855	63.8879128	9.24271679	0.309289426	9.24789047	-0.13156043	5.14886189	7.95871735	-25.2596035	5090.06934	0.786846578	0.191989183	0.81608814	0.23525545
cace-sea-lr	264	1	0	64	64.1977463	64.1995697	9.2748661	0.308640033	9.27999973	-0.12252105	5.15398216	7.96558523	-23.5240421	5100.19775	0.785951853	0.190835848	0.815470159	0.234019414
cace-sea-lr	265	1	0	65	63.8375053	63.839344	9.2324543	0.309548527	9.23764229	-0.132531077	5.14852428	7.95294476	-25.4459724	5089.40234	0.787648976	0.191970602	0.816051841	0.235243142
cace-sea-lr	266	1	0	66	63.7737312	63.7755699	9.25996876	0.308909267	9.26511955	-0.12237253	5.14748383	7.96188116	-23.4955273	5087.34521	0.787916303	0.19124639	0.816488206	0.234230444
cace-sea-lr	267	1	0	67	63.7908707	63.7927017	9.25361252	0.311766922	9.2588625	-0.137891829	5.1576128	7.97088766	-26.4752293	5107.38672	0.78614217	0.192810491	0.814380348	0.236757293
cace-sea-lr	268	1	0	68	63.922699	63.9245338	9.29339504	0.308325976	9.29850864	-0.114745364	5.14925766	7.97700167	-22.0311089	5090.85156	0.788268447	0.190836951	0.815710902	0.233951703
cace-sea-lr	269	1	0	69	63.8752747	63.877121	9.27906513	0.309358984	9.28421974	-0.126133606	5.1548233	7.97288561	-24.2176552	5101.86328	0.78940469	0.192305356	0.817092597	0.235353202
cace-sea-lr	270	1	0	70	63.8027229	63.8045731	9.28652954	0.312052816	9.29177094	-0.13324596	5.16346741	7.9819231	-25.5832157	5118.9873	0.789503813	0.192703992	0.817989945	0.235582352
cace-sea-lr	271	1	0	71	63.5711288	63.572979	9.33407116	0.31032455	9.33922863	-0.118773051	5.16510057	7.99281931	-22.8044186	5122.22705	0.786099136	0.191708222	0.814818859	0.235277101
cace-sea-lr	272	1	0	72	63.6555367	63.6574097	9.31396198	0.309788764	9.31911182	-0.122678109	5.16185427	7.99242401	-23.5542049	5115.79004	0.78497386	0.192154109	0.81438905	0.235948786
cace-sea-lr	273	1	0	73	63.8781738	63.8800049	9.33759212	0.310463578	9.3427515	-0.121618584	5.16532326	7.99960327	-23.3507671	5122.66846	0.785017371	0.193154365	0.814659238	0.237098351
cace-sea-lr	274	1	0	74	63.9583664	63.9601936	9.34423351	0.310575604	9.34939289	-0.119810194	5.1678257	7.99864435	-23.0035572	5127.6333	0.787017524	0.192972541	0.815692663	0.236575067
cace-sea-lr	275	1	0	75	64.1828079	64.1846619	9.32777214	0.311882824	9.33298492	-0.124440782	5.16656399	7.99639988	-23.8926353	5125.12988	0.789479375	0.192441687	0.818532944	0.235105604
cace-sea-lr	276	1	0	76	63.9980392	63.9998741	9.34003639	0.31148991	9.34522724	-0.124006763	5.16945696	8.00253868	-23.8092995	5130.87061	0.788967669	0.193446085	0.817953348	0.236500144
cace-sea-lr	277	1	0	77	63.9575386	63.9593582	9.35974121	0.309881091	9.36487007	-0.119707949	5.17125368	8.00299549	-22.9839268	5134.43848	0.789447069	0.192678675	0.816945434	0.235852569
cace-sea-lr	278	1	0	78	63.9717178	63.9735489	9.34195328	0.310324758	9.34710598	-0.12398047	5.17245913	7.99327087	-23.8042488	5136.83203	0.786985159	0.192576736	0.815870702	0.236038297
cace-sea-lr	279	1	0	79	63.7292252	63.7310562	9.34706879	0.310711473	9.35223103	-0.122091427	5.16952419	7.99886131	-23.441555	5131.00488	0.786042213	0.192691728	0.815579295	0.236263633
cace-sea-lr	280	1	0	80	63.9614372	63.9632835	9.38020039	0.310638309	9.3853426	-0.118288346	5.17593431	8.01238632	-22.7113647	5143.73682	0.789577186	0.193187758	0.817681909	0.236262724
cace-sea-lr	281	1	0	81	63.984539	63.9863892	9.37669373	0.310772717	9.38184261	-0.117902689	5.1739378	8.00905418	-22.6373215	5139.77002	0.787106454	0.192801967	0.815633833	0.236382991
cace-sea-lr	282	1	0	82	63.6987801	63.7006302	9.36130333	0.311984837	9.3664999	-0.122565411	5.17548132	7.99847937	-23.5325623	5142.83643	0.787133932	0.192404255	0.815859556	0.235830113
cace-sea-lr	283	1	0	83	63.8033066	63.8051338	9.37895679	0.31257841	9.38416386	-0.123486996	5.18042326	8.01417351	-23.7095051	5152.66309	0.787296712	0.192814305	0.81678313	0.236065492
cace-sea-lr	284	1	0	84	63.5882263	63.5900764	9.38629913	0.311224192	9.3914566	-0.118336566	5.17803478	8.01530266	-22.7206211	5147.91309	0.788394809	0.192508966	0.817070246	0.235608831
cace-sea-lr	285	1	0	85	63.5856209	63.5874748	9.38601112	0.31021589	9.39113617	-0.116016962	5.17486954	8.01514435	-22.2752552	5141.62061	0.786501288	0.192826033	0.815348923	0.236495107
cace-sea-lr	286	1	0	86	63.5304947	63.5323257	9.40345764	0.311513901	9.40861607	-0.114477329	5.17875528	8.01870918	-21.9796448	5149.34521	0.786761045	0.192883864	0.815616667	0.236488387
cace-sea-lr	287	1	0	87	63.6860466	63.6879005	9.37957478	0.312120646	9.38476658	-0.121458136	5.17835045	8.01554203	-23.3199615	5148.54004	0.788920939	0.19302012	0.816891015	0.236286253
cace-sea-lr	288	1	0	88	63.678112	63.6799583	9.41538239	0.311178714	9.42052269	-0.116014406	5.18241739	8.02330017	-22.274765	5156.63086	0.788782597	0.193484128	0.817264736	0.236745968
cace-sea-lr	289	1	0	89	63.7366867	63.7385292	9.3719883	0.312654793	9.37720203	-0.122654326	5.17777205	8.01108837	-23.5496349	5147.39014	0.789775491	0.193276182	0.817400694	0.236452192
cace-sea-lr	290	1	0	90	63.8900375	63.8918724	9.3931551	0.312582672	9.39835453	-0.120232187	5.18037224	8.02069473	-23.0845757	5152.56104	0.791004598	0.193365738	0.817810178	0.236443296
cace-sea-lr	291	1	0	91	63.8333817	63.8352165	9.39810753	0.311716259	9.40327549	-0.118133917	5.18041992	8.01827717	-22.6817131	5152.65527	0.789360881	0.192853034	0.816846132	0.236094683
cace-sea-lr	292	1	0	92	63.8377686	63.8395996	9.41120148	0.311745465	9.41636276	-0.116771527	5.18192768	8.0231781	-22.4201317	5155.65527	0.785336316	0.193208978	0.815500498	0.236920729
cace-sea-lr	293	1	0	93	63.4681892	63.4700394	9.39726162	0.313084185	9.40247536	-0.123913974	5.18616247	8.01904678	-23.7914848	5164.08594	0.789227962	0.19358471	0.817812264	0.236710459
cace-sea-lr	294	1	0	94	63.7124405	63.7142677	9.39165211	0.310461462	9.39678192	-0.115512677	5.17702723	8.01673317	-22.1784306	5145.91016	0.78647083	0.192520365	0.815731347	0.236009523
cace-sea-lr	295	1	0	95	63.7629929	63.7648354	9.40341377	0.311629415	9.40857506	-0.1177155	5.181005	8.01896858	-22.6013813	5153.82031	0.7871961	0.193215147	0.816244841	0.236712247
cace-sea-lr	296	1	0	96	63.6459732	63.6478233	9.39999676	0.313249469	9.40521431	-0.122190498	5.18503094	8.01973152	-23.4605751	5161.83252	0.789218187	0.193240091	0.818246067	0.236163795
cace-sea-lr	297	1	0	97	63.6598015	63.6616592	9.43750191	0.312428027	9.44267273	-0.115356557	5.18767977	8.03355694	-22.1484642	5167.1084	0.788478971	0.193187341	0.817741752	0.236244932
cace-sea-lr	298	1	0	98	63.9782181	63.9800606	9.44523907	0.312297374	9.45040131	-0.11215546	5.18694592	8.03420067	-21.5338497	5165.64551	0.786400437	0.193188742	0.815881014	0.236785442
cace-sea-lr	299	1	0	99	63.6435165	63.645359	9.41442394	0.312342554	9.41960335	-0.117073536	5.18315649	8.02613258	-22.4781227	5158.10107	0.788411677	0.193157986	0.817055404	0.236407459
cace-sea-lr	300	1	0	100	63.7322693	63.7341042	9.43586826	0.312915206	9.4410553	-0.116019674	5.18816996	8.0327425	-22.2757778	5168.08447	0.787368	0.193036988	0.816895366	0.236305654
cace-sea-lr	301	2	0	1	63.8480759	63.8499107	9.4497366	0.313182741	9.45492554	-0.114489146	5.19051123	8.04016018	-21.9819183	5172.75049	0.787333012	0.193090931	0.816629648	0.236448586
cace-sea-lr	302	2	0	2	63.7742538	63.7760925	9.44339943	0.312646955	9.44857311	-0.114153467	5.18838787	8.03639317	-21.9174633	5168.51855	0.786839604	0.193305627	0.816262245	0.236818045
cace-sea-lr	303	2	0	3	63.7429924	63.7448273	9.43085766	0.31262055	9.43603802	-0.114955105	5.18611002	8.03019238	-22.0713844	5163.98145	0.788906813	0.192927316	0.818135619	0.235813364
cace-sea-lr	304	2	0	4	63.406189	63.4080353	9.41555882	0.31311211	9.42076302	-0.118705325	5.18417215	8.0285778	-22.7914181	5160.12256	0.786738753	0.193659067	0.816446304	0.237197548
cace-sea-lr	305	2	0	5	63.7530212	63.7548637	9.44098473	0.312138468	9.4461441	-0.112611026	5.18603754	8.03359318	-21.6213131	5163.8374	0.786922097	0.193316564	0.816129982	0.236869827
cace-sea-lr	306	2	0	6	63.7970886	63.7989197	9.43454075	0.311515719	9.43968201	-0.111710072	5.18402195	8.02967262	-21.4483356	5159.82422	0.788012385	0.192988351	0.816625893	0.236324072
cace-sea-lr	307	2	0	7	63.7198868	63.7217216	9.42662525	0.312165022	9.43179226	-0.115289591	5.18519211	8.02657986	-22.1355991	5162.15381	0.787380338	0.192981556	0.816591203	0.236325786
cace-sea-lr	308	2	0	8	63.8447075	63.8465385	9.42146492	0.312975556	9.42666245	-0.117736839	5.18598461	8.02998161	-22.6054745	5163.73145	0.786990285	0.19328171	0.815938592	0.236882672
cace-sea-lr	309	2	0	9	63.744873	63.7467232	9.43639374	0.312972963	9.44158268	-0.116377972	5.18852901	8.0325985	-22.3445702	5168.80029	0.786770821	0.193174601	0.81556195	0.236860737
cace-sea-lr	310	2	0	10	63.692482	63.6943283	9.44145679	0.312392056	9.4466238	-0.112744458	5.18606663	8.0367403	-21.6469383	5163.89551	0.787022769	0.193157926	0.816336215	0.236615658
cace-sea-lr	311	2	0	11	63.8172836	63.8191147	9.428792	0.312484771	9.43396854	-0.113956481	5.1849637	8.0306139	-21.8796501	5161.69922	0.787759185	0.192845955	0.816013455	0.236326933
cace-sea-lr	312	2	0	12	63.7557487	63.7575874	9.43678856	0.312888831	9.44197464	-0.115106389	5.18745089	8.0346365	-22.1004295	5166.65283	0.787072003	0.193395779	0.816388667	0.236891791
cace-sea-lr	313	2	0	13	63.760994	63.7628288	9.43308258	0.313388914	9.43828678	-0.116873153	5.18792248	8.03249836	-22.43964	5167.59082	0.788205445	0.193307161	0.817240417	0.236536473
cace-sea-lr	314	2	0	14	63.744854	63.7466927	9.43126583	0.31260559	9.43644619	-0.114815973	5.1856432	8.03160095	-22.0446644	5163.05176	0.789014757	0.193020523	0.816925883	0.236276671
cace-sea-lr	315	2	0	15	63.9650993	63.9669228	9.44900703	0.312728673	9.45417976	-0.113489598	5.18892908	8.03905869	-21.7900047	5169.59668	0.787424862	0.193438739	0.816439152	0.236929774
cace-sea-lr	316	2	0	16	63.6884766	63.6903152	9.43097401	0.312750846	9.43615818	-0.115942039	5.18634844	8.0318985	-22.2608719	5164.45605	0.787867129	0.193307623	0.81663394	0.236712694
cace-sea-lr	317	2	0	17	63.6682968	63.6701241	9.41701889	0.313233733	9.42222691	-0.118541516	5.18538666	8.02961445	-22.7599678	5162.5415	0.786719382	0.193331242	0.816199422	0.236867651
cace-sea-lr	318	2	0	18	63.6180916	63.6199303	9.42771626	0.312283695	9.43288708	-0.114238106	5.18486929	8.02906418	-21.9337196	5161.51074	0.786876678	0.192726374	0.816134334	0.236145407
cace-sea-lr	319	2	0	19	63.7271233	63.7289543	9.42450809	0.312670976	9.42969322	-0.117007606	5.18623447	8.02781296	-22.4654598	5164.22949	0.787002027	0.193259016	0.815717876	0.236918941
cace-sea-lr	320	2	0	20	63.7687378	63.7705727	9.42239952	0.312900156	9.42759323	-0.117600478	5.18608236	8.0280304	-22.5792885	5163.92676	0.78790611	0.193150669	0.81697917	0.236420557
cace-sea-lr	321	2	0	21	63.7021904	63.7040291	9.42056274	0.312587887	9.42574787	-0.116402782	5.18464851	8.02620316	-22.3493366	5161.07129	0.787636578	0.193022236	0.816457212	0.236414388
cace-sea-lr	322	2	0	22	63.7875748	63.7894096	9.42794609	0.312665999	9.43312931	-0.115466073	5.18619156	8.02992344	-22.1694813	5164.14453	0.787699819	0.193119735	0.816690028	0.236466378
cace-sea-lr	323	2	0	23	63.8129501	63.814785	9.42929268	0.312870234	9.43448257	-0.116246477	5.18662119	8.03115845	-22.3193226	5164.99902	0.788585484	0.193140596	0.816962838	0.236412957
cace-sea-lr	324	2	0	24	63.6195297	63.6213722	9.41857815	0.312693	9.42376804	-0.11729876	5.18440533	8.0276041	-22.5213585	5160.58789	0.787093163	0.193153828	0.816469073	0.236572132
cace-sea-lr	325	2	0	25	63.7519608	63.7537918	9.41972733	0.31296137	9.42492485	-0.118083946	5.18539619	8.02986431	-22.672121	5162.56006	0.787682056	0.19326286	0.8167395	0.236627296
cace-sea-lr	326	2	0	26	63.8639755	63.8658104	9.43486595	0.312673748	9.44004631	-0.115190409	5.18647528	8.03304768	-22.1165581	5164.70898	0.787882805	0.19332622	0.816794872	0.236688823
cace-sea-lr	327	2	0	27	63.6342468	63.6360817	9.42132282	0.313176841	9.42652607	-0.118385285	5.18603182	8.02768707	-22.729969	5163.82568	0.787761509	0.193326458	0.816842794	0.236675233
cace-sea-lr	328	2	0	28	63.555748	63.5575905	9.41688538	0.312765211	9.42207813	-0.117246829	5.18345928	8.02565384	-22.5113888	5158.7041	0.788034022	0.193256617	0.816940963	0.236561298
cace-sea-lr	329	2	0	29	63.6671028	63.6689415	9.42503452	0.312745988	9.43022156	-0.115727626	5.18423271	8.02775955	-22.2196999	5160.24316	0.787550747	0.193217903	0.816259623	0.236711338
cace-sea-lr	330	2	0	30	63.8534355	63.8552704	9.43028736	0.312342614	9.43545818	-0.114047624	5.18372822	8.02817535	-21.8971405	5159.24072	0.788026989	0.193072945	0.816947401	0.236334607
cace-sea-lr	331	2	0	31	63.8388367	63.8406639	9.42809677	0.313159376	9.4332962	-0.116427056	5.1854701	8.02912903	-22.3539944	5162.70703	0.788454354	0.193302527	0.816930413	0.23662056
cace-sea-lr	332	2	0	32	63.6951599	63.6969986	9.41983318	0.313040763	9.42503357	-0.118036747	5.1854043	8.02533531	-22.6630516	5162.57568	0.787852466	0.193269163	0.817257226	0.236485109
cace-sea-lr	333	2	0	33	63.7248001	63.7266312	9.42405605	0.313362867	9.42926502	-0.118399538	5.18721819	8.02724838	-22.7327118	5166.18799	0.786741734	0.193385601	0.815834641	0.237040192
cace-sea-lr	334	2	0	34	63.6918564	63.6936951	9.42619514	0.312890351	9.43138599	-0.117689662	5.18658686	8.02929115	-22.5964146	5164.93164	0.788754046	0.193477169	0.817310631	0.236724153
cace-sea-lr	335	2	0	35	63.8121147	63.8139458	9.42841625	0.313177913	9.43361664	-0.117624857	5.18741989	8.03222656	-22.5839672	5166.58984	0.787720561	0.193461493	0.816610277	0.236907989
cace-sea-lr	336	2	0	36	63.7130928	63.7149315	9.43118286	0.311986893	9.43634224	-0.113139637	5.18456793	8.03157616	-21.7228127	5160.91113	0.787167668	0.193212584	0.816589594	0.236609161
cace-sea-lr	337	2	0	37	63.7586555	63.7604904	9.43038654	0.31263417	9.43556595	-0.114337936	5.18510437	8.03308487	-21.9528847	5161.97852	0.788170159	0.193367317	0.8168208	0.236731634
cace-sea-lr	338	2	0	38	63.718544	63.7203903	9.42621994	0.312421441	9.43139553	-0.114975795	5.18467045	8.02937889	-22.0753555	5161.11475	0.787784576	0.193225667	0.816851199	0.236549407
cace-sea-lr	339	2	0	39	63.6950607	63.6968956	9.42653465	0.312198192	9.43170357	-0.112543069	5.18282318	8.02924728	-21.6082687	5157.4375	0.787937284	0.192820489	0.816708207	0.236094713
cace-sea-lr	340	2	0	40	63.7233391	63.725174	9.43366432	0.313105881	9.43885899	-0.11567881	5.18648195	8.03298759	-22.2103348	5164.72168	0.787411392	0.193591684	0.816404879	0.237127051
cace-sea-lr	341	2	0	41	63.7373581	63.7391968	9.43945599	0.312574357	9.44462967	-0.113544747	5.18645668	8.03298855	-21.8005867	5164.67188	0.788049996	0.193302721	0.816885054	0.236633927
cace-sea-lr	342	2	0	42	63.7435532	63.7453918	9.43025398	0.312582463	9.43543243	-0.114524432	5.1848526	8.03090858	-21.9886837	5161.47754	0.787925065	0.193090737	0.817046523	0.236327708
cace-sea-lr	343	2	0	43	63.7484932	63.7503319	9.42782784	0.312352479	9.43300152	-0.113902263	5.18382931	8.02864456	-21.8692398	5159.44043	0.78793335	0.192986846	0.816650033	0.236315235
cace-sea-lr	344	2	0	44	63.6846199	63.686451	9.42883778	0.312536448	9.43401623	-0.11479488	5.18461418	8.0294733	-22.040617	5161.00293	0.786713243	0.193200469	0.816303372	0.236677289
cace-sea-lr	345	2	0	45	63.7287102	63.7305489	9.43281746	0.312535882	9.43799305	-0.114270099	5.18503475	8.03157711	-21.9398613	5161.84082	0.787815094	0.193312913	0.81683749	0.236660182
cace-sea-lr	346	2	0	46	63.6712036	63.6730423	9.43161011	0.312512696	9.4367857	-0.114211388	5.18470716	8.0307169	-21.9285889	5161.18848	0.78704071	0.193300739	0.816524148	0.236736089
cace-sea-lr	347	2	0	47	63.8350525	63.836895	9.4409399	0.312262565	9.4461031	-0.112112641	5.18543482	8.0339222	-21.5256348	5162.63672	0.788127661	0.193315372	0.81696099	0.236627415
cace-sea-lr	348	2	0	48	63.6861687	63.6880035	9.4306736	0.312552989	9.4358511	-0.114010386	5.18433762	8.03076363	-21.8899956	5160.45215	0.787308991	0.193265483	0.816540003	0.236688316
cace-sea-lr	349	2	0	49	63.7809677	63.7828064	9.44127846	0.312461197	9.44644737	-0.112287492	5.18591166	8.03313828	-21.5592003	5163.58691	0.787064672	0.193275481	0.816206574	0.236797258
cace-sea-lr	350	2	0	50	63.6861801	63.6880264	9.43113422	0.313098371	9.43632889	-0.115437336	5.18596983	8.03109741	-22.1639671	5163.70264	0.787619412	0.193465218	0.8167997	0.236857608
cace-sea-lr	351	2	0	51	63.7679062	63.7697449	9.43775177	0.312493861	9.44292355	-0.112234674	5.1846981	8.03248024	-21.5490551	5161.16943	0.78806591	0.193183437	0.816532016	0.236590162
cace-sea-lr	352	2	0	52	63.7020187	63.7038536	9.43275738	0.312573701	9.43793583	-0.113448635	5.18440008	8.03162479	-21.782135	5160.57666	0.787739158	0.193268836	0.816595852	0.236676246
cace-sea-lr	353	2	0	53	63.7420845	63.7439232	9.43574905	0.312481135	9.44092178	-0.112980887	5.18488884	8.03199196	-21.6923294	5161.5498	0.787937284	0.193277732	0.816638827	0.236674681
cace-sea-lr	354	2	0	54	63.7231369	63.7249756	9.43662453	0.312585056	9.44179916	-0.113709755	5.18564272	8.03316498	-21.8322697	5163.05078	0.788250208	0.19343181	0.817314923	0.23666741
cace-sea-lr	355	2	0	55	63.6872787	63.6891212	9.43515778	0.312843293	9.4403429	-0.114588924	5.18598843	8.0333786	-22.0010738	5163.73926	0.787250817	0.193458334	0.816216171	0.237018496
cace-sea-lr	356	2	0	56	63.736145	63.7379837	9.43646336	0.313178301	9.44165802	-0.115544356	5.18700504	8.03504658	-22.184515	5165.76416	0.787368894	0.193585366	0.816761971	0.23701565
cace-sea-lr	357	2	0	57	63.7295532	63.7313957	9.4393816	0.312832952	9.44456387	-0.113967299	5.18624926	8.03471279	-21.8817253	5164.25879	0.787828803	0.193470255	0.816704273	0.236891448
cace-sea-lr	358	2	0	58	63.7611885	63.7630196	9.43839264	0.312777549	9.443573	-0.11425294	5.18634939	8.03305817	-21.9365578	5164.45801	0.787657082	0.19355078	0.816545069	0.237036243
cace-sea-lr	359	2	0	59	63.6706772	63.6725159	9.43055248	0.312649012	9.4357338	-0.114588924	5.18464756	8.03039265	-22.0010719	5161.06934	0.787814021	0.193298087	0.816649556	0.236696497
cace-sea-lr	360	2	0	60	63.7504768	63.7523155	9.43396664	0.312554598	9.43914318	-0.113946334	5.18518448	8.03153896	-21.8776989	5162.13818	0.788313508	0.193268597	0.816967726	0.236568213
cace-sea-lr	361	2	0	61	63.678978	63.6808205	9.42988396	0.31265077	9.43506622	-0.114831649	5.18485117	8.03059387	-22.0476818	5161.47412	0.787423015	0.193335548	0.816669643	0.236736536
cace-sea-lr	362	2	0	62	63.6647568	63.6665916	9.42958355	0.312553972	9.43476295	-0.114736624	5.18465281	8.03016472	-22.0294361	5161.07959	0.787161827	0.193370774	0.816335201	0.236876681
cace-sea-lr	363	2	0	63	63.68927	63.6911087	9.4322319	0.31249395	9.43740749	-0.114151433	5.1848917	8.03046417	-21.9170742	5161.55566	0.787567079	0.193362385	0.816595674	0.236790851
cace-sea-lr	364	2	0	64	63.698864	63.7007065	9.43374538	0.312410653	9.43891716	-0.113465577	5.18475437	8.03091812	-21.7853947	5161.28223	0.78758806	0.193314359	0.816777229	0.23667942
cace-sea-lr	365	2	0	65	63.7256241	63.727459	9.43691826	0.312465936	9.44208908	-0.11317835	5.18536091	8.03219318	-21.7302399	5162.49023	0.787638843	0.193296194	0.816760898	0.236661911
cace-sea-lr	366	2	0	66	63.7137527	63.7155876	9.43427467	0.312700838	9.43945503	-0.113881491	5.18532801	8.03155708	-21.8652477	5162.4248	0.787665486	0.193277702	0.816645801	0.236672625
cace-sea-lr	367	2	0	67	63.7755852	63.7774277	9.43924713	0.312588453	9.44442177	-0.112958506	5.18561792	8.03380394	-21.6880302	5163.00146	0.787840068	0.193369374	0.816760659	0.236751571
cace-sea-lr	368	2	0	68	63.763588	63.7654266	9.43915844	0.312308848	9.44432449	-0.112179756	5.18498898	8.03342438	-21.5385132	5161.74902	0.787892997	0.193293661	0.816735387	0.236666203
cace-sea-lr	369	2	0	69	63.7255173	63.727356	9.43627453	0.312507212	9.44144821	-0.112938531	5.18481493	8.03318405	-21.6842003	5161.40283	0.787850678	0.193351045	0.81676805	0.236726999
cace-sea-lr	370	2	0	70	63.7428207	63.7446556	9.43862152	0.312405229	9.44378948	-0.11217095	5.18480206	8.03337383	-21.5368271	5161.37793	0.787189782	0.193288848	0.816463709	0.236739054
cace-sea-lr	371	2	0	71	63.7614136	63.7632523	9.4388752	0.312584519	9.44404984	-0.112522401	5.18524361	8.03386497	-21.6043015	5162.25586	0.7878111	0.193318531	0.816768527	0.236687049
cace-sea-lr	372	2	0	72	63.7441406	63.7459793	9.43824577	0.312594205	9.44342136	-0.112727776	5.18528605	8.03349113	-21.6437378	5162.34082	0.78789413	0.193317428	0.81677413	0.236684069
cace-sea-lr	373	2	0	73	63.7084579	63.7102928	9.43796349	0.312414557	9.44313335	-0.112671264	5.18520737	8.03266907	-21.6328831	5162.18408	0.787467897	0.193287075	0.816669226	0.236677304
cace-sea-lr	374	2	0	74	63.7806702	63.782505	9.44086456	0.312465072	9.44603348	-0.112230822	5.18558216	8.03357697	-21.548317	5162.93066	0.788207591	0.19325529	0.81677711	0.236607134
cace-sea-lr	375	2	0	75	63.7617798	63.7636185	9.44010735	0.312776029	9.4452877	-0.113433614	5.18645048	8.03377533	-21.7792568	5164.66016	0.787439764	0.193396404	0.81657505	0.23683849
cace-sea-lr	376	2	0	76	63.737114	63.7389488	9.43865871	0.312593609	9.44383335	-0.112956673	5.18555593	8.03304291	-21.6876831	5162.87793	0.787691355	0.193345219	0.816735029	0.236729428
cace-sea-lr	377	2	0	77	63.7186661	63.7205048	9.43772697	0.312461764	9.4428978	-0.112563945	5.18516493	8.0325346	-21.6122742	5162.09961	0.787504435	0.193245426	0.816606402	0.236644521
cace-sea-lr	378	2	0	78	63.7415771	63.743412	9.43878937	0.31248188	9.44396114	-0.112292036	5.18547344	8.03248024	-21.56007	5162.71484	0.787677169	0.193178415	0.816753149	0.236519948
cace-sea-lr	379	2	0	79	63.6762314	63.6780739	9.43589783	0.312534362	9.44107246	-0.112446196	5.18476534	8.03164101	-21.5896606	5161.30469	0.787056744	0.193095818	0.816327572	0.236542076
cace-sea-lr	380	2	0	80	63.6997986	63.7016373	9.43624401	0.312592626	9.44142056	-0.112682611	5.18478489	8.03249168	-21.6350651	5161.34229	0.787121832	0.193229243	0.81638211	0.236689702
cace-sea-lr	381	2	0	81	63.7360954	63.7379379	9.43875217	0.312507808	9.44392395	-0.112301759	5.18502235	8.03325653	-21.5619392	5161.81543	0.787405312	0.193273962	0.816507101	0.236708239
cace-sea-lr	382	2	0	82	63.7464409	63.7482834	9.43925571	0.312486589	9.44442654	-0.112278417	5.1851697	8.0331974	-21.5574532	5162.10889	0.787633538	0.193235472	0.816683948	0.236609861
cace-sea-lr	383	2	0	83	63.7348137	63.7366486	9.43643475	0.31261763	9.44161129	-0.112932459	5.18495417	8.03249168	-21.6830311	5161.68018	0.787699878	0.193245351	0.816770911	0.236596763
cace-sea-lr	384	2	0	84	63.7261734	63.7280045	9.43503761	0.312591523	9.44021511	-0.112978809	5.1845274	8.03235245	-21.6919327	5160.82959	0.787435412	0.193295464	0.816567302	0.23671712
cace-sea-lr	385	2	0	85	63.7150764	63.7169113	9.43346596	0.312658966	9.43864632	-0.113231413	5.18427181	8.03231144	-21.740427	5160.32129	0.787718117	0.193316579	0.81655705	0.236745954
cace-sea-lr	386	2	0	86	63.7012024	63.7030411	9.43451881	0.31265685	9.43969822	-0.113111846	5.18452168	8.03254795	-21.717474	5160.81934	0.787710786	0.19330059	0.816649795	0.236699492
cace-sea-lr	387	2	0	87	63.7132454	63.7150764	9.43592548	0.312574714	9.44110107	-0.112852179	5.18473625	8.03279305	-21.6676216	5161.24512	0.787540734	0.193287745	0.816515625	0.236722648
cace-sea-lr	388	2	0	88	63.755455	63.7572937	9.43693066	0.312628806	9.44210815	-0.112943396	5.1850605	8.03350163	-21.6851349	5161.89111	0.787742734	0.193320796	0.816612244	0.23673512
cace-sea-lr	389	2	0	89	63.7296982	63.7315331	9.43630123	0.312675416	9.44148064	-0.113166019	5.18508244	8.03338909	-21.7278709	5161.93506	0.787176132	0.193335682	0.816425323	0.236807555
cace-sea-lr	390	2	0	90	63.7355232	63.7373619	9.4381237	0.312614679	9.44330025	-0.112819865	5.18520784	8.03386116	-21.6614113	5162.18506	0.78739351	0.193339825	0.816523373	0.23678419
cace-sea-lr	391	2	0	91	63.687233	63.6890717	9.43507385	0.312618196	9.44025135	-0.113322265	5.18470287	8.03307247	-21.7578735	5161.17969	0.787636459	0.193355694	0.81678313	0.236728311
cace-sea-lr	392	2	0	92	63.7210999	63.7229347	9.43744755	0.312620223	9.44262409	-0.113070294	5.1850276	8.03408813	-21.7094994	5161.82666	0.787809193	0.193403587	0.816765308	0.236792117
cace-sea-lr	393	2	0	93	63.7294617	63.7312965	9.43870258	0.312623352	9.44387817	-0.112826437	5.18519115	8.03431702	-21.6626797	5162.15137	0.787310302	0.193372324	0.816500545	0.236830607
cace-sea-lr	394	2	0	94	63.7209473	63.7227821	9.43780804	0.312614888	9.44298458	-0.112774029	5.1849966	8.03389931	-21.6526146	5161.76465	0.787532866	0.193330616	0.816696823	0.236722618
cace-sea-lr	395	2	0	95	63.7294083	63.7312431	9.43866634	0.312561899	9.44384003	-0.112509422	5.18501806	8.03418064	-21.6018085	5161.80713	0.787971079	0.193313017	0.816874385	0.236649632
cace-sea-lr	396	2	0	96	63.7549019	63.7567444	9.44110394	0.312498957	9.44627476	-0.11213804	5.18535376	8.03490257	-21.5305061	5162.47559	0.788341403	0.193318203	0.817107677	0.236588404
cace-sea-lr	397	2	0	97	63.7187386	63.7205811	9.43915367	0.312603861	9.44432926	-0.112725258	5.18521595	8.03448868	-21.6432533	5162.20068	0.787989974	0.193373263	0.816952407	0.236700773
cace-sea-lr	398	2	0	98	63.7071457	63.7089844	9.43730164	0.312712848	9.44248199	-0.1133008	5.1851778	8.03420353	-21.7537518	5162.125	0.787400663	0.193413869	0.816557407	0.236864999
cace-sea-lr	399	2	0	99	63.7207756	63.7226143	9.43803596	0.312696278	9.44321537	-0.113110267	5.1852293	8.03427124	-21.7171688	5162.22803	0.787577391	0.193381786	0.816618562	0.236807972
cace-sea-lr	400	2	0	100	63.7142448	63.7160873	9.43761349	0.312705725	9.44279194	-0.113100179	5.18518209	8.0338707	-21.7152348	5162.13379	0.787817478	0.193340912	0.816694677	0.236735851
cace-sea-lr	401	3	0	1	63.7232857	63.7251167	9.43691444	0.312807441	9.44209671	-0.113458507	5.18529272	8.03396606	-21.7840328	5162.354	0.787829697	0.19337441	0.816727221	0.236767441
cace-sea-lr	402	3	0	2	63.7196884	63.7215271	9.43602562	0.312869787	9.44121075	-0.113743998	5.18532705	8.03376961	-21.8388462	5162.42236	0.7876966	0.193387106	0.816704094	0.236789688
cace-sea-lr	403	3	0	3	63.7369881	63.7388229	9.43687725	0.312887132	9.44206238	-0.113754496	5.18557119	8.03409195	-21.8408623	5162.90918	0.787463248	0.193419129	0.816659451	0.236841843
cace-sea-lr	404	3	0	4	63.7257919	63.7276344	9.43537331	0.31285274	9.44055748	-0.113876887	5.1853528	8.03332996	-21.8643589	5162.47412	0.78747797	0.193387866	0.816662192	0.236802772
cace-sea-lr	405	3	0	5	63.7580948	63.7599258	9.4364748	0.312903345	9.44165993	-0.113902226	5.18571615	8.03364182	-21.8692245	5163.19678	0.787495613	0.193407029	0.816696644	0.236816242
cace-sea-lr	406	3	0	6	63.7432938	63.7451286	9.43566322	0.312962741	9.44085312	-0.114126123	5.18577194	8.0333395	-21.91222	5163.30859	0.787415326	0.19339405	0.816683888	0.236804053
cace-sea-lr	407	3	0	7	63.7490616	63.7508926	9.43671608	0.312998086	9.44190502	-0.114037506	5.18606377	8.03348255	-21.8951988	5163.88965	0.787458658	0.193380743	0.816729963	0.2367744
cace-sea-lr	408	3	0	8	63.7352104	63.7370491	9.43629646	0.313053071	9.44148827	-0.114138722	5.18612146	8.03322983	-21.9146347	5164.00488	0.787472308	0.193353653	0.816752434	0.236734718
cace-sea-lr	409	3	0	9	63.7255249	63.727356	9.43450737	0.31308043	9.43970108	-0.114262201	5.18572712	8.03285694	-21.9383469	5163.21875	0.787398696	0.19334808	0.816702783	0.236742288
cace-sea-lr	410	3	0	10	63.7245598	63.7263908	9.43372726	0.313148052	9.43892384	-0.114595048	5.18583775	8.03261566	-22.0022469	5163.43896	0.787265539	0.193367034	0.816708326	0.23676388
cace-sea-lr	411	3	0	11	63.7337418	63.7355728	9.4346447	0.313192338	9.43984127	-0.11466635	5.18617105	8.03267384	-22.015934	5164.10303	0.787077844	0.19338721	0.816730142	0.236782268
cace-sea-lr	412	3	0	12	63.7278328	63.7296638	9.43426132	0.313153774	9.43945694	-0.114547335	5.18598175	8.03231621	-21.9930878	5163.72559	0.787392735	0.193351656	0.81679678	0.236719415
cace-sea-lr	413	3	0	13	63.775219	63.7770538	9.43598747	0.31310159	9.44118118	-0.114098854	5.18606138	8.03285599	-21.9069767	5163.88525	0.787705064	0.193341628	0.816896379	0.236678272
cace-sea-lr	414	3	0	14	63.7688065	63.7706337	9.43532085	0.313154161	9.44051552	-0.114268914	5.18606901	8.03260231	-21.9396305	5163.89941	0.787723064	0.193330482	0.816933215	0.236653969
cace-sea-lr	415	3	0	15	63.7357903	63.7376213	9.43338966	0.313201964	9.43858719	-0.114529446	5.18590975	8.0315237	-21.9896564	5163.58203	0.787788808	0.19325912	0.816951394	0.236561343
cace-sea-lr	416	3	0	16	63.7205315	63.7223587	9.43182945	0.313206792	9.43702793	-0.114754722	5.18572712	8.03084946	-22.0329075	5163.21973	0.787652373	0.193245664	0.816911161	0.23655653
cace-sea-lr	417	3	0	17	63.708374	63.7102013	9.43072224	0.313220233	9.43592072	-0.114886358	5.1855197	8.03053665	-22.058176	5162.80615	0.787331462	0.193253025	0.816828787	0.236589387
cace-sea-lr	418	3	0	18	63.7493515	63.7511902	9.43311501	0.313217431	9.43831253	-0.114475347	5.18577909	8.03136921	-21.9792614	5163.32178	0.78769058	0.193258852	0.816980898	0.236552477
cace-sea-lr	419	3	0	19	63.7251892	63.7270203	9.43203735	0.313198507	9.43723583	-0.114505611	5.18555307	8.03085041	-21.9850807	5162.87207	0.787646413	0.19322677	0.816959441	0.236519411
cace-sea-lr	420	3	0	20	63.7327042	63.7345352	9.43388939	0.313177496	9.43908596	-0.11425294	5.18584061	8.03123093	-21.9365635	5163.44531	0.787334621	0.193236783	0.81694901	0.2365347
cace-sea-lr	421	3	0	21	63.7273674	63.7291985	9.43388939	0.313149065	9.43908596	-0.114160694	5.18575621	8.03113079	-21.9188499	5163.27637	0.787227094	0.193225682	0.816913724	0.236531317
cace-sea-lr	422	3	0	22	63.7492599	63.7510872	9.43524837	0.313125163	9.44044304	-0.113862835	5.18583441	8.03154564	-21.8616638	5163.43311	0.787268162	0.193222642	0.81694299	0.236519128
cace-sea-lr	423	3	0	23	63.7187729	63.7206001	9.43351936	0.313102216	9.43871403	-0.113929078	5.18544054	8.03092575	-21.8743839	5162.64844	0.787184894	0.193186745	0.816879451	0.236493573
cace-sea-lr	424	3	0	24	63.7506943	63.7525215	9.43497658	0.313071996	9.44016838	-0.113622226	5.18555641	8.03139019	-21.8154659	5162.87891	0.787482798	0.193179891	0.816936851	0.236468568
cace-sea-lr	425	3	0	25	63.740551	63.7423782	9.43443489	0.313088596	9.43962765	-0.11369931	5.18548918	8.03120899	-21.830265	5162.74512	0.787491679	0.19316414	0.816916943	0.236455053
cace-sea-lr	426	3	0	26	63.7308464	63.7326775	9.43396854	0.313132465	9.43916321	-0.113884382	5.18554115	8.03105354	-21.8658028	5162.84912	0.787349224	0.193162411	0.81688565	0.236461997
cace-sea-lr	427	3	0	27	63.7642326	63.7660599	9.43608665	0.313115358	9.44128036	-0.113554262	5.18580294	8.03172207	-21.8024178	5163.37012	0.787542641	0.193167761	0.816955149	0.236448422
cace-sea-lr	428	3	0	28	63.7494011	63.7512283	9.43508148	0.313168049	9.44027805	-0.113817044	5.18575811	8.03148556	-21.8528671	5163.28027	0.787524998	0.193172023	0.816941261	0.236457661
cace-sea-lr	429	3	0	29	63.7167892	63.7186165	9.43319035	0.313209474	9.43838882	-0.114159018	5.18558884	8.03082848	-21.9185295	5162.94434	0.787488282	0.193157315	0.816916764	0.236446753
cace-sea-lr	430	3	0	30	63.7292786	63.7311058	9.43377209	0.313222617	9.43897057	-0.114105754	5.18569899	8.03104591	-21.9083042	5163.16211	0.787599266	0.193160906	0.816959739	0.236438707
cace-sea-lr	431	3	0	31	63.7387924	63.7406273	9.43406391	0.313226342	9.43926239	-0.114128225	5.18580008	8.03115463	-21.9126167	5163.36377	0.7876001	0.193172082	0.816973865	0.236448303
cace-sea-lr	432	3	0	32	63.7339706	63.7358017	9.43365002	0.313291162	9.43885136	-0.114407033	5.1859231	8.03115273	-21.9661503	5163.6084	0.787569225	0.193195522	0.817021132	0.236463308
cace-sea-lr	433	3	0	33	63.7546501	63.756485	9.43465614	0.31327939	9.43985462	-0.114252426	5.18604612	8.03151894	-21.9364624	5163.854	0.787631154	0.193205506	0.817069709	0.236461475
cace-sea-lr	434	3	0	34	63.740181	63.7420082	9.43382072	0.313323945	9.43902111	-0.114444263	5.18599319	8.03126526	-21.9733009	5163.74902	0.787658095	0.193198785	0.817089558	0.236447498
cace-sea-lr	435	3	0	35	63.724926	63.7267494	9.43342209	0.313327104	9.43862438	-0.114431128	5.18586111	8.03117752	-21.9707756	5163.48584	0.787497401	0.193194211	0.817056	0.236451611
cace-sea-lr	436	3	0	36	63.7218552	63.7236824	9.43306446	0.313351542	9.43826675	-0.114520632	5.18587971	8.03102684	-21.987957	5163.52393	0.787458777	0.193188712	0.817051053	0.236446321
cace-sea-lr	437	3	0	37	63.7319946	63.7338257	9.43292809	0.313353896	9.43813133	-0.114498086	5.18585396	8.03096962	-21.9836311	5163.47168	0.787535608	0.19318144	0.817065716	0.236433178
cace-sea-lr	438	3	0	38	63.7365799	63.7384071	9.43280029	0.31336239	9.43800354	-0.114512227	5.18586922	8.03094482	-21.9863491	5163.50244	0.787602246	0.193171859	0.817089558	0.236414552
cace-sea-lr	439	3	0	39	63.7443314	63.7461586	9.43299866	0.313374996	9.43820286	-0.114495628	5.18591118	8.03100395	-21.98316	5163.58496	0.787645519	0.193172351	0.817116737	0.23640728
cace-sea-lr	440	3	0	40	63.7373657	63.739193	9.43253613	0.313386917	9.43774033	-0.114570476	5.18588209	8.03073311	-21.9975319	5163.52783	0.787701547	0.193158388	0.817127764	0.236387014
cace-sea-lr	441	3	0	41	63.7430305	63.744854	9.43280125	0.31338948	9.43800545	-0.114536442	5.18591833	8.03078651	-21.9910011	5163.6001	0.787826002	0.193156347	0.81715852	0.236375615
cace-sea-lr	442	3	0	42	63.731636	63.7334595	9.43215752	0.313393265	9.43736362	-0.114606313	5.1857996	8.0305872	-22.004406	5163.36279	0.787798524	0.193150356	0.817137182	0.236374453
cace-sea-lr	443	3	0	43	63.7486191	63.7504463	9.43282127	0.313374043	9.43802547	-0.114452519	5.18583632	8.03081322	-21.9748859	5163.43652	0.787918329	0.193150297	0.817185044	0.236360535
cace-sea-lr	444	3	0	44	63.7188721	63.7206993	9.4312191	0.313370883	9.43642426	-0.114620879	5.18557358	8.03023529	-22.0072136	5162.91309	0.78781873	0.193131253	0.817141593	0.236349806
cace-sea-lr	445	3	0	45	63.7466354	63.7484627	9.43277264	0.313334614	9.43797588	-0.114323743	5.18571377	8.03072548	-21.9501629	5163.19238	0.787928045	0.193138883	0.817195952	0.236343414
cace-sea-lr	446	3	0	46	63.731884	63.7337112	9.43195152	0.313325584	9.43715477	-0.114382423	5.18555593	8.03041077	-21.9614296	5162.87842	0.78788954	0.19312501	0.8171736	0.236332908
cace-sea-lr	447	3	0	47	63.7377129	63.7395439	9.43219471	0.313318491	9.437397	-0.114313826	5.18555784	8.03049088	-21.9482574	5162.88184	0.787911475	0.193123728	0.817182064	0.236328885
cace-sea-lr	448	3	0	48	63.7447281	63.7465477	9.43262005	0.31331563	9.43782234	-0.114225522	5.18558359	8.03063488	-21.9312992	5162.93262	0.787945986	0.193124011	0.817194581	0.236325607
cace-sea-lr	449	3	0	49	63.7431755	63.7450104	9.43253899	0.313316435	9.43774128	-0.114222907	5.18556786	8.03057861	-21.9307976	5162.90137	0.787965536	0.193120107	0.817198932	0.236319572
cace-sea-lr	450	3	0	50	63.7379875	63.7398071	9.43233204	0.313319743	9.43753433	-0.114254639	5.18555212	8.03043079	-21.9368935	5162.87012	0.787942469	0.193114832	0.817187071	0.236316547
cace-sea-lr	451	3	0	51	63.7352676	63.7370949	9.43209839	0.313331485	9.43730068	-0.11427889	5.18552017	8.03033447	-21.9415474	5162.80713	0.787998021	0.193107158	0.817193866	0.236305192
cace-sea-lr	452	3	0	52	63.7410583	63.7428818	9.43248463	0.313341856	9.43768692	-0.114260055	5.18560457	8.03045177	-21.9379349	5162.9751	0.787953436	0.193114057	0.817194879	0.236313343
cace-sea-lr	453	3	0	53	63.7363052	63.7381325	9.43243885	0.313343883	9.43764114	-0.11429058	5.18562222	8.03036976	-21.9437866	5163.01025	0.787869692	0.193114996	0.817183137	0.236317888
cace-sea-lr	454	3	0	54	63.7332268	63.735054	9.43234444	0.313346624	9.43754768	-0.114306919	5.18561745	8.03032017	-21.9469261	5163.00098	0.787816763	0.19311282	0.817176998	0.236317009
cace-sea-lr	455	3	0	55	63.7520256	63.7538528	9.43344593	0.313340247	9.43864822	-0.114150129	5.18577909	8.03066444	-21.9168282	5163.32275	0.787894011	0.193117023	0.817219913	0.236309737
cace-sea-lr	456	3	0	56	63.7342606	63.7360878	9.43255711	0.313357294	9.43776035	-0.114315607	5.18569231	8.03037739	-21.9486027	5163.1499	0.787799001	0.193115547	0.81719172	0.236316085
cace-sea-lr	457	3	0	57	63.7394791	63.7413025	9.43266296	0.313340932	9.43786621	-0.114224397	5.18563604	8.03043175	-21.9310875	5163.0376	0.787826061	0.19311282	0.817189574	0.236313373
cace-sea-lr	458	3	0	58	63.7367744	63.7385979	9.43245316	0.313363612	9.43765736	-0.114315964	5.18566036	8.03040886	-21.9486656	5163.08594	0.787742615	0.19311963	0.81716162	0.236329779
cace-sea-lr	459	3	0	59	63.7406616	63.7424889	9.43280029	0.313366652	9.43800354	-0.114252575	5.18570375	8.03049469	-21.936491	5163.17236	0.78772223	0.193117678	0.817162037	0.236327276
cace-sea-lr	460	3	0	60	63.7288933	63.7307205	9.43234348	0.313360125	9.43754768	-0.114258543	5.18560123	8.03028107	-21.9376335	5162.96826	0.787695527	0.193102583	0.817150831	0.236312047
cace-sea-lr	461	3	0	61	63.7367363	63.7385674	9.43277168	0.313355565	9.43797493	-0.114180326	5.18564987	8.03042698	-21.9226284	5163.06543	0.787737668	0.19310303	0.817168534	0.236307472
cace-sea-lr	462	3	0	62	63.7357178	63.7375488	9.43266869	0.31335786	9.43787289	-0.114185221	5.18563461	8.03039837	-21.9235573	5163.03418	0.787770629	0.193099111	0.817173183	0.236301333
cace-sea-lr	463	3	0	63	63.7319565	63.7337837	9.43246746	0.313368857	9.43767262	-0.11423821	5.18563318	8.03033066	-21.9337349	5163.03223	0.78776443	0.193098247	0.817169905	0.236301228
cace-sea-lr	464	3	0	64	63.7343216	63.736145	9.43249035	0.313371658	9.43769455	-0.114249676	5.18564606	8.03036022	-21.9359398	5163.05762	0.787755489	0.193102598	0.817165613	0.236307785
cace-sea-lr	465	3	0	65	63.740181	63.742012	9.43277931	0.313376307	9.43798256	-0.114219911	5.18568993	8.03048134	-21.9302254	5163.14453	0.787767231	0.193108052	0.817175388	0.236311629
cace-sea-lr	466	3	0	66	63.7348022	63.7366333	9.43247986	0.313375235	9.43768311	-0.114247829	5.185637	8.0303812	-21.9355812	5163.03906	0.787766337	0.193103924	0.81716907	0.236308411
cace-sea-lr	467	3	0	67	63.736412	63.7382431	9.43247795	0.313373327	9.43768311	-0.11424391	5.18563557	8.03038597	-21.9348335	5163.03662	0.78776294	0.193104684	0.81716907	0.236309335
cace-sea-lr	468	3	0	68	63.7435913	63.7454109	9.4327774	0.313374043	9.43798065	-0.114211895	5.18569136	8.03048515	-21.928688	5163.14746	0.787798524	0.193107322	0.817181051	0.236309111
cace-sea-lr	469	3	0	69	63.733654	63.7354889	9.43237877	0.313378781	9.43758297	-0.114276715	5.18565083	8.03032303	-21.9411316	5163.06738	0.787763059	0.193102404	0.817169845	0.236306325
cace-sea-lr	470	3	0	70	63.7372208	63.739048	9.43255329	0.313377976	9.43775749	-0.114245743	5.18567514	8.03036213	-21.9351845	5163.11572	0.787787795	0.193101466	0.817183852	0.236301124
cace-sea-lr	471	3	0	71	63.7375107	63.7393417	9.43253708	0.313379794	9.43774128	-0.114253253	5.18568182	8.03034592	-21.9366245	5163.12891	0.787794292	0.19310078	0.817186713	0.236299455
cace-sea-lr	472	3	0	72	63.7393684	63.7411957	9.43266392	0.313381404	9.43786812	-0.114243045	5.18570757	8.03037834	-21.9346676	5163.18066	0.787791371	0.193101987	0.817191839	0.236299455
cace-sea-lr	473	3	0	73	63.7396965	63.7415237	9.43269825	0.313381821	9.4379034	-0.114242427	5.18571997	8.03037453	-21.9345493	5163.20508	0.787820101	0.193101108	0.817199528	0.236296162
cace-sea-lr	474	3	0	74	63.736248	63.7380753	9.43250847	0.313409626	9.43771362	-0.114339255	5.18575239	8.0303297	-21.9531403	5163.26904	0.787831306	0.193104267	0.817210078	0.236296967
cace-sea-lr	475	3	0	75	63.7366943	63.7385139	9.43249798	0.313406318	9.43770409	-0.114328556	5.18573809	8.03031349	-21.9510803	5163.24121	0.787842095	0.193103746	0.817212105	0.236295745
cace-sea-lr	476	3	0	76	63.7390251	63.7408562	9.43259716	0.313402563	9.43780231	-0.114310242	5.18574905	8.03033829	-21.9475594	5163.2627	0.787832558	0.193104714	0.817210615	0.236297369
cace-sea-lr	477	3	0	77	63.7345085	63.7363396	9.43240929	0.313403398	9.43761444	-0.114333965	5.18572378	8.03025436	-21.9521179	5163.2124	0.787828684	0.193101272	0.817203164	0.236295313
cace-sea-lr	478	3	0	78	63.734642	63.7364731	9.43245792	0.313400954	9.43766212	-0.114323601	5.18572712	8.03026009	-21.9501305	5163.21875	0.78783375	0.193101287	0.817204118	0.236295044
cace-sea-lr	479	3	0	79	63.7402115	63.7420349	9.43285847	0.313385129	9.43806362	-0.114233568	5.18574858	8.03037834	-21.9328499	5163.26172	0.787838221	0.193103686	0.817207575	0.236296982
cace-sea-lr	480	3	0	80	63.7340317	63.7358627	9.43259621	0.313385576	9.43780136	-0.114269271	5.18571329	8.03027725	-21.9396915	5163.19092	0.787836134	0.19310011	0.817202449	0.236294091
cace-sea-lr	481	3	0	81	63.7339668	63.7357941	9.43262768	0.313384742	9.43783283	-0.114262201	5.18571663	8.03027916	-21.9383373	5163.19727	0.787856638	0.193099409	0.817205429	0.236292377
cace-sea-lr	482	3	0	82	63.736805	63.7386322	9.43278122	0.313382149	9.43798542	-0.114236116	5.18573666	8.03032207	-21.9333248	5163.2373	0.787873924	0.193099692	0.817212343	0.236290723
cace-sea-lr	483	3	0	83	63.7395859	63.7414131	9.43290997	0.313376963	9.43811321	-0.114204004	5.18574095	8.03036118	-21.927166	5163.24658	0.787886381	0.193100199	0.817216337	0.236290187
cace-sea-lr	484	3	0	84	63.7413406	63.7431641	9.43299007	0.31337443	9.43819427	-0.114182681	5.18574095	8.03038979	-21.9230766	5163.24609	0.787874758	0.193101138	0.817215383	0.236291602
cace-sea-lr	485	3	0	85	63.7396355	63.7414627	9.43291283	0.313378066	9.43811798	-0.11420048	5.1857357	8.03037071	-21.9264965	5163.23682	0.78786236	0.193101123	0.817211211	0.236292794
cace-sea-lr	486	3	0	86	63.7344589	63.7362938	9.43266296	0.313382566	9.43786716	-0.114247575	5.18571138	8.0302887	-21.9355373	5163.1875	0.787844002	0.193099931	0.817201138	0.236294255
cace-sea-lr	487	3	0	87	63.7330399	63.7348709	9.43264484	0.313380599	9.43784809	-0.114253812	5.18571568	8.03026962	-21.936739	5163.19629	0.787828207	0.193100303	0.817198813	0.236295372
cace-sea-lr	488	3	0	88	63.7354507	63.7372742	9.43274975	0.313378572	9.43795395	-0.114241287	5.18573236	8.03030205	-21.9343262	5163.22998	0.787823677	0.193102121	0.817201853	0.236296728
cace-sea-lr	489	3	0	89	63.7329483	63.7347755	9.43262196	0.313381702	9.43782616	-0.114266343	5.18572283	8.03026199	-21.9391365	5163.21094	0.787805796	0.193101957	0.81719619	0.236298159
cace-sea-lr	490	3	0	90	63.736084	63.737915	9.43272686	0.313382417	9.43793106	-0.114250965	5.1857357	8.03031254	-21.9361858	5163.23633	0.787825704	0.193103462	0.817203104	0.23629801
cace-sea-lr	491	3	0	91	63.735878	63.7377014	9.43271828	0.313382894	9.43792248	-0.114248291	5.18573236	8.03031063	-21.9356689	5163.22949	0.787837744	0.193102613	0.817207515	0.236295685
cace-sea-lr	492	3	0	92	63.7378464	63.7396736	9.43279648	0.313382417	9.43800068	-0.11423564	5.1857419	8.03033447	-21.9332447	5163.24902	0.787851691	0.19310315	0.817213535	0.236294612
cace-sea-lr	493	3	0	93	63.7425766	63.7444077	9.43297386	0.313385069	9.43817806	-0.114221998	5.18577528	8.03039837	-21.9306221	5163.31445	0.787875891	0.193106338	0.817226231	0.236294836
cace-sea-lr	494	3	0	94	63.7369995	63.7388306	9.43269444	0.313389063	9.43789864	-0.11426197	5.18573666	8.03030586	-21.9382992	5163.2373	0.787865877	0.193104118	0.817220032	0.236293912
cace-sea-lr	495	3	0	95	63.7347488	63.7365723	9.43260193	0.313389182	9.43780613	-0.114269428	5.18571806	8.03027153	-21.9397335	5163.20117	0.78786844	0.193102464	0.817217469	0.23629263
cace-sea-lr	496	3	0	96	63.7312622	63.7330818	9.43252277	0.313388288	9.43772793	-0.114275806	5.18570137	8.03023911	-21.9409599	5163.16699	0.78784734	0.193101913	0.817209542	0.23629424
cace-sea-lr	497	3	0	97	63.7357979	63.7376251	9.43275261	0.313384056	9.43795681	-0.11423365	5.18572569	8.03030109	-21.9328613	5163.21582	0.787848651	0.193102971	0.817213237	0.236294478
cace-sea-lr	498	3	0	98	63.7402725	63.7420998	9.43295574	0.313380033	9.4381609	-0.114196055	5.18574715	8.03036118	-21.925642	5163.2583	0.787867904	0.193103641	0.817221582	0.236292884
cace-sea-lr	499	3	0	99	63.7326546	63.7344894	9.43261433	0.313387334	9.43781853	-0.114258133	5.18571186	8.03024483	-21.9375591	5163.18848	0.787831545	0.193101868	0.817207575	0.236294761
cace-sea-lr	500	3	0	100	63.7400627	63.7418938	9.43292809	0.31338346	9.43813324	-0.114204854	5.18574619	8.03035164	-21.9273338	5163.25684	0.787853658	0.193104312	0.817218959	0.236294463
cace-sea-sr	1	0	0	1	68.4135895	68.4269257									0.932440758		0.932440758	
cace-sea-sr	2	0	0	2	77.7480011	77.7521515									0.750163674		0.750163674	
cace-sea-sr	3	0	0	3	67.6089325	67.6127243									0.778815985		0.778815985	
cace-sea-sr	4	0	0	4	85.5281754	85.5303116									0.809168339		0.809168339	
cace-sea-sr	5	0	0	5	76.3106232	76.3127289									0.739735544		0.739735544	
cace-sea-sr	6	0	0	6	65.9706268	65.9738846									0.908096313		0.908096313	
cace-sea-sr	7	0	0	7	69.4261856	69.428978									0.828551114		0.828551114	
cace-sea-sr	8	0	0	8	77.236351	77.2390594									0.808226764		0.808226764	
cace-sea-sr	9	0	0	9	80.4698334	80.4724045									0.812213659		0.812213659	
cace-sea-sr	10	0	0	10	71.1416168	71.1441422									0.831207752		0.831207752	
cace-sea-sr	11	0	0	11	68.3187408	68.3217316									0.788620949		0.788620949	
cace-sea-sr	12	0	0	12	84.4808197	84.4833145									0.824484229		0.824484229	
cace-sea-sr	13	0	0	13	68.9393768	68.9425354									0.851892471		0.851892471	
cace-sea-sr	14	0	0	14	74.347435	74.3504257									0.827631593		0.827631593	
cace-sea-sr	15	0	0	15	72.8125458	72.8153915									0.821658313		0.821658313	
cace-sea-sr	16	0	0	16	67.0387421	67.0420761									0.813910306		0.813910306	
cace-sea-sr	17	0	0	17	76.0550308	76.0579529									0.78445369		0.78445369	
cace-sea-sr	18	0	0	18	76.7645721	76.7673492									0.800379276		0.800379276	
cace-sea-sr	19	0	0	19	62.9649277	62.9685593									0.843218744		0.843218744	
cace-sea-sr	20	0	0	20	67.7446671	67.7474594									0.810214281		0.810214281	
cace-sea-sr	21	0	0	21	73.9742432	73.9770279									0.779839873		0.779839873	
cace-sea-sr	22	0	0	22	72.6454468	72.6478577									0.766261458		0.766261458	
cace-sea-sr	23	0	0	23	77.3968506	77.3994141									0.79000634		0.79000634	
cace-sea-sr	24	0	0	24	71.7758942	71.7790985									0.803189397		0.803189397	
cace-sea-sr	25	0	0	25	72.0411911	72.0439148									0.811712444		0.811712444	
cace-sea-sr	26	0	0	26	74.366066	74.3685074									0.771467507		0.771467507	
cace-sea-sr	27	0	0	27	73.4841614	73.4865494									0.795649111		0.795649111	
cace-sea-sr	28	0	0	28	73.6947861	73.6974869									0.82072705		0.82072705	
cace-sea-sr	29	0	0	29	74.9991684	75.0018387									0.805743814		0.805743814	
cace-sea-sr	30	0	0	30	73.879364	73.881897									0.82653743		0.82653743	
cace-sea-sr	31	0	0	31	72.5270996	72.529892									0.810919344		0.810919344	
cace-sea-sr	32	0	0	32	74.4452515	74.4480515									0.847363949		0.847363949	
cace-sea-sr	33	0	0	33	69.7101288	69.7127304									0.756510198		0.756510198	
cace-sea-sr	34	0	0	34	74.2283936	74.2309875									0.811044037		0.811044037	
cace-sea-sr	35	0	0	35	65.9989624	66.0017395									0.810209155		0.810209155	
cace-sea-sr	36	0	0	36	73.8834229	73.8860092									0.817162693		0.817162693	
cace-sea-sr	37	0	0	37	72.2881012	72.2906876									0.804415584		0.804415584	
cace-sea-sr	38	0	0	38	73.6701813	73.6726608									0.819297552		0.819297552	
cace-sea-sr	39	0	0	39	74.4775696	74.4796524									0.817265868		0.817265868	
cace-sea-sr	40	0	0	40	80.9190903	80.9217987									0.824489653		0.824489653	
cace-sea-sr	41	0	1	1	74.3508911	74.3536148									0.811537564		0.811537564	
cace-sea-sr	42	0	1	2	76.7317963	76.7341766									0.762372792		0.762372792	
cace-sea-sr	43	0	1	3	72.000412	72.0030518									0.801549196		0.801549196	
cace-sea-sr	44	0	1	4	66.5585556	66.5614548									0.806809366		0.806809366	
cace-sea-sr	45	0	1	5	79.8486862	79.8512878									0.835072279		0.835072279	
cace-sea-sr	46	0	1	6	67.1775589	67.1805038									0.831249118		0.831249118	
cace-sea-sr	47	0	1	7	76.2231216	76.2267685									0.851317823		0.851317823	
cace-sea-sr	48	0	1	8	78.5891953	78.5916672									0.807199061		0.807199061	
cace-sea-sr	49	0	1	9	73.7224274	73.7249908									0.802705765		0.802705765	
cace-sea-sr	50	0	1	10	71.4530029	71.4556274									0.78969419		0.78969419	
cace-sea-sr	51	0	1	11	74.6625519	74.6652603									0.810822785		0.810822785	
cace-sea-sr	52	0	1	12	75.8897934	75.8924179									0.857828021		0.857828021	
cace-sea-sr	53	0	1	13	74.5900879	74.5928345									0.783680797		0.783680797	
cace-sea-sr	54	0	1	14	78.7819672	78.7844772									0.849105537		0.849105537	
cace-sea-sr	55	0	1	15	80.1049805	80.1078491									0.823964715		0.823964715	
cace-sea-sr	56	0	1	16	78.3542709	78.3566437									0.878345072		0.878345072	
cace-sea-sr	57	0	1	17	76.3839798	76.3864288									0.809730053		0.809730053	
cace-sea-sr	58	0	1	18	76.5553513	76.5578537									0.787367523		0.787367523	
cace-sea-sr	59	0	1	19	79.3860321	79.3884888									0.836500943		0.836500943	
cace-sea-sr	60	0	1	20	70.2114563	70.2143707									0.788757682		0.788757682	
cace-sea-sr	61	0	1	21	74.3460236	74.3490067									0.814692795		0.814692795	
cace-sea-sr	62	0	1	22	71.0175171	71.0202408									0.815127552		0.815127552	
cace-sea-sr	63	0	1	23	75.6622543	75.6646271									0.814342082		0.814342082	
cace-sea-sr	64	0	1	24	69.7374954	69.7404327									0.809919536		0.809919536	
cace-sea-sr	65	0	1	25	73.3137207	73.3160248									0.79473722		0.79473722	
cace-sea-sr	66	0	1	26	72.8601532	72.8629684									0.818286598		0.818286598	
cace-sea-sr	67	0	1	27	66.2792664	66.2820053									0.826607466		0.826607466	
cace-sea-sr	68	0	1	28	72.9030609	72.9060669									0.822843432		0.822843432	
cace-sea-sr	69	0	1	29	67.1389465	67.1417542									0.814217746		0.814217746	
cace-sea-sr	70	0	1	30	68.9676666	68.9704285									0.807830572		0.807830572	
cace-sea-sr	71	0	1	31	77.1910858	77.1938324									0.826332688		0.826332688	
cace-sea-sr	72	0	1	32	74.457077	74.4597549									0.8183285		0.8183285	
cace-sea-sr	73	0	1	33	72.1227722	72.1254501									0.813362241		0.813362241	
cace-sea-sr	74	0	1	34	72.7955551	72.7981262									0.80951035		0.80951035	
cace-sea-sr	75	0	1	35	73.0145721	73.0171127									0.8091892		0.8091892	
cace-sea-sr	76	0	1	36	72.6382446	72.640686									0.822239459		0.822239459	
cace-sea-sr	77	0	1	37	72.9517288	72.9543762									0.822171509		0.822171509	
cace-sea-sr	78	0	1	38	71.7791748	71.7816696									0.830241263		0.830241263	
cace-sea-sr	79	0	1	39	73.061264	73.063591									0.784767866		0.784767866	
cace-sea-sr	80	0	1	40	71.88134	71.8836594									0.795400262		0.795400262	
cace-sea-sr	81	0	2	1	70.6024094	70.6051178									0.809191704		0.809191704	
cace-sea-sr	82	0	2	2	73.5526276	73.555275									0.8110497		0.8110497	
cace-sea-sr	83	0	2	3	72.8405914	72.8431091									0.822835922		0.822835922	
cace-sea-sr	84	0	2	4	73.7232819	73.725914									0.799135268		0.799135268	
cace-sea-sr	85	0	2	5	75.1414566	75.1440887									0.835788012		0.835788012	
cace-sea-sr	86	0	2	6	67.4642563	67.4670258									0.843468785		0.843468785	
cace-sea-sr	87	0	2	7	70.9236221	70.9264755									0.833208084		0.833208084	
cace-sea-sr	88	0	2	8	67.8996201	67.902565									0.810081661		0.810081661	
cace-sea-sr	89	0	2	9	74.5811462	74.5836334									0.841018081		0.841018081	
cace-sea-sr	90	0	2	10	73.3134766	73.3162308									0.823909819		0.823909819	
cace-sea-sr	91	0	2	11	66.5857773	66.5890884									0.808273017		0.808273017	
cace-sea-sr	92	0	2	12	74.0958099	74.0982513									0.782073975		0.782073975	
cace-sea-sr	93	0	2	13	82.0583496	82.0605545									0.826100171		0.826100171	
cace-sea-sr	94	0	2	14	77.8458481	77.848587									0.79978776		0.79978776	
cace-sea-sr	95	0	2	15	56.5690842	56.5723457									0.78603828		0.78603828	
cace-sea-sr	96	0	2	16	72.0761566	72.0783615									0.841590106		0.841590106	
cace-sea-sr	97	0	2	17	75.0896835	75.0921021									0.809471011		0.809471011	
cace-sea-sr	98	0	2	18	74.819313	74.822731									0.745884836		0.745884836	
cace-sea-sr	99	0	2	19	71.6685638	71.6718826									0.800190151		0.800190151	
cace-sea-sr	100	0	2	20	69.0810013	69.0836716									0.802296519		0.802296519	
cace-sea-sr	101	0	2	21	73.1938629	73.1965714									0.820951819		0.820951819	
cace-sea-sr	102	0	2	22	72.3712769	72.3738327									0.835341394		0.835341394	
cace-sea-sr	103	0	2	23	74.7984619	74.8011398									0.830891669		0.830891669	
cace-sea-sr	104	0	2	24	73.3354492	73.3380356									0.805670083		0.805670083	
cace-sea-sr	105	0	2	25	75.5515442	75.5543747									0.77970916		0.77970916	
cace-sea-sr	106	0	2	26	76.7941132	76.7969208									0.779260218		0.779260218	
cace-sea-sr	107	0	2	27	70.2011948	70.20401									0.814016879		0.814016879	
cace-sea-sr	108	0	2	28	73.2508469	73.25354									0.806510746		0.806510746	
cace-sea-sr	109	0	2	29	75.4543839	75.4568863									0.811713815		0.811713815	
cace-sea-sr	110	0	2	30	75.7849426	75.7875061									0.807483971		0.807483971	
cace-sea-sr	111	0	2	31	74.1613083	74.1638107									0.832981825		0.832981825	
cace-sea-sr	112	0	2	32	72.0040665	72.0068665									0.831077933		0.831077933	
cace-sea-sr	113	0	2	33	73.431839	73.434433									0.813560724		0.813560724	
cace-sea-sr	114	0	2	34	73.7338867	73.7363892									0.794632554		0.794632554	
cace-sea-sr	115	0	2	35	70.8836517	70.886261									0.811424792		0.811424792	
cace-sea-sr	116	0	2	36	80.8852539	80.8877487									0.8338359		0.8338359	
cace-sea-sr	117	0	2	37	74.5247726	74.5273819									0.812797666		0.812797666	
cace-sea-sr	118	0	2	38	69.0419846	69.0447311									0.802413404		0.802413404	
cace-sea-sr	119	0	2	39	67.5279922	67.5306015									0.805614769		0.805614769	
cace-sea-sr	120	0	2	40	74.0824738	74.0850372									0.813423038		0.813423038	
cace-sea-sr	121	0	3	1	69.7856598	69.7884369									0.813239634		0.813239634	
cace-sea-sr	122	0	3	2	72.9047241	72.9073715									0.818784237		0.818784237	
cace-sea-sr	123	0	3	3	73.5511703	73.5544739									0.822841048		0.822841048	
cace-sea-sr	124	0	3	4	72.7112122	72.7138748									0.811141551		0.811141551	
cace-sea-sr	125	0	3	5	70.455101	70.4581451									0.834966481		0.834966481	
cace-sea-sr	126	0	3	6	74.1050415	74.1075058									0.813344538		0.813344538	
cace-sea-sr	127	0	3	7	69.4269638	69.4301529									0.821580887		0.821580887	
cace-sea-sr	128	0	3	8	65.8907394	65.893486									0.835659564		0.835659564	
cace-sea-sr	129	0	3	9	69.7267609	69.7296524									0.804677904		0.804677904	
cace-sea-sr	130	0	3	10	71.5246811	71.5274963									0.866592884		0.866592884	
cace-sea-sr	131	0	3	11	70.0790405	70.0815201									0.796327233		0.796327233	
cace-sea-sr	132	0	3	12	74.9884491	74.9907837									0.813622117		0.813622117	
cace-sea-sr	133	0	3	13	71.3958359	71.398613									0.813349187		0.813349187	
cace-sea-sr	134	0	3	14	70.6178131	70.620224									0.779028416		0.779028416	
cace-sea-sr	135	0	3	15	68.164978	68.1677399									0.801495016		0.801495016	
cace-sea-sr	136	0	3	16	72.5433578	72.5464859									0.827585638		0.827585638	
cace-sea-sr	137	0	3	17	72.0951309	72.0981216									0.835355699		0.835355699	
cace-sea-sr	138	0	3	18	72.7196655	72.7223969									0.831103981		0.831103981	
cace-sea-sr	139	0	3	19	70.4727402	70.4756393									0.812433898		0.812433898	
cace-sea-sr	140	0	3	20	73.1502838	73.1528168									0.876204491		0.876204491	
cace-sea-sr	141	0	3	21	74.423378	74.4258957									0.804009438		0.804009438	
cace-sea-sr	142	0	3	22	75.1257172	75.1282654									0.834114134		0.834114134	
cace-sea-sr	143	0	3	23	72.0546722	72.0572586									0.788463652		0.788463652	
cace-sea-sr	144	0	3	24	71.2150421	71.2177048									0.82193166		0.82193166	
cace-sea-sr	145	0	3	25	74.0314178	74.0341339									0.797400475		0.797400475	
cace-sea-sr	146	0	3	26	72.7543488	72.7569199									0.848237872		0.848237872	
cace-sea-sr	147	0	3	27	72.2498245	72.2526245									0.807257414		0.807257414	
cace-sea-sr	148	0	3	28	74.8708496	74.8733215									0.818891168		0.818891168	
cace-sea-sr	149	0	3	29	72.9208832	72.9235382									0.813539624		0.813539624	
cace-sea-sr	150	0	3	30	73.1827927	73.1852798									0.817408383		0.817408383	
cace-sea-sr	151	0	3	31	74.2110977	74.2138672									0.81023556		0.81023556	
cace-sea-sr	152	0	3	32	72.1796646	72.1823425									0.833062947		0.833062947	
cace-sea-sr	153	0	3	33	75.5236664	75.526207									0.80073297		0.80073297	
cace-sea-sr	154	0	3	34	74.3845673	74.3871155									0.818547785		0.818547785	
cace-sea-sr	155	0	3	35	72.8852921	72.8878098									0.801256299		0.801256299	
cace-sea-sr	156	0	3	36	72.8294983	72.8322067									0.795819163		0.795819163	
cace-sea-sr	157	0	3	37	73.0156631	73.0181274									0.789904475		0.789904475	
cace-sea-sr	158	0	3	38	73.8935547	73.8960648									0.810147345		0.810147345	
cace-sea-sr	159	0	3	39	70.4265976	70.4295044									0.82543236		0.82543236	
cace-sea-sr	160	0	3	40	76.6435242	76.6460114									0.80899322		0.80899322	
cace-sea-sr	161	0	4	1	70.2098389	70.2126236									0.81491667		0.81491667	
cace-sea-sr	162	0	4	2	71.6420364	71.6445847									0.806594014		0.806594014	
cace-sea-sr	163	0	4	3	72.9334641	72.936058									0.82167995		0.82167995	
cace-sea-sr	164	0	4	4	73.4400482	73.4426727									0.858313799		0.858313799	
cace-sea-sr	165	0	4	5	76.7870941	76.7893448									0.812235832		0.812235832	
cace-sea-sr	166	0	4	6	76.2181931	76.2209091									0.833918214		0.833918214	
cace-sea-sr	167	0	4	7	65.0320587	65.0347672									0.812626243		0.812626243	
cace-sea-sr	168	0	4	8	71.0701675	71.0727615									0.780508697		0.780508697	
cace-sea-sr	169	0	4	9	72.9262009	72.9289474									0.80180496		0.80180496	
cace-sea-sr	170	0	4	10	72.3836288	72.3861084									0.82700628		0.82700628	
cace-sea-sr	171	0	4	11	70.993515	70.9960403									0.80953896		0.80953896	
cace-sea-sr	172	0	4	12	73.9591293	73.9617615									0.848543704		0.848543704	
cace-sea-sr	173	0	4	13	75.878624	75.8810196									0.837416589		0.837416589	
cace-sea-sr	174	0	4	14	77.8419952	77.8445282									0.838084638		0.838084638	
cace-sea-sr	175	0	4	15	75.4944611	75.4970856									0.809576988		0.809576988	
cace-sea-sr	176	0	4	16	61.5882492	61.5910759									0.811541557		0.811541557	
cace-sea-sr	177	0	4	17	76.9155426	76.9182358									0.826480269		0.826480269	
cace-sea-sr	178	0	4	18	67.8743057	67.8772507									0.795076191		0.795076191	
cace-sea-sr	179	0	4	19	74.7878189	74.7903748									0.845244169		0.845244169	
cace-sea-sr	180	0	4	20	75.7890778	75.7914429									0.806770921		0.806770921	
cace-sea-sr	181	0	4	21	72.9299316	72.9324646									0.815307319		0.815307319	
cace-sea-sr	182	0	4	22	73.5402985	73.5428009									0.810377181		0.810377181	
cace-sea-sr	183	0	4	23	73.3708649	73.3735886									0.818906784		0.818906784	
cace-sea-sr	184	0	4	24	72.2999802	72.3025589									0.8113873		0.8113873	
cace-sea-sr	185	0	4	25	74.5408554	74.5435715									0.84342432		0.84342432	
cace-sea-sr	186	0	4	26	70.1022797	70.1049347									0.821400046		0.821400046	
cace-sea-sr	187	0	4	27	70.2881088	70.2907944									0.815250576		0.815250576	
cace-sea-sr	188	0	4	28	73.7545166	73.7570801									0.817420721		0.817420721	
cace-sea-sr	189	0	4	29	77.4999161	77.5023499									0.804233432		0.804233432	
cace-sea-sr	190	0	4	30	79.5606155	79.5630188									0.81991303		0.81991303	
cace-sea-sr	191	0	4	31	77.3282623	77.3308029									0.82560724		0.82560724	
cace-sea-sr	192	0	4	32	75.4188995	75.4213409									0.814540267		0.814540267	
cace-sea-sr	193	0	4	33	69.4180069	69.4207153									0.811524808		0.811524808	
cace-sea-sr	194	0	4	34	69.8949432	69.8977737									0.819110692		0.819110692	
cace-sea-sr	195	0	4	35	70.8054352	70.8079681									0.813542366		0.813542366	
cace-sea-sr	196	0	4	36	73.5675507	73.5701981									0.83740598		0.83740598	
cace-sea-sr	197	0	4	37	72.0096817	72.0122375									0.822817564		0.822817564	
cace-sea-sr	198	0	4	38	75.3040009	75.3065186									0.816744328		0.816744328	
cace-sea-sr	199	0	4	39	73.8123016	73.8147964									0.797399163		0.797399163	
cace-sea-sr	200	0	4	40	74.1256409	74.1281586									0.808683872		0.808683872	
cace-sea-sr	201	1	0	1	69.295166	69.2977295									0.807419896		0.807419896	
cace-sea-sr	202	1	0	2	74.5435028	74.5459595									0.807964563		0.807964563	
cace-sea-sr	203	1	0	3	72.0332031	72.0358047									0.818250597		0.818250597	
cace-sea-sr	204	1	0	4	70.9099884	70.9125595									0.804480135		0.804480135	
cace-sea-sr	205	1	0	5	71.649231	71.6517487									0.8106215		0.8106215	
cace-sea-sr	206	1	0	6	74.1913605	74.1939316									0.819475472		0.819475472	
cace-sea-sr	207	1	0	7	74.8462982	74.8487625									0.817244947		0.817244947	
cace-sea-sr	208	1	0	8	72.7369308	72.7394562									0.811657786		0.811657786	
cace-sea-sr	209	1	0	9	74.4664536	74.4689865									0.81761229		0.81761229	
cace-sea-sr	210	1	0	10	71.7713699	71.7740021									0.811988354		0.811988354	
cace-sea-sr	211	1	0	11	74.9898529	74.9923401									0.814634562		0.814634562	
cace-sea-sr	212	1	0	12	72.2214355	72.2240219									0.814036667		0.814036667	
cace-sea-sr	213	1	0	13	74.7155838	74.7181091									0.81676507		0.81676507	
cace-sea-sr	214	1	0	14	72.6771088	72.6796341									0.811047554		0.811047554	
cace-sea-sr	215	1	0	15	73.4286041	73.43116									0.81954962		0.81954962	
cace-sea-sr	216	1	0	16	73.841423	73.843956									0.816928625		0.816928625	
cace-sea-sr	217	1	0	17	72.2110748	72.2136688									0.815813482		0.815813482	
cace-sea-sr	218	1	0	18	71.9320068	71.9345093									0.811236203		0.811236203	
cace-sea-sr	219	1	0	19	74.5503998	74.5529861									0.814418018		0.814418018	
cace-sea-sr	220	1	0	20	72.2216949	72.2243195									0.817046404		0.817046404	
cace-sea-sr	221	1	0	21	73.7540131	73.7565079									0.816197872		0.816197872	
cace-sea-sr	222	1	0	22	73.7830582	73.7855988									0.816012442		0.816012442	
cace-sea-sr	223	1	0	23	73.7968292	73.7993393									0.816109717		0.816109717	
cace-sea-sr	224	1	0	24	72.9749527	72.9774704									0.817287505		0.817287505	
cace-sea-sr	225	1	0	25	73.0561981	73.0586777									0.812855363		0.812855363	
cace-sea-sr	226	1	0	26	73.0045929	73.0071259									0.815322936		0.815322936	
cace-sea-sr	227	1	0	27	73.9425354	73.9450912									0.819813728		0.819813728	
cace-sea-sr	228	1	0	28	72.5038834	72.5064545									0.815646231		0.815646231	
cace-sea-sr	229	1	0	29	72.8741455	72.8767242									0.818991899		0.818991899	
cace-sea-sr	230	1	0	30	74.027626	74.0301285									0.813525558		0.813525558	
cace-sea-sr	231	1	0	31	72.7573853	72.7598877									0.812722445		0.812722445	
cace-sea-sr	232	1	0	32	72.9586639	72.961235									0.817962527		0.817962527	
cace-sea-sr	233	1	0	33	73.5157394	73.5182266									0.813331366		0.813331366	
cace-sea-sr	234	1	0	34	73.4693146	73.4718399									0.81557703		0.81557703	
cace-sea-sr	235	1	0	35	73.6654053	73.667923									0.817388177		0.817388177	
cace-sea-sr	236	1	0	36	73.7287369	73.7313004									0.819306314		0.819306314	
cace-sea-sr	237	1	0	37	73.8677597	73.8703003									0.819853187		0.819853187	
cace-sea-sr	238	1	0	38	72.208847	72.2113571									0.813543558		0.813543558	
cace-sea-sr	239	1	0	39	73.935524	73.9380112									0.815250635		0.815250635	
cace-sea-sr	240	1	0	40	72.5339203	72.536499									0.81679213		0.81679213	
cace-sea-sr	241	1	0	41	73.6756058	73.6781235									0.815514922		0.815514922	
cace-sea-sr	242	1	0	42	73.1718826	73.1743851									0.815401673		0.815401673	
cace-sea-sr	243	1	0	43	72.7712173	72.7737427									0.81497854		0.81497854	
cace-sea-sr	244	1	0	44	72.7153931	72.7179413									0.813002408		0.813002408	
cace-sea-sr	245	1	0	45	72.8329926	72.8355026									0.816587627		0.816587627	
cace-sea-sr	246	1	0	46	73.784111	73.7866364									0.814858079		0.814858079	
cace-sea-sr	247	1	0	47	72.5935898	72.5961304									0.815023661		0.815023661	
cace-sea-sr	248	1	0	48	73.6367645	73.6393051									0.816944718		0.816944718	
cace-sea-sr	249	1	0	49	73.0706329	73.0731354									0.814151943		0.814151943	
cace-sea-sr	250	1	0	50	73.0460815	73.0486298									0.817463875		0.817463875	
cace-sea-sr	251	1	0	51	73.5858459	73.5883484									0.814562917		0.814562917	
cace-sea-sr	252	1	0	52	73.0917587	73.0942612									0.815140367		0.815140367	
cace-sea-sr	253	1	0	53	72.984726	72.9872513									0.814876735		0.814876735	
cace-sea-sr	254	1	0	54	73.52948	73.5319901									0.813943326		0.813943326	
cace-sea-sr	255	1	0	55	73.3130264	73.3155594									0.816090822		0.816090822	
cace-sea-sr	256	1	0	56	72.9871216	72.9896393									0.816643775		0.816643775	
cace-sea-sr	257	1	0	57	73.5752182	73.5777664									0.817324996		0.817324996	
cace-sea-sr	258	1	0	58	73.6705551	73.6730957									0.818604946		0.818604946	
cace-sea-sr	259	1	0	59	73.1776505	73.1802063									0.816974878		0.816974878	
cace-sea-sr	260	1	0	60	73.0862274	73.088768									0.81754446		0.81754446	
cace-sea-sr	261	1	0	61	73.3344955	73.336998									0.813756347		0.813756347	
cace-sea-sr	262	1	0	62	73.0209198	73.0234833									0.814476907		0.814476907	
cace-sea-sr	263	1	0	63	73.3585663	73.3610611									0.814809024		0.814809024	
cace-sea-sr	264	1	0	64	72.8483887	72.8509369									0.818131506		0.818131506	
cace-sea-sr	265	1	0	65	73.1508331	73.1533508									0.815002143		0.815002143	
cace-sea-sr	266	1	0	66	73.0503998	73.0529556									0.817813933		0.817813933	
cace-sea-sr	267	1	0	67	72.9374008	72.9399643									0.815905571		0.815905571	
cace-sea-sr	268	1	0	68	72.8316345	72.8341751									0.814326406		0.814326406	
cace-sea-sr	269	1	0	69	73.0502472	73.0527802									0.819193482		0.819193482	
cace-sea-sr	270	1	0	70	73.3603897	73.3629074									0.818553925		0.818553925	
cace-sea-sr	271	1	0	71	72.8855133	72.8880692									0.816134334		0.816134334	
cace-sea-sr	272	1	0	72	73.6691132	73.6715927									0.815977991		0.815977991	
cace-sea-sr	273	1	0	73	73.2564926	73.2590103									0.815838635		0.815838635	
cace-sea-sr	274	1	0	74	73.1490021	73.1515656									0.814913034		0.814913034	
cace-sea-sr	275	1	0	75	73.1826401	73.1851654									0.814529717		0.814529717	
cace-sea-sr	276	1	0	76	72.8814163	72.883934									0.812163234		0.812163234	
cace-sea-sr	277	1	0	77	73.4502792	73.4528046									0.816143692		0.816143692	
cace-sea-sr	278	1	0	78	73.2280045	73.2305069									0.814341068		0.814341068	
cace-sea-sr	279	1	0	79	73.2325287	73.2350769									0.817370713		0.817370713	
cace-sea-sr	280	1	0	80	73.3119354	73.3144455									0.814920902		0.814920902	
cace-sea-sr	281	1	0	81	73.1752472	73.1777573									0.81588316		0.81588316	
cace-sea-sr	282	1	0	82	73.2901688	73.2926712									0.815704405		0.815704405	
cace-sea-sr	283	1	0	83	73.3777084	73.3802109									0.814626276		0.814626276	
cace-sea-sr	284	1	0	84	73.0842972	73.0868225									0.816702008		0.816702008	
cace-sea-sr	285	1	0	85	72.97052	72.973053									0.817232192		0.817232192	
cace-sea-sr	286	1	0	86	73.0646515	73.0671692									0.81767714		0.81767714	
cace-sea-sr	287	1	0	87	73.4547653	73.4572754									0.815270603		0.815270603	
cace-sea-sr	288	1	0	88	73.0256577	73.0281982									0.815497398		0.815497398	
cace-sea-sr	289	1	0	89	73.0058899	73.0084076									0.815874934		0.815874934	
cace-sea-sr	290	1	0	90	73.0931549	73.0956879									0.816267312		0.816267312	
cace-sea-sr	291	1	0	91	73.149086	73.1516037									0.816651523		0.816651523	
cace-sea-sr	292	1	0	92	73.0397263	73.0422668									0.81953603		0.81953603	
cace-sea-sr	293	1	0	93	73.1625519	73.1650696									0.815570295		0.815570295	
cace-sea-sr	294	1	0	94	73.0818253	73.084343									0.816096544		0.816096544	
cace-sea-sr	295	1	0	95	73.1560364	73.1585541									0.815395236		0.815395236	
cace-sea-sr	296	1	0	96	73.1394424	73.1419678									0.816990137		0.816990137	
cace-sea-sr	297	1	0	97	73.0550766	73.0576096									0.817143857		0.817143857	
cace-sea-sr	298	1	0	98	73.0623322	73.0648651									0.816134214		0.816134214	
cace-sea-sr	299	1	0	99	73.3055038	73.3080063									0.815851986		0.815851986	
cace-sea-sr	300	1	0	100	73.2002869	73.2027969									0.815400124		0.815400124	
cace-sea-sr	301	2	0	1	73.1809998	73.1835022									0.815774143		0.815774143	
cace-sea-sr	302	2	0	2	73.2517471	73.2542496									0.815350652		0.815350652	
cace-sea-sr	303	2	0	3	73.0529022	73.0554199									0.815821588		0.815821588	
cace-sea-sr	304	2	0	4	73.1915741	73.1940918									0.815714359		0.815714359	
cace-sea-sr	305	2	0	5	73.1013412	73.1038437									0.815954566		0.815954566	
cace-sea-sr	306	2	0	6	73.1756821	73.1781998									0.816400766		0.816400766	
cace-sea-sr	307	2	0	7	73.1640396	73.1665497									0.815195262		0.815195262	
cace-sea-sr	308	2	0	8	73.1468124	73.1493149									0.815531015		0.815531015	
cace-sea-sr	309	2	0	9	73.1929779	73.195488									0.815652132		0.815652132	
cace-sea-sr	310	2	0	10	73.0536346	73.0561447									0.815233648		0.815233648	
cace-sea-sr	311	2	0	11	73.1244659	73.126976									0.816828072		0.816828072	
cace-sea-sr	312	2	0	12	73.3656616	73.3681564									0.816485763		0.816485763	
cace-sea-sr	313	2	0	13	73.4208984	73.4234085									0.815048218		0.815048218	
cace-sea-sr	314	2	0	14	73.0678711	73.0703888									0.816278517		0.816278517	
cace-sea-sr	315	2	0	15	73.260643	73.2631531									0.815695345		0.815695345	
cace-sea-sr	316	2	0	16	73.3575211	73.3600159									0.815219283		0.815219283	
cace-sea-sr	317	2	0	17	73.2176208	73.2201233									0.816347003		0.816347003	
cace-sea-sr	318	2	0	18	73.2129364	73.2154388									0.81619525		0.81619525	
cace-sea-sr	319	2	0	19	73.2613373	73.2638474									0.815326631		0.815326631	
cace-sea-sr	320	2	0	20	73.1245117	73.1270218									0.815373421		0.815373421	
cace-sea-sr	321	2	0	21	73.2106018	73.2131042									0.815159321		0.815159321	
cace-sea-sr	322	2	0	22	73.0384293	73.040947									0.816360533		0.816360533	
cace-sea-sr	323	2	0	23	73.2151184	73.2176285									0.814769864		0.814769864	
cace-sea-sr	324	2	0	24	73.1982956	73.2008057									0.816280246		0.816280246	
cace-sea-sr	325	2	0	25	73.2283401	73.2308502									0.816445827		0.816445827	
cace-sea-sr	326	2	0	26	73.1846161	73.1871109									0.815901756		0.815901756	
cace-sea-sr	327	2	0	27	73.0781631	73.080658									0.815461159		0.815461159	
cace-sea-sr	328	2	0	28	73.2156525	73.2181473									0.815869093		0.815869093	
cace-sea-sr	329	2	0	29	73.2075195	73.2100296									0.81621778		0.81621778	
cace-sea-sr	330	2	0	30	73.1093903	73.1119003									0.814651191		0.814651191	
cace-sea-sr	331	2	0	31	73.2646561	73.2671585									0.815927804		0.815927804	
cace-sea-sr	332	2	0	32	73.1205673	73.1230698									0.815705299		0.815705299	
cace-sea-sr	333	2	0	33	73.1963577	73.1988602									0.815833867		0.815833867	
cace-sea-sr	334	2	0	34	73.113205	73.115715									0.816124022		0.816124022	
cace-sea-sr	335	2	0	35	73.144577	73.1470795									0.816010833		0.816010833	
cace-sea-sr	336	2	0	36	73.2787018	73.2812195									0.815522671		0.815522671	
cace-sea-sr	337	2	0	37	73.0385895	73.0411072									0.816170156		0.816170156	
cace-sea-sr	338	2	0	38	73.0063934	73.0089188									0.815247595		0.815247595	
cace-sea-sr	339	2	0	39	73.0733337	73.0758514									0.815668106		0.815668106	
cace-sea-sr	340	2	0	40	73.2931671	73.2956619									0.815858483		0.815858483	
cace-sea-sr	341	2	0	41	73.1024323	73.1049423									0.815364242		0.815364242	
cace-sea-sr	342	2	0	42	73.0539398	73.0564499									0.816077948		0.816077948	
cace-sea-sr	343	2	0	43	73.1664581	73.1689606									0.815951467		0.815951467	
cace-sea-sr	344	2	0	44	73.1784821	73.1809998									0.815445662		0.815445662	
cace-sea-sr	345	2	0	45	73.1744843	73.1769943									0.816524744		0.816524744	
cace-sea-sr	346	2	0	46	73.2045135	73.2070236									0.815228343		0.815228343	
cace-sea-sr	347	2	0	47	73.1978836	73.200386									0.815556705		0.815556705	
cace-sea-sr	348	2	0	48	73.2143097	73.2168198									0.815978885		0.815978885	
cace-sea-sr	349	2	0	49	73.1608276	73.1633377									0.815742433		0.815742433	
cace-sea-sr	350	2	0	50	73.1614838	73.1639938									0.815978229		0.815978229	
cace-sea-sr	351	2	0	51	73.2090073	73.2115173									0.816194415		0.816194415	
cace-sea-sr	352	2	0	52	73.1826019	73.185112									0.815823972		0.815823972	
cace-sea-sr	353	2	0	53	73.1594696	73.1619797									0.815592051		0.815592051	
cace-sea-sr	354	2	0	54	73.1628647	73.1653671									0.815747142		0.815747142	
cace-sea-sr	355	2	0	55	73.1687393	73.1712418									0.815911233		0.815911233	
cace-sea-sr	356	2	0	56	73.2011871	73.2036972									0.815503597		0.815503597	
cace-sea-sr	357	2	0	57	73.1873932	73.1898956									0.815290034		0.815290034	
cace-sea-sr	358	2	0	58	73.2108307	73.2133408									0.815976858		0.815976858	
cace-sea-sr	359	2	0	59	73.1630707	73.1655731									0.815056026		0.815056026	
cace-sea-sr	360	2	0	60	73.1847916	73.187294									0.81624347		0.81624347	
cace-sea-sr	361	2	0	61	73.1690216	73.1715317									0.81575036		0.81575036	
cace-sea-sr	362	2	0	62	73.1436615	73.1461639									0.815551221		0.815551221	
cace-sea-sr	363	2	0	63	73.1775742	73.1800842									0.815854609		0.815854609	
cace-sea-sr	364	2	0	64	73.1912537	73.1937637									0.815985441		0.815985441	
cace-sea-sr	365	2	0	65	73.151268	73.1537781									0.815514028		0.815514028	
cace-sea-sr	366	2	0	66	73.2125702	73.2150726									0.815706313		0.815706313	
cace-sea-sr	367	2	0	67	73.2235947	73.2260971									0.816069067		0.816069067	
cace-sea-sr	368	2	0	68	73.1515961	73.1541061									0.815406084		0.815406084	
cace-sea-sr	369	2	0	69	73.2323837	73.2348938									0.815592408		0.815592408	
cace-sea-sr	370	2	0	70	73.2174072	73.2199097									0.815810859		0.815810859	
cace-sea-sr	371	2	0	71	73.1639175	73.1664276									0.815737307		0.815737307	
cace-sea-sr	372	2	0	72	73.2263794	73.2288895									0.816033483		0.816033483	
cace-sea-sr	373	2	0	73	73.1056595	73.1081619									0.815416515		0.815416515	
cace-sea-sr	374	2	0	74	73.1366348	73.1391373									0.815199316		0.815199316	
cace-sea-sr	375	2	0	75	73.1354904	73.1379929									0.815921724		0.815921724	
cace-sea-sr	376	2	0	76	73.1041412	73.1066513									0.815815628		0.815815628	
cace-sea-sr	377	2	0	77	73.0782928	73.0808105									0.815640748		0.815640748	
cace-sea-sr	378	2	0	78	73.1925659	73.195076									0.815798581		0.815798581	
cace-sea-sr	379	2	0	79	73.2332535	73.2357635									0.815960169		0.815960169	
cace-sea-sr	380	2	0	80	73.1739044	73.1764145									0.815920949		0.815920949	
cace-sea-sr	381	2	0	81	73.0869141	73.0894241									0.815871477		0.815871477	
cace-sea-sr	382	2	0	82	73.1994858	73.2019958									0.815910459		0.815910459	
cace-sea-sr	383	2	0	83	73.161232	73.1637421									0.815455794		0.815455794	
cace-sea-sr	384	2	0	84	73.172081	73.1745911									0.815670133		0.815670133	
cace-sea-sr	385	2	0	85	73.1942673	73.1967773									0.815861344		0.815861344	
cace-sea-sr	386	2	0	86	73.1666718	73.1691742									0.815623879		0.815623879	
cace-sea-sr	387	2	0	87	73.1824722	73.1849747									0.815781176		0.815781176	
cace-sea-sr	388	2	0	88	73.1644287	73.1669312									0.815704286		0.815704286	
cace-sea-sr	389	2	0	89	73.1889496	73.1914597									0.81602329		0.81602329	
cace-sea-sr	390	2	0	90	73.1116943	73.114212									0.815671802		0.815671802	
cace-sea-sr	391	2	0	91	73.1678314	73.1703415									0.815654814		0.815654814	
cace-sea-sr	392	2	0	92	73.1963501	73.1988602									0.815495372		0.815495372	
cace-sea-sr	393	2	0	93	73.1663284	73.1688309									0.81563282		0.81563282	
cace-sea-sr	394	2	0	94	73.154808	73.1573181									0.815748811		0.815748811	
cace-sea-sr	395	2	0	95	73.1909332	73.1934357									0.815864384		0.815864384	
cace-sea-sr	396	2	0	96	73.1368027	73.1393051									0.815901995		0.815901995	
cace-sea-sr	397	2	0	97	73.1837234	73.1862259									0.815800428		0.815800428	
cace-sea-sr	398	2	0	98	73.169487	73.1719894									0.815787971		0.815787971	
cace-sea-sr	399	2	0	99	73.1894226	73.1919327									0.815780163		0.815780163	
cace-sea-sr	400	2	0	100	73.1728592	73.1753616									0.815706253		0.815706253	
cace-sea-sr	401	3	0	1	73.1807404	73.1832504									0.815544009		0.815544009	
cace-sea-sr	402	3	0	2	73.1568146	73.159317									0.815534413		0.815534413	
cace-sea-sr	403	3	0	3	73.1907806	73.1932907									0.815611482		0.815611482	
cace-sea-sr	404	3	0	4	73.1900787	73.1925735									0.815668583		0.815668583	
cace-sea-sr	405	3	0	5	73.1485443	73.1510468									0.815572977		0.815572977	
cace-sea-sr	406	3	0	6	73.1390228	73.1415253									0.815612197		0.815612197	
cace-sea-sr	407	3	0	7	73.1292877	73.1317902									0.815598905		0.815598905	
cace-sea-sr	408	3	0	8	73.1384506	73.1409454									0.815639019		0.815639019	
cace-sea-sr	409	3	0	9	73.1716385	73.1741409									0.815717101		0.815717101	
cace-sea-sr	410	3	0	10	73.1570969	73.1595993									0.81571871		0.81571871	
cace-sea-sr	411	3	0	11	73.1368408	73.1393356									0.815651655		0.815651655	
cace-sea-sr	412	3	0	12	73.1293716	73.1318741									0.815686345		0.815686345	
cace-sea-sr	413	3	0	13	73.1530991	73.1556091									0.815683484		0.815683484	
cace-sea-sr	414	3	0	14	73.1680069	73.1705017									0.815720856		0.815720856	
cace-sea-sr	415	3	0	15	73.1446838	73.1471863									0.81584245		0.81584245	
cace-sea-sr	416	3	0	16	73.1516113	73.1541138									0.815986872		0.815986872	
cace-sea-sr	417	3	0	17	73.1630936	73.165596									0.815942228		0.815942228	
cace-sea-sr	418	3	0	18	73.1606903	73.1631927									0.815969586		0.815969586	
cace-sea-sr	419	3	0	19	73.1590118	73.1615067									0.81605947		0.81605947	
cace-sea-sr	420	3	0	20	73.1493683	73.1518631									0.816096067		0.816096067	
cace-sea-sr	421	3	0	21	73.1798706	73.1823654									0.816209197		0.816209197	
cace-sea-sr	422	3	0	22	73.1710815	73.1735764									0.816243708		0.816243708	
cace-sea-sr	423	3	0	23	73.1704865	73.1729889									0.816250384		0.816250384	
cace-sea-sr	424	3	0	24	73.1610336	73.1635361									0.816210151		0.816210151	
cace-sea-sr	425	3	0	25	73.192688	73.1951828									0.816270411		0.816270411	
cace-sea-sr	426	3	0	26	73.1553268	73.1578293									0.816241324		0.816241324	
cace-sea-sr	427	3	0	27	73.1524429	73.1549454									0.816263199		0.816263199	
cace-sea-sr	428	3	0	28	73.1733398	73.1758423									0.816330016		0.816330016	
cace-sea-sr	429	3	0	29	73.1667862	73.1692886									0.81630826		0.81630826	
cace-sea-sr	430	3	0	30	73.1712189	73.1737137									0.816276908		0.816276908	
cace-sea-sr	431	3	0	31	73.1755524	73.1780548									0.816306531		0.816306531	
cace-sea-sr	432	3	0	32	73.1407928	73.1432953									0.816257715		0.816257715	
cace-sea-sr	433	3	0	33	73.1724396	73.1749344									0.816291094		0.816291094	
cace-sea-sr	434	3	0	34	73.1865082	73.1890106									0.816300571		0.816300571	
cace-sea-sr	435	3	0	35	73.165863	73.1683578									0.816215634		0.816215634	
cace-sea-sr	436	3	0	36	73.1607285	73.1632233									0.816197634		0.816197634	
cace-sea-sr	437	3	0	37	73.166275	73.1687622									0.816248059		0.816248059	
cace-sea-sr	438	3	0	38	73.1642456	73.166748									0.816283464		0.816283464	
cace-sea-sr	439	3	0	39	73.1395874	73.1420822									0.816317797		0.816317797	
cace-sea-sr	440	3	0	40	73.1838684	73.1863556									0.81640327		0.81640327	
cace-sea-sr	441	3	0	41	73.1575699	73.1600647									0.81638813		0.81638813	
cace-sea-sr	442	3	0	42	73.1787415	73.1812363									0.816424072		0.816424072	
cace-sea-sr	443	3	0	43	73.1664581	73.1689453									0.816395462		0.816395462	
cace-sea-sr	444	3	0	44	73.1676788	73.1701736									0.816382051		0.816382051	
cace-sea-sr	445	3	0	45	73.1673126	73.1698074									0.816376984		0.816376984	
cace-sea-sr	446	3	0	46	73.160965	73.1634674									0.816375673		0.816375673	
cace-sea-sr	447	3	0	47	73.168602	73.1710968									0.816416681		0.816416681	
cace-sea-sr	448	3	0	48	73.1648102	73.167305									0.816413343		0.816413343	
cace-sea-sr	449	3	0	49	73.1786728	73.1811676									0.816435516		0.816435516	
cace-sea-sr	450	3	0	50	73.1724396	73.174942									0.81643182		0.81643182	
cace-sea-sr	451	3	0	51	73.1593475	73.16185									0.816433847		0.816433847	
cace-sea-sr	452	3	0	52	73.1740799	73.1765747									0.816482186		0.816482186	
cace-sea-sr	453	3	0	53	73.1650391	73.1675491									0.816487193		0.816487193	
cace-sea-sr	454	3	0	54	73.1574326	73.1599426									0.81646663		0.81646663	
cace-sea-sr	455	3	0	55	73.1917572	73.1942596									0.816538215		0.816538215	
cace-sea-sr	456	3	0	56	73.153183	73.1556778									0.816465139		0.816465139	
cace-sea-sr	457	3	0	57	73.1661148	73.1686096									0.816489756		0.816489756	
cace-sea-sr	458	3	0	58	73.1725235	73.1750259									0.816488445		0.816488445	
cace-sea-sr	459	3	0	59	73.1714325	73.1739349									0.816469848		0.816469848	
cace-sea-sr	460	3	0	60	73.1677704	73.1702652									0.816474557		0.816474557	
cace-sea-sr	461	3	0	61	73.1759949	73.1784973									0.816492677		0.816492677	
cace-sea-sr	462	3	0	62	73.1736603	73.1761703									0.816476643		0.816476643	
cace-sea-sr	463	3	0	63	73.1654816	73.1679764									0.816462934		0.816462934	
cace-sea-sr	464	3	0	64	73.1677856	73.1702805									0.81646359		0.81646359	
cace-sea-sr	465	3	0	65	73.1744232	73.176918									0.81647253		0.81647253	
cace-sea-sr	466	3	0	66	73.1687775	73.1712723									0.816464663		0.816464663	
cace-sea-sr	467	3	0	67	73.1664429	73.1689453									0.816416144		0.816416144	
cace-sea-sr	468	3	0	68	73.1675797	73.1700745									0.816404879		0.816404879	
cace-sea-sr	469	3	0	69	73.1724091	73.1749115									0.816412151		0.816412151	
cace-sea-sr	470	3	0	70	73.1638641	73.1663666									0.816404402		0.816404402	
cace-sea-sr	471	3	0	71	73.169693	73.1721878									0.81642276		0.81642276	
cace-sea-sr	472	3	0	72	73.1669235	73.1694183									0.816421866		0.816421866	
cace-sea-sr	473	3	0	73	73.1719742	73.174469									0.816440761		0.816440761	
cace-sea-sr	474	3	0	74	73.1687775	73.1712799									0.816453397		0.816453397	
cace-sea-sr	475	3	0	75	73.1718292	73.174324									0.816469669		0.816469669	
cace-sea-sr	476	3	0	76	73.1773224	73.1798248									0.816488862		0.816488862	
cace-sea-sr	477	3	0	77	73.1668243	73.1693268									0.816469431		0.816469431	
cace-sea-sr	478	3	0	78	73.1638794	73.1663742									0.816463649		0.816463649	
cace-sea-sr	479	3	0	79	73.1791611	73.1816635									0.816500306		0.816500306	
cace-sea-sr	480	3	0	80	73.1584091	73.1609116									0.816471457		0.816471457	
cace-sea-sr	481	3	0	81	73.1671829	73.1696777									0.816491365		0.816491365	
cace-sea-sr	482	3	0	82	73.1699295	73.1724243									0.816498339		0.816498339	
cace-sea-sr	483	3	0	83	73.1655273	73.1680222									0.816496074		0.816496074	
cace-sea-sr	484	3	0	84	73.1668396	73.1693344									0.816500187		0.816500187	
cace-sea-sr	485	3	0	85	73.1722794	73.1747742									0.816504061		0.816504061	
cace-sea-sr	486	3	0	86	73.1719742	73.1744766									0.816511691		0.816511691	
cace-sea-sr	487	3	0	87	73.166214	73.1687164									0.816505253		0.816505253	
cace-sea-sr	488	3	0	88	73.166275	73.1687698									0.816503465		0.816503465	
cace-sea-sr	489	3	0	89	73.1700287	73.1725235									0.816513777		0.816513777	
cace-sea-sr	490	3	0	90	73.1673203	73.1698227									0.816513836		0.816513836	
cace-sea-sr	491	3	0	91	73.1669769	73.1694641									0.816511989		0.816511989	
cace-sea-sr	492	3	0	92	73.1709747	73.1734695									0.816514492		0.816514492	
cace-sea-sr	493	3	0	93	73.171936	73.1744308									0.816515744		0.816515744	
cace-sea-sr	494	3	0	94	73.1707306	73.1732178									0.816505551		0.816505551	
cace-sea-sr	495	3	0	95	73.1698761	73.1723785									0.816512227		0.816512227	
cace-sea-sr	496	3	0	96	73.1681595	73.1706543									0.816521645		0.816521645	
cace-sea-sr	497	3	0	97	73.1686783	73.1711731									0.816526771		0.816526771	
cace-sea-sr	498	3	0	98	73.1730804	73.1755829									0.816536725		0.816536725	
cace-sea-sr	499	3	0	99	73.1692657	73.1717606									0.816525519		0.816525519	
cace-sea-sr	500	3	0	100	73.1672821	73.1697845									0.816512167		0.816512167	
