arm	step	e_lr_mean	q_mean	q_std	qH_mean	qH_std	qO_mean	qO_std	e_lr_nframes	w_outnet.0_weight	w_outnet.0_bias	w_outnet.1_weight	w_outnet.1_bias	w_outnet.2_weight	w_outnet.2_bias	w_linear_nn_weight	w_linear_nn_bias
deepmd-les-claim-neutral_sA	1	11.6038	-2.7177334456969977e-17	0.59953976419194	0.4234	0.0019	-0.8468	0.0031	2	3.26091	0.07944037	2.295538	0.3637067	0.4748243	0.0495187	0.566073	0.01669714
deepmd-les-claim-neutral_sA	100	6.3683	-6.938893903907228e-18	0.4403593714002053	0.3099	0.0408	-0.6199	0.0236	2	5.704226	0.1475471	2.433969	0.3759785	0.5367528	0.04951896	0.9829825	0.0166974
deepmd-les-claim-neutral_sA	200	5.2308	4.394632805807911e-17	0.39842757513449806	0.2801	0.0354	-0.5601	0.0438	2	5.908604	0.1432079	2.441242	0.3730304	0.533149	0.04951896	1.004749	0.0166974
deepmd-les-claim-neutral_sA	300	7.1747499999999995	1.133352670971514e-16	0.4782927591443815	0.3372	0.0246	-0.6743	0.0356	2	5.652409	0.1132904	2.376021	0.3662677	0.5078973	0.04951893	0.9523565	0.01669737
deepmd-les-claim-neutral_sA	400	8.5145	-1.2200888447703542e-16	0.5211103980542223	0.3677	0.0183	-0.7354	0.0245	2	5.518887	0.1057569	2.348513	0.3524901	0.4983554	0.04951892	0.915846	0.01669736
deepmd-les-claim-neutral_sA	500	9.67675	9.25185853854297e-18	0.5471092337125427	0.3861	0.0162	-0.7723	0.0228	2	5.455506	0.1092262	2.3462	0.3465754	0.5004543	0.04951894	0.894232	0.01669738
deepmd-les-claim-neutral_sA	600	10.4545	-2.2551405187698492e-17	0.5721186656053013	0.4039	0.0122	-0.8078	0.0197	2	5.453225	0.1219256	2.36785	0.356226	0.5107892	0.04951894	0.8904944	0.01669738
deepmd-les-claim-neutral_sA	700	10.96885	4.568105153405592e-17	0.5937645476285359	0.4192	0.0121	-0.8384	0.0183	2	5.494657	0.1368718	2.397055	0.3635376	0.5206029	0.04951894	0.903785	0.01669738
deepmd-les-claim-neutral_sA	800	12.32595	1.5612511283791264e-16	0.6139796955258228	0.4335	0.0123	-0.867	0.0148	2	5.569386	0.1526762	2.427329	0.368115	0.5294144	0.04951892	0.9282775	0.01669736
deepmd-les-claim-neutral_sA	900	13.292200000000001	-7.574959178432057e-17	0.637940465514656	0.4504	0.0124	-0.9008	0.0188	2	5.682758	0.1774604	2.465567	0.3729278	0.5403684	0.04951892	0.9562784	0.01669736
deepmd-les-claim-neutral_sA	1000	14.1039	5.377642775528102e-17	0.6753693720770192	0.4768	0.0135	-0.9536	0.0197	2	5.832784	0.2149197	2.506295	0.3792629	0.5543091	0.04951893	0.9888543	0.01669737
deepmd-les-claim-neutral_sA	1100	15.2835	1.0639637319324416e-16	0.7157867836554436	0.5053	0.0141	-1.0107	0.0207	2	6.007027	0.2582133	2.548381	0.3876189	0.5708547	0.04951892	1.017279	0.01669736
deepmd-les-claim-neutral_sA	1200	17.338099999999997	-1.1911767868374074e-16	0.7450803782119535	0.526	0.016	-1.052	0.0238	2	6.195201	0.2885846	2.579556	0.3946211	0.5867223	0.04951894	1.045992	0.01669738
deepmd-les-claim-neutral_sA	1300	18.9521	-1.5034270125132327e-17	0.7661401163165894	0.5409	0.017	-1.0817	0.0239	2	6.349429	0.3136712	2.603404	0.4016059	0.6003046	0.04951894	1.061847	0.01669738
deepmd-les-claim-neutral_sA	1400	19.4375	4.625929269271485e-17	0.789471694921769	0.5573	0.0161	-1.1147	0.0257	2	6.489928	0.3370466	2.624045	0.407825	0.6125664	0.04951893	1.071553	0.01669737
deepmd-les-claim-neutral_sA	1500	19.70445	-1.1564823173178713e-18	0.797917120190384	0.5633	0.018	-1.1265	0.0281	2	6.614497	0.3497645	2.635037	0.4112081	0.6201335	0.04951891	1.075941	0.01669735
deepmd-les-claim-neutral_sA	1600	20.65795	-6.938893903907228e-17	0.8045696947321169	0.568	0.0167	-1.136	0.0253	2	6.721691	0.3629956	2.645206	0.4149853	0.6278243	0.0495189	1.080017	0.01669734
deepmd-les-claim-neutral_sA	1700	20.621499999999997	7.979727989493313e-17	0.8118533295470933	0.5731	0.0159	-1.1463	0.0263	2	6.82241	0.3767123	2.653901	0.4188024	0.6349427	0.0495189	1.079374	0.01669734
deepmd-les-claim-neutral_sA	1800	21.41675	6.82324567217544e-17	0.820625589050852	0.5793	0.0175	-1.1586	0.0278	2	6.923539	0.3895168	2.663773	0.4224135	0.6423428	0.0495189	1.079771	0.01669734
deepmd-les-claim-neutral_sA	1900	21.058149999999998	-1.9660199394403812e-17	0.8291879078502955	0.5854	0.0163	-1.1708	0.0256	2	7.021349	0.4017258	2.672666	0.4261004	0.6496619	0.04951889	1.079967	0.01669733
deepmd-les-claim-neutral_sA	2000	21.96155	-1.0408340855860843e-16	0.8269034514716969	0.5838	0.0158	-1.1675	0.0272	2	7.116867	0.4117291	2.67971	0.4292673	0.6562415	0.04951889	1.080387	0.01669733
deepmd-les-claim-neutral_sA	2100	20.93835	6.938893903907228e-17	0.834998000638081	0.5895	0.0172	-1.179	0.0267	2	7.20935	0.4225846	2.68752	0.4327393	0.662967	0.0495189	1.082684	0.01669734
deepmd-les-claim-neutral_sA	2200	21.536250000000003	-1.214306433183765e-16	0.8342013939841093	0.5889	0.0149	-1.1779	0.028	2	7.296168	0.4323125	2.695981	0.4359948	0.6699534	0.04951888	1.085713	0.01669732
deepmd-les-claim-neutral_sA	2300	22.933950000000003	5.551115123125783e-17	0.841441300367058	0.594	0.0158	-1.1881	0.0276	2	7.386766	0.4439725	2.705118	0.4400641	0.6779036	0.04951887	1.087894	0.01669731
deepmd-les-claim-neutral_sA	2400	22.43255	-9.020562075079397e-17	0.8437370283544049	0.5957	0.0164	-1.1913	0.0256	2	7.484123	0.452907	2.713881	0.4433827	0.6848607	0.04951888	1.091981	0.01669732
deepmd-les-claim-neutral_sA	2500	20.8096	8.211024452956886e-17	0.8490059872264476	0.5994	0.0152	-1.1988	0.0221	2	7.550441	0.4605943	2.720889	0.4463145	0.6907144	0.04951889	1.095667	0.01669733
deepmd-les-claim-neutral_sA	2600	22.80905	2.42861286636753e-17	0.8551777754586011	0.6038	0.0157	-1.2075	0.0251	2	7.628089	0.4699517	2.728395	0.4499875	0.6974664	0.04951891	1.1006	0.01669735
deepmd-les-claim-neutral_sA	2700	22.92285	-7.170190367370802e-17	0.8611645545955238	0.608	0.0154	-1.2159	0.0275	2	7.727503	0.4808794	2.739476	0.4542219	0.7058646	0.04951892	1.109449	0.01669736
deepmd-les-claim-neutral_sA	2800	23.49995	-8.095376221225099e-18	0.8559419887192677	0.6043	0.0167	-1.2086	0.0263	2	7.81943	0.4870255	2.747318	0.4571508	0.7116295	0.04951892	1.114042	0.01669736
deepmd-les-claim-neutral_sA	2900	23.46845	2.0816681711721685e-17	0.8567176736296787	0.6049	0.0159	-1.2097	0.0238	2	7.908958	0.4958528	2.756657	0.4609644	0.7187498	0.04951892	1.121394	0.01669736
deepmd-les-claim-neutral_sA	3000	23.08625	-1.214306433183765e-16	0.8575540878745822	0.6054	0.0154	-1.2109	0.0239	2	7.991689	0.5024375	2.765599	0.4640477	0.7247869	0.04951893	1.130052	0.01669737
deepmd-les-claim-neutral_sA	3100	22.5351	-1.1796119636642288e-16	0.8665892586897977	0.6118	0.0154	-1.2236	0.0249	2	8.088842	0.5106769	2.776081	0.4678504	0.7318558	0.04951894	1.138295	0.01669738
deepmd-les-claim-neutral_sA	3200	23.547600000000003	-5.898059818321144e-17	0.8664544873491083	0.6117	0.0149	-1.2235	0.0238	2	8.188024	0.5180568	2.787636	0.4715915	0.7390346	0.04951893	1.147018	0.01669737
deepmd-les-claim-neutral_sA	3300	22.6209	-4.5102810375396984e-17	0.8662904886655198	0.6116	0.0144	-1.2232	0.0259	2	8.28925	0.5237925	2.796263	0.4746537	0.7444636	0.04951893	1.155892	0.01669737
deepmd-les-claim-neutral_sA	3400	22.4868	2.659909329831104e-17	0.8687625266292168	0.6134	0.0132	-1.2268	0.0238	2	8.37555	0.5289611	2.803381	0.4774601	0.7493652	0.04951893	1.1627	0.01669736
deepmd-les-claim-neutral_sA	3500	23.21235	-6.938893903907228e-18	0.86798469493077	0.6128	0.0145	-1.2256	0.0242	2	8.474471	0.5339856	2.811545	0.4803435	0.7543793	0.04951893	1.16935	0.01669737
deepmd-les-claim-neutral_sA	3600	23.3473	1.214306433183765e-16	0.8704811945152471	0.6146	0.0147	-1.2292	0.0249	2	8.570692	0.5417568	2.825306	0.4846149	0.7620937	0.04951893	1.182976	0.01669737
deepmd-les-claim-neutral_sA	3700	24.46895	-4.85722573273506e-17	0.8767197277126548	0.619	0.0133	-1.238	0.0264	2	8.654773	0.5471483	2.833907	0.4873578	0.7667029	0.04951893	1.189277	0.01669737
deepmd-les-claim-neutral_sA	3800	24.87415	-7.28583859910259e-17	0.8752677886856307	0.618	0.0134	-1.236	0.0222	2	8.745201	0.5516504	2.840052	0.4901865	0.7713503	0.04951894	1.196665	0.01669738
deepmd-les-claim-neutral_sA	3900	24.405700000000003	5.782411586589356e-17	0.8796162732787911	0.621	0.0141	-1.2421	0.0245	2	8.839077	0.555394	2.847996	0.4929003	0.7759986	0.04951894	1.208833	0.01669738
deepmd-les-claim-neutral_sA	4000	25.134900000000002	-8.326672684688674e-17	0.8754440597051898	0.6181	0.0138	-1.2362	0.0257	2	8.93704	0.5592719	2.8557	0.4952322	0.7800049	0.04951894	1.216355	0.01669738
deepmd-les-claim-neutral_sA	4100	24.597299999999997	-6.245004513516506e-17	0.8717957561781868	0.6155	0.0126	-1.2311	0.0217	2	9.021799	0.5622864	2.864012	0.4976125	0.7842003	0.04951893	1.223769	0.01669737
deepmd-les-claim-neutral_sA	4200	23.3614	7.401486830834377e-17	0.8742149625559669	0.6172	0.0127	-1.2345	0.0239	2	9.107484	0.5664442	2.873087	0.5003047	0.7888967	0.04951892	1.232989	0.01669736
deepmd-les-claim-neutral_sA	4300	23.186100000000003	-8.326672684688674e-17	0.877421995402708	0.6195	0.0119	-1.239	0.022	2	9.206386	0.5715433	2.87841	0.5031515	0.793195	0.0495189	1.23986	0.01669734
deepmd-les-claim-neutral_sA	4400	24.666249999999998	-2.0469737016526324e-16	0.8781617683302907	0.62	0.0121	-1.2401	0.0232	2	9.290457	0.5743548	2.888439	0.5053953	0.797265	0.0495189	1.247827	0.01669734
deepmd-les-claim-neutral_sA	4500	23.6888	8.442320916420461e-17	0.8730428176893454	0.6164	0.0113	-1.2329	0.0225	2	9.374032	0.5761144	2.890181	0.5068529	0.7993647	0.04951889	1.254625	0.01669733
deepmd-les-claim-neutral_sA	4600	24.13805	3.157196726277789e-16	0.8744924970655434	0.6174	0.0116	-1.2349	0.0242	2	9.460853	0.5785745	2.895973	0.5083169	0.8017393	0.04951889	1.262931	0.01669733
deepmd-les-claim-neutral_sA	4700	24.1113	-1.572815951552305e-16	0.876398684138199	0.6188	0.0135	-1.2375	0.0249	2	9.546098	0.5817733	2.903719	0.5105717	0.8055496	0.04951891	1.273385	0.01669735
deepmd-les-claim-neutral_sA	4800	24.58865	-6.476300976980079e-17	0.8757652908326098	0.6184	0.0112	-1.2367	0.0213	2	9.621685	0.5829072	2.904383	0.5114259	0.8065511	0.04951892	1.279013	0.01669736
deepmd-les-claim-neutral_sA	4900	24.63045	-3.469446951953614e-17	0.8739597449553069	0.6171	0.0115	-1.2342	0.0219	2	9.701688	0.5846705	2.908441	0.5127672	0.8087096	0.04951892	1.288278	0.01669736
deepmd-les-claim-neutral_sA	5000	23.49575	2.0816681711721685e-17	0.8674987833835969	0.6125	0.0111	-1.2251	0.0202	2	9.790133	0.5843113	2.912868	0.5133296	0.8099923	0.04951893	1.293856	0.01669737
deepmd-les-claim-neutral_sA	5100	24.448	-5.66676335485757e-17	0.8666886604312232	0.6119	0.0118	-1.2238	0.0252	2	9.827009	0.5863611	2.918557	0.5148066	0.812746	0.04951893	1.298331	0.01669737
deepmd-les-claim-neutral_sA	5200	23.4435	-4.5102810375396984e-17	0.8691649816293441	0.6137	0.0126	-1.2274	0.0224	2	9.852265	0.5878057	2.923211	0.5157723	0.8145421	0.04951893	1.301535	0.01669737
deepmd-les-claim-neutral_sA	5300	24.3682	9.483155002006545e-17	0.8671275946722921	0.6123	0.0117	-1.2245	0.0215	2	9.877201	0.5886134	2.927035	0.5164409	0.8158231	0.04951893	1.302486	0.01669737
deepmd-les-claim-neutral_sA	5400	23.7246	-5.782411586589356e-17	0.866272535120723	0.6116	0.0118	-1.2232	0.0255	2	9.905556	0.5900508	2.931643	0.5172587	0.8174004	0.04951893	1.305686	0.01669737
deepmd-les-claim-neutral_sA	5500	23.28395	-1.2027416100105862e-16	0.8715911638769734	0.6154	0.0115	-1.2308	0.0242	2	9.935708	0.5910649	2.93675	0.5181107	0.8190572	0.04951893	1.307791	0.01669737
deepmd-les-claim-neutral_sA	5600	23.9038	1.734723475976807e-17	0.8692558436096771	0.6137	0.0124	-1.2275	0.0237	2	9.964344	0.5929028	2.941808	0.5193368	0.821271	0.04951893	1.310176	0.01669737
deepmd-les-claim-neutral_sA	5700	22.78685	1.850371707708594e-17	0.8664589490334319	0.6118	0.0108	-1.2236	0.0224	2	9.990645	0.5932846	2.946769	0.5201057	0.8228568	0.04951893	1.311772	0.01669737
deepmd-les-claim-neutral_sA	5800	23.18155	-3.469446951953614e-17	0.8629348992126602	0.6093	0.011	-1.2186	0.0233	2	10.02057	0.5940092	2.951658	0.5209378	0.8244981	0.04951894	1.313076	0.01669738
deepmd-les-claim-neutral_sA	5900	23.437849999999997	3.469446951953614e-17	0.8679397886391242	0.6128	0.012	-1.2256	0.0234	2	10.04744	0.5954615	2.955543	0.5216636	0.8258169	0.04951894	1.316136	0.01669738
deepmd-les-claim-neutral_sA	6000	24.194650000000003	8.095376221225099e-18	0.8622365802921557	0.6088	0.0118	-1.2176	0.0218	2	10.08545	0.5966997	2.962338	0.522739	0.8279045	0.04951894	1.318921	0.01669738
deepmd-les-claim-neutral_sA	6100	22.701549999999997	7.401486830834377e-17	0.8616705536307476	0.6084	0.0106	-1.2168	0.0208	2	10.11399	0.5969298	2.965484	0.523126	0.8287108	0.04951894	1.320904	0.01669738
deepmd-les-claim-neutral_sA	6200	23.35435	-7.864079757761525e-17	0.8622637795170036	0.6088	0.0118	-1.2176	0.0234	2	10.14585	0.5982169	2.969079	0.5240264	0.8302797	0.04951894	1.322019	0.01669738
deepmd-les-claim-neutral_sA	6300	23.43805	6.129356281784718e-17	0.8603802059934412	0.6075	0.0125	-1.215	0.0205	2	10.18038	0.5991908	2.975099	0.5250471	0.8322476	0.04951894	1.325445	0.01669738
deepmd-les-claim-neutral_sA	6400	22.971049999999998	-2.139492287038062e-16	0.86017776310714	0.6074	0.0105	-1.2147	0.0203	2	10.21768	0.6004394	2.979594	0.5260098	0.8339276	0.04951894	1.327793	0.01669738
deepmd-les-claim-neutral_sA	6500	23.668799999999997	-1.2721305490496585e-17	0.8605847891402312	0.6076	0.0103	-1.2153	0.0222	2	10.25273	0.6013702	2.98381	0.5267022	0.8352832	0.04951894	1.330929	0.01669738
deepmd-les-claim-neutral_sA	6600	23.0923	-8.326672684688674e-17	0.861092932015308	0.608	0.0114	-1.216	0.0225	2	10.2884	0.6019495	2.988332	0.5271584	0.8362646	0.04951894	1.332897	0.01669738
deepmd-les-claim-neutral_sA	6700	22.56765	4.5102810375396984e-17	0.8546354300356104	0.6034	0.0115	-1.2068	0.0229	2	10.32626	0.6023887	2.994952	0.5281527	0.8382197	0.04951894	1.336482	0.01669738
deepmd-les-claim-neutral_sA	6800	23.3251	3.700743415417188e-17	0.8526390206809196	0.602	0.0114	-1.2041	0.0205	2	10.35912	0.6028491	2.998002	0.5286188	0.839154	0.04951894	1.338725	0.01669738
deepmd-les-claim-neutral_sA	6900	23.51145	-9.71445146547012e-17	0.8574979233277402	0.6055	0.0108	-1.2109	0.0219	2	10.39387	0.6037867	2.99722	0.5286475	0.8390166	0.04951894	1.339144	0.01669738
deepmd-les-claim-neutral_sA	7000	22.9329	5.204170427930421e-17	0.8573811831380422	0.6054	0.0113	-1.2107	0.0216	2	10.43323	0.6045449	3.001118	0.5295128	0.8405484	0.04951893	1.342016	0.01669737
deepmd-les-claim-neutral_sA	7100	22.90645	-3.122502256758253e-17	0.851221951676751	0.601	0.0112	-1.2021	0.0205	2	10.47124	0.6048475	3.006137	0.5301655	0.8419383	0.04951893	1.344481	0.01669737
deepmd-les-claim-neutral_sA	7200	22.049750000000003	3.0068540250264654e-17	0.8533784764971712	0.6026	0.0096	-1.2051	0.0217	2	10.50475	0.604925	3.008461	0.5305785	0.8427712	0.04951893	1.346876	0.01669737
deepmd-les-claim-neutral_sA	7300	22.641	3.469446951953614e-17	0.8555488261750722	0.6041	0.0114	-1.2081	0.0223	2	10.54087	0.6055808	3.010998	0.5309722	0.8435152	0.04951893	1.349016	0.01669737
deepmd-les-claim-neutral_sA	7400	23.096600000000002	3.353798720221827e-17	0.8491710723393279	0.5996	0.0101	-1.1991	0.0255	2	10.57956	0.6055075	3.014979	0.531297	0.844304	0.04951893	1.351582	0.01669737
deepmd-les-claim-neutral_sA	7500	22.6655	1.4456028966473392e-16	0.8518417676937184	0.6015	0.0106	-1.2029	0.0207	2	10.61718	0.6054101	3.016322	0.5313018	0.8443837	0.04951893	1.354686	0.01669737
deepmd-les-claim-neutral_sA	7600	21.1479	9.830099697201906e-17	0.8523551981862255	0.6018	0.0096	-1.2037	0.0204	2	10.65507	0.6061257	3.019471	0.5319561	0.8456676	0.04951893	1.357825	0.01669737
deepmd-les-claim-neutral_sA	7700	23.03815	5.782411586589356e-17	0.8486076633010332	0.5992	0.0105	-1.1983	0.0245	2	10.69568	0.6060248	3.021749	0.5317905	0.8456504	0.04951893	1.3611	0.01669737
deepmd-les-claim-neutral_sA	7800	21.72435	-1.1911767868374074e-16	0.8441048847883524	0.596	0.0118	-1.192	0.0225	2	10.73056	0.6034934	3.020127	0.5308756	0.8444507	0.04951893	1.363211	0.01669737
deepmd-les-claim-neutral_sA	7900	22.79235	-8.904913843347609e-17	0.8452950402559214	0.5969	0.0105	-1.1937	0.0188	2	10.76362	0.6040548	3.021116	0.5310188	0.84473	0.04951893	1.365586	0.01669737
deepmd-les-claim-neutral_sA	8000	22.6732	5.782411586589356e-17	0.8463157021258891	0.5976	0.01	-1.1951	0.0215	2	10.80805	0.6045662	3.026085	0.5317161	0.8462815	0.04951893	1.370337	0.01669737
deepmd-les-claim-neutral_sA	8100	21.601149999999997	-8.095376221225099e-17	0.847327632142704	0.5983	0.0114	-1.1965	0.0226	2	10.84967	0.6060202	3.030357	0.5329059	0.8483947	0.04951893	1.372993	0.01669737
deepmd-les-claim-neutral_sA	8200	23.2262	-1.1564823173178713e-17	0.8451421824834818	0.5967	0.0101	-1.1935	0.0226	2	10.87529	0.6045796	3.02846	0.5320478	0.8470198	0.04951893	1.374102	0.01669737
deepmd-les-claim-neutral_sA	8300	22.40285	7.054542135639015e-17	0.8495887707361404	0.5999	0.0102	-1.1997	0.0226	2	10.91904	0.6056367	3.031033	0.5325339	0.84782	0.04951893	1.377669	0.01669737
deepmd-les-claim-neutral_sA	8400	22.80185	-2.0816681711721685e-17	0.8432806143211549	0.5954	0.0113	-1.1909	0.0184	2	10.95099	0.6049632	3.033753	0.5329423	0.8489374	0.04951893	1.379528	0.01669737
deepmd-les-claim-neutral_sA	8500	21.91095	3.469446951953614e-18	0.8428631614928525	0.5951	0.0106	-1.1902	0.0231	2	10.99423	0.6054647	3.03792	0.5334859	0.8501614	0.04951893	1.385944	0.01669737
deepmd-les-claim-neutral_sA	8600	21.1234	9.25185853854297e-18	0.8403500537646087	0.5934	0.0097	-1.1867	0.0196	2	11.02963	0.6052769	3.039604	0.5337087	0.850599	0.04951893	1.387489	0.01669737
deepmd-les-claim-neutral_sA	8700	22.99115	2.544261098099317e-17	0.8372260100136057	0.5911	0.0112	-1.1823	0.0208	2	11.07217	0.6056173	3.043778	0.5341823	0.8517141	0.04951892	1.389914	0.01669736
deepmd-les-claim-neutral_sA	8800	22.6768	1.5959455978986625e-16	0.8379687385455081	0.5917	0.0107	-1.1833	0.0217	2	11.10566	0.6048384	3.046346	0.5343824	0.8524237	0.04951892	1.393995	0.01669736
deepmd-les-claim-neutral_sA	8900	22.54625	1.1449174941446927e-16	0.8399132065663414	0.5931	0.0112	-1.1861	0.0184	2	11.1458	0.6055991	3.046564	0.5343769	0.8525328	0.04951892	1.39701	0.01669736
deepmd-les-claim-neutral_sA	9000	22.264249999999997	9.483155002006545e-17	0.8396753225786048	0.5929	0.0104	-1.1857	0.0212	2	11.17584	0.6054045	3.046702	0.5343257	0.8524063	0.04951892	1.399042	0.01669735
deepmd-les-claim-neutral_sA	9100	22.560299999999998	-1.2952601953960158e-16	0.8364906322030984	0.5906	0.0104	-1.1812	0.0242	2	11.21554	0.6050912	3.049892	0.5345484	0.8531761	0.04951891	1.402509	0.01669735
deepmd-les-claim-neutral_sA	9200	21.591549999999998	1.1564823173178713e-18	0.8340925899576314	0.5889	0.0095	-1.1779	0.0198	2	11.2531	0.6043553	3.050618	0.5343539	0.8531323	0.04951891	1.404476	0.01669735
deepmd-les-claim-neutral_sA	9300	22.138849999999998	-7.517135062566163e-17	0.8374622377847891	0.5913	0.0106	-1.1826	0.0226	2	11.28508	0.6043935	3.051782	0.5346322	0.8537412	0.04951891	1.407309	0.01669735
deepmd-les-claim-neutral_sA	9400	22.09205	-1.1564823173178713e-17	0.8310793456812112	0.5868	0.01	-1.1736	0.0195	2	11.32475	0.6036577	3.054044	0.5342023	0.8533832	0.04951891	1.410839	0.01669735
deepmd-les-claim-neutral_sA	9500	22.718049999999998	2.0816681711721685e-17	0.837194029055494	0.5911	0.0099	-1.1822	0.0242	2	11.35654	0.603529	3.054469	0.5338773	0.8528873	0.04951891	1.415081	0.01669735
deepmd-les-claim-neutral_sA	9600	22.50215	-3.585095183685401e-17	0.8292426263212006	0.5855	0.0099	-1.171	0.0196	2	11.39542	0.6036648	3.058799	0.5345394	0.8545615	0.04951891	1.417299	0.01669735
deepmd-les-claim-neutral_sA	9700	21.67945	8.789265611615822e-17	0.8265898070909213	0.5836	0.0105	-1.1673	0.0217	2	11.42525	0.6025578	3.060037	0.5344006	0.8546598	0.04951891	1.421526	0.01669735
deepmd-les-claim-neutral_sA	9800	21.780900000000003	-1.850371707708594e-17	0.8309596119726349	0.5867	0.0098	-1.1734	0.022	2	11.45483	0.60293	3.058075	0.5340102	0.8538638	0.04951891	1.422003	0.01669735
deepmd-les-claim-neutral_sA	9900	21.94905	-1.607510421071841e-16	0.8282563132329147	0.5848	0.0105	-1.1696	0.0227	2	11.49927	0.6023411	3.062927	0.5345698	0.8553259	0.04951891	1.427737	0.01669735
deepmd-les-claim-neutral_sA	10000	21.9089	8.442320916420461e-17	0.828840911582074	0.5852	0.0098	-1.1705	0.0205	2	11.53171	0.6025031	3.063009	0.5344519	0.855019	0.04951891	1.42919	0.01669735
deepmd-les-claim-neutral_sA	10100	21.59355	2.7755575615628914e-17	0.8300673038515416	0.5861	0.0098	-1.1722	0.0209	2	11.55138	0.6028842	3.06472	0.5348742	0.8558441	0.04951891	1.431122	0.01669735
deepmd-les-claim-neutral_sA	10200	22.2558	8.904913843347609e-17	0.8251855784602972	0.5826	0.0101	-1.1653	0.0207	2	11.56142	0.6029274	3.065957	0.5349944	0.8562419	0.04951891	1.431553	0.01669735
deepmd-les-claim-neutral_sA	10300	21.36225	1.0408340855860843e-17	0.8269071728836627	0.5839	0.0099	-1.1677	0.0195	2	11.56984	0.6033598	3.067768	0.5354664	0.8571128	0.04951891	1.432815	0.01669735
deepmd-les-claim-neutral_sA	10400	22.2028	6.013708050052931e-17	0.8261283077296371	0.5833	0.0099	-1.1666	0.0196	2	11.58513	0.6041142	3.069896	0.5360651	0.8581906	0.04951891	1.433729	0.01669735
deepmd-les-claim-neutral_sA	10500	22.5506	-3.0068540250264654e-17	0.826032014638384	0.5832	0.0109	-1.1665	0.0222	2	11.59907	0.6042559	3.072117	0.5362815	0.858785	0.04951891	1.435458	0.01669735
deepmd-les-claim-neutral_sA	10600	21.1495	1.3415194880887307e-16	0.826500006778032	0.5836	0.0095	-1.1671	0.0227	2	11.60984	0.6043443	3.073193	0.5365051	0.8592728	0.04951891	1.436021	0.01669735
deepmd-les-claim-neutral_sA	10700	22.14885	-6.360652745248292e-17	0.8245711914148125	0.5822	0.0098	-1.1644	0.0209	2	11.62162	0.6045536	3.075013	0.5367222	0.8598297	0.04951891	1.437636	0.01669735
deepmd-les-claim-neutral_sA	10800	21.4758	2.5558259212724955e-16	0.8267943405863385	0.5838	0.0093	-1.1676	0.0192	2	11.63527	0.6047443	3.076697	0.5370287	0.860437	0.04951891	1.438438	0.01669735
deepmd-les-claim-neutral_sA	10900	21.4575	-6.129356281784718e-17	0.8240752941904367	0.5819	0.0098	-1.1637	0.0201	2	11.6459	0.6047134	3.078472	0.5372011	0.8609325	0.04951891	1.440058	0.01669735
deepmd-les-claim-neutral_sA	11000	21.308300000000003	-4.625929269271485e-18	0.8284720926660881	0.585	0.0101	-1.1699	0.0222	2	11.65868	0.6059022	3.079193	0.5377167	0.8616942	0.04951891	1.440295	0.01669735
deepmd-les-claim-neutral_sA	11100	20.61705	-5.782411586589356e-17	0.825909966848911	0.5831	0.0106	-1.1663	0.0229	2	11.67034	0.605383	3.080682	0.5377106	0.8619635	0.04951891	1.441165	0.01669735
deepmd-les-claim-neutral_sA	11200	22.1479	-3.122502256758253e-17	0.820225951799586	0.5791	0.0093	-1.1583	0.0209	2	11.68543	0.6052538	3.083061	0.5379279	0.8625837	0.04951891	1.442563	0.01669735
deepmd-les-claim-neutral_sA	11300	21.4074	6.938893903907228e-17	0.8176392321218771	0.5773	0.0096	-1.1546	0.0196	2	11.69554	0.6048398	3.082464	0.5373986	0.8619056	0.04951891	1.44231	0.01669735
deepmd-les-claim-neutral_sA	11400	21.65495	1.0870933782787991e-16	0.8202670070383651	0.5792	0.0107	-1.1583	0.0226	2	11.70676	0.6047881	3.084138	0.5375	0.8622295	0.04951891	1.444425	0.01669735
deepmd-les-claim-neutral_sA	11500	21.4113	1.734723475976807e-17	0.8208674532910191	0.5796	0.0093	-1.1592	0.0215	2	11.71865	0.6052395	3.08459	0.5377699	0.8626392	0.04951891	1.44494	0.01669735
deepmd-les-claim-neutral_sA	11600	20.27915	5.898059818321144e-17	0.8180966126272492	0.5776	0.0096	-1.1553	0.0192	2	11.73581	0.6055059	3.086178	0.5379792	0.8632097	0.04951891	1.445744	0.01669735
deepmd-les-claim-neutral_sA	11700	20.421300000000002	2.69460379935064e-16	0.8217890188788044	0.5802	0.0095	-1.1605	0.023	2	11.74804	0.6055568	3.087976	0.5381828	0.8637256	0.04951891	1.447726	0.01669735
deepmd-les-claim-neutral_sA	11800	20.702199999999998	6.82324567217544e-17	0.8180749608237522	0.5776	0.0094	-1.1553	0.0193	2	11.75883	0.6051342	3.087936	0.5379929	0.8635431	0.04951891	1.448172	0.01669735
deepmd-les-claim-neutral_sA	11900	21.5306	-3.8163916471489756e-17	0.8166772908134582	0.5766	0.0103	-1.1532	0.0229	2	11.77731	0.6056595	3.08956	0.5379773	0.8637799	0.04951891	1.449323	0.01669735
deepmd-les-claim-neutral_sA	12000	20.148699999999998	7.054542135639015e-17	0.8154854135601617	0.5758	0.0097	-1.1516	0.0226	2	11.79456	0.6050132	3.09008	0.5377678	0.8636356	0.04951891	1.450026	0.01669735
deepmd-les-claim-neutral_sA	12100	20.727449999999997	5.204170427930421e-17	0.8156913836102356	0.5759	0.0093	-1.1519	0.0225	2	11.80944	0.6054082	3.092357	0.5381308	0.8644243	0.04951891	1.452885	0.01669735
deepmd-les-claim-neutral_sA	12200	21.175649999999997	5.319818659662208e-17	0.8138784114589899	0.5747	0.0097	-1.1493	0.0223	2	11.82336	0.6049139	3.093162	0.5377963	0.8641419	0.04951891	1.453811	0.01669735
deepmd-les-claim-neutral_sA	12300	19.785249999999998	-1.0408340855860843e-17	0.8142297868393055	0.5749	0.0094	-1.1498	0.0215	2	11.83861	0.6051069	3.093635	0.5380783	0.8645797	0.04951891	1.454443	0.01669735
deepmd-les-claim-neutral_sA	12400	20.9252	1.1564823173178712e-16	0.8123162570466118	0.5736	0.0106	-1.1471	0.0197	2	11.85324	0.6051556	3.095609	0.5381462	0.8649875	0.04951891	1.456678	0.01669735
deepmd-les-claim-neutral_sA	12500	20.52745	1.121787847798335e-16	0.8161317902756577	0.5762	0.011	-1.1525	0.0223	2	11.86777	0.6054765	3.095404	0.5380978	0.8648353	0.04951891	1.457372	0.01669735
deepmd-les-claim-neutral_sA	12600	19.88165	-5.319818659662208e-17	0.8125227672385568	0.5737	0.0099	-1.1474	0.0211	2	11.8842	0.6047122	3.096195	0.5376138	0.8644748	0.04951891	1.458467	0.01669735
deepmd-les-claim-neutral_sA	12700	20.8704	-1.2258712563569435e-16	0.814518113595866	0.5751	0.0107	-1.1502	0.0245	2	11.90105	0.604477	3.097366	0.5375646	0.8646475	0.04951891	1.46056	0.01669735
deepmd-les-claim-neutral_sA	12800	20.331049999999998	-8.789265611615822e-17	0.8122489162975608	0.5735	0.0089	-1.147	0.0231	2	11.92077	0.604282	3.098395	0.537256	0.8644748	0.04951891	1.462146	0.01669735
deepmd-les-claim-neutral_sA	12900	20.28615	3.9320398788807623e-17	0.8129727997202689	0.574	0.0115	-1.148	0.0235	2	11.93358	0.6046066	3.098039	0.5372499	0.8644631	0.04951891	1.462567	0.01669735
deepmd-les-claim-neutral_sA	13000	20.546799999999998	5.898059818321144e-17	0.8088163394985695	0.5711	0.0105	-1.1422	0.0209	2	11.94806	0.604591	3.098116	0.5372736	0.864563	0.04951891	1.463048	0.01669735
deepmd-les-claim-neutral_sA	13100	21.077599999999997	-1.0408340855860843e-17	0.8146915587467101	0.5752	0.0094	-1.1505	0.022	2	11.96339	0.6051013	3.099564	0.5375686	0.8650572	0.04951891	1.466019	0.01669735
deepmd-les-claim-neutral_sA	13200	20.84765	-2.544261098099317e-17	0.8093234804656904	0.5714	0.0106	-1.1429	0.021	2	11.97604	0.6040727	3.100291	0.5371427	0.8648457	0.04951891	1.46794	0.01669735
deepmd-les-claim-neutral_sA	13300	19.90945	-5.551115123125783e-17	0.8056102495255577	0.5688	0.0094	-1.1376	0.024	2	11.99512	0.6035277	3.102062	0.5366369	0.8646545	0.04951891	1.469601	0.01669735
deepmd-les-claim-neutral_sA	13400	21.570999999999998	1.457167719820518e-16	0.8075113615007938	0.5701	0.0104	-1.1403	0.0248	2	12.00939	0.6030874	3.102124	0.5362732	0.8642842	0.04951891	1.471055	0.01669735
deepmd-les-claim-neutral_sA	13500	20.14365	-1.1564823173178713e-18	0.8073927410430468	0.5701	0.0098	-1.1401	0.0242	2	12.03313	0.6037544	3.104556	0.536922	0.8655387	0.04951891	1.473189	0.01669735
deepmd-les-claim-neutral_sA	13600	19.723999999999997	-3.700743415417188e-17	0.8050382789136498	0.5684	0.0112	-1.1368	0.0229	2	12.04606	0.6034691	3.104549	0.5366082	0.8652043	0.04951891	1.47451	0.01669735
deepmd-les-claim-neutral_sA	13700	19.987949999999998	7.979727989493313e-17	0.8061860965387747	0.5692	0.0111	-1.1384	0.0222	2	12.06182	0.6030503	3.103945	0.5362146	0.8646311	0.04951891	1.475502	0.01669735
deepmd-les-claim-neutral_sA	13800	20.51605	-1.734723475976807e-17	0.8017641683977356	0.5661	0.0093	-1.1322	0.0217	2	12.08364	0.6029987	3.106674	0.5360805	0.8650278	0.04951891	1.479029	0.01669735
deepmd-les-claim-neutral_sA	13900	21.17545	1.214306433183765e-16	0.8058944470514405	0.569	0.0102	-1.138	0.0231	2	12.09642	0.6031518	3.10658	0.5362132	0.8651465	0.04951891	1.479654	0.01669735
deepmd-les-claim-neutral_sA	14000	20.668550000000003	3.469446951953614e-18	0.8035244131778057	0.5673	0.0101	-1.1347	0.0228	2	12.11495	0.6027734	3.108063	0.5358862	0.8650497	0.04951891	1.483272	0.01669735
deepmd-les-claim-neutral_sA	14100	20.96165	8.557969148152248e-17	0.8071759413130131	0.5699	0.011	-1.1398	0.0238	2	12.12956	0.60323	3.107986	0.5357454	0.864887	0.04951891	1.484283	0.01669735
deepmd-les-claim-neutral_sA	14200	21.043	-9.483155002006545e-17	0.8056586871925427	0.5688	0.0105	-1.1377	0.0216	2	12.14422	0.6022603	3.108873	0.535489	0.8648415	0.04951891	1.486211	0.01669735
deepmd-les-claim-neutral_sA	14300	20.27015	-3.9320398788807623e-17	0.804749052694073	0.5682	0.0108	-1.1364	0.0241	2	12.16206	0.6024656	3.110305	0.5356911	0.8653952	0.04951891	1.488678	0.01669735
deepmd-les-claim-neutral_sA	14400	20.7748	8.904913843347609e-17	0.8044386577466107	0.5679	0.0108	-1.1359	0.0265	2	12.17569	0.6023637	3.109356	0.5353622	0.8646744	0.04951891	1.488465	0.01669735
deepmd-les-claim-neutral_sA	14500	19.475250000000003	-1.0639637319324416e-16	0.8034157558187061	0.5672	0.0102	-1.1345	0.0241	2	12.19995	0.6027798	3.111657	0.5359977	0.8658774	0.04951891	1.490868	0.01669735
deepmd-les-claim-neutral_sA	14600	20.358249999999998	4.625929269271485e-18	0.8048878405214662	0.5683	0.0099	-1.1366	0.0246	2	12.21529	0.6037987	3.113679	0.536871	0.8671239	0.04951891	1.493449	0.01669735
deepmd-les-claim-neutral_sA	14700	20.3798	1.6190752442450197e-17	0.8005441716902018	0.5652	0.0111	-1.1304	0.024	2	12.23185	0.6025314	3.113218	0.5354063	0.8656664	0.04951891	1.494776	0.01669735
deepmd-les-claim-neutral_sA	14800	20.1018	-7.170190367370802e-17	0.7990886671002848	0.5642	0.0092	-1.1284	0.0228	2	12.24931	0.6020417	3.114068	0.535044	0.8657437	0.04951891	1.49667	0.01669735
deepmd-les-claim-neutral_sA	14900	20.5116	3.353798720221827e-17	0.797131961087664	0.5628	0.0094	-1.1256	0.0227	2	12.26953	0.6023946	3.116148	0.5353745	0.8664997	0.04951891	1.499968	0.01669735
deepmd-les-claim-neutral_sA	15000	20.7412	1.2721305490496585e-17	0.7965786515589566	0.5624	0.0093	-1.1249	0.0222	2	12.28434	0.6020576	3.11514	0.5352128	0.8657663	0.04951891	1.5016	0.01669735
deepmd-les-claim-neutral_sA	15100	19.0419	-4.85722573273506e-17	0.8000025651422125	0.5648	0.0106	-1.1297	0.0239	2	12.29501	0.6024247	3.116242	0.5354569	0.8664154	0.04951891	1.502352	0.01669735
deepmd-les-claim-neutral_sA	15200	20.0308	-9.830099697201906e-17	0.7971666075823847	0.5629	0.009	-1.1257	0.022	2	12.29898	0.6021793	3.116512	0.535289	0.8662764	0.04951891	1.502897	0.01669735
deepmd-les-claim-neutral_sA	15300	20.102600000000002	-1.0177044392397268e-16	0.7962501439430657	0.5622	0.0113	-1.1244	0.0218	2	12.30375	0.6024486	3.117379	0.5355188	0.866848	0.04951891	1.503462	0.01669735
deepmd-les-claim-neutral_sA	15400	20.58095	-4.163336342344337e-17	0.7978480996797255	0.5633	0.0106	-1.1266	0.024	2	12.31128	0.6026295	3.118387	0.5356989	0.8673418	0.04951891	1.504464	0.01669735
deepmd-les-claim-neutral_sA	15500	20.104300000000002	4.625929269271485e-17	0.8002798920929459	0.565	0.0095	-1.1301	0.0233	2	12.31934	0.6032621	3.119477	0.5358601	0.8677949	0.04951891	1.505373	0.01669735
deepmd-les-claim-neutral_sA	15600	20.5488	-1.329954664915552e-16	0.7988951304580563	0.564	0.0115	-1.1281	0.0244	2	12.32564	0.6035346	3.120629	0.5360911	0.8683738	0.04951891	1.506267	0.01669735
deepmd-les-claim-neutral_sA	15700	20.193550000000002	-5.319818659662208e-17	0.7957433994347766	0.5618	0.0106	-1.1236	0.0242	2	12.33045	0.6029011	3.121021	0.5361436	0.8685683	0.04951891	1.506255	0.01669735
deepmd-les-claim-neutral_sA	15800	19.8226	5.088522196198634e-17	0.796030317762936	0.562	0.01	-1.1241	0.0228	2	12.33709	0.6031613	3.121649	0.5359614	0.8685697	0.04951891	1.50707	0.01669735
deepmd-les-claim-neutral_sA	15900	19.8716	-5.204170427930421e-17	0.7956318616327466	0.5618	0.01	-1.1235	0.0228	2	12.3428	0.6031966	3.121858	0.5356216	0.8683872	0.04951891	1.50724	0.01669735
deepmd-les-claim-neutral_sA	16000	19.94195	-8.442320916420461e-17	0.798531327785259	0.5638	0.0098	-1.1276	0.0225	2	12.34638	0.6032483	3.121856	0.5357204	0.8684086	0.04951891	1.50836	0.01669735
deepmd-les-claim-neutral_sA	16100	19.8163	1.4224732503009818e-16	0.7938078446875422	0.5605	0.0101	-1.1209	0.0236	2	12.35499	0.6030831	3.123576	0.5356309	0.8689192	0.04951891	1.509579	0.01669735
deepmd-les-claim-neutral_sA	16200	18.7773	1.329954664915552e-16	0.7958556063786119	0.5619	0.0099	-1.1238	0.0228	2	12.36326	0.6030893	3.124386	0.5354705	0.8690488	0.04951891	1.510723	0.01669735
deepmd-les-claim-neutral_sA	16300	20.30925	5.66676335485757e-17	0.7957735575365031	0.5618	0.0112	-1.1237	0.0251	2	12.36817	0.6033122	3.124453	0.5357542	0.8693246	0.04951891	1.51004	0.01669735
deepmd-les-claim-neutral_sA	16400	19.44695	8.789265611615822e-17	0.7967226468342561	0.5625	0.0093	-1.125	0.0242	2	12.37512	0.603677	3.125656	0.535788	0.8697435	0.04951891	1.511599	0.01669735
deepmd-les-claim-neutral_sA	16500	19.33415	7.748431526029738e-17	0.799480086408418	0.5645	0.0098	-1.1289	0.0232	2	12.38179	0.6040067	3.126091	0.5358075	0.8699346	0.04951891	1.512585	0.01669735
deepmd-les-claim-neutral_sA	16600	19.0479	6.245004513516506e-17	0.7965106424003626	0.5624	0.0106	-1.1247	0.0235	2	12.38775	0.6037214	3.12726	0.535884	0.8704077	0.04951891	1.51339	0.01669735
deepmd-les-claim-neutral_sA	16700	20.0462	-7.632783294297951e-17	0.7920881601670748	0.5592	0.0108	-1.1185	0.0258	2	12.3968	0.6035678	3.128	0.5355576	0.8702859	0.04951891	1.514285	0.01669735
deepmd-les-claim-neutral_sA	16800	20.65115	2.0816681711721685e-17	0.7925486526381035	0.5596	0.0108	-1.1191	0.0248	2	12.4041	0.6037167	3.12858	0.5353751	0.8702372	0.04951891	1.515685	0.01669735
deepmd-les-claim-neutral_sA	16900	19.05065	5.204170427930421e-17	0.7902640453758141	0.558	0.0094	-1.116	0.0215	2	12.41017	0.6032457	3.12956	0.5351954	0.8704569	0.04951891	1.515694	0.01669735
deepmd-les-claim-neutral_sA	17000	19.25425	-4.625929269271485e-17	0.7945575808167307	0.561	0.0104	-1.122	0.0232	2	12.42057	0.6038144	3.130692	0.5354988	0.8710595	0.04951891	1.517261	0.01669735
deepmd-les-claim-neutral_sA	17100	19.664	-6.591949208711867e-17	0.7957225946150471	0.5618	0.0102	-1.1236	0.0266	2	12.42944	0.6044218	3.131447	0.5356675	0.8714822	0.04951891	1.51801	0.01669735
deepmd-les-claim-neutral_sA	17200	20.01455	-1.3068250185691946e-16	0.7942428644285117	0.5607	0.0112	-1.1215	0.0272	2	12.43232	0.6033948	3.130721	0.5349371	0.8706619	0.04951891	1.518395	0.01669735
deepmd-les-claim-neutral_sA	17300	20.0765	-1.0986582014519777e-16	0.7933071366616067	0.5601	0.01	-1.1202	0.0245	2	12.44292	0.60375	3.131954	0.5351352	0.8712387	0.04951891	1.519951	0.01669734
deepmd-les-claim-neutral_sA	17400	20.3569	1.5034270125132327e-17	0.7905711542121117	0.5582	0.0091	-1.1164	0.0217	2	12.44807	0.6036176	3.131857	0.5349315	0.871109	0.04951891	1.519986	0.01669734
deepmd-les-claim-neutral_sA	17500	19.66995	-1.2027416100105862e-16	0.7915118027338257	0.5588	0.0105	-1.1177	0.0244	2	12.45825	0.6034348	3.133256	0.5349483	0.8715245	0.04951891	1.52106	0.01669734
deepmd-les-claim-neutral_sA	17600	20.00475	-9.136210306811184e-17	0.7913132599257304	0.5587	0.0104	-1.1174	0.0238	2	12.46917	0.6036219	3.135023	0.5348944	0.8720203	0.0495189	1.523565	0.01669734
deepmd-les-claim-neutral_sA	17700	20.1931	-9.598803233738332e-17	0.7924197840453815	0.5595	0.0109	-1.1189	0.0269	2	12.4788	0.6043607	3.135633	0.5351978	0.8724602	0.0495189	1.524174	0.01669734
deepmd-les-claim-neutral_sA	17800	19.32765	-1.1449174941446927e-16	0.789798994684274	0.5576	0.0101	-1.1153	0.024	2	12.48817	0.6037032	3.13537	0.5344906	0.8718052	0.0495189	1.52432	0.01669734
deepmd-les-claim-neutral_sA	17900	19.06485	3.9320398788807623e-17	0.7903012511809946	0.558	0.01	-1.116	0.0231	2	12.49499	0.6033471	3.135617	0.5339285	0.8713823	0.0495189	1.525811	0.01669734
deepmd-les-claim-neutral_sA	18000	18.91005	5.204170427930421e-17	0.7888479110359431	0.557	0.01	-1.1139	0.0222	2	12.49887	0.6028602	3.13528	0.5333045	0.8706881	0.0495189	1.525258	0.01669734
deepmd-les-claim-neutral_sA	18100	19.2033	3.0068540250264654e-17	0.7920405274496664	0.5592	0.0101	-1.1184	0.023	2	12.50752	0.6030943	3.136191	0.5336588	0.8713059	0.0495189	1.526896	0.01669734
deepmd-les-claim-neutral_sA	18200	19.39535	-1.1564823173178713e-18	0.7898274702327835	0.5576	0.011	-1.1153	0.0265	2	12.51552	0.602899	3.137175	0.5335292	0.8714986	0.0495189	1.528057	0.01669734
deepmd-les-claim-neutral_sA	18300	19.47755	3.8163916471489756e-17	0.7866568980724193	0.5554	0.0107	-1.1108	0.022	2	12.52632	0.6025999	3.138193	0.5331123	0.8713948	0.0495189	1.529323	0.01669734
deepmd-les-claim-neutral_sA	18400	19.47375	3.353798720221827e-17	0.7889285613736313	0.557	0.0106	-1.114	0.0255	2	12.53172	0.6025364	3.137971	0.5331547	0.8714012	0.0495189	1.530172	0.01669734
deepmd-les-claim-neutral_sA	18500	19.641399999999997	-3.469446951953614e-18	0.7887379861851408	0.5569	0.0105	-1.1138	0.0236	2	12.54046	0.6029188	3.138013	0.5329272	0.8712544	0.0495189	1.530111	0.01669734
deepmd-les-claim-neutral_sA	18600	19.81075	2.659909329831104e-17	0.7871542496117434	0.5558	0.0107	-1.1115	0.0235	2	12.55371	0.6035036	3.140461	0.5333974	0.8724768	0.0495189	1.532949	0.01669734
deepmd-les-claim-neutral_sA	18700	19.49355	7.517135062566163e-17	0.7904125420103962	0.5581	0.01	-1.1161	0.0255	2	12.56244	0.6032505	3.141109	0.5333828	0.8726166	0.0495189	1.533491	0.01669734
deepmd-les-claim-neutral_sA	18800	20.014699999999998	-5.319818659662208e-17	0.788480286882802	0.5567	0.011	-1.1133	0.0269	2	12.5699	0.6029448	3.14143	0.5329303	0.8723879	0.0495189	1.5342	0.01669734
deepmd-les-claim-neutral_sA	18900	19.8643	8.904913843347609e-17	0.7877626022833657	0.5562	0.0105	-1.1124	0.0255	2	12.57977	0.6028904	3.142871	0.532875	0.8727744	0.0495189	1.535807	0.01669734
deepmd-les-claim-neutral_sA	19000	19.2774	-3.469446951953614e-18	0.789588983557151	0.5575	0.0108	-1.115	0.024	2	12.58619	0.6030417	3.142314	0.5327176	0.8724589	0.0495189	1.536812	0.01669734
deepmd-les-claim-neutral_sA	19100	20.069499999999998	-4.163336342344337e-17	0.7871028989325534	0.5557	0.0107	-1.1114	0.0234	2	12.59315	0.6028274	3.142347	0.5322148	0.8721043	0.0495189	1.537055	0.01669734
deepmd-les-claim-neutral_sA	19200	19.03535	-3.700743415417188e-17	0.7867041149932628	0.5554	0.0097	-1.1109	0.024	2	12.60404	0.6028691	3.144188	0.5323599	0.8727111	0.0495189	1.539652	0.01669734
deepmd-les-claim-neutral_sA	19300	20.32325	-6.476300976980079e-17	0.7868359928946398	0.5555	0.0104	-1.1111	0.0231	2	12.61696	0.6033563	3.146065	0.5330916	0.8740037	0.04951891	1.540687	0.01669734
deepmd-les-claim-neutral_sA	19400	18.3123	2.544261098099317e-17	0.7854178529955075	0.5545	0.0104	-1.1091	0.0244	2	12.62351	0.6026851	3.146199	0.5323257	0.8733401	0.0495189	1.541759	0.01669734
deepmd-les-claim-neutral_sA	19500	18.88935	-5.319818659662208e-17	0.7859278970950304	0.5549	0.0106	-1.1098	0.0259	2	12.63383	0.6029157	3.146354	0.5321521	0.8732868	0.0495189	1.542194	0.01669734
deepmd-les-claim-neutral_sA	19600	19.2086	-7.170190367370802e-17	0.7866591665677326	0.5554	0.0103	-1.1108	0.025	2	12.64108	0.6028784	3.146483	0.5321761	0.873335	0.0495189	1.542918	0.01669734
deepmd-les-claim-neutral_sA	19700	19.45805	1.2721305490496585e-17	0.7861542745116655	0.5551	0.0109	-1.1101	0.0232	2	12.64928	0.6028396	3.147346	0.532226	0.8736839	0.0495189	1.54433	0.01669734
deepmd-les-claim-neutral_sA	19800	20.38655	6.591949208711867e-17	0.7848655123575016	0.5541	0.0118	-1.1082	0.026	2	12.65387	0.6025385	3.147518	0.5316797	0.8732416	0.0495189	1.545361	0.01669734
deepmd-les-claim-neutral_sA	19900	18.99365	4.625929269271485e-18	0.786960073209875	0.5556	0.0099	-1.1112	0.0246	2	12.6631	0.6024889	3.14726	0.531502	0.873068	0.0495189	1.545733	0.01669734
deepmd-les-claim-neutral_sA	20000	19.009300000000003	-1.2605657258764797e-16	0.7810470168269662	0.5514	0.0093	-1.1029	0.0274	2	12.67325	0.6022198	3.148868	0.5314975	0.8735317	0.0495189	1.54714	0.01669734
deepmd-les-claim-neutral_sA	20100	20.16095	-1.850371707708594e-17	0.7848082191186255	0.5541	0.0108	-1.1082	0.0247	2	12.67648	0.6024623	3.14858	0.531363	0.8733438	0.0495189	1.547904	0.01669734
deepmd-les-claim-neutral_sA	20200	18.5502	-7.864079757761525e-17	0.7871523474124402	0.5558	0.0102	-1.1115	0.0224	2	12.67953	0.6025762	3.149085	0.5314459	0.8736064	0.0495189	1.548125	0.01669734
deepmd-les-claim-neutral_sA	20300	19.3095	3.700743415417188e-17	0.7860535133109788	0.555	0.0105	-1.1099	0.0262	2	12.68192	0.6026488	3.149343	0.5314208	0.8736495	0.0495189	1.548625	0.01669734
deepmd-les-claim-neutral_sA	20400	20.1725	-9.020562075079397e-17	0.7859798586967203	0.5549	0.0112	-1.1098	0.0254	2	12.68501	0.6024041	3.149683	0.5312137	0.8735577	0.0495189	1.548952	0.01669734
deepmd-les-claim-neutral_sA	20500	19.159599999999998	1.0177044392397268e-16	0.7846327591297406	0.554	0.0103	-1.108	0.0241	2	12.68727	0.6023994	3.149713	0.5310492	0.8734581	0.0495189	1.549047	0.01669734
deepmd-les-claim-neutral_sA	20600	19.68085	4.7415775010032725e-17	0.7845696282281301	0.5539	0.0114	-1.1079	0.0228	2	12.69206	0.6026411	3.150573	0.5312942	0.8739697	0.0495189	1.549623	0.01669734
deepmd-les-claim-neutral_sA	20700	19.80915	-9.136210306811184e-17	0.7816866091946443	0.5519	0.0102	-1.1038	0.0232	2	12.69424	0.6023909	3.151265	0.5312078	0.8740915	0.0495189	1.550348	0.01669734
deepmd-les-claim-neutral_sA	20800	19.7036	1.7462882991499856e-16	0.7832704619312254	0.553	0.01	-1.106	0.0259	2	12.69774	0.6026024	3.151351	0.5314584	0.8743411	0.0495189	1.550065	0.01669734
deepmd-les-claim-neutral_sA	20900	19.4768	6.013708050052931e-17	0.7825585092479445	0.5525	0.0115	-1.105	0.027	2	12.70081	0.6026767	3.151712	0.5313431	0.8743828	0.0495189	1.550679	0.01669734
deepmd-les-claim-neutral_sA	21000	19.4081	-3.8163916471489756e-17	0.7817121514733532	0.5519	0.0115	-1.1038	0.0248	2	12.70523	0.6026888	3.153027	0.5315327	0.8749491	0.0495189	1.551644	0.01669734
deepmd-les-claim-neutral_sA	21100	18.99845	9.71445146547012e-17	0.7819566474833732	0.5521	0.0109	-1.1042	0.0244	2	12.70724	0.6024787	3.152958	0.5313189	0.8747912	0.0495189	1.551474	0.01669734
deepmd-les-claim-neutral_sA	21200	19.1406	1.0408340855860843e-17	0.7830368801967087	0.5529	0.0111	-1.1057	0.0234	2	12.70973	0.602363	3.152886	0.5310811	0.8745419	0.0495189	1.55213	0.01669734
deepmd-les-claim-neutral_sA	21300	19.73475	2.1973164029039556e-17	0.7834649274573081	0.5532	0.0108	-1.1063	0.0216	2	12.71234	0.6025687	3.152844	0.5311084	0.8745968	0.0495189	1.552211	0.01669734
deepmd-les-claim-neutral_sA	21400	18.82385	1.850371707708594e-17	0.7840411817708367	0.5536	0.0103	-1.1071	0.0229	2	12.71704	0.6027824	3.153805	0.5313341	0.8750672	0.0495189	1.553129	0.01669734
deepmd-les-claim-neutral_sA	21500	19.450000000000003	4.5102810375396984e-17	0.7825568441564935	0.5525	0.0103	-1.105	0.0244	2	12.72133	0.6026028	3.154313	0.5312514	0.8751716	0.0495189	1.553609	0.01669734
deepmd-les-claim-neutral_sA	21600	20.29055	-4.5102810375396984e-17	0.7809116063527934	0.5514	0.0105	-1.1027	0.0237	2	12.7246	0.6024449	3.154927	0.5310238	0.8752294	0.0495189	1.554093	0.01669734
deepmd-les-claim-neutral_sA	21700	18.995449999999998	-4.163336342344337e-17	0.7829280206170187	0.5528	0.0113	-1.1055	0.0239	2	12.72618	0.6023576	3.15462	0.5308277	0.8749041	0.0495189	1.554377	0.01669734
deepmd-les-claim-neutral_sA	21800	19.571199999999997	-4.625929269271485e-18	0.7819030886989572	0.552	0.011	-1.1041	0.0247	2	12.73287	0.6025108	3.155676	0.5310561	0.8754421	0.0495189	1.554882	0.01669734
deepmd-les-claim-neutral_sA	21900	19.082900000000002	6.707597440443654e-17	0.7802042346828933	0.5509	0.0106	-1.1017	0.0234	2	12.73794	0.6024717	3.156642	0.5310509	0.8757218	0.0495189	1.555604	0.01669734
deepmd-les-claim-neutral_sA	22000	18.594549999999998	-2.7755575615628914e-17	0.7812107951815268	0.5516	0.0106	-1.1031	0.0237	2	12.74078	0.602613	3.156578	0.5309548	0.8756257	0.0495189	1.556002	0.01669734
deepmd-les-claim-neutral_sA	22100	18.93105	-1.0408340855860843e-17	0.7826319745069975	0.5526	0.0094	-1.1051	0.0236	2	12.74309	0.6022748	3.156408	0.5308094	0.8754621	0.0495189	1.556041	0.01669734
deepmd-les-claim-neutral_sA	22200	19.5148	1.3877787807814457e-17	0.7813524506581416	0.5517	0.0094	-1.1033	0.0257	2	12.7489	0.602698	3.157337	0.5310603	0.8760052	0.0495189	1.556806	0.01669734
deepmd-les-claim-neutral_sA	22300	19.4636	9.020562075079397e-17	0.781005202274536	0.5514	0.0109	-1.1028	0.0238	2	12.75334	0.6026688	3.158019	0.5310524	0.8761659	0.0495189	1.557924	0.01669734
deepmd-les-claim-neutral_sA	22400	19.3536	-7.517135062566163e-17	0.7808680603888708	0.5513	0.0112	-1.1026	0.0253	2	12.75661	0.602424	3.158059	0.5307388	0.8759319	0.0495189	1.55778	0.01669734
deepmd-les-claim-neutral_sA	22500	19.3541	-1.0986582014519777e-16	0.781234244311845	0.5516	0.0099	-1.1032	0.0247	2	12.7598	0.6023097	3.158307	0.5303297	0.8756923	0.0495189	1.558548	0.01669734
deepmd-les-claim-neutral_sA	22600	20.0788	5.204170427930421e-17	0.782544514739657	0.5525	0.0116	-1.1049	0.0274	2	12.76458	0.6024422	3.159029	0.5306308	0.8761581	0.0495189	1.559106	0.01669734
deepmd-les-claim-neutral_sA	22700	18.39725	-5.4354668913939954e-17	0.7828618208744464	0.5527	0.0107	-1.1054	0.0263	2	12.77121	0.6023306	3.160019	0.5304363	0.8763407	0.0495189	1.559833	0.01669734
deepmd-les-claim-neutral_sA	22800	20.080750000000002	-3.585095183685401e-17	0.7802142964514494	0.5508	0.0109	-1.1017	0.0259	2	12.77498	0.6024121	3.160708	0.5306359	0.8767328	0.0495189	1.560737	0.01669734
deepmd-les-claim-neutral_sA	22900	18.856650000000002	1.6190752442450199e-16	0.7792166233892784	0.5501	0.0108	-1.1003	0.025	2	12.77731	0.6023227	3.160551	0.5303273	0.8763853	0.0495189	1.560905	0.01669734
deepmd-les-claim-neutral_sA	23000	19.719050000000003	1.0292692624129055e-16	0.7811302038645045	0.5515	0.0109	-1.103	0.026	2	12.78009	0.6022549	3.160071	0.5301035	0.8761201	0.0495189	1.560559	0.01669734
deepmd-les-claim-neutral_sA	23100	18.76295	1.0177044392397268e-16	0.7788087548906963	0.5499	0.0107	-1.0997	0.0247	2	12.7863	0.6023362	3.161384	0.5304251	0.8767664	0.0495189	1.561755	0.01669734
deepmd-les-claim-neutral_sA	23200	18.967	1.121787847798335e-16	0.7776294838996973	0.549	0.0097	-1.0981	0.0246	2	12.78864	0.6019362	3.161263	0.5301571	0.8765178	0.0495189	1.562088	0.01669734
deepmd-les-claim-neutral_sA	23300	18.95615	3.700743415417188e-17	0.7791807496024317	0.5501	0.0108	-1.1002	0.025	2	12.79346	0.6023475	3.16157	0.5300954	0.8765468	0.0495189	1.562959	0.01669734
deepmd-les-claim-neutral_sA	23400	19.22175	-4.0476881106125497e-17	0.7775343715524167	0.549	0.0098	-1.0979	0.0247	2	12.7985	0.6021538	3.161527	0.5298346	0.8762907	0.0495189	1.562676	0.01669734
deepmd-les-claim-neutral_sA	23500	18.62275	1.6190752442450197e-17	0.7801449923806573	0.5508	0.0108	-1.1016	0.0248	2	12.80182	0.6022988	3.162023	0.52994	0.8765875	0.0495189	1.563195	0.01669734
deepmd-les-claim-neutral_sA	23600	19.470599999999997	2.0816681711721685e-17	0.7767415505604242	0.5484	0.0115	-1.0968	0.0242	2	12.80604	0.6020025	3.162785	0.529718	0.8766325	0.0495189	1.563974	0.01669734
deepmd-les-claim-neutral_sA	23700	19.327199999999998	4.278984574076124e-17	0.7765215500520365	0.5482	0.0104	-1.0964	0.0274	2	12.81149	0.6022205	3.163812	0.5298554	0.8770561	0.0495189	1.56503	0.01669734
deepmd-les-claim-neutral_sA	23800	19.057850000000002	3.353798720221827e-17	0.777493528092016	0.5489	0.0099	-1.0978	0.0258	2	12.8157	0.6022192	3.163635	0.5297481	0.8769512	0.0495189	1.564827	0.01669734
deepmd-les-claim-neutral_sA	23900	19.13655	1.329954664915552e-16	0.7786797862042341	0.5498	0.0117	-1.0995	0.0242	2	12.81921	0.6021214	3.164315	0.5297325	0.8771091	0.0495189	1.565817	0.01669734
deepmd-les-claim-neutral_sA	24000	18.47005	1.0870933782787991e-16	0.777607993376625	0.549	0.0105	-1.098	0.0245	2	12.8246	0.6021841	3.165453	0.5298351	0.8775548	0.0495189	1.566714	0.01669734
deepmd-les-claim-neutral_sA	24100	19.19725	-1.850371707708594e-17	0.7746803007491061	0.5469	0.0097	-1.0939	0.0244	2	12.82569	0.6017676	3.164552	0.5294498	0.8769677	0.0495189	1.566117	0.01669734
deepmd-les-claim-neutral_sA	24200	18.7786	6.82324567217544e-17	0.7779479048524514	0.5493	0.0107	-1.0985	0.0239	2	12.83272	0.6022939	3.165338	0.5295249	0.8772753	0.0495189	1.566791	0.01669734
deepmd-les-claim-neutral_sA	24300	18.843899999999998	-6.476300976980079e-17	0.7750656412688991	0.5472	0.0109	-1.0944	0.0254	2	12.8374	0.6021157	3.166323	0.5295774	0.8775796	0.0495189	1.567741	0.01669734
deepmd-les-claim-neutral_sA	24400	19.079250000000002	1.6190752442450197e-17	0.7773140243901999	0.5488	0.0107	-1.0976	0.0232	2	12.84269	0.6019483	3.166727	0.5295774	0.8777309	0.0495189	1.568654	0.01669734
deepmd-les-claim-neutral_sA	24500	18.67175	2.891205793294678e-17	0.7769828680326677	0.5486	0.0103	-1.0971	0.0254	2	12.84387	0.6019296	3.166173	0.5293417	0.8774257	0.0495189	1.568452	0.01669734
deepmd-les-claim-neutral_sA	24600	18.865099999999998	2.1973164029039556e-17	0.7750415644926352	0.5472	0.0094	-1.0944	0.0248	2	12.8493	0.6020108	3.167249	0.5292387	0.8776033	0.0495189	1.569573	0.01669734
deepmd-les-claim-neutral_sA	24700	19.3803	-1.5034270125132327e-17	0.7740114545907908	0.5465	0.0102	-1.0929	0.0248	2	12.8533	0.6018014	3.167298	0.5290278	0.8775081	0.0495189	1.569787	0.01669734
deepmd-les-claim-neutral_sA	24800	18.79675	-3.585095183685401e-17	0.7746987539886422	0.547	0.0103	-1.0939	0.0253	2	12.85806	0.6018707	3.167818	0.5291638	0.8777336	0.0495189	1.570208	0.01669734
deepmd-les-claim-neutral_sA	24900	18.112099999999998	-1.0639637319324416e-16	0.773132805743335	0.5459	0.0102	-1.0917	0.022	2	12.86427	0.6022633	3.168747	0.5293171	0.8781194	0.0495189	1.57109	0.01669734
deepmd-les-claim-neutral_sA	25000	19.0212	4.394632805807911e-17	0.7757967461903066	0.5477	0.0105	-1.0955	0.0222	2	12.86912	0.6020129	3.169455	0.5293208	0.8782996	0.0495189	1.571998	0.01669734
deepmd-les-claim-neutral_sA	25100	18.6824	-9.71445146547012e-17	0.7732923883768796	0.546	0.0101	-1.092	0.0216	2	12.87219	0.6019693	3.16992	0.5292568	0.8783663	0.0495189	1.572348	0.01669734
deepmd-les-claim-neutral_sA	25200	18.9267	-8.442320916420461e-17	0.7745260808557951	0.5468	0.0102	-1.0936	0.0265	2	12.87304	0.6019293	3.169863	0.5291813	0.8782923	0.0495189	1.57239	0.01669734
deepmd-les-claim-neutral_sA	25300	19.37815	-3.469446951953614e-18	0.7729477773947527	0.5457	0.0105	-1.0915	0.0226	2	12.87458	0.6020475	3.170066	0.5292005	0.8783902	0.0495189	1.572547	0.01669734
deepmd-les-claim-neutral_sA	25400	18.9914	1.6190752442450197e-17	0.776736530056579	0.5484	0.0111	-1.0967	0.0278	2	12.87605	0.602068	3.170178	0.5291286	0.8783649	0.0495189	1.57275	0.01669734
deepmd-les-claim-neutral_sA	25500	18.9477	1.1796119636642288e-16	0.7765985655493808	0.5483	0.0111	-1.0966	0.0227	2	12.87772	0.6021098	3.170394	0.5292309	0.8785148	0.0495189	1.57291	0.01669734
deepmd-les-claim-neutral_sA	25600	19.59195	-1.6190752442450199e-16	0.7749819755996984	0.5471	0.0114	-1.0943	0.0266	2	12.87946	0.6019602	3.170873	0.5292596	0.8786945	0.0495189	1.573375	0.01669734
deepmd-les-claim-neutral_sA	25700	18.987299999999998	2.3129646346357426e-17	0.7737682078773267	0.5463	0.01	-1.0926	0.0258	2	12.88035	0.6020783	3.170943	0.5292411	0.8786822	0.0495189	1.573645	0.01669734
deepmd-les-claim-neutral_sA	25800	19.6111	1.0408340855860843e-17	0.7740684415681377	0.5465	0.0108	-1.093	0.0273	2	12.88169	0.6019405	3.17104	0.5292233	0.878714	0.0495189	1.573495	0.01669734
deepmd-les-claim-neutral_sA	25900	19.0884	-4.7415775010032725e-17	0.7743208145772389	0.5467	0.0102	-1.0934	0.0255	2	12.88274	0.6019261	3.171023	0.5291759	0.878659	0.0495189	1.573599	0.01669734
deepmd-les-claim-neutral_sA	26000	18.785899999999998	6.938893903907228e-18	0.7727136377823175	0.5455	0.0111	-1.0911	0.0263	2	12.88377	0.6018089	3.171182	0.5289129	0.8784977	0.0495189	1.573718	0.01669734
deepmd-les-claim-neutral_sA	26100	19.015300000000003	-1.1564823173178713e-18	0.7735644317669739	0.5461	0.0106	-1.0923	0.0264	2	12.88555	0.6019534	3.171324	0.5291459	0.878768	0.0495189	1.573889	0.01669734
deepmd-les-claim-neutral_sA	26200	18.35195	1.5149918356864114e-16	0.7728842928951616	0.5457	0.009	-1.0914	0.024	2	12.88817	0.6020143	3.171758	0.5291953	0.8789339	0.0495189	1.574234	0.01669734
deepmd-les-claim-neutral_sA	26300	18.41335	-1.0177044392397268e-16	0.7727284263203875	0.5456	0.0101	-1.0911	0.0256	2	12.89004	0.601957	3.171946	0.5290527	0.8788712	0.0495189	1.574531	0.01669734
deepmd-les-claim-neutral_sA	26400	19.164299999999997	2.3129646346357427e-18	0.772669204883412	0.5455	0.0111	-1.091	0.0248	2	12.89128	0.6018878	3.172172	0.5291157	0.8790151	0.0495189	1.5746	0.01669734
deepmd-les-claim-neutral_sA	26500	18.985999999999997	-3.700743415417188e-17	0.7720850670020685	0.5451	0.0107	-1.0902	0.0257	2	12.89367	0.6018319	3.172267	0.5288275	0.8787916	0.0495189	1.574905	0.01669734
deepmd-les-claim-neutral_sA	26600	19.75575	-5.551115123125783e-17	0.7719506226454456	0.545	0.0105	-1.09	0.0253	2	12.89534	0.6019105	3.172398	0.5290169	0.8790008	0.0495189	1.574921	0.01669734
deepmd-les-claim-neutral_sA	26700	19.0571	-2.3129646346357426e-17	0.7725802875375485	0.5454	0.0108	-1.0909	0.0265	2	12.89753	0.6020791	3.172557	0.5289336	0.8789547	0.0495189	1.57513	0.01669734
deepmd-les-claim-neutral_sA	26800	19.20195	2.659909329831104e-17	0.772686262804264	0.5455	0.0105	-1.0911	0.0235	2	12.89939	0.6020364	3.172961	0.5289815	0.8791542	0.0495189	1.575617	0.01669734
deepmd-les-claim-neutral_sA	26900	18.34725	3.585095183685401e-17	0.772571949880138	0.5454	0.0107	-1.0909	0.0254	2	12.90152	0.6021619	3.173203	0.5289774	0.8792388	0.0495189	1.575932	0.01669734
deepmd-les-claim-neutral_sA	27000	19.0338	0.0	0.7742137041165246	0.5466	0.011	-1.0933	0.0217	2	12.90266	0.6018667	3.173148	0.5288119	0.8790705	0.0495189	1.575939	0.01669734
deepmd-les-claim-neutral_sA	27100	19.4024	3.2381504884900395e-17	0.7723214104049119	0.5453	0.0114	-1.0905	0.0245	2	12.90501	0.6019857	3.173592	0.5287944	0.8791595	0.0495189	1.57666	0.01669734
deepmd-les-claim-neutral_sA	27200	19.7256	-5.319818659662208e-17	0.772987310632921	0.5457	0.0109	-1.0915	0.0258	2	12.90838	0.602197	3.174295	0.5290703	0.8796013	0.0495189	1.576898	0.01669734
deepmd-les-claim-neutral_sA	27300	18.35505	-1.121787847798335e-16	0.7725118683130265	0.5454	0.0099	-1.0908	0.0252	2	12.90981	0.6020953	3.17438	0.5291096	0.8796673	0.0495189	1.577014	0.01669734
deepmd-les-claim-neutral_sA	27400	18.3112	-8.789265611615822e-17	0.7726021330832668	0.5455	0.0097	-1.091	0.0224	2	12.91202	0.6021342	3.174729	0.5290635	0.8797648	0.0495189	1.577278	0.01669734
deepmd-les-claim-neutral_sA	27500	18.261650000000003	-9.136210306811184e-17	0.7720574190907754	0.5451	0.0101	-1.0902	0.0239	2	12.91395	0.6019973	3.174569	0.5289579	0.8796531	0.0495189	1.577251	0.01669734
deepmd-les-claim-neutral_sA	27600	19.204	-9.71445146547012e-17	0.7708073011967893	0.5442	0.0113	-1.0884	0.0268	2	12.91646	0.602013	3.175073	0.5289767	0.8798228	0.0495189	1.577768	0.01669734
deepmd-les-claim-neutral_sA	27700	18.476149999999997	1.1911767868374074e-16	0.7708042298701053	0.5442	0.0099	-1.0884	0.0252	2	12.91819	0.6019355	3.175032	0.5289313	0.8797888	0.0495189	1.577846	0.01669734
deepmd-les-claim-neutral_sA	27800	18.7074	-1.3068250185691946e-16	0.7737134900454701	0.5463	0.011	-1.0925	0.0252	2	12.92061	0.6020753	3.175308	0.5288903	0.8798301	0.0495189	1.578135	0.01669734
deepmd-les-claim-neutral_sA	27900	18.7711	4.625929269271485e-18	0.77102782852442	0.5443	0.0107	-1.0887	0.0263	2	12.9243	0.6020206	3.175915	0.5288564	0.8799729	0.0495189	1.578493	0.01669734
deepmd-les-claim-neutral_sA	28000	18.17745	-1.133352670971514e-16	0.7714818024725228	0.5447	0.0108	-1.0894	0.0252	2	12.92473	0.601984	3.175598	0.5287444	0.8798059	0.0495189	1.578086	0.01669734
deepmd-les-claim-neutral_sA	28100	18.5196	-5.551115123125783e-17	0.7709715283987548	0.5443	0.0105	-1.0886	0.0265	2	12.9269	0.6019332	3.176179	0.5287015	0.8799268	0.0495189	1.578844	0.01669734
deepmd-les-claim-neutral_sA	28200	18.69255	0.0	0.7715380178718664	0.5447	0.0112	-1.0895	0.0234	2	12.92892	0.601819	3.176479	0.5286659	0.8799674	0.0495189	1.579573	0.01669734
deepmd-les-claim-neutral_sA	28300	18.42755	4.5102810375396984e-17	0.7706458790846399	0.5441	0.0095	-1.0882	0.0256	2	12.93026	0.6019161	3.176331	0.5284131	0.8797298	0.0495189	1.579328	0.01669734
deepmd-les-claim-neutral_sA	28400	18.4319	2.3129646346357427e-18	0.7713591829946914	0.5446	0.0104	-1.0892	0.0268	2	12.93246	0.6018723	3.176473	0.5285321	0.8799022	0.0495189	1.5794	0.01669734
deepmd-les-claim-neutral_sA	28500	18.749299999999998	1.1564823173178713e-17	0.7714205372460102	0.5446	0.0107	-1.0893	0.0245	2	12.93454	0.6017347	3.176752	0.5284521	0.8799072	0.0495189	1.579816	0.01669734
deepmd-les-claim-neutral_sA	28600	19.25125	-5.088522196198634e-17	0.7716853322799004	0.5448	0.011	-1.0896	0.026	2	12.93721	0.6016306	3.177375	0.5284873	0.8800841	0.0495189	1.580527	0.01669734
deepmd-les-claim-neutral_sA	28700	19.0888	1.0408340855860843e-17	0.7685062124796462	0.5426	0.0104	-1.0851	0.0262	2	12.93918	0.6016879	3.17733	0.5283195	0.8799265	0.0495189	1.580515	0.01669734
deepmd-les-claim-neutral_sA	28800	18.7926	-5.4354668913939954e-17	0.7700825440836339	0.5437	0.0105	-1.0874	0.0264	2	12.94173	0.6018609	3.177972	0.5285999	0.8803921	0.04951891	1.581174	0.01669734
deepmd-les-claim-neutral_sA	28900	19.00215	-8.789265611615822e-17	0.7664238811040314	0.5411	0.0096	-1.0823	0.0212	2	12.94328	0.6015956	3.177924	0.5283284	0.8801774	0.04951891	1.580715	0.01669734
deepmd-les-claim-neutral_sA	29000	18.32315	-3.469446951953614e-18	0.7693898717937288	0.5432	0.0105	-1.0864	0.0279	2	12.94338	0.6016394	3.177676	0.5281139	0.8799359	0.0495189	1.580965	0.01669734
deepmd-les-claim-neutral_sA	29100	18.887050000000002	6.476300976980079e-17	0.7695592832600521	0.5433	0.0103	-1.0867	0.0234	2	12.94688	0.6015605	3.178262	0.5282313	0.8801969	0.0495189	1.581455	0.01669734
deepmd-les-claim-neutral_sA	29200	18.24665	1.0986582014519777e-16	0.7694689699704955	0.5433	0.0102	-1.0866	0.022	2	12.94927	0.6017555	3.178615	0.5283258	0.8804061	0.0495189	1.581981	0.01669734
deepmd-les-claim-neutral_sA	29300	17.8711	-3.353798720221827e-17	0.7684853640235207	0.5426	0.0101	-1.0851	0.0263	2	12.95035	0.6014888	3.178686	0.5281199	0.880292	0.0495189	1.582176	0.01669734
deepmd-les-claim-neutral_sA	29400	18.61945	4.7415775010032725e-17	0.7688251390375398	0.5428	0.0104	-1.0856	0.0241	2	12.95263	0.6015656	3.178624	0.5280542	0.8801822	0.0495189	1.582055	0.01669734
deepmd-les-claim-neutral_sA	29500	18.6744	1.2721305490496585e-17	0.7666504367604893	0.5413	0.01	-1.0825	0.0258	2	12.95643	0.601711	3.179435	0.5281582	0.8804852	0.0495189	1.58271	0.01669734
deepmd-les-claim-neutral_sA	29600	19.26865	2.42861286636753e-17	0.767442475655695	0.5418	0.0106	-1.0836	0.0263	2	12.95787	0.6015901	3.179536	0.5280613	0.8804581	0.04951891	1.582767	0.01669734
deepmd-les-claim-neutral_sA	29700	18.21385	2.7755575615628914e-17	0.7695046667565303	0.5433	0.0107	-1.0866	0.0223	2	12.95957	0.6016222	3.179635	0.5280883	0.8804887	0.04951891	1.583033	0.01669734
deepmd-les-claim-neutral_sA	29800	18.82195	-4.0476881106125497e-17	0.7697138413739795	0.5434	0.0112	-1.0868	0.0272	2	12.96335	0.6018508	3.180096	0.5280914	0.880604	0.04951891	1.583621	0.01669734
deepmd-les-claim-neutral_sA	29900	19.2389	2.7755575615628914e-17	0.7689189877326421	0.5429	0.0102	-1.0857	0.0253	2	12.96615	0.6018012	3.180649	0.5283291	0.8809684	0.04951891	1.583665	0.01669734
deepmd-les-claim-neutral_sA	30000	17.676000000000002	7.170190367370802e-17	0.7694577062679061	0.5433	0.0102	-1.0865	0.025	2	12.96741	0.6017558	3.180715	0.5281559	0.880887	0.04951891	1.583934	0.01669734
deepmd-les-claim-neutral_sA	30100	19.19535	-5.4354668913939954e-17	0.7685514013369655	0.5426	0.0104	-1.0852	0.0241	2	12.9701	0.6015905	3.181052	0.5280629	0.8809051	0.04951891	1.584529	0.01669734
deepmd-les-claim-neutral_sA	30200	18.4757	7.170190367370802e-17	0.7666670693219825	0.5413	0.0104	-1.0826	0.0251	2	12.96994	0.6016073	3.180836	0.5280292	0.8808175	0.04951891	1.58433	0.01669734
deepmd-les-claim-neutral_sA	30300	18.6659	-6.476300976980079e-17	0.7678666899921136	0.5421	0.0101	-1.0843	0.0254	2	12.97053	0.6016292	3.180774	0.5279567	0.8807272	0.04951891	1.584323	0.01669734
deepmd-les-claim-neutral_sA	30400	19.1971	4.163336342344337e-17	0.7664149710415535	0.5411	0.0104	-1.0822	0.026	2	12.9717	0.6017207	3.181032	0.5280037	0.8808616	0.04951891	1.584555	0.01669734
deepmd-les-claim-neutral_sA	30500	19.20045	4.278984574076124e-17	0.769549807536156	0.5433	0.011	-1.0866	0.0277	2	12.97237	0.6017	3.181207	0.5280095	0.8809189	0.04951891	1.584599	0.01669734
deepmd-les-claim-neutral_sA	30600	17.911	7.864079757761525e-17	0.7683113521480538	0.5425	0.0092	-1.0849	0.0228	2	12.97314	0.6017188	3.181221	0.5280162	0.8809316	0.04951891	1.584642	0.01669734
deepmd-les-claim-neutral_sA	30700	18.817	8.673617379884035e-17	0.7683294374511419	0.5424	0.0101	-1.0849	0.0267	2	12.97388	0.6016753	3.181272	0.5280296	0.8809717	0.04951891	1.584608	0.01669734
deepmd-les-claim-neutral_sA	30800	19.2001	-6.591949208711867e-17	0.7669360667851591	0.5415	0.0112	-1.0829	0.0259	2	12.97431	0.6016607	3.181321	0.5280398	0.8809919	0.04951891	1.584724	0.01669734
deepmd-les-claim-neutral_sA	30900	19.343600000000002	1.3530843112619095e-16	0.7657695842559638	0.5407	0.0102	-1.0813	0.0232	2	12.97552	0.6016227	3.181455	0.5279959	0.8809831	0.04951891	1.584759	0.01669734
deepmd-les-claim-neutral_sA	31000	18.4891	1.16804714049105e-16	0.7677285041728082	0.542	0.0108	-1.084	0.0277	2	12.97658	0.6016496	3.181587	0.5280395	0.8810648	0.04951891	1.584943	0.01669734
deepmd-les-claim-neutral_sA	31100	18.31445	1.0408340855860843e-17	0.768817218180375	0.5428	0.0103	-1.0856	0.026	2	12.97763	0.601757	3.181849	0.5281446	0.881222	0.04951891	1.585284	0.01669734
deepmd-les-claim-neutral_sA	31200	18.6762	-8.095376221225099e-17	0.7680731418286456	0.5423	0.0099	-1.0845	0.0257	2	12.97778	0.6017068	3.181702	0.5280397	0.8810946	0.04951891	1.585143	0.01669734
deepmd-les-claim-neutral_sA	31300	18.58675	1.0408340855860843e-17	0.7681842576560949	0.5423	0.0112	-1.0847	0.0247	2	12.97895	0.6017512	3.1818	0.5280094	0.8811099	0.04951891	1.585158	0.01669734
deepmd-les-claim-neutral_sA	31400	18.97565	7.170190367370802e-17	0.7671730758674089	0.5416	0.0112	-1.0833	0.0241	2	12.97968	0.6016856	3.181882	0.5279084	0.8810197	0.04951891	1.585415	0.01669734
deepmd-les-claim-neutral_sA	31500	18.637300000000003	4.5102810375396984e-17	0.770911409780559	0.5443	0.0108	-1.0885	0.0257	2	12.98094	0.6017069	3.182178	0.527996	0.881199	0.04951891	1.585452	0.01669734
deepmd-les-claim-neutral_sA	31600	18.624299999999998	1.0755285551056204e-16	0.7669985240431568	0.5415	0.0116	-1.083	0.0244	2	12.98172	0.6016896	3.182422	0.5280515	0.8813181	0.04951891	1.585737	0.01669734
deepmd-les-claim-neutral_sA	31700	18.33515	-2.3129646346357427e-18	0.7686444840600838	0.5427	0.011	-1.0854	0.0246	2	12.9828	0.6016931	3.182555	0.5281125	0.8813986	0.04951891	1.585932	0.01669734
deepmd-les-claim-neutral_sA	31800	19.128	-4.0476881106125497e-17	0.7637764270812607	0.5393	0.0101	-1.0785	0.0223	2	12.98376	0.6016316	3.182562	0.5279779	0.8812893	0.04951891	1.585925	0.01669734
deepmd-les-claim-neutral_sA	31900	18.010599999999997	4.7415775010032725e-17	0.7672875084696845	0.5417	0.0097	-1.0834	0.027	2	12.98487	0.6016351	3.182625	0.5279581	0.881306	0.04951891	1.586004	0.01669734
deepmd-les-claim-neutral_sA	32000	18.77665	-7.748431526029738e-17	0.7669498242808361	0.5415	0.0094	-1.0829	0.0277	2	12.98593	0.6017683	3.182652	0.5279092	0.8812729	0.04951891	1.586007	0.01669734
deepmd-les-claim-neutral_sA	32100	18.056849999999997	-5.204170427930421e-17	0.768459942296018	0.5426	0.0103	-1.0851	0.0242	2	12.98648	0.601678	3.182653	0.5278904	0.8812659	0.04951891	1.586039	0.01669734
deepmd-les-claim-neutral_sA	32200	18.37285	-9.945747928933693e-17	0.7666860577738852	0.5413	0.0097	-1.0826	0.0243	2	12.98792	0.6016896	3.182926	0.5279009	0.8813316	0.04951891	1.586391	0.01669734
deepmd-les-claim-neutral_sA	32300	18.52775	-3.469446951953614e-18	0.7689959523052674	0.5429	0.0107	-1.0858	0.0262	2	12.98931	0.6017503	3.183062	0.5278654	0.881348	0.04951891	1.586593	0.01669734
deepmd-les-claim-neutral_sA	32400	18.6286	-5.204170427930421e-17	0.7660268154183983	0.5408	0.01	-1.0817	0.024	2	12.98988	0.6016783	3.182976	0.5278528	0.881321	0.04951891	1.586493	0.01669734
deepmd-les-claim-neutral_sA	32500	18.0845	-2.3129646346357427e-18	0.7662230828413022	0.541	0.01	-1.082	0.0235	2	12.99105	0.6016696	3.183267	0.5279062	0.8814546	0.04951891	1.586704	0.01669734
deepmd-les-claim-neutral_sA	32600	18.4488	-4.0476881106125497e-17	0.7672923806137253	0.5417	0.0111	-1.0834	0.0282	2	12.99227	0.6016475	3.183632	0.5279297	0.8815938	0.04951891	1.586884	0.01669734
deepmd-les-claim-neutral_sA	32700	18.404049999999998	2.3129646346357427e-18	0.7663417164735955	0.5411	0.0102	-1.0821	0.0236	2	12.99342	0.6017414	3.183703	0.5279412	0.8816425	0.04951891	1.587205	0.01669734
deepmd-les-claim-neutral_sA	32800	17.707050000000002	2.544261098099317e-17	0.7676840355337847	0.542	0.0102	-1.084	0.023	2	12.99439	0.6016537	3.183739	0.5278107	0.8815411	0.04951891	1.587142	0.01669734
deepmd-les-claim-neutral_sA	32900	19.669649999999997	-4.625929269271485e-17	0.7663333899321823	0.541	0.0121	-1.082	0.0275	2	12.99567	0.6016587	3.183678	0.5277576	0.881471	0.04951891	1.58723	0.01669734
deepmd-les-claim-neutral_sA	33000	18.61555	5.7824115865893565e-18	0.7675769292082775	0.5419	0.0106	-1.0838	0.0273	2	12.99631	0.6016578	3.183792	0.5277872	0.8815387	0.04951891	1.587431	0.01669734
deepmd-les-claim-neutral_sA	33100		0.0	0.7670685028863583	0.5408	0.0113	-1.0817	0.0275		12.99749	0.6017013	3.184112	0.5279243	0.8817686	0.04951891	1.587751	0.01669734
deepmd-les-claim-neutral_sA	33200	19.21275	-1.0639637319324416e-16	0.766712331593477	0.5413	0.011	-1.0826	0.0258	2	12.99916	0.60169	3.184227	0.5279159	0.8817774	0.04951891	1.58762	0.01669734
deepmd-les-claim-neutral_sA	33300	18.7699	-3.469446951953614e-18	0.7658141279853083	0.5407	0.0101	-1.0814	0.0242	2	12.99973	0.6016596	3.184357	0.5278964	0.8817925	0.04951891	1.58797	0.01669734
deepmd-les-claim-neutral_sA	33400	18.0552	1.6190752442450197e-17	0.7679693308561659	0.5422	0.0107	-1.0844	0.0269	2	13.00023	0.6016787	3.184244	0.5278819	0.8817847	0.04951891	1.587755	0.01669734
deepmd-les-claim-neutral_sA	33500	18.987299999999998	8.442320916420461e-17	0.7651748578139331	0.5402	0.0102	-1.0804	0.0276	2	13.00229	0.6016318	3.18453	0.5278808	0.8818425	0.04951891	1.588024	0.01669734
deepmd-les-claim-neutral_sA	33600	18.87255	4.625929269271485e-18	0.7681682104794003	0.5423	0.0098	-1.0847	0.0262	2	13.00444	0.6017397	3.184857	0.5278436	0.8819195	0.04951891	1.588279	0.01669734
deepmd-les-claim-neutral_sA	33700	18.1916	5.66676335485757e-17	0.7673961654125258	0.5418	0.0101	-1.0836	0.0254	2	13.00548	0.6016998	3.18481	0.5277085	0.8817706	0.04951891	1.588428	0.01669734
deepmd-les-claim-neutral_sA	33800	17.740650000000002	-1.7925475918427006e-16	0.766670625303095	0.5413	0.0093	-1.0826	0.0231	2	13.00604	0.6015953	3.184865	0.5276644	0.8817621	0.04951891	1.588389	0.01669734
deepmd-les-claim-neutral_sA	33900	17.959249999999997	7.28583859910259e-17	0.7655174542668051	0.5405	0.0105	-1.0809	0.0257	2	13.00714	0.601546	3.185267	0.5277264	0.8819437	0.04951891	1.588726	0.01669734
deepmd-les-claim-neutral_sA	34000	19.08295	5.088522196198634e-17	0.7656417748143888	0.5405	0.0108	-1.0811	0.0281	2	13.00771	0.6015093	3.185224	0.5277045	0.8819336	0.04951891	1.588631	0.01669734
deepmd-les-claim-neutral_sA	34100	18.0953	2.544261098099317e-17	0.7677093465124025	0.542	0.0103	-1.084	0.0251	2	13.00916	0.6017108	3.18527	0.5277557	0.8819721	0.04951891	1.588801	0.01669734
deepmd-les-claim-neutral_sA	34200	18.86695	-1.2836953722228372e-16	0.7650282876529122	0.5401	0.0105	-1.0803	0.0238	2	13.01051	0.6017252	3.185468	0.5278313	0.8821084	0.04951891	1.589005	0.01669734
deepmd-les-claim-neutral_sA	34300	18.93735	1.2721305490496585e-17	0.7657538409022401	0.5406	0.01	-1.0813	0.0264	2	13.0124	0.6016505	3.185852	0.5277871	0.8821741	0.04951891	1.589101	0.01669734
deepmd-les-claim-neutral_sA	34400	17.756349999999998	-3.9320398788807623e-17	0.7665006837789469	0.5412	0.0096	-1.0824	0.0229	2	13.01305	0.6016385	3.185828	0.5277375	0.8821282	0.04951891	1.58932	0.01669734
deepmd-les-claim-neutral_sA	34500	19.299500000000002	2.659909329831104e-17	0.7648028531032197	0.54	0.01	-1.0799	0.0257	2	13.01342	0.601643	3.185714	0.5276649	0.8820449	0.04951891	1.589403	0.01669734
deepmd-les-claim-neutral_sA	34600	19.101399999999998	7.054542135639015e-17	0.7660035365836191	0.5408	0.0105	-1.0816	0.0252	2	13.01534	0.6016884	3.186019	0.5277614	0.8822187	0.04951891	1.589659	0.01669734
deepmd-les-claim-neutral_sA	34700	18.29215	5.66676335485757e-17	0.7655624379636969	0.5405	0.011	-1.081	0.0272	2	13.01701	0.6017616	3.18622	0.5277575	0.8822613	0.04951891	1.589738	0.01669734
deepmd-les-claim-neutral_sA	34800	17.6369	-7.28583859910259e-17	0.7654964427080447	0.5405	0.0102	-1.0809	0.0249	2	13.0177	0.6017864	3.18641	0.5279657	0.8825266	0.04951891	1.589799	0.01669734
deepmd-les-claim-neutral_sA	34900	17.8707	3.585095183685401e-17	0.7650678777362213	0.5402	0.0099	-1.0803	0.0233	2	13.01917	0.6017546	3.186512	0.5278482	0.8824483	0.04951891	1.590002	0.01669734
deepmd-les-claim-neutral_sA	35000	18.52615	6.013708050052931e-17	0.7636321417996584	0.5391	0.0109	-1.0783	0.0256	2	13.01983	0.601696	3.186564	0.5276856	0.8823309	0.04951891	1.590134	0.01669734
deepmd-les-claim-neutral_sA	35100	18.88335	-6.476300976980079e-17	0.7662333242443662	0.541	0.0122	-1.0819	0.0252	2	13.021	0.601715	3.18666	0.5277422	0.8824189	0.04951891	1.590186	0.01669734
deepmd-les-claim-neutral_sA	35200	19.144750000000002	-1.1564823173178713e-17	0.7641648211761355	0.5395	0.0096	-1.079	0.0265	2	13.02142	0.6016275	3.186753	0.527729	0.8824316	0.04951891	1.590236	0.01669734
deepmd-les-claim-neutral_sA	35300	18.68165	2.544261098099317e-17	0.7646132771053409	0.5398	0.0102	-1.0797	0.0245	2	13.02185	0.6016714	3.186808	0.5277324	0.8824475	0.04951891	1.590324	0.01669734
deepmd-les-claim-neutral_sA	35400	18.03805	7.401486830834377e-17	0.7654215843688457	0.5404	0.0116	-1.0808	0.0244	2	13.02251	0.6016877	3.186936	0.5277703	0.8825228	0.04951891	1.590418	0.01669734
deepmd-les-claim-neutral_sA	35500	19.12445	-1.1911767868374074e-16	0.7632900967924348	0.5389	0.0106	-1.0778	0.0248	2	13.02292	0.6016907	3.187047	0.5278109	0.8826006	0.04951891	1.590442	0.01669734
deepmd-les-claim-neutral_sA	35600	18.7688	9.483155002006545e-17	0.7637468859367689	0.5392	0.0102	-1.0784	0.0271	2	13.02331	0.6016827	3.187067	0.5277768	0.8825658	0.04951891	1.590553	0.01669734
deepmd-les-claim-neutral_sA	35700	18.4176	-1.0061396160665481e-16	0.7644476888833465	0.5397	0.0101	-1.0794	0.0246	2	13.02376	0.6016687	3.187085	0.5277506	0.8825488	0.04951891	1.590549	0.01669734
deepmd-les-claim-neutral_sA	35800	18.54505	6.938893903907228e-18	0.766182425308578	0.5409	0.0107	-1.0818	0.0265	2	13.02394	0.6017268	3.18706	0.5277866	0.882584	0.04951891	1.590511	0.01669734
deepmd-les-claim-neutral_sA	35900	18.109650000000002	3.585095183685401e-17	0.7635933648748738	0.5391	0.0096	-1.0782	0.0242	2	13.02441	0.6016751	3.187106	0.5277588	0.8825674	0.04951891	1.590519	0.01669734
deepmd-les-claim-neutral_sA	36000	18.81675	-7.748431526029738e-17	0.7648919970837184	0.54	0.0109	-1.08	0.0258	2	13.0251	0.6017299	3.18717	0.5277579	0.8825918	0.04951891	1.590684	0.01669734
deepmd-les-claim-neutral_sA	36100	18.5217	1.0408340855860843e-17	0.7649507013121122	0.5401	0.0107	-1.0801	0.0246	2	13.02589	0.6017495	3.187341	0.5278182	0.8826796	0.04951891	1.590752	0.01669734
deepmd-les-claim-neutral_sA	36200	19.09845	1.5034270125132327e-17	0.7635692363199663	0.5391	0.0108	-1.0782	0.0255	2	13.02582	0.6017134	3.187209	0.5277268	0.8825599	0.04951891	1.590729	0.01669734
deepmd-les-claim-neutral_sA	36300	18.50515	4.394632805807911e-17	0.7664449064396206	0.5411	0.0114	-1.0822	0.0284	2	13.02634	0.6017409	3.187285	0.5277284	0.8825812	0.04951891	1.590768	0.01669734
deepmd-les-claim-neutral_sA	36400	18.9465	8.904913843347609e-17	0.7645446665498149	0.5398	0.0103	-1.0795	0.0264	2	13.02691	0.6017648	3.187405	0.5277853	0.88268	0.04951891	1.590849	0.01669734
deepmd-les-claim-neutral_sA	36500	18.1348	8.557969148152248e-17	0.7649045863334291	0.54	0.0109	-1.08	0.0268	2	13.027	0.6017127	3.187376	0.5277809	0.8826605	0.04951891	1.59085	0.01669734
deepmd-les-claim-neutral_sA	36600	18.17825	3.353798720221827e-17	0.7666658274311389	0.5413	0.0108	-1.0825	0.0253	2	13.02777	0.6017126	3.187589	0.527758	0.8827131	0.04951891	1.591042	0.01669734
deepmd-les-claim-neutral_sA	36700	18.82275	1.3530843112619095e-16	0.7653943168131879	0.5404	0.011	-1.0807	0.0268	2	13.02847	0.6017453	3.187674	0.5277482	0.8827287	0.04951891	1.59112	0.01669734
deepmd-les-claim-neutral_sA	36800	18.14925	-3.122502256758253e-17	0.7650629861440119	0.5401	0.0102	-1.0803	0.0274	2	13.02881	0.601744	3.187583	0.5277298	0.8826865	0.04951891	1.591102	0.01669734
deepmd-les-claim-neutral_sA	36900	19.1474	9.25185853854297e-17	0.7634349813578837	0.539	0.0101	-1.078	0.0239	2	13.02906	0.6016808	3.187559	0.5277344	0.8826904	0.04951891	1.590976	0.01669734
deepmd-les-claim-neutral_sA	37000	18.74135	-6.82324567217544e-17	0.7638268013369829	0.5393	0.0093	-1.0786	0.0233	2	13.02961	0.601711	3.187693	0.52778	0.8827735	0.04951891	1.590943	0.01669734
deepmd-les-claim-neutral_sA	37100	18.648400000000002	4.85722573273506e-17	0.764195956123581	0.5395	0.0105	-1.079	0.0271	2	13.03044	0.6017587	3.187814	0.5277397	0.8827561	0.04951891	1.591344	0.01669734
deepmd-les-claim-neutral_sA	37200	18.19405	4.5102810375396984e-17	0.766037709082674	0.5408	0.0105	-1.0817	0.0253	2	13.03088	0.6017655	3.187907	0.5278183	0.882862	0.04951891	1.591476	0.01669734
deepmd-les-claim-neutral_sA	37300	18.1308	-3.469446951953614e-18	0.7646151249948734	0.5398	0.0101	-1.0796	0.0263	2	13.03147	0.6017697	3.187957	0.5277754	0.882842	0.04951891	1.591484	0.01669734
deepmd-les-claim-neutral_sA	37400	18.03145	1.214306433183765e-16	0.7636502347067066	0.5392	0.0102	-1.0783	0.0241	2	13.03224	0.60175	3.188154	0.5278263	0.8829522	0.04951891	1.591456	0.01669734
deepmd-les-claim-neutral_sA	37500	18.1316	4.7415775010032725e-17	0.7649525215687156	0.5401	0.0104	-1.0801	0.0247	2	13.03298	0.601754	3.188253	0.5278116	0.8829513	0.04951891	1.591638	0.01669734
deepmd-les-claim-neutral_sA	37600	18.177149999999997	-2.0816681711721685e-17	0.7652322308405459	0.5403	0.0095	-1.0805	0.0258	2	13.03376	0.6018061	3.188342	0.5278485	0.8830078	0.04951891	1.591798	0.01669734
deepmd-les-claim-neutral_sA	37700	19.10745	4.9728739644668466e-17	0.7659547856683044	0.5408	0.0108	-1.0815	0.0277	2	13.03405	0.6017893	3.188362	0.5278693	0.8830533	0.04951891	1.591814	0.01669734
deepmd-les-claim-neutral_sA	37800	17.8393	3.353798720221827e-17	0.7645671659208403	0.5398	0.0097	-1.0796	0.0245	2	13.03429	0.6017257	3.188311	0.5277775	0.8829622	0.04951891	1.591725	0.01669734
deepmd-les-claim-neutral_sA	37900	18.1684	-6.82324567217544e-17	0.7628505109902619	0.5386	0.0097	-1.0772	0.0234	2	13.03484	0.6017493	3.18834	0.5277744	0.8829559	0.04951891	1.59176	0.01669734
deepmd-les-claim-neutral_sA	38000	17.86425	-2.544261098099317e-17	0.7653330739408841	0.5403	0.0111	-1.0807	0.0245	2	13.03518	0.6017366	3.188379	0.5277696	0.8829702	0.04951891	1.591849	0.01669734
deepmd-les-claim-neutral_sA	38100	17.606450000000002	-9.136210306811184e-17	0.765973383526358	0.5408	0.0107	-1.0816	0.0265	2	13.03578	0.6017912	3.188455	0.5277589	0.8829877	0.04951891	1.591978	0.01669734
deepmd-les-claim-neutral_sA	38200	17.65115	-3.0068540250264654e-17	0.7646939764070477	0.5399	0.0109	-1.0797	0.0282	2	13.03636	0.6017399	3.188626	0.5277664	0.8830347	0.04951891	1.592046	0.01669734
deepmd-les-claim-neutral_sA	38300	18.67965	7.28583859910259e-17	0.7654733122995715	0.5404	0.0111	-1.0808	0.0275	2	13.03713	0.6017727	3.188664	0.5277968	0.8830775	0.04951891	1.592082	0.01669734
deepmd-les-claim-neutral_sA	38400	18.22215	7.054542135639015e-17	0.764523008426577	0.5398	0.0103	-1.0795	0.025	2	13.03794	0.6017727	3.188672	0.5277819	0.8830622	0.04951891	1.592095	0.01669734
deepmd-les-claim-neutral_sA	38500	18.281950000000002	2.42861286636753e-17	0.7640650532878578	0.5394	0.0103	-1.0789	0.0267	2	13.03881	0.6017831	3.18882	0.5277658	0.8830958	0.04951891	1.592217	0.01669734
deepmd-les-claim-neutral_sA	38600	18.45845	1.3415194880887307e-16	0.7630568462595356	0.5387	0.0099	-1.0775	0.0238	2	13.03923	0.6017907	3.188852	0.527736	0.8830854	0.04951891	1.592307	0.01669734
deepmd-les-claim-neutral_sA	38700	18.07055	9.598803233738332e-17	0.7638040813368625	0.5393	0.011	-1.0785	0.025	2	13.03934	0.6017901	3.188855	0.5277445	0.8830955	0.04951891	1.592289	0.01669734
deepmd-les-claim-neutral_sA	38800	19.2378	-4.0476881106125497e-17	0.7646172281876279	0.5398	0.01	-1.0796	0.0273	2	13.04005	0.6017938	3.188934	0.5277961	0.8831531	0.04951891	1.592346	0.01669734
deepmd-les-claim-neutral_sA	38900	18.7684	4.7415775010032725e-17	0.764108719980142	0.5395	0.0102	-1.0789	0.0267	2	13.04063	0.6018207	3.188885	0.5277205	0.8830819	0.04951891	1.592383	0.01669734
deepmd-les-claim-neutral_sA	39000	19.338	5.088522196198634e-17	0.7643531859855719	0.5396	0.0109	-1.0792	0.0275	2	13.0417	0.6018288	3.18916	0.5278481	0.8832684	0.04951891	1.592603	0.01669734
deepmd-les-claim-neutral_sA	39100	17.9419	-1.0639637319324416e-16	0.7649010671534032	0.54	0.011	-1.0801	0.0239	2	13.04198	0.6017977	3.1892	0.5278154	0.8832678	0.04951891	1.592595	0.01669734
deepmd-les-claim-neutral_sA	39200	18.5701	-2.0816681711721685e-17	0.7643449607235866	0.5397	0.0097	-1.0793	0.0238	2	13.04254	0.6018159	3.189245	0.5278257	0.8832985	0.04951891	1.592626	0.01669734
deepmd-les-claim-neutral_sA	39300	18.04175	-1.1564823173178713e-18	0.7651573451595993	0.5402	0.0107	-1.0804	0.0234	2	13.04337	0.6018288	3.189402	0.5278292	0.8833428	0.04951891	1.59271	0.01669734
deepmd-les-claim-neutral_sA	39400	18.285899999999998	-2.891205793294678e-17	0.7635848117721784	0.5391	0.0102	-1.0782	0.0248	2	13.04374	0.6017785	3.189534	0.5278617	0.8833994	0.04951891	1.592958	0.01669734
deepmd-les-claim-neutral_sA	39500	18.15385	3.469446951953614e-17	0.7643905896350457	0.5397	0.0109	-1.0793	0.0267	2	13.0443	0.6018375	3.189527	0.5278441	0.8833857	0.04951891	1.592958	0.01669734
deepmd-les-claim-neutral_sA	39600	17.7296	3.469446951953614e-18	0.7646266101478904	0.5398	0.0103	-1.0797	0.0247	2	13.04479	0.6018492	3.189566	0.5278446	0.8833925	0.04951891	1.592975	0.01669734
deepmd-les-claim-neutral_sA	39700	18.099249999999998	-6.707597440443654e-17	0.7637032580023619	0.5392	0.0103	-1.0784	0.0252	2	13.04553	0.6018059	3.189558	0.5277585	0.8833163	0.04951891	1.593006	0.01669734
deepmd-les-claim-neutral_sA	39800	18.3323	1.0870933782787991e-16	0.7636929882027178	0.5392	0.0106	-1.0783	0.0275	2	13.04605	0.6018159	3.189629	0.5277388	0.8833352	0.04951891	1.59307	0.01669734
deepmd-les-claim-neutral_sA	39900	18.9048	1.734723475976807e-17	0.7627339510610622	0.5385	0.0108	-1.077	0.0273	2	13.04658	0.6018189	3.189794	0.5277987	0.8834465	0.04951891	1.593187	0.01669734
deepmd-les-claim-neutral_sA	40000	18.126150000000003	-3.2381504884900395e-17	0.7636807617469238	0.5392	0.0102	-1.0784	0.0239	2	13.04659	0.6018173	3.189594	0.5277276	0.883324	0.04951891	1.593134	0.01669734
deepmd-les-claim-neutral_sA	40100	18.062849999999997	1.9660199394403812e-17	0.7633243831194276	0.5389	0.0107	-1.0778	0.0245	2	13.04743	0.6018063	3.189731	0.5277509	0.8833814	0.04951891	1.593267	0.01669734
deepmd-les-claim-neutral_sA	40200	18.3279	1.1449174941446927e-16	0.7654093333223922	0.5404	0.0115	-1.0807	0.0291	2	13.0481	0.6018114	3.189902	0.5277624	0.8834476	0.04951891	1.59336	0.01669734
deepmd-les-claim-neutral_sA	40300	18.883049999999997	4.7415775010032725e-17	0.7635951022629647	0.5391	0.0112	-1.0782	0.0248	2	13.04827	0.6018347	3.189868	0.5277397	0.8834144	0.04951891	1.593348	0.01669734
deepmd-les-claim-neutral_sA	40400	18.818649999999998	4.625929269271485e-18	0.7636663406411064	0.5392	0.0117	-1.0783	0.0231	2	13.04844	0.6018089	3.189899	0.5277349	0.8834193	0.04951891	1.593323	0.01669734
deepmd-les-claim-neutral_sA	40500	18.316200000000002	6.938893903907228e-17	0.7630718030376209	0.5387	0.0096	-1.0775	0.0255	2	13.04859	0.6017819	3.189956	0.5277605	0.883452	0.04951891	1.593287	0.01669734
deepmd-les-claim-neutral_sA	40600	18.5323	-1.2374360795301223e-16	0.763890173426318	0.5393	0.0116	-1.0786	0.0264	2	13.04854	0.6018059	3.189887	0.5277397	0.8834224	0.04951891	1.593331	0.01669734
deepmd-les-claim-neutral_sA	40700	18.1251	-1.0292692624129055e-16	0.7639779252329432	0.5394	0.0094	-1.0788	0.0258	2	13.04883	0.6017858	3.189939	0.5277289	0.883425	0.04951891	1.593349	0.01669734
deepmd-les-claim-neutral_sA	40800	18.914250000000003	-6.938893903907228e-18	0.7628263296847306	0.5386	0.01	-1.0772	0.024	2	13.0489	0.601776	3.189873	0.5277011	0.8833815	0.04951891	1.593322	0.01669734
deepmd-les-claim-neutral_sA	40900	18.696849999999998	5.204170427930421e-17	0.7637999290518404	0.5392	0.0106	-1.0785	0.0268	2	13.04915	0.6017888	3.189904	0.5276884	0.8833771	0.04951891	1.593329	0.01669734
deepmd-les-claim-neutral_sA	41000	17.8219	4.394632805807911e-17	0.7651204155839958	0.5402	0.0103	-1.0804	0.0261	2	13.04961	0.6018037	3.19	0.5277199	0.8834334	0.04951891	1.5934	0.01669734
deepmd-les-claim-neutral_sA	41100	18.4122	-4.163336342344337e-17	0.7643566429460766	0.5396	0.0119	-1.0792	0.0299	2	13.04985	0.6018224	3.190035	0.5277346	0.8834569	0.04951891	1.593451	0.01669734
deepmd-les-claim-neutral_sA	41200	19.24505	-1.457167719820518e-16	0.762716157289727	0.5385	0.0102	-1.0769	0.0271	2	13.04984	0.6018088	3.189979	0.5277277	0.8834329	0.04951891	1.593345	0.01669734
deepmd-les-claim-neutral_sA	41300	17.63355	-1.1796119636642288e-16	0.7643458023030894	0.5396	0.0106	-1.0793	0.0267	2	13.05022	0.6018009	3.190086	0.5277431	0.883475	0.04951891	1.593479	0.01669734
deepmd-les-claim-neutral_sA	41400	18.250999999999998	-8.789265611615822e-17	0.7636421938401234	0.5391	0.0105	-1.0783	0.0256	2	13.05075	0.6018165	3.190193	0.5277561	0.8835151	0.04951891	1.593579	0.01669734
deepmd-les-claim-neutral_sA	41500	19.316200000000002	-1.8850661772281302e-16	0.7628735073565456	0.5386	0.0105	-1.0772	0.0256	2	13.051	0.6018282	3.190223	0.5277729	0.8835406	0.04951891	1.593611	0.01669734
deepmd-les-claim-neutral_sA	41600	18.994	-9.772275581336012e-17	0.765160659062174	0.5402	0.0109	-1.0804	0.0276	2	13.05129	0.6018261	3.190251	0.52774	0.8835198	0.04951891	1.593617	0.01669734
deepmd-les-claim-neutral_sA	41700	18.28955	1.850371707708594e-17	0.7631184245301816	0.5388	0.0097	-1.0776	0.0233	2	13.05132	0.6018389	3.190226	0.5277519	0.8835265	0.04951891	1.593642	0.01669734
deepmd-les-claim-neutral_sA	41800	18.19735	7.748431526029738e-17	0.7642527501437295	0.5396	0.0097	-1.0791	0.0275	2	13.05169	0.601844	3.190275	0.5277598	0.8835499	0.04951891	1.593724	0.01669734
deepmd-les-claim-neutral_sA	41900	18.1158	-1.2258712563569435e-16	0.7633979132354628	0.539	0.0098	-1.0779	0.0261	2	13.05209	0.601837	3.190376	0.527776	0.8835891	0.04951891	1.593807	0.01669734
deepmd-les-claim-neutral_sA	42000	18.31615	-1.3877787807814457e-17	0.7634423172993946	0.539	0.011	-1.078	0.026	2	13.05218	0.6018382	3.19039	0.5277815	0.8835992	0.04951891	1.593843	0.01669734
deepmd-les-claim-neutral_sA	42100	18.4739	6.245004513516506e-17	0.7630531006512672	0.5387	0.0101	-1.0774	0.0261	2	13.05245	0.6018612	3.190443	0.5278124	0.8836416	0.04951891	1.593856	0.01669734
deepmd-les-claim-neutral_sA	42200	18.0291	-9.71445146547012e-17	0.7632222451222381	0.5388	0.0112	-1.0777	0.0253	2	13.05262	0.6018397	3.190425	0.5277961	0.8836184	0.04951891	1.59379	0.01669734
deepmd-les-claim-neutral_sA	42300	18.924999999999997	8.095376221225099e-17	0.764073503555278	0.5394	0.0115	-1.0788	0.0296	2	13.05285	0.601827	3.190428	0.5277656	0.8836011	0.04951891	1.593757	0.01669734
deepmd-les-claim-neutral_sA	42400	17.6749	1.0177044392397268e-16	0.762398189287765	0.5383	0.0101	-1.0765	0.0257	2	13.05314	0.601823	3.190449	0.5277601	0.8836017	0.04951891	1.593773	0.01669734
deepmd-les-claim-neutral_sA	42500	17.7469	1.1796119636642288e-16	0.7648844579853004	0.54	0.0107	-1.08	0.0286	2	13.05335	0.6017931	3.190497	0.5277508	0.8836032	0.04951891	1.593791	0.01669734
deepmd-les-claim-neutral_sA	42600	18.654	4.278984574076124e-17	0.7637817925827426	0.5393	0.0087	-1.0785	0.0252	2	13.0537	0.6018144	3.190556	0.5277737	0.8836411	0.04951891	1.59391	0.01669734
deepmd-les-claim-neutral_sA	42700	18.65925	-4.625929269271485e-18	0.7636276517573735	0.5391	0.0108	-1.0783	0.0236	2	13.05393	0.6018256	3.190544	0.5277387	0.8836031	0.04951891	1.594008	0.01669734
deepmd-les-claim-neutral_sA	42800	18.2741	2.1973164029039556e-17	0.7639003029863202	0.5393	0.0104	-1.0787	0.0233	2	13.05415	0.6018255	3.190589	0.5277922	0.8836694	0.04951891	1.594006	0.01669734
deepmd-les-claim-neutral_sA	42900	18.36725	6.707597440443654e-17	0.762212714489613	0.5381	0.01	-1.0763	0.0257	2	13.05429	0.6018315	3.190538	0.5277732	0.883632	0.04951891	1.593943	0.01669734
deepmd-les-claim-neutral_sA	43000	18.89205	9.25185853854297e-17	0.7629864790887936	0.5387	0.0103	-1.0773	0.027	2	13.0548	0.6018596	3.190644	0.5277941	0.883686	0.04951891	1.593993	0.01669734
deepmd-les-claim-neutral_sA	43100	19.266199999999998	-6.591949208711867e-17	0.7641435924653773	0.5395	0.011	-1.079	0.0272	2	13.05502	0.6018672	3.190642	0.5278217	0.8837126	0.04951891	1.593985	0.01669734
deepmd-les-claim-neutral_sA	43200	18.61515	-8.557969148152248e-17	0.7647504932272657	0.5399	0.0115	-1.0798	0.0248	2	13.05527	0.6018684	3.190723	0.5278485	0.8837547	0.04951891	1.594009	0.01669734
deepmd-les-claim-neutral_sA	43300	17.72825	-6.013708050052931e-17	0.7631680193785961	0.5388	0.0099	-1.0776	0.0272	2	13.05577	0.6018612	3.190806	0.527823	0.8837563	0.04951891	1.594185	0.01669734
deepmd-les-claim-neutral_sA	43400	18.3925	-3.122502256758253e-17	0.763192585766136	0.5388	0.0107	-1.0776	0.027	2	13.05597	0.6018438	3.190791	0.5277602	0.8837015	0.04951891	1.594161	0.01669734
deepmd-les-claim-neutral_sA	43500	18.5953	-4.0476881106125497e-17	0.7623336797053013	0.5382	0.0115	-1.0764	0.024	2	13.0564	0.6018791	3.190837	0.5278004	0.8837519	0.04951891	1.594156	0.01669734
deepmd-les-claim-neutral_sA	43600	18.198099999999997	-6.938893903907228e-18	0.7626096101072815	0.5384	0.0102	-1.0768	0.0252	2	13.05652	0.6018728	3.190812	0.5277968	0.8837377	0.04951891	1.594203	0.01669734
deepmd-les-claim-neutral_sA	43700	18.025199999999998	-4.163336342344337e-17	0.763052717921722	0.5387	0.01	-1.0775	0.0239	2	13.05709	0.6018712	3.190922	0.5278112	0.8837765	0.04951891	1.594288	0.01669734
deepmd-les-claim-neutral_sA	43800	18.149	-9.25185853854297e-18	0.763663594054879	0.5392	0.0115	-1.0783	0.0247	2	13.05764	0.6018705	3.191007	0.5278148	0.883805	0.04951891	1.594339	0.01669734
deepmd-les-claim-neutral_sA	43900	18.027549999999998	5.204170427930421e-17	0.7639376474263408	0.5393	0.0106	-1.0787	0.026	2	13.05778	0.6018657	3.191011	0.5278019	0.8837863	0.04951891	1.594265	0.01669734
deepmd-les-claim-neutral_sA	44000	19.266849999999998	1.1102230246251565e-16	0.7632938229054588	0.5389	0.0098	-1.0778	0.0268	2	13.05786	0.6018929	3.190969	0.5278127	0.8837868	0.04951891	1.594359	0.01669734
deepmd-les-claim-neutral_sA	44100	18.6246	8.095376221225099e-17	0.7628525517446645	0.5386	0.0105	-1.0772	0.0224	2	13.05813	0.6018667	3.190938	0.5277656	0.8837452	0.04951891	1.594332	0.01669734
deepmd-les-claim-neutral_sA	44200	18.2777	-8.904913843347609e-17	0.7631511175051443	0.5388	0.0107	-1.0776	0.0233	2	13.05847	0.6018769	3.191026	0.5277984	0.883794	0.04951891	1.59433	0.01669734
deepmd-les-claim-neutral_sA	44300	18.672849999999997	-6.707597440443654e-17	0.7624257349833218	0.5383	0.0108	-1.0766	0.0234	2	13.0585	0.6018829	3.191094	0.5278352	0.883845	0.04951891	1.59451	0.01669734
deepmd-les-claim-neutral_sA	44400	17.57595	1.0639637319324416e-16	0.7631704737866423	0.5388	0.0106	-1.0776	0.0251	2	13.05902	0.601893	3.191117	0.5277988	0.8838262	0.04951891	1.594505	0.01669734
deepmd-les-claim-neutral_sA	44500	18.66505	9.367506770274758e-17	0.7612446392149236	0.5374	0.0109	-1.0749	0.0247	2	13.05937	0.6018859	3.191225	0.5278623	0.8839155	0.04951891	1.594546	0.01669734
deepmd-les-claim-neutral_sA	44600	18.86245	1.2721305490496585e-17	0.7640229551043103	0.5394	0.01	-1.0788	0.0264	2	13.05962	0.6019094	3.191263	0.5278648	0.8839308	0.04951891	1.594624	0.01669734
deepmd-les-claim-neutral_sA	44700	18.58545	1.2721305490496585e-16	0.7628548238256747	0.5386	0.0105	-1.0771	0.0276	2	13.0599	0.6018884	3.191206	0.5277866	0.8838484	0.04951891	1.594567	0.01669734
deepmd-les-claim-neutral_sA	44800	18.1956	9.020562075079397e-17	0.7627618270558044	0.5385	0.0097	-1.077	0.0271	2	13.0601	0.6018621	3.191224	0.5277758	0.8838411	0.04951891	1.594541	0.01669734
deepmd-les-claim-neutral_sA	44900	18.055300000000003	-5.551115123125783e-17	0.7640592934320929	0.5395	0.0099	-1.0789	0.0234	2	13.06055	0.6018792	3.191327	0.5277905	0.8838863	0.04951891	1.594608	0.01669734
deepmd-les-claim-neutral_sA	45000	17.707700000000003	5.088522196198634e-17	0.7624126973848878	0.5383	0.0099	-1.0766	0.0225	2	13.06097	0.6018965	3.191392	0.5278182	0.883932	0.04951891	1.594709	0.01669734
deepmd-les-claim-neutral_sA	45100	18.24255	-2.3129646346357426e-17	0.7613632883675624	0.5375	0.011	-1.0751	0.0238	2	13.06121	0.6018747	3.191434	0.5278095	0.8839295	0.04951891	1.594706	0.01669734
deepmd-les-claim-neutral_sA	45200	17.8358	-1.5265566588595902e-16	0.7624058787923853	0.5383	0.0095	-1.0766	0.024	2	13.06125	0.6018679	3.191388	0.5278076	0.8839176	0.04951891	1.594696	0.01669734
deepmd-les-claim-neutral_sA	45300	17.597250000000003	8.789265611615822e-17	0.7634171371840266	0.539	0.0094	-1.078	0.0243	2	13.06133	0.6018745	3.191374	0.5277915	0.8839002	0.04951891	1.59469	0.01669734
deepmd-les-claim-neutral_sA	45400	18.436349999999997	2.7755575615628914e-17	0.762326437393201	0.5382	0.0105	-1.0764	0.0241	2	13.0615	0.6018799	3.191428	0.5278089	0.883932	0.04951891	1.594721	0.01669734
deepmd-les-claim-neutral_sA	45500	18.003700000000002	-3.585095183685401e-17	0.7626742008996241	0.5385	0.0102	-1.0769	0.0261	2	13.0616	0.6018785	3.191469	0.5278299	0.8839587	0.04951891	1.594755	0.01669734
deepmd-les-claim-neutral_sA	45600	18.44405	-2.891205793294678e-17	0.7629868317221755	0.5387	0.0107	-1.0773	0.027	2	13.0617	0.6018726	3.191464	0.5278162	0.8839423	0.04951891	1.594749	0.01669734
deepmd-les-claim-neutral_sA	45700	18.3681	-1.0408340855860843e-17	0.7636127781298061	0.5391	0.0108	-1.0782	0.0259	2	13.0618	0.6018903	3.191462	0.5278147	0.8839421	0.04951891	1.594797	0.01669734
deepmd-les-claim-neutral_sA	45800	18.684	-3.122502256758253e-17	0.7639008394735465	0.5393	0.0115	-1.0786	0.0253	2	13.06193	0.6018868	3.191454	0.5278049	0.8839349	0.04951891	1.594785	0.01669734
deepmd-les-claim-neutral_sA	45900	18.3079	-2.3129646346357427e-18	0.7623595046982863	0.5383	0.0102	-1.0765	0.0235	2	13.06206	0.6018753	3.191496	0.5278144	0.8839509	0.04951891	1.594775	0.01669734
deepmd-les-claim-neutral_sA	46000	18.58465	7.632783294297951e-17	0.7639073411020059	0.5393	0.0102	-1.0787	0.0237	2	13.06219	0.6018855	3.191523	0.5278214	0.8839677	0.04951891	1.594812	0.01669734
deepmd-les-claim-neutral_sA	46100	18.5758	8.095376221225099e-18	0.7615160262822099	0.5377	0.0104	-1.0753	0.0238	2	13.06235	0.6018939	3.19154	0.5278251	0.8839759	0.04951891	1.594851	0.01669734
deepmd-les-claim-neutral_sA	46200	19.07265	1.1564823173178713e-18	0.7649224760119095	0.54	0.0112	-1.0801	0.0267	2	13.06241	0.6018902	3.191541	0.5278208	0.8839698	0.04951891	1.594849	0.01669734
deepmd-les-claim-neutral_sA	46300	18.0943	8.789265611615822e-17	0.7636564263951167	0.5391	0.0108	-1.0783	0.0273	2	13.06244	0.601888	3.191534	0.5278192	0.8839631	0.04951891	1.594865	0.01669734
deepmd-les-claim-neutral_sA	46400	18.672150000000002	-1.0408340855860843e-16	0.7628904740703896	0.5386	0.0105	-1.0772	0.0247	2	13.06254	0.60189	3.191539	0.5278042	0.8839523	0.04951891	1.594873	0.01669734
deepmd-les-claim-neutral_sA	46500	18.39165	1.6190752442450197e-17	0.7648440791495019	0.54	0.0114	-1.0799	0.0276	2	13.06272	0.601879	3.191589	0.5278059	0.8839691	0.04951891	1.594848	0.01669734
deepmd-les-claim-neutral_sA	46600	19.01725	-1.7694179454963432e-16	0.7618999391796449	0.5379	0.0107	-1.0758	0.0266	2	13.0629	0.6018777	3.191614	0.5278144	0.8839878	0.04951891	1.594904	0.01669734
deepmd-les-claim-neutral_sA	46700	18.69825	-7.517135062566163e-17	0.7626629822814153	0.5385	0.011	-1.0769	0.024	2	13.06296	0.6018908	3.191561	0.5277994	0.8839558	0.04951891	1.594885	0.01669734
deepmd-les-claim-neutral_sA	46800	18.1834	-3.353798720221827e-17	0.7625663113874666	0.5384	0.0119	-1.0767	0.0249	2	13.0631	0.6018895	3.191583	0.5278126	0.8839758	0.04951891	1.594894	0.01669734
deepmd-les-claim-neutral_sA	46900	19.040999999999997	-1.850371707708594e-17	0.7624045018393611	0.5383	0.0106	-1.0765	0.0244	2	13.06314	0.601885	3.191598	0.5278059	0.8839735	0.04951891	1.59487	0.01669734
deepmd-les-claim-neutral_sA	47000	16.9407	-4.163336342344337e-17	0.764214332284515	0.5396	0.0102	-1.0791	0.0238	2	13.0632	0.6018897	3.191578	0.5277972	0.8839631	0.04951891	1.594882	0.01669734
deepmd-les-claim-neutral_sA	47100	18.52865	-2.42861286636753e-17	0.7621019635608175	0.5381	0.0092	-1.0762	0.0227	2	13.06336	0.6018913	3.191593	0.5277912	0.8839597	0.04951891	1.594892	0.01669734
deepmd-les-claim-neutral_sA	47200	18.12495	2.7755575615628914e-17	0.7622547235826271	0.5382	0.0106	-1.0763	0.0247	2	13.06361	0.6018903	3.191661	0.5278142	0.8839968	0.04951891	1.594958	0.01669734
deepmd-les-claim-neutral_sA	47300	18.55695	-9.25185853854297e-18	0.7621082437188023	0.5381	0.0103	-1.0761	0.0243	2	13.0637	0.601889	3.191696	0.5278187	0.884009	0.04951891	1.594992	0.01669734
deepmd-les-claim-neutral_sA	47400	18.600250000000003	-1.6190752442450197e-17	0.7612252236526322	0.5374	0.0106	-1.0749	0.0242	2	13.06385	0.6019	3.191695	0.5278268	0.8840189	0.04951891	1.594984	0.01669734
deepmd-les-claim-neutral_sA	47500	18.91435	3.353798720221827e-17	0.7616325665586897	0.5377	0.0109	-1.0754	0.0247	2	13.06404	0.6018838	3.191696	0.5278038	0.8839964	0.04951891	1.594961	0.01669734
deepmd-les-claim-neutral_sA	47600	18.7113	6.938893903907228e-17	0.7633812892538442	0.5389	0.0104	-1.0779	0.0264	2	13.06417	0.6019006	3.191666	0.5277834	0.8839755	0.04951891	1.594966	0.01669734
deepmd-les-claim-neutral_sA	47700	18.1177	-2.42861286636753e-17	0.7630805432895681	0.5387	0.0105	-1.0775	0.0254	2	13.06438	0.6018829	3.19173	0.5277873	0.8839925	0.04951891	1.594968	0.01669734
deepmd-les-claim-neutral_sA	47800	18.7426	2.3129646346357427e-18	0.7629148221500941	0.5386	0.0103	-1.0772	0.0267	2	13.06455	0.6018972	3.19178	0.5278243	0.8840424	0.04951891	1.595045	0.01669734
deepmd-les-claim-neutral_sA	47900	18.8022	1.5034270125132327e-17	0.7632649973536842	0.5389	0.0102	-1.0777	0.0256	2	13.06466	0.6018971	3.191761	0.5278035	0.884015	0.04951891	1.595086	0.01669734
deepmd-les-claim-neutral_sA	48000	18.32425	-8.095376221225099e-18	0.7627511549956079	0.5385	0.0107	-1.077	0.0253	2	13.06476	0.6018933	3.191752	0.5277975	0.8840088	0.04951891	1.595083	0.01669734
deepmd-les-claim-neutral_sA	48100	18.5973	9.598803233738332e-17	0.7634577176560922	0.539	0.0101	-1.078	0.0269	2	13.06477	0.6018808	3.19175	0.5277859	0.8839908	0.04951891	1.595047	0.01669734
deepmd-les-claim-neutral_sA	48200	17.91805	3.9320398788807623e-17	0.7629827126641335	0.5387	0.0103	-1.0773	0.0261	2	13.06482	0.6018785	3.191759	0.527797	0.8840027	0.04951891	1.595047	0.01669734
deepmd-les-claim-neutral_sA	48300	18.19445	-6.938893903907228e-17	0.7628290276369939	0.5386	0.0104	-1.0771	0.0263	2	13.06497	0.6018854	3.191767	0.5278053	0.8840184	0.04951891	1.595047	0.01669734
deepmd-les-claim-neutral_sA	48400	18.12445	-8.095376221225099e-18	0.7629800584615033	0.5387	0.0101	-1.0773	0.0258	2	13.06514	0.601898	3.191768	0.5277979	0.8840122	0.04951891	1.595055	0.01669734
deepmd-les-claim-neutral_sA	48500	17.662950000000002	2.544261098099317e-17	0.7637423539695314	0.5392	0.0102	-1.0784	0.0254	2	13.06525	0.6018965	3.191794	0.5277917	0.8840068	0.04951891	1.595073	0.01669734
deepmd-les-claim-neutral_sA	48600	18.367350000000002	5.7824115865893565e-18	0.7628755589088456	0.5386	0.0105	-1.0772	0.0257	2	13.06543	0.6018888	3.191817	0.5277889	0.8840184	0.04951891	1.59507	0.01669734
deepmd-les-claim-neutral_sA	48700	18.9554	2.1973164029039556e-17	0.7634429982217811	0.539	0.0112	-1.078	0.0262	2	13.06553	0.6018997	3.191825	0.5277961	0.884024	0.04951891	1.595148	0.01669734
deepmd-les-claim-neutral_sA	48800	18.876199999999997	-3.122502256758253e-17	0.7617806008997752	0.5378	0.0105	-1.0756	0.0265	2	13.06587	0.6018871	3.191919	0.5277978	0.8840493	0.04951891	1.595161	0.01669734
deepmd-les-claim-neutral_sA	48900	18.20465	1.5843807747254837e-16	0.7618845538093464	0.5379	0.0098	-1.0758	0.0231	2	13.06601	0.6018877	3.191927	0.527804	0.8840601	0.04951891	1.595159	0.01669734
deepmd-les-claim-neutral_sA	49000	18.34545	3.585095183685401e-17	0.7626263322661861	0.5384	0.0098	-1.0769	0.0242	2	13.066	0.6018943	3.191921	0.527819	0.8840662	0.04951891	1.595133	0.01669734
deepmd-les-claim-neutral_sA	49100	18.640500000000003	-4.9728739644668466e-17	0.7614804154452498	0.5376	0.0107	-1.0752	0.0263	2	13.06617	0.6018962	3.191888	0.5277875	0.8840365	0.04951891	1.595163	0.01669734
deepmd-les-claim-neutral_sA	49200	18.896900000000002	8.211024452956886e-17	0.762407608051676	0.5383	0.0107	-1.0765	0.0259	2	13.0663	0.6018901	3.191946	0.5277946	0.8840554	0.04951891	1.595241	0.01669734
deepmd-les-claim-neutral_sA	49300	17.584650000000003	0.0	0.7632241473326371	0.5389	0.0101	-1.0777	0.0241	2	13.06651	0.6018887	3.191921	0.5277803	0.8840402	0.04951891	1.595278	0.01669734
deepmd-les-claim-neutral_sA	49400	18.84135	-3.585095183685401e-17	0.7630385033765209	0.5387	0.0109	-1.0774	0.0238	2	13.06664	0.6018895	3.191977	0.5278015	0.8840673	0.04951891	1.595255	0.01669734
deepmd-les-claim-neutral_sA	49500	18.281599999999997	4.394632805807911e-17	0.76221089220661	0.5381	0.0092	-1.0763	0.0254	2	13.06687	0.6018951	3.192012	0.5278148	0.8840903	0.04951891	1.595259	0.01669734
deepmd-les-claim-neutral_sA	49600	18.15495	1.734723475976807e-17	0.7640078634094842	0.5394	0.0105	-1.0788	0.0269	2	13.06699	0.6018978	3.192008	0.5278179	0.8840954	0.04951891	1.595244	0.01669734
deepmd-les-claim-neutral_sA	49700	17.82685	-9.020562075079397e-17	0.7623173641987501	0.5382	0.0104	-1.0764	0.0238	2	13.06708	0.601905	3.192016	0.5278119	0.8840884	0.04951891	1.595294	0.01669734
deepmd-les-claim-neutral_sA	49800	18.904	8.095376221225099e-18	0.7624973257639118	0.5383	0.01	-1.0767	0.0244	2	13.06712	0.6019024	3.192008	0.5278117	0.8840866	0.04951891	1.59532	0.01669734
deepmd-les-claim-neutral_sA	49900	18.84565	-3.2381504884900395e-17	0.7605269382116387	0.5369	0.0101	-1.0739	0.0244	2	13.06726	0.6019072	3.19204	0.5278145	0.8841031	0.04951891	1.595355	0.01669734
deepmd-les-claim-neutral_sA	50000	18.14425	1.5034270125132327e-17	0.763602461335065	0.5391	0.0099	-1.0783	0.0231	2	13.06744	0.6019068	3.192082	0.5278116	0.8841079	0.04951891	1.59533	0.01669734
deepmd-les-claim-neutral_sA	50100	18.92325	2.891205793294678e-17	0.7618610815617778	0.5379	0.0102	-1.0758	0.0258	2	13.06756	0.601894	3.19211	0.5278152	0.8841207	0.04951891	1.595365	0.01669734
deepmd-les-claim-neutral_sA	50200	18.93325	2.3129646346357426e-17	0.7621845541100734	0.5381	0.0105	-1.0762	0.0255	2	13.06763	0.601891	3.192137	0.5278076	0.8841191	0.04951891	1.595403	0.01669734
deepmd-les-claim-neutral_sA	50300	17.7827	-1.3877787807814457e-17	0.7631514004476909	0.5388	0.0104	-1.0776	0.0261	2	13.06771	0.6018873	3.19213	0.5277993	0.8841126	0.04951891	1.595404	0.01669734
deepmd-les-claim-neutral_sA	50400	18.2806	3.0068540250264654e-17	0.7628941883800873	0.5386	0.0115	-1.0772	0.0243	2	13.0678	0.6018953	3.192137	0.5278062	0.8841214	0.04951891	1.595414	0.01669734
deepmd-les-claim-neutral_sA	50500	18.026699999999998	-1.1449174941446927e-16	0.7629033463017951	0.5386	0.0099	-1.0772	0.0269	2	13.06783	0.601892	3.192135	0.5278073	0.8841185	0.04951891	1.595399	0.01669734
deepmd-les-claim-neutral_sA	50600	18.2801	-2.3129646346357427e-18	0.7624127893475924	0.5383	0.0114	-1.0765	0.0259	2	13.06787	0.6018952	3.192137	0.5278094	0.8841203	0.04951891	1.595404	0.01669734
deepmd-les-claim-neutral_sA	50700	17.71595	7.170190367370802e-17	0.7627400314313256	0.5385	0.0108	-1.077	0.0239	2	13.06785	0.6018974	3.19211	0.5278023	0.8841066	0.04951891	1.595399	0.01669734
deepmd-les-claim-neutral_sA	50800	18.13295	-1.6190752442450197e-17	0.762430294390796	0.5383	0.0106	-1.0766	0.0248	2	13.06795	0.6018956	3.192133	0.5278026	0.884113	0.04951891	1.595418	0.01669734
deepmd-les-claim-neutral_sA	50900	18.98935	4.5102810375396984e-17	0.7604359754275587	0.5369	0.0109	-1.0737	0.0259	2	13.06799	0.6018962	3.192146	0.5278044	0.8841167	0.04951891	1.595401	0.01669734
deepmd-les-claim-neutral_sA	51000	19.17935	1.2605657258764797e-16	0.7626643200668209	0.5384	0.0108	-1.0769	0.0267	2	13.06804	0.6019013	3.192148	0.5278078	0.8841253	0.04951891	1.595451	0.01669734
deepmd-les-claim-neutral_sA	51100	18.4222	-6.245004513516506e-17	0.7630420821915511	0.5387	0.0108	-1.0774	0.0247	2	13.06808	0.601896	3.192152	0.527805	0.8841198	0.04951891	1.59542	0.01669734
deepmd-les-claim-neutral_sA	51200	18.82995	9.71445146547012e-17	0.7613633005439809	0.5375	0.009	-1.0751	0.0252	2	13.06814	0.6018942	3.192142	0.5277968	0.8841116	0.04951891	1.595427	0.01669734
deepmd-les-claim-neutral_sA	51300	18.00205	5.088522196198634e-17	0.7630668893464241	0.5388	0.0107	-1.0775	0.0221	2	13.06821	0.6018952	3.192149	0.5278025	0.8841175	0.04951891	1.595409	0.01669734
deepmd-les-claim-neutral_sA	51400	17.83145	-1.850371707708594e-17	0.763461499645548	0.539	0.0119	-1.078	0.0269	2	13.06832	0.6018961	3.19217	0.5278026	0.8841224	0.04951891	1.595418	0.01669734
deepmd-les-claim-neutral_sA	51500	18.56975	-3.469446951953614e-17	0.7623687718637803	0.5382	0.0102	-1.0765	0.0263	2	13.06834	0.6018961	3.19218	0.5278076	0.8841288	0.04951891	1.595408	0.01669734
deepmd-les-claim-neutral_sA	51600	17.79625	-1.5034270125132327e-17	0.762430186711273	0.5383	0.0101	-1.0766	0.025	2	13.06838	0.6018893	3.192174	0.527802	0.8841268	0.04951891	1.595434	0.01669734
deepmd-les-claim-neutral_sA	51700	18.64855	1.410908427127803e-16	0.7610187141957367	0.5373	0.0107	-1.0746	0.0253	2	13.06834	0.6018925	3.192164	0.5278065	0.8841246	0.04951891	1.595412	0.01669734
deepmd-les-claim-neutral_sA	51800	18.05025	1.1564823173178713e-18	0.7621784321149891	0.5381	0.0104	-1.0762	0.0254	2	13.06849	0.6018969	3.192175	0.5278025	0.8841262	0.04951891	1.595405	0.01669734
deepmd-les-claim-neutral_sA	51900	18.722450000000002	-6.476300976980079e-17	0.7621169944766462	0.5381	0.01	-1.0761	0.0243	2	13.06858	0.6018985	3.192185	0.5278047	0.8841308	0.04951891	1.595436	0.01669734
deepmd-les-claim-neutral_sA	52000	19.045450000000002	1.4687325429936965e-16	0.7614612814056397	0.5376	0.011	-1.0752	0.0265	2	13.06863	0.6018951	3.192208	0.5278008	0.884133	0.04951891	1.595451	0.01669734
deepmd-les-claim-neutral_sA	52100	17.3737	-8.153200337090993e-17	0.7626074931678744	0.5384	0.0107	-1.0768	0.0258	2	13.06873	0.6018942	3.192233	0.5278043	0.8841405	0.04951891	1.595458	0.01669734
deepmd-les-claim-neutral_sA	52200	18.0899	2.891205793294678e-17	0.7607805988907148	0.5371	0.0104	-1.0742	0.0262	2	13.06877	0.6018951	3.19223	0.5277977	0.8841342	0.04951891	1.595497	0.01669734
deepmd-les-claim-neutral_sA	52300	18.07145	4.0476881106125497e-17	0.7631430729968404	0.5388	0.0109	-1.0776	0.0249	2	13.06883	0.601892	3.192214	0.5277922	0.884129	0.04951891	1.595492	0.01669734
deepmd-les-claim-neutral_sA	52400	17.707900000000002	-4.625929269271485e-18	0.7625769406021035	0.5384	0.0108	-1.0768	0.0239	2	13.0689	0.6018897	3.192225	0.5277904	0.8841272	0.04951891	1.595477	0.01669734
deepmd-les-claim-neutral_sA	52500	18.036	-2.1973164029039556e-17	0.7626249930526128	0.5384	0.0106	-1.0769	0.0248	2	13.06896	0.6018989	3.192236	0.527802	0.8841431	0.04951891	1.595494	0.01669734
deepmd-les-claim-neutral_sA	52600	18.0727	2.3129646346357426e-17	0.7628412301469824	0.5386	0.0095	-1.0772	0.0258	2	13.06897	0.6018985	3.192236	0.5278025	0.8841385	0.04951891	1.595478	0.01669734
deepmd-les-claim-neutral_sA	52700	18.3995	2.1973164029039556e-17	0.7636564964324478	0.5391	0.0104	-1.0783	0.0262	2	13.06907	0.6018952	3.192232	0.5277994	0.8841351	0.04951891	1.595479	0.01669734
deepmd-les-claim-neutral_sA	52800	19.29515	5.782411586589356e-17	0.7624713373238386	0.5383	0.0122	-1.0766	0.0234	2	13.06914	0.6018936	3.192252	0.5277969	0.8841376	0.04951891	1.595487	0.01669734
deepmd-les-claim-neutral_sA	52900	18.5843	3.700743415417188e-17	0.7622168422681126	0.5381	0.0103	-1.0763	0.0261	2	13.06918	0.6018933	3.192259	0.5277968	0.88414	0.04951891	1.595508	0.01669734
deepmd-les-claim-neutral_sA	53000	17.88075	-2.7755575615628914e-17	0.763046058409644	0.5387	0.0103	-1.0774	0.0253	2	13.06924	0.601894	3.192258	0.5278018	0.8841455	0.04951891	1.595525	0.01669734
deepmd-les-claim-neutral_sA	53100	18.81775	-1.491862189340054e-16	0.7621995991676127	0.5381	0.0112	-1.0762	0.0248	2	13.06929	0.6018955	3.192266	0.5278032	0.8841456	0.04951891	1.595523	0.01669734
deepmd-les-claim-neutral_sA	53200	17.896050000000002	-5.7824115865893565e-18	0.7618629494228512	0.5379	0.0102	-1.0758	0.0263	2	13.06941	0.6018979	3.192286	0.5278033	0.8841528	0.04951891	1.595506	0.01669734
deepmd-les-claim-neutral_sA	53300	18.4947	8.673617379884035e-17	0.7622578419032857	0.5382	0.011	-1.0763	0.0244	2	13.0695	0.6019039	3.192289	0.5277998	0.8841498	0.04951891	1.595529	0.01669734
deepmd-les-claim-neutral_sA	53400	18.12595	8.095376221225099e-17	0.7629407370097867	0.5386	0.0114	-1.0773	0.027	2	13.06952	0.6019045	3.192286	0.5277978	0.8841494	0.04951891	1.595562	0.01669734
deepmd-les-claim-neutral_sA	53500	17.9375	4.163336342344337e-17	0.7629808610576511	0.5387	0.0102	-1.0773	0.0263	2	13.06957	0.6019027	3.192292	0.527793	0.8841423	0.04951891	1.59554	0.01669734
deepmd-les-claim-neutral_sA	53600	17.96615	-1.0177044392397268e-16	0.7625419405559055	0.5384	0.0097	-1.0768	0.0227	2	13.06958	0.6019023	3.192295	0.5277939	0.8841413	0.04951891	1.595542	0.01669734
deepmd-les-claim-neutral_sA	53700	18.2168	-1.5034270125132327e-17	0.7627962010175673	0.5386	0.0102	-1.0771	0.0243	2	13.06976	0.6019032	3.192323	0.5277937	0.884151	0.04951891	1.595553	0.01669734
deepmd-les-claim-neutral_sA	53800	18.57715	8.095376221225099e-18	0.7613424101881144	0.5375	0.0105	-1.0751	0.0237	2	13.06985	0.6019081	3.192329	0.5278044	0.8841653	0.04951891	1.595585	0.01669734
deepmd-les-claim-neutral_sA	53900	18.30105	-1.734723475976807e-17	0.761207312404245	0.5374	0.0114	-1.0748	0.0275	2	13.06993	0.6019064	3.192351	0.5278092	0.8841743	0.04951891	1.595587	0.01669734
deepmd-les-claim-neutral_sA	54000	18.226	3.353798720221827e-17	0.7627722559691984	0.5385	0.0106	-1.077	0.0258	2	13.06998	0.6019065	3.19236	0.5278135	0.8841818	0.04951891	1.595608	0.01669734
deepmd-les-claim-neutral_sA	54100	18.808149999999998	-8.095376221225099e-18	0.7623897091317181	0.5383	0.0111	-1.0765	0.0255	2	13.06997	0.6019002	3.192363	0.5278088	0.8841741	0.04951891	1.595596	0.01669734
deepmd-les-claim-neutral_sA	54200	18.480449999999998	-1.0755285551056204e-16	0.7619543009972205	0.538	0.0107	-1.0759	0.0247	2	13.07004	0.601899	3.192388	0.5278112	0.8841818	0.04951891	1.595619	0.01669734
deepmd-les-claim-neutral_sA	54300	18.6715	-4.0476881106125497e-17	0.7633170148959688	0.5389	0.0111	-1.0778	0.0249	2	13.0702	0.6019099	3.192382	0.5278054	0.8841805	0.04951891	1.595646	0.01669734
deepmd-les-claim-neutral_sA	54400	18.887	-3.122502256758253e-17	0.7631448597721562	0.5388	0.0109	-1.0776	0.0266	2	13.0702	0.6019053	3.192355	0.5277877	0.8841557	0.04951891	1.595614	0.01669734
deepmd-les-claim-neutral_sA	54500	18.87525	-2.42861286636753e-17	0.7629286506722917	0.5386	0.0111	-1.0772	0.0281	2	13.07029	0.6019051	3.192378	0.5277947	0.8841683	0.04951891	1.59563	0.01669734
deepmd-les-claim-neutral_sA	54600	18.313850000000002	5.4354668913939954e-17	0.7621451382013621	0.5381	0.0099	-1.0761	0.027	2	13.0703	0.6019022	3.192372	0.527794	0.8841629	0.04951891	1.595622	0.01669734
deepmd-les-claim-neutral_sA	54700	18.77285	-1.0639637319324416e-16	0.7618941439026062	0.5379	0.0108	-1.0758	0.0262	2	13.07038	0.601909	3.192375	0.527797	0.8841668	0.04951891	1.595651	0.01669734
deepmd-les-claim-neutral_sA	54800	18.93815	4.7415775010032725e-17	0.7643600548514085	0.5396	0.0111	-1.0792	0.0282	2	13.07045	0.6019113	3.19238	0.5277968	0.884171	0.04951891	1.595666	0.01669734
deepmd-les-claim-neutral_sA	54900	18.19305	1.2721305490496585e-17	0.7615677534640941	0.5377	0.0103	-1.0754	0.0238	2	13.07048	0.6019109	3.192392	0.5278014	0.884176	0.04951891	1.595662	0.01669734
deepmd-les-claim-neutral_sA	55000	18.8219	1.0408340855860843e-16	0.7616568650524763	0.5377	0.0095	-1.0755	0.027	2	13.07053	0.6019036	3.192412	0.5278019	0.8841805	0.04951891	1.595647	0.01669734
deepmd-les-claim-neutral_sA	55100	18.576500000000003	-6.938893903907228e-17	0.7614726281120144	0.5376	0.0105	-1.0752	0.0253	2	13.07066	0.6019096	3.192431	0.527806	0.8841893	0.04951891	1.595679	0.01669734
deepmd-les-claim-neutral_sA	55200	18.6727	-1.0523989087592629e-16	0.7622213898153543	0.5381	0.0104	-1.0763	0.0245	2	13.07076	0.6019098	3.192455	0.5278134	0.8842027	0.04951891	1.595686	0.01669734
deepmd-les-claim-neutral_sA	55300	18.2603	-1.0408340855860843e-17	0.7618865596078469	0.5379	0.0108	-1.0758	0.0249	2	13.0708	0.6019059	3.192457	0.527809	0.8842014	0.04951891	1.595687	0.01669734
deepmd-les-claim-neutral_sA	55400	18.07865	-6.129356281784718e-17	0.7633470050856732	0.5389	0.0105	-1.0779	0.0248	2	13.07083	0.6019047	3.192456	0.5278086	0.8842	0.04951891	1.595684	0.01669734
deepmd-les-claim-neutral_sA	55500	18.06625	-6.707597440443654e-17	0.7619970402085973	0.538	0.0095	-1.076	0.0248	2	13.07085	0.6019055	3.19246	0.5278097	0.8842012	0.04951891	1.595686	0.01669734
deepmd-les-claim-neutral_sA	55600	19.08845	2.1973164029039556e-17	0.7622920375666487	0.5382	0.011	-1.0764	0.0237	2	13.07085	0.6019079	3.192453	0.5278098	0.8841989	0.04951891	1.595692	0.01669734
deepmd-les-claim-neutral_sA	55700	18.147550000000003	9.020562075079397e-17	0.7641420562498842	0.5395	0.0106	-1.0789	0.0278	2	13.0709	0.6019076	3.192464	0.5278117	0.8842028	0.04951891	1.595696	0.01669734
deepmd-les-claim-neutral_sA	55800	18.73405	-5.66676335485757e-17	0.762237084521187	0.5381	0.0116	-1.0763	0.027	2	13.07092	0.6019049	3.192468	0.527808	0.8842011	0.04951891	1.595698	0.01669734
deepmd-les-claim-neutral_sA	55900	17.843200000000003	-3.469446951953614e-17	0.763043812827353	0.5387	0.0118	-1.0774	0.0287	2	13.07094	0.6019071	3.192474	0.527812	0.8842063	0.04951891	1.595707	0.01669734
deepmd-les-claim-neutral_sA	56000	18.02625	-4.7415775010032725e-17	0.762763745445131	0.5385	0.0106	-1.077	0.0257	2	13.07097	0.6019053	3.192479	0.5278109	0.8842071	0.04951891	1.595711	0.01669734
deepmd-les-claim-neutral_sA	56100	18.55655	-6.245004513516506e-17	0.7619394902260854	0.5379	0.0117	-1.0759	0.0253	2	13.07099	0.6019049	3.192473	0.5278082	0.8842027	0.04951891	1.5957	0.01669734
deepmd-les-claim-neutral_sA	56200	17.9356	9.020562075079397e-17	0.7619368731814237	0.538	0.0098	-1.0759	0.0229	2	13.07102	0.6019036	3.192479	0.5278079	0.8842061	0.04951891	1.595715	0.01669734
deepmd-les-claim-neutral_sA	56300	18.987949999999998	3.469446951953614e-18	0.7622833384953398	0.5382	0.0111	-1.0763	0.0274	2	13.07102	0.6019091	3.192469	0.5278066	0.8842004	0.04951891	1.595727	0.01669734
deepmd-les-claim-neutral_sA	56400	18.5509	4.625929269271485e-18	0.7617578789807586	0.5378	0.0098	-1.0757	0.0223	2	13.07108	0.6019072	3.192483	0.5278104	0.8842079	0.04951891	1.595725	0.01669734
deepmd-les-claim-neutral_sA	56500	18.76275	4.799401616869166e-17	0.7612809331023901	0.5375	0.01	-1.0749	0.0263	2	13.07111	0.6019039	3.192492	0.5278077	0.884207	0.04951891	1.595721	0.01669734
deepmd-les-claim-neutral_sA	56600	17.6133	-1.2258712563569435e-16	0.7624880198296463	0.5383	0.0097	-1.0767	0.025	2	13.07112	0.6019051	3.192487	0.5278086	0.8842074	0.04951891	1.59572	0.01669734
deepmd-les-claim-neutral_sA	56700	18.251649999999998	1.850371707708594e-17	0.7634202883596222	0.539	0.0101	-1.078	0.0255	2	13.07113	0.6019026	3.192492	0.5278073	0.8842065	0.04951891	1.595721	0.01669734
deepmd-les-claim-neutral_sA	56800	18.74345	5.204170427930421e-18	0.7602431468034051	0.5367	0.0104	-1.0735	0.0256	2	13.07116	0.601904	3.192496	0.5278092	0.88421	0.04951891	1.595735	0.01669734
deepmd-les-claim-neutral_sA	56900	18.113599999999998	-4.394632805807911e-17	0.7628276315767172	0.5386	0.0109	-1.0771	0.0253	2	13.0712	0.6019032	3.192502	0.5278111	0.8842138	0.04951891	1.595724	0.01669734
deepmd-les-claim-neutral_sA	57000	18.63335	-1.329954664915552e-17	0.7625758014220081	0.5384	0.0122	-1.0767	0.0266	2	13.07126	0.6019054	3.192508	0.5278083	0.8842117	0.04951891	1.595744	0.01669734
deepmd-les-claim-neutral_sA	57100	18.65385	-2.544261098099317e-17	0.7619654355664653	0.5379	0.0106	-1.0759	0.028	2	13.07131	0.6019068	3.192502	0.5278067	0.8842101	0.04951891	1.595743	0.01669734
deepmd-les-claim-neutral_sA	57200	18.20305	-9.25185853854297e-18	0.7617732960600836	0.5378	0.0099	-1.0757	0.0244	2	13.07132	0.6019055	3.192501	0.5278045	0.8842063	0.04951891	1.595746	0.01669734
deepmd-les-claim-neutral_sA	57300	17.96725	-3.8163916471489756e-17	0.7622016595657993	0.5381	0.0111	-1.0762	0.0269	2	13.07135	0.6019069	3.192506	0.527807	0.8842096	0.04951891	1.595757	0.01669734
deepmd-les-claim-neutral_sA	57400	18.4026	-1.2721305490496585e-16	0.7621970623361184	0.5381	0.0104	-1.0762	0.0268	2	13.07138	0.6019054	3.192512	0.5278064	0.8842103	0.04951891	1.595749	0.01669734
deepmd-les-claim-neutral_sA	57500	18.4607	6.996718019773121e-17	0.763464005108109	0.539	0.0112	-1.078	0.0278	2	13.07145	0.6019082	3.192521	0.5278058	0.8842124	0.04951891	1.595742	0.01669734
deepmd-les-claim-neutral_sA	57600	19.04555	9.25185853854297e-17	0.7606877204602837	0.5371	0.0094	-1.0742	0.021	2	13.07149	0.6019075	3.192532	0.5278084	0.8842172	0.04951891	1.595742	0.01669734
deepmd-les-claim-neutral_sA	57700	19.10005	3.585095183685401e-17	0.7619869255973805	0.5379	0.0113	-1.0759	0.0279	2	13.07148	0.6019052	3.192524	0.5278023	0.8842095	0.04951891	1.595753	0.01669734
deepmd-les-claim-neutral_sA	57800	17.38525	-4.0476881106125497e-17	0.7624553919415028	0.5383	0.0105	-1.0766	0.0248	2	13.0715	0.6019068	3.192515	0.5278012	0.8842076	0.04951891	1.595757	0.01669734
deepmd-les-claim-neutral_sA	57900	17.9451	2.7755575615628914e-17	0.7623923942852775	0.5383	0.0106	-1.0765	0.0253	2	13.07153	0.6019067	3.192522	0.5278034	0.8842103	0.04951891	1.595755	0.01669734
deepmd-les-claim-neutral_sA	58000	19.000999999999998	-2.891205793294678e-17	0.7624233219117442	0.5383	0.011	-1.0765	0.0272	2	13.07155	0.6019049	3.192516	0.5278004	0.8842038	0.04951891	1.595748	0.01669734
deepmd-les-claim-neutral_sA	58100	18.94905	3.0068540250264654e-17	0.7607596972158082	0.5371	0.0105	-1.0742	0.0265	2	13.07155	0.6019048	3.192511	0.5278009	0.8842032	0.04951891	1.595759	0.01669734
deepmd-les-claim-neutral_sA	58200	17.9146	-2.0816681711721685e-17	0.7611248719436091	0.5374	0.01	-1.0748	0.0229	2	13.07156	0.6019032	3.192512	0.5277974	0.8842001	0.04951891	1.59575	0.01669734
deepmd-les-claim-neutral_sA	58300	18.8857	-5.7824115865893565e-18	0.7614047072035454	0.5375	0.0121	-1.0751	0.0258	2	13.07163	0.601904	3.192523	0.5277961	0.8842027	0.04951891	1.59576	0.01669734
deepmd-les-claim-neutral_sA	58400	18.04	-5.088522196198634e-17	0.7629129709249798	0.5386	0.01	-1.0772	0.0261	2	13.07167	0.6019071	3.192537	0.5277996	0.8842101	0.04951891	1.595772	0.01669734
deepmd-les-claim-neutral_sA	58500	18.3807	-2.0816681711721685e-17	0.7626999677222359	0.5385	0.0101	-1.0769	0.026	2	13.07171	0.6019027	3.192544	0.5277991	0.8842112	0.04951891	1.59577	0.01669734
deepmd-les-claim-neutral_sA	58600	18.52165	2.0816681711721685e-17	0.7623337144653152	0.5382	0.01	-1.0764	0.0257	2	13.07172	0.6019042	3.19254	0.5277988	0.8842106	0.04951891	1.595777	0.01669734
deepmd-les-claim-neutral_sA	58700	18.18005	-1.1564823173178713e-17	0.7623179291820533	0.5382	0.0102	-1.0764	0.0285	2	13.0718	0.6019079	3.192546	0.5277996	0.8842126	0.04951891	1.595775	0.01669734
deepmd-les-claim-neutral_sA	58800	18.249850000000002	-2.891205793294678e-17	0.7623117907864939	0.5382	0.0109	-1.0764	0.0239	2	13.0718	0.6019072	3.192545	0.5277995	0.8842108	0.04951891	1.595765	0.01669734
deepmd-les-claim-neutral_sA	58900	17.8766	-3.469446951953614e-18	0.7622454320932068	0.5382	0.01	-1.0763	0.0231	2	13.07184	0.6019062	3.19255	0.5277992	0.8842127	0.04951891	1.595778	0.01669734
deepmd-les-claim-neutral_sA	59000	17.8209	3.2381504884900395e-17	0.7632445484182412	0.5389	0.0114	-1.0777	0.0253	2	13.07188	0.6019044	3.192552	0.5277959	0.8842113	0.04951891	1.59578	0.01669734
deepmd-les-claim-neutral_sA	59100	18.3687	-1.2027416100105862e-16	0.7631008191472508	0.5388	0.0106	-1.0775	0.0262	2	13.07193	0.6019057	3.192573	0.5278032	0.8842236	0.04951891	1.595791	0.01669734
deepmd-les-claim-neutral_sA	59200	18.06625	7.748431526029738e-17	0.7613818344024069	0.5376	0.01	-1.0751	0.0227	2	13.07196	0.6019069	3.19257	0.5278002	0.8842193	0.04951891	1.595787	0.01669734
deepmd-les-claim-neutral_sA	59300	18.377299999999998	8.673617379884035e-17	0.7603748138811577	0.5369	0.0087	-1.0737	0.023	2	13.07199	0.6019043	3.192565	0.5277957	0.8842132	0.04951891	1.595787	0.01669734
deepmd-les-claim-neutral_sA	59400	18.4	-3.0068540250264654e-17	0.7624970491333883	0.5383	0.0103	-1.0766	0.0272	2	13.072	0.6019053	3.192554	0.5277911	0.8842071	0.04951891	1.595788	0.01669734
deepmd-les-claim-neutral_sA	59500	18.3961	2.659909329831104e-17	0.7636160471150891	0.5391	0.0103	-1.0783	0.023	2	13.072	0.6019087	3.192554	0.5277945	0.8842088	0.04951891	1.595798	0.01669734
deepmd-les-claim-neutral_sA	59600	18.8778	-7.054542135639015e-17	0.7631867154447762	0.5388	0.0108	-1.0776	0.0279	2	13.07203	0.6019065	3.192561	0.5277947	0.8842101	0.04951891	1.595786	0.01669734
deepmd-les-claim-neutral_sA	59700	18.6753	-1.0870933782787991e-16	0.7627732569357046	0.5385	0.0116	-1.077	0.0269	2	13.07208	0.601907	3.192575	0.5277984	0.8842179	0.04951891	1.59581	0.01669734
deepmd-les-claim-neutral_sA	59800	19.244799999999998	2.3129646346357427e-18	0.762743877009326	0.5385	0.0107	-1.077	0.0267	2	13.07212	0.6019069	3.192575	0.5277976	0.8842184	0.04951891	1.595816	0.01669734
deepmd-les-claim-neutral_sA	59900	17.92675	-6.245004513516506e-17	0.7613903386017292	0.5375	0.0102	-1.0751	0.0277	2	13.07214	0.6019054	3.192577	0.5277982	0.8842195	0.04951891	1.595807	0.01669734
deepmd-les-claim-neutral_sA	60000	18.54845	-6.707597440443654e-17	0.7606988703898452	0.5371	0.0109	-1.0741	0.0249	2	13.07215	0.6019051	3.192586	0.5278016	0.8842233	0.04951891	1.595806	0.01669734
deepmd-les-claim-neutral_sA	60100	18.13425	1.1564823173178713e-18	0.7619519385139999	0.538	0.0102	-1.0759	0.025	2	13.0722	0.6019062	3.192592	0.5278016	0.8842248	0.04951891	1.595816	0.01669734
deepmd-les-claim-neutral_sA	60200	18.36125	8.095376221225099e-18	0.762593094359137	0.5384	0.011	-1.0768	0.0269	2	13.07226	0.6019085	3.192601	0.5277982	0.8842235	0.04951891	1.595828	0.01669734
deepmd-les-claim-neutral_sA	60300	18.10575	-1.850371707708594e-17	0.7621680430689703	0.5381	0.0105	-1.0762	0.0245	2	13.07227	0.6019069	3.192601	0.5277972	0.8842237	0.04951891	1.595828	0.01669734
deepmd-les-claim-neutral_sA	60400	18.14715	-9.020562075079397e-17	0.7625373730315966	0.5384	0.0103	-1.0767	0.0266	2	13.0723	0.6019047	3.192603	0.527796	0.8842234	0.04951891	1.595825	0.01669734
deepmd-les-claim-neutral_sA	60500	17.806350000000002	2.891205793294678e-17	0.7620335669226934	0.538	0.01	-1.076	0.0231	2	13.07232	0.6019073	3.192607	0.5277966	0.8842251	0.04951891	1.595833	0.01669734
deepmd-les-claim-neutral_sA	60600	18.16835	3.469446951953614e-17	0.7625470508479085	0.5384	0.0104	-1.0767	0.0269	2	13.07232	0.6019079	3.192603	0.5277963	0.8842233	0.04951891	1.595827	0.01669734
deepmd-les-claim-neutral_sA	60700	18.18505	-8.095376221225099e-18	0.7621152943351516	0.5381	0.0102	-1.0761	0.0249	2	13.07235	0.6019086	3.192605	0.5277967	0.8842244	0.04951891	1.595834	0.01669734
deepmd-les-claim-neutral_sA	60800	18.24055	5.898059818321144e-17	0.7628412607621659	0.5386	0.0102	-1.0771	0.0277	2	13.07235	0.6019056	3.192607	0.5277948	0.884223	0.04951891	1.595827	0.01669734
deepmd-les-claim-neutral_sA	60900	18.2312	-3.9320398788807623e-17	0.7618422059518251	0.5379	0.0112	-1.0757	0.0268	2	13.07236	0.6019064	3.192613	0.5277972	0.8842254	0.04951891	1.595833	0.01669734
deepmd-les-claim-neutral_sA	61000	18.27545	3.9320398788807623e-17	0.763209819949939	0.5388	0.0109	-1.0776	0.0277	2	13.07236	0.6019044	3.192615	0.5277967	0.8842247	0.04951891	1.595826	0.01669734
deepmd-les-claim-neutral_sA	61100	18.228650000000002	3.8163916471489756e-17	0.7619662919515169	0.538	0.0108	-1.0759	0.0232	2	13.07238	0.6019027	3.192614	0.5277945	0.8842236	0.04951891	1.595823	0.01669734
deepmd-les-claim-neutral_sA	61200	18.11805	-1.850371707708594e-17	0.7622632676824228	0.5382	0.011	-1.0763	0.0257	2	13.0724	0.6019023	3.192617	0.527795	0.8842245	0.04951891	1.595824	0.01669734
deepmd-les-claim-neutral_sA	61300	18.21195	1.3877787807814457e-17	0.7608893036168415	0.5372	0.0107	-1.0744	0.0256	2	13.07243	0.6019042	3.192623	0.5277963	0.8842278	0.04951891	1.595835	0.01669734
deepmd-les-claim-neutral_sA	61400	18.27685	1.734723475976807e-17	0.762092026274546	0.5381	0.0101	-1.0761	0.0237	2	13.07246	0.6019032	3.192626	0.5277957	0.8842283	0.04951891	1.595837	0.01669734
deepmd-les-claim-neutral_sA	61500	18.72165	-4.5102810375396984e-17	0.7616682089450798	0.5377	0.0108	-1.0755	0.0247	2	13.07245	0.6019046	3.192623	0.5277961	0.8842264	0.04951891	1.595837	0.01669734
deepmd-les-claim-neutral_sA	61600	18.5768	6.245004513516506e-17	0.7626783048517762	0.5384	0.0105	-1.0769	0.0267	2	13.07245	0.6019052	3.192619	0.5277936	0.8842226	0.04951891	1.595837	0.01669734
deepmd-les-claim-neutral_sA	61700	18.32445	-3.2381504884900395e-17	0.7622503106793841	0.5381	0.01	-1.0763	0.0271	2	13.07247	0.6019049	3.192621	0.5277948	0.8842247	0.04951891	1.595834	0.01669734
deepmd-les-claim-neutral_sA	61800	18.19075	9.71445146547012e-17	0.7627747913586921	0.5385	0.0108	-1.077	0.027	2	13.07248	0.6019034	3.192624	0.5277939	0.8842252	0.04951891	1.595838	0.01669734
deepmd-les-claim-neutral_sA	61900	19.25235	-4.278984574076124e-17	0.7605492743090759	0.537	0.0102	-1.0739	0.024	2	13.07248	0.6019047	3.192619	0.5277935	0.8842237	0.04951891	1.595838	0.01669734
deepmd-les-claim-neutral_sA	62000	19.297449999999998	-1.5034270125132327e-17	0.7622985761002052	0.5382	0.0115	-1.0764	0.0263	2	13.07248	0.6019023	3.192622	0.5277914	0.8842209	0.04951891	1.595828	0.01669734
deepmd-les-claim-neutral_sA	62100	18.3746	-4.278984574076124e-17	0.7621416218455211	0.5381	0.01	-1.0762	0.026	2	13.07251	0.6019044	3.192626	0.5277933	0.8842235	0.04951891	1.595836	0.01669734
deepmd-les-claim-neutral_sA	62200	17.9974	6.013708050052931e-17	0.7633685403116326	0.5389	0.0121	-1.0779	0.0252	2	13.07254	0.6019041	3.192627	0.5277928	0.8842247	0.04951891	1.595845	0.01669734
deepmd-les-claim-neutral_sA	62300	18.128	2.544261098099317e-17	0.7614855593327713	0.5376	0.0105	-1.0753	0.0227	2	13.07256	0.6019046	3.192631	0.527794	0.8842265	0.04951891	1.595846	0.01669734
deepmd-les-claim-neutral_sA	62400	18.121850000000002	-3.2381504884900395e-17	0.7619152992454664	0.5379	0.0101	-1.0758	0.0291	2	13.07259	0.6019031	3.192637	0.5277939	0.8842264	0.04951891	1.595845	0.01669734
deepmd-les-claim-neutral_sA	62500	19.21595	1.850371707708594e-17	0.7606899323094101	0.5371	0.0106	-1.0741	0.0245	2	13.07261	0.6019041	3.192642	0.5277954	0.8842298	0.04951891	1.595849	0.01669734
deepmd-les-claim-neutral_sA	62600	18.499200000000002	-2.7177334456969977e-17	0.7622653769315653	0.5382	0.0119	-1.0763	0.0238	2	13.07261	0.6019023	3.192643	0.5277937	0.8842275	0.04951891	1.595842	0.01669734
deepmd-les-claim-neutral_sA	62700	17.88625	-4.278984574076124e-17	0.7634060943897557	0.539	0.0108	-1.078	0.0242	2	13.07263	0.601903	3.192645	0.5277944	0.8842302	0.04951891	1.595852	0.01669734
deepmd-les-claim-neutral_sA	62800	18.20625	-3.9320398788807623e-17	0.7624086707377605	0.5383	0.0103	-1.0765	0.0255	2	13.07263	0.6019041	3.192641	0.5277937	0.8842277	0.04951891	1.595853	0.01669734
deepmd-les-claim-neutral_sA	62900	18.22805	-4.625929269271485e-18	0.7634805168349439	0.539	0.0112	-1.078	0.026	2	13.07264	0.6019037	3.19264	0.5277926	0.8842268	0.04951891	1.595856	0.01669734
deepmd-les-claim-neutral_sA	63000	18.311349999999997	1.5034270125132327e-17	0.7630989963551574	0.5388	0.0103	-1.0775	0.026	2	13.07266	0.6019039	3.192643	0.5277945	0.8842292	0.04951891	1.595857	0.01669734
deepmd-les-claim-neutral_sA	63100	18.25645	5.088522196198634e-17	0.7628308053658883	0.5386	0.011	-1.0771	0.0245	2	13.07267	0.6019037	3.192647	0.5277955	0.8842303	0.04951891	1.595854	0.01669734
deepmd-les-claim-neutral_sA	63200	18.88625	-8.095376221225099e-17	0.7633633668234541	0.5389	0.0108	-1.0779	0.0274	2	13.07268	0.6019041	3.192641	0.5277919	0.8842257	0.04951891	1.595856	0.01669734
deepmd-les-claim-neutral_sA	63300	17.838549999999998	1.3415194880887307e-16	0.762084664177952	0.5381	0.01	-1.0761	0.0233	2	13.07271	0.601905	3.192648	0.5277927	0.8842283	0.04951891	1.595863	0.01669734
deepmd-les-claim-neutral_sA	63400	17.928350000000002	-6.82324567217544e-17	0.7622883584980774	0.5382	0.0103	-1.0764	0.0261	2	13.07273	0.6019035	3.192656	0.5277929	0.88423	0.04951891	1.595866	0.01669734
deepmd-les-claim-neutral_sA	63500	17.67595	-6.82324567217544e-17	0.762684276889085	0.5385	0.0102	-1.0769	0.025	2	13.07273	0.6019025	3.192646	0.5277889	0.8842244	0.04951891	1.59586	0.01669734
deepmd-les-claim-neutral_sA	63600	18.3208	6.82324567217544e-17	0.7634913652001762	0.5391	0.0101	-1.0781	0.0213	2	13.07276	0.6019061	3.192648	0.5277925	0.8842296	0.04951891	1.595871	0.01669734
deepmd-les-claim-neutral_sA	63700	18.207099999999997	-1.9660199394403812e-17	0.7615043583033116	0.5376	0.0106	-1.0753	0.0239	2	13.07278	0.6019045	3.192652	0.5277915	0.8842306	0.04951891	1.595873	0.01669734
deepmd-les-claim-neutral_sA	63800	17.87595	4.7415775010032725e-17	0.762605176590615	0.5384	0.0108	-1.0768	0.0256	2	13.07278	0.6019034	3.192652	0.5277895	0.884227	0.04951891	1.595873	0.01669734
deepmd-les-claim-neutral_sA	63900	18.71635	2.42861286636753e-17	0.7613668305197736	0.5376	0.0099	-1.0751	0.0233	2	13.07279	0.6019037	3.192654	0.5277898	0.884227	0.04951891	1.595872	0.01669734
deepmd-les-claim-neutral_sA	64000	18.69585	-1.5034270125132327e-17	0.7619280163140009	0.5379	0.0115	-1.0758	0.027	2	13.07281	0.6019026	3.192653	0.5277884	0.8842253	0.04951891	1.59587	0.01669734
deepmd-les-claim-neutral_sA	64100	17.833350000000003	-1.1564823173178713e-18	0.7617955599964878	0.5379	0.0094	-1.0757	0.0227	2	13.0728	0.6019052	3.192654	0.5277903	0.8842258	0.04951891	1.59587	0.01669734
deepmd-les-claim-neutral_sA	64200	19.26135	-5.782411586589356e-17	0.7618037266387533	0.5378	0.0106	-1.0756	0.0274	2	13.07281	0.6019036	3.192656	0.5277906	0.8842269	0.04951891	1.595868	0.01669734
deepmd-les-claim-neutral_sA	64300	18.012349999999998	3.469446951953614e-18	0.7628638414076664	0.5386	0.0105	-1.0772	0.0259	2	13.07283	0.6019034	3.192659	0.5277912	0.8842284	0.04951891	1.595868	0.01669734
deepmd-les-claim-neutral_sA	64400	19.0885	-1.376213957608267e-16	0.7614408060013043	0.5376	0.0111	-1.0751	0.0263	2	13.07284	0.6019027	3.192661	0.5277891	0.8842263	0.04951891	1.595873	0.01669734
deepmd-les-claim-neutral_sA	64500	18.43065	8.095376221225099e-17	0.7617915913571331	0.5378	0.0105	-1.0757	0.0255	2	13.07285	0.6019029	3.19266	0.5277869	0.8842238	0.04951891	1.595873	0.01669734
deepmd-les-claim-neutral_sA	64600	17.68915	-1.9660199394403812e-17	0.7631293551064946	0.5388	0.0112	-1.0775	0.026	2	13.07286	0.6019038	3.192654	0.5277855	0.8842225	0.04951891	1.595874	0.01669734
deepmd-les-claim-neutral_sA	64700	19.3446	1.2721305490496585e-17	0.7610306629522258	0.5373	0.0108	-1.0746	0.0238	2	13.07288	0.6019034	3.192659	0.5277865	0.8842238	0.04951891	1.595872	0.01669734
deepmd-les-claim-neutral_sA	64800	18.476750000000003	-5.551115123125783e-17	0.7615014547741151	0.5376	0.0109	-1.0752	0.0266	2	13.07291	0.6019027	3.192663	0.5277869	0.8842266	0.04951891	1.595878	0.01669734
deepmd-les-claim-neutral_sA	64900	17.738750000000003	-7.401486830834377e-17	0.7614362768037802	0.5376	0.0101	-1.0752	0.023	2	13.07292	0.6019034	3.192669	0.527789	0.8842284	0.04951891	1.595885	0.01669734
deepmd-les-claim-neutral_sA	65000	18.3765	-1.0408340855860843e-17	0.7618997964705545	0.5379	0.0104	-1.0758	0.0234	2	13.07289	0.6019015	3.19266	0.5277858	0.8842227	0.04951891	1.595873	0.01669734
deepmd-les-claim-neutral_sA	65100	18.452150000000003	4.163336342344337e-17	0.7620197743639057	0.538	0.0109	-1.076	0.0261	2	13.07292	0.6019027	3.192664	0.5277863	0.8842237	0.04951891	1.59588	0.01669734
deepmd-les-claim-neutral_sA	65200	18.74695	3.585095183685401e-17	0.7609141737847347	0.5372	0.0097	-1.0745	0.0237	2	13.07296	0.6019005	3.192673	0.5277862	0.8842269	0.04951891	1.595885	0.01669734
deepmd-les-claim-neutral_sA	65300	19.34685	1.0755285551056204e-16	0.762906157877846	0.5386	0.0103	-1.0772	0.0274	2	13.07297	0.601901	3.192672	0.5277859	0.8842262	0.04951891	1.595884	0.01669734
deepmd-les-claim-neutral_sA	65400	18.5043	5.4354668913939954e-17	0.7611206822629801	0.5373	0.0116	-1.0747	0.0266	2	13.07298	0.6019022	3.192671	0.5277857	0.884226	0.04951891	1.595887	0.01669734
deepmd-les-claim-neutral_sA	65500	18.096	1.1564823173178713e-18	0.7637231674602475	0.5392	0.0105	-1.0784	0.0263	2	13.073	0.601901	3.192673	0.5277849	0.8842271	0.04951891	1.595888	0.01669734
deepmd-les-claim-neutral_sA	65600	18.71535	-1.0408340855860843e-16	0.7635264459969923	0.5391	0.0112	-1.0781	0.0245	2	13.073	0.6019013	3.192674	0.5277856	0.8842275	0.04951891	1.595888	0.01669734
deepmd-les-claim-neutral_sA	65700	18.6145	1.5034270125132327e-17	0.7613296100831571	0.5375	0.0111	-1.075	0.0229	2	13.07301	0.6019024	3.192673	0.5277856	0.8842275	0.04951891	1.595893	0.01669734
deepmd-les-claim-neutral_sA	65800	18.521349999999998	-3.469446951953614e-18	0.7612651789467668	0.5375	0.0107	-1.0749	0.0258	2	13.07301	0.6019034	3.192672	0.5277861	0.8842273	0.04951891	1.595893	0.01669734
deepmd-les-claim-neutral_sA	65900	18.70985	-2.3129646346357426e-17	0.7631466882703485	0.5388	0.0114	-1.0775	0.0273	2	13.07303	0.6019031	3.192676	0.5277865	0.8842283	0.04951891	1.595892	0.01669734
deepmd-les-claim-neutral_sA	66000	17.863599999999998	-6.82324567217544e-17	0.7628310448491309	0.5386	0.0109	-1.0771	0.0256	2	13.07303	0.6019018	3.192678	0.5277857	0.8842275	0.04951891	1.595889	0.01669734
deepmd-les-claim-neutral_sA	66100	18.02595	4.85722573273506e-17	0.761776778175475	0.5378	0.0099	-1.0756	0.0257	2	13.07304	0.6019014	3.192675	0.5277844	0.8842264	0.04951891	1.595892	0.01669734
deepmd-les-claim-neutral_sA	66200		0.0	0.7632179627684933	0.5381	0.0119	-1.0762	0.0258		13.07304	0.6019021	3.192678	0.5277862	0.8842283	0.04951891	1.595893	0.01669734
deepmd-les-claim-neutral_sA	66300	18.2459	-4.5102810375396984e-17	0.7620209682729826	0.538	0.0106	-1.076	0.0248	2	13.07305	0.601901	3.192681	0.5277857	0.8842283	0.04951891	1.59589	0.01669734
deepmd-les-claim-neutral_sA	66400	18.53285	4.163336342344337e-17	0.7610838750937997	0.5373	0.0096	-1.0747	0.026	2	13.07306	0.6019023	3.192681	0.5277866	0.8842291	0.04951891	1.595895	0.01669734
deepmd-les-claim-neutral_sA	66500	17.677100000000003	-2.3129646346357426e-17	0.7629752502012053	0.5387	0.0099	-1.0773	0.0261	2	13.07307	0.6019016	3.192685	0.5277862	0.8842296	0.04951891	1.595897	0.01669734
deepmd-les-claim-neutral_sA	66600	18.6753	1.1102230246251565e-16	0.7621497116754706	0.5381	0.0108	-1.0762	0.0248	2	13.07308	0.6019012	3.192683	0.5277855	0.8842289	0.04951891	1.595895	0.01669734
deepmd-les-claim-neutral_sA	66700	17.86455	-8.789265611615822e-17	0.7621562947778406	0.5381	0.0096	-1.0762	0.0241	2	13.07308	0.6019013	3.192681	0.5277837	0.8842268	0.04951891	1.595896	0.01669734
deepmd-les-claim-neutral_sA	66800	18.2808	-4.625929269271485e-17	0.763105353838975	0.5388	0.0093	-1.0776	0.0199	2	13.07309	0.6019008	3.192681	0.5277838	0.8842269	0.04951891	1.595893	0.01669734
deepmd-les-claim-neutral_sA	66900	17.9772	1.3877787807814457e-17	0.7619773901231363	0.538	0.0102	-1.0759	0.0247	2	13.07308	0.6019012	3.192675	0.5277828	0.8842247	0.04951891	1.595894	0.01669734
deepmd-les-claim-neutral_sA	67000	18.42465	2.3129646346357426e-17	0.7626829781389355	0.5384	0.0107	-1.0769	0.0269	2	13.0731	0.6019009	3.19268	0.5277832	0.8842266	0.04951891	1.595897	0.01669734
deepmd-les-claim-neutral_sA	67100	19.4494	-1.5034270125132327e-17	0.7618389676757782	0.5378	0.011	-1.0757	0.0288	2	13.07311	0.6019018	3.192683	0.527785	0.8842285	0.04951891	1.595896	0.01669734
deepmd-les-claim-neutral_sA	67200	18.31915	-1.0408340855860843e-16	0.7639597742973082	0.5394	0.0111	-1.0787	0.0264	2	13.07311	0.6019009	3.192684	0.5277837	0.8842269	0.04951891	1.595896	0.01669734
deepmd-les-claim-neutral_sA	67300	18.761	3.469446951953614e-17	0.7617475009352763	0.5378	0.0112	-1.0756	0.0259	2	13.07313	0.6018996	3.192687	0.5277832	0.8842276	0.04951891	1.595894	0.01669734
deepmd-les-claim-neutral_sA	67400	18.737949999999998	-5.088522196198634e-17	0.7614269264033198	0.5376	0.0105	-1.0752	0.0252	2	13.07313	0.6019006	3.192688	0.5277842	0.8842283	0.04951891	1.595895	0.01669734
deepmd-les-claim-neutral_sA	67500	18.3936	-5.66676335485757e-17	0.7612383175702773	0.5374	0.01	-1.0749	0.0252	2	13.07314	0.6018993	3.192689	0.5277838	0.8842286	0.04951891	1.59589	0.01669734
deepmd-les-claim-neutral_sA	67600	18.8163	4.163336342344337e-17	0.7618438392589397	0.5379	0.0115	-1.0757	0.0267	2	13.07315	0.6019006	3.19269	0.5277833	0.8842278	0.04951891	1.595893	0.01669734
deepmd-les-claim-neutral_sA	67700	18.096049999999998	2.3129646346357426e-17	0.7633280945518691	0.5389	0.0104	-1.0778	0.0257	2	13.07315	0.6019014	3.192691	0.5277842	0.8842287	0.04951891	1.595897	0.01669734
deepmd-les-claim-neutral_sA	67800	17.71615	-8.673617379884035e-17	0.763437407663662	0.539	0.0098	-1.078	0.0232	2	13.07316	0.6018998	3.19269	0.5277827	0.8842275	0.04951891	1.595896	0.01669734
deepmd-les-claim-neutral_sA	67900	18.083350000000003	-4.163336342344337e-17	0.7612272969612129	0.5374	0.0107	-1.0749	0.024	2	13.07316	0.6018997	3.192691	0.5277833	0.8842283	0.04951891	1.595897	0.01669734
deepmd-les-claim-neutral_sA	68000	18.976599999999998	3.469446951953614e-18	0.7633216286786072	0.5389	0.0109	-1.0778	0.025	2	13.07317	0.6018992	3.192693	0.5277833	0.8842281	0.04951891	1.595894	0.01669734
deepmd-les-claim-neutral_sA	68100	18.267449999999997	1.1564823173178713e-17	0.7635119497843895	0.539	0.0112	-1.0781	0.0266	2	13.07319	0.6019004	3.192695	0.5277847	0.88423	0.04951891	1.595899	0.01669734
deepmd-les-claim-neutral_sA	68200	17.948050000000002	-7.28583859910259e-17	0.7623138178396521	0.5382	0.0105	-1.0764	0.0252	2	13.0732	0.6019004	3.192696	0.5277847	0.8842309	0.04951891	1.595902	0.01669734
deepmd-les-claim-neutral_sA	68300	18.607100000000003	-5.204170427930421e-17	0.7604911626159855	0.5369	0.009	-1.0739	0.023	2	13.0732	0.6018998	3.192693	0.5277836	0.8842294	0.04951891	1.595904	0.01669734
deepmd-les-claim-neutral_sA	68400	18.32695	2.1973164029039556e-17	0.7618881179799133	0.5379	0.0099	-1.0758	0.0236	2	13.0732	0.6019005	3.192694	0.5277843	0.8842295	0.04951891	1.595906	0.01669734
deepmd-les-claim-neutral_sA	68500	17.87985	1.2721305490496585e-17	0.7618546923140724	0.5379	0.0111	-1.0757	0.0254	2	13.07322	0.6019008	3.192696	0.5277838	0.88423	0.04951891	1.595906	0.01669734
deepmd-les-claim-neutral_sA	68600	18.652099999999997	8.442320916420461e-17	0.7629732280153247	0.5386	0.0112	-1.0773	0.0276	2	13.07323	0.6019008	3.192697	0.5277836	0.8842295	0.04951891	1.595905	0.01669734
deepmd-les-claim-neutral_sA	68700	18.757649999999998	-1.1564823173178713e-18	0.7610205883709293	0.5373	0.0105	-1.0746	0.023	2	13.07323	0.6019004	3.192701	0.5277841	0.8842302	0.04951891	1.5959	0.01669734
deepmd-les-claim-neutral_sA	68800	19.026249999999997	-2.544261098099317e-17	0.7626022962103821	0.5384	0.0107	-1.0768	0.0265	2	13.07324	0.6019017	3.192699	0.5277842	0.88423	0.04951891	1.595905	0.01669734
deepmd-les-claim-neutral_sA	68900	18.88575	2.3129646346357427e-18	0.7611184869116685	0.5374	0.0095	-1.0747	0.0255	2	13.07325	0.6019015	3.1927	0.5277839	0.8842308	0.04951891	1.595909	0.01669734
deepmd-les-claim-neutral_sA	69000	18.754150000000003	-2.3129646346357426e-17	0.7612603117194164	0.5375	0.0108	-1.075	0.0227	2	13.07325	0.6019018	3.1927	0.5277841	0.8842304	0.04951891	1.595909	0.01669734
deepmd-les-claim-neutral_sA	69100	17.88125	-3.353798720221827e-17	0.7627831101574644	0.5385	0.0105	-1.0771	0.0259	2	13.07326	0.6019013	3.192701	0.5277832	0.8842295	0.04951891	1.595907	0.01669734
deepmd-les-claim-neutral_sA	69200	18.2035	-6.591949208711867e-17	0.7635400495713678	0.5391	0.0113	-1.0781	0.0249	2	13.07328	0.6019018	3.192702	0.5277834	0.8842305	0.04951891	1.595909	0.01669734
deepmd-les-claim-neutral_sA	69300	18.363	-8.326672684688674e-17	0.7620933680968528	0.538	0.0126	-1.0761	0.0254	2	13.07328	0.6019003	3.192703	0.5277825	0.8842295	0.04951891	1.595906	0.01669734
deepmd-les-claim-neutral_sA	69400	18.6766	6.938893903907228e-18	0.7630051052805367	0.5387	0.01	-1.0774	0.0258	2	13.07329	0.6019009	3.192704	0.5277835	0.8842312	0.04951891	1.595911	0.01669734
deepmd-les-claim-neutral_sA	69500	18.75055	6.938893903907228e-18	0.7618260075073312	0.5379	0.0105	-1.0757	0.026	2	13.0733	0.6019001	3.192708	0.5277838	0.8842319	0.04951891	1.595909	0.01669734
deepmd-les-claim-neutral_sA	69600	18.290100000000002	-3.8163916471489756e-17	0.7640217414229727	0.5394	0.0112	-1.0788	0.0284	2	13.0733	0.6019006	3.192708	0.5277838	0.8842315	0.04951891	1.595909	0.01669734
deepmd-les-claim-neutral_sA	69700	18.8956	-3.700743415417188e-17	0.7602564518645661	0.5368	0.0095	-1.0735	0.024	2	13.0733	0.6019006	3.192706	0.5277827	0.8842298	0.04951891	1.595908	0.01669734
deepmd-les-claim-neutral_sA	69800	19.32225	6.938893903907228e-18	0.7615367334710093	0.5376	0.0119	-1.0753	0.0266	2	13.07332	0.6019006	3.192706	0.5277821	0.8842296	0.04951891	1.595909	0.01669734
deepmd-les-claim-neutral_sA	69900	18.28335	-1.1102230246251565e-16	0.7627605457416385	0.5385	0.011	-1.077	0.0253	2	13.07333	0.6019004	3.192706	0.5277815	0.8842298	0.04951891	1.595912	0.01669734
deepmd-les-claim-neutral_sA	70000	18.036450000000002	-1.0177044392397268e-16	0.7626302956535361	0.5384	0.0107	-1.0769	0.0238	2	13.07334	0.6019019	3.192708	0.5277827	0.884231	0.04951891	1.595913	0.01669734
deepmd-les-claim-neutral_sA	70100	18.0499	-6.476300976980079e-17	0.7621600702227697	0.5381	0.0107	-1.0762	0.0266	2	13.07334	0.6019	3.19271	0.5277816	0.8842302	0.04951891	1.59591	0.01669734
deepmd-les-claim-neutral_sA	70200	18.7237	2.0816681711721685e-17	0.7615472785850776	0.5377	0.0098	-1.0753	0.0248	2	13.07336	0.6019016	3.192711	0.5277827	0.8842317	0.04951891	1.595914	0.01669734
deepmd-les-claim-neutral_sA	70300	17.895699999999998	-6.82324567217544e-17	0.7626057938039899	0.5384	0.0111	-1.0768	0.0252	2	13.07337	0.6019005	3.192713	0.5277826	0.884232	0.04951891	1.595913	0.01669734
deepmd-les-claim-neutral_sA	70400	17.58045	4.4524569216738045e-17	0.7618200061347896	0.5379	0.0103	-1.0757	0.0251	2	13.07337	0.6019009	3.192713	0.5277828	0.8842323	0.04951891	1.595915	0.01669734
deepmd-les-claim-neutral_sA	70500	18.8375	4.394632805807911e-17	0.7613709367346212	0.5375	0.0104	-1.075	0.0277	2	13.07337	0.6019012	3.192713	0.5277831	0.8842322	0.04951891	1.595916	0.01669734
deepmd-les-claim-neutral_sA	70600	18.810699999999997	-2.544261098099317e-17	0.7612974834706154	0.5375	0.0106	-1.075	0.0232	2	13.07337	0.6019009	3.192712	0.5277822	0.8842315	0.04951891	1.595916	0.01669734
deepmd-les-claim-neutral_sA	70700	18.091450000000002	9.25185853854297e-18	0.7623280739941694	0.5382	0.0102	-1.0764	0.0254	2	13.07338	0.6019004	3.192712	0.5277818	0.8842311	0.04951891	1.595915	0.01669734
deepmd-les-claim-neutral_sA	70800	17.56875	-1.6190752442450199e-16	0.76293197617513	0.5386	0.0106	-1.0773	0.0267	2	13.07338	0.6019008	3.192712	0.5277823	0.8842314	0.04951891	1.595916	0.01669734
deepmd-les-claim-neutral_sA	70900	18.9225	6.360652745248292e-17	0.7623049889655857	0.5382	0.0115	-1.0764	0.0258	2	13.07338	0.601901	3.192711	0.5277823	0.8842313	0.04951891	1.595915	0.01669734
deepmd-les-claim-neutral_sA	71000	17.8622	-3.469446951953614e-18	0.7629897495925761	0.5387	0.0107	-1.0774	0.0254	2	13.07339	0.6019009	3.192712	0.5277823	0.8842315	0.04951891	1.595917	0.01669734
deepmd-les-claim-neutral_sA	71100	18.83445	-5.66676335485757e-17	0.7601646878305108	0.5367	0.0105	-1.0734	0.0249	2	13.0734	0.6019002	3.192714	0.5277815	0.8842315	0.04951891	1.595917	0.01669734
deepmd-les-claim-neutral_sA	71200	18.414450000000002	1.0408340855860843e-17	0.7627183106997792	0.5385	0.0115	-1.077	0.0227	2	13.0734	0.6019015	3.192715	0.5277829	0.8842327	0.04951891	1.59592	0.01669734
deepmd-les-claim-neutral_sA	71300	17.9127	-2.42861286636753e-17	0.7619840986076718	0.538	0.0105	-1.076	0.0244	2	13.0734	0.601901	3.192717	0.5277826	0.8842328	0.04951891	1.59592	0.01669734
deepmd-les-claim-neutral_sA	71400	18.9803	-6.129356281784718e-17	0.7625307439672393	0.5383	0.0111	-1.0767	0.0268	2	13.07341	0.6019018	3.192717	0.5277825	0.8842326	0.04951891	1.595922	0.01669734
deepmd-les-claim-neutral_sA	71500	17.89095	-2.659909329831104e-17	0.7620910344448976	0.5381	0.0105	-1.0761	0.0244	2	13.07342	0.6019012	3.192718	0.5277826	0.8842332	0.04951891	1.595922	0.01669734
deepmd-les-claim-neutral_sA	71600	17.96335	3.700743415417188e-17	0.7618353091180352	0.5379	0.0106	-1.0758	0.0228	2	13.07342	0.6019007	3.192719	0.5277825	0.8842331	0.04951891	1.595921	0.01669734
deepmd-les-claim-neutral_sA	71700	18.1188	4.625929269271485e-17	0.761792556163715	0.5378	0.0099	-1.0757	0.0249	2	13.07342	0.6019012	3.192718	0.5277825	0.8842327	0.04951891	1.595922	0.01669734
deepmd-les-claim-neutral_sA	71800	18.41875	-3.0068540250264654e-17	0.7623748628033531	0.5382	0.011	-1.0765	0.0264	2	13.07342	0.6019005	3.192718	0.5277813	0.8842315	0.04951891	1.595921	0.01669734
deepmd-les-claim-neutral_sA	71900	18.604	8.442320916420461e-17	0.7610841072348741	0.5373	0.0097	-1.0747	0.0249	2	13.07342	0.6019	3.192718	0.527781	0.8842311	0.04951891	1.595919	0.01669734
deepmd-les-claim-neutral_sA	72000	17.82625	3.585095183685401e-17	0.7619890700471551	0.538	0.0104	-1.0759	0.0271	2	13.07342	0.6019014	3.192716	0.5277811	0.8842303	0.04951891	1.595919	0.01669734
deepmd-les-claim-neutral_sA	72100	18.01605	-6.591949208711867e-17	0.7626041858082674	0.5384	0.0113	-1.0768	0.0285	2	13.07343	0.6019001	3.192718	0.5277807	0.8842303	0.04951891	1.595918	0.01669734
deepmd-les-claim-neutral_sA	72200	18.589	-1.0408340855860843e-16	0.7613872910628016	0.5375	0.0106	-1.075	0.0283	2	13.07344	0.6019	3.192721	0.5277814	0.8842317	0.04951891	1.595919	0.01669734
deepmd-les-claim-neutral_sA	72300	18.46855	-4.394632805807911e-17	0.7610789860512666	0.5373	0.011	-1.0747	0.0248	2	13.07344	0.6019005	3.192721	0.5277815	0.8842322	0.04951891	1.595921	0.01669734
deepmd-les-claim-neutral_sA	72400	18.42315	3.9320398788807623e-17	0.7613878253621196	0.5376	0.0105	-1.0751	0.0242	2	13.07344	0.6018998	3.192721	0.5277807	0.8842313	0.04951891	1.59592	0.01669734
deepmd-les-claim-neutral_sA	72500	18.346049999999998	0.0	0.7619693849736061	0.5379	0.0115	-1.0759	0.028	2	13.07345	0.6019004	3.19272	0.5277811	0.8842315	0.04951891	1.595921	0.01669734
deepmd-les-claim-neutral_sA	72600	18.55235	-4.625929269271485e-17	0.7626118519148923	0.5384	0.0101	-1.0768	0.027	2	13.07345	0.6019001	3.192721	0.527781	0.8842314	0.04951891	1.595922	0.01669734
deepmd-les-claim-neutral_sA	72700	18.229799999999997	-3.469446951953614e-17	0.760662505016707	0.537	0.0107	-1.0741	0.0265	2	13.07346	0.6019	3.192724	0.5277818	0.8842328	0.04951891	1.595923	0.01669734
deepmd-les-claim-neutral_sA	72800	18.0887	-4.163336342344337e-17	0.7620248969619489	0.538	0.0101	-1.076	0.0241	2	13.07346	0.6018995	3.192725	0.5277814	0.8842325	0.04951891	1.595921	0.01669734
deepmd-les-claim-neutral_sA	72900	17.26185	6.476300976980079e-17	0.7634802592310816	0.539	0.0106	-1.078	0.0269	2	13.07346	0.6018998	3.192724	0.5277813	0.8842323	0.04951891	1.595922	0.01669734
deepmd-les-claim-neutral_sA	73000	17.9416	9.25185853854297e-18	0.762028048016289	0.538	0.0109	-1.076	0.0262	2	13.07347	0.6019001	3.192725	0.5277811	0.8842325	0.04951891	1.595925	0.01669734
deepmd-les-claim-neutral_sA	73100	18.69775	-3.469446951953614e-18	0.7630215534794107	0.5387	0.011	-1.0774	0.025	2	13.07347	0.6018997	3.192723	0.5277805	0.8842313	0.04951891	1.595923	0.01669734
deepmd-les-claim-neutral_sA	73200	17.7768	7.054542135639015e-17	0.7637234284658405	0.5392	0.0106	-1.0784	0.0234	2	13.07347	0.6018998	3.192722	0.52778	0.8842309	0.04951891	1.595924	0.01669734
deepmd-les-claim-neutral_sA	73300	18.154449999999997	2.3129646346357426e-17	0.7613643095151333	0.5375	0.0105	-1.0751	0.0252	2	13.07348	0.6019005	3.192724	0.527781	0.8842321	0.04951891	1.595924	0.01669734
deepmd-les-claim-neutral_sA	73400	18.52705	7.28583859910259e-17	0.7616185437893381	0.5377	0.0103	-1.0754	0.0268	2	13.07348	0.6018998	3.192725	0.5277809	0.884232	0.04951891	1.595922	0.01669734
deepmd-les-claim-neutral_sA	73500	17.50155	3.353798720221827e-17	0.7618098058718157	0.5378	0.0108	-1.0757	0.0261	2	13.07348	0.6018998	3.192724	0.52778	0.884231	0.04951891	1.595923	0.01669734
deepmd-les-claim-neutral_sA	73600	18.1548	-1.5034270125132327e-17	0.7626344786474122	0.5384	0.011	-1.0768	0.0256	2	13.07348	0.601901	3.192724	0.5277815	0.8842322	0.04951891	1.595925	0.01669734
deepmd-les-claim-neutral_sA	73700	18.4541	-3.2381504884900395e-17	0.7633260112241815	0.5389	0.0109	-1.0778	0.0254	2	13.07349	0.6019004	3.192726	0.527781	0.8842322	0.04951891	1.595924	0.01669734
deepmd-les-claim-neutral_sA	73800	17.9924	-4.9728739644668466e-17	0.762460217848732	0.5383	0.0108	-1.0766	0.0249	2	13.07349	0.6019002	3.192724	0.5277802	0.8842311	0.04951891	1.595923	0.01669734
deepmd-les-claim-neutral_sA	73900	18.19575	6.591949208711867e-17	0.762263431229871	0.5381	0.0113	-1.0763	0.028	2	13.07349	0.6018999	3.192724	0.52778	0.8842309	0.04951891	1.595924	0.01669734
deepmd-les-claim-neutral_sA	74000	18.24585	-7.401486830834377e-17	0.7619303460078205	0.5379	0.0109	-1.0758	0.026	2	13.0735	0.6018999	3.192725	0.52778	0.8842308	0.04951891	1.595923	0.01669734
deepmd-les-claim-neutral_sA	74100	18.58535	3.700743415417188e-17	0.7609645212526357	0.5373	0.0099	-1.0746	0.0216	2	13.0735	0.6018988	3.192726	0.5277792	0.8842303	0.04951891	1.595922	0.01669734
deepmd-les-claim-neutral_sA	74200	18.8892	-1.2952601953960158e-16	0.7616998078579832	0.5378	0.01	-1.0755	0.0268	2	13.07351	0.6018993	3.192725	0.5277791	0.8842304	0.04951891	1.595924	0.01669734
deepmd-les-claim-neutral_sA	74300	19.0968	8.904913843347609e-17	0.7618439872450613	0.5379	0.0105	-1.0757	0.0262	2	13.07352	0.6018997	3.192726	0.5277798	0.8842313	0.04951891	1.595924	0.01669734
deepmd-les-claim-neutral_sA	74400	18.674599999999998	-4.394632805807911e-17	0.7615739036965841	0.5377	0.0117	-1.0754	0.0237	2	13.07352	0.6019002	3.192726	0.5277796	0.8842309	0.04951891	1.595926	0.01669734
deepmd-les-claim-neutral_sA	74500	19.11695	2.891205793294678e-17	0.7599644742866443	0.5365	0.0099	-1.0731	0.0251	2	13.07352	0.6018998	3.192726	0.5277792	0.8842304	0.04951891	1.595926	0.01669734
deepmd-les-claim-neutral_sA	74600	18.45535	4.625929269271485e-18	0.7614978968394125	0.5376	0.0102	-1.0753	0.0249	2	13.07352	0.6019004	3.192726	0.527779	0.88423	0.04951891	1.595928	0.01669734
deepmd-les-claim-neutral_sA	74700	17.8689	-1.1564823173178713e-17	0.7612359083241362	0.5375	0.0102	-1.0749	0.0237	2	13.07353	0.6018996	3.192727	0.5277784	0.8842302	0.04951891	1.595928	0.01669734
deepmd-les-claim-neutral_sA	74800	17.99425	4.625929269271485e-18	0.7623296760770417	0.5382	0.0106	-1.0764	0.0249	2	13.07353	0.6018996	3.192729	0.527779	0.8842308	0.04951891	1.595928	0.01669734
deepmd-les-claim-neutral_sA	74900	18.58965	6.82324567217544e-17	0.7624082056666044	0.5383	0.0122	-1.0765	0.0239	2	13.07354	0.6018986	3.19273	0.527779	0.8842311	0.04951891	1.595928	0.01669734
deepmd-les-claim-neutral_sA	75000	17.934849999999997	-1.1564823173178713e-17	0.7631821888415217	0.5388	0.0107	-1.0776	0.0282	2	13.07354	0.6018983	3.192731	0.5277789	0.8842314	0.04951891	1.595927	0.01669734
deepmd-les-claim-neutral_sA	75100	18.5054	4.625929269271485e-18	0.7632587908932433	0.5389	0.0101	-1.0778	0.0229	2	13.07355	0.601899	3.192731	0.5277792	0.8842315	0.04951891	1.595928	0.01669734
deepmd-les-claim-neutral_sA	75200	18.83625	-9.71445146547012e-17	0.7623690371383259	0.5382	0.0106	-1.0765	0.026	2	13.07355	0.6018992	3.192731	0.527779	0.8842312	0.04951891	1.595928	0.01669734
deepmd-les-claim-neutral_sA	75300	18.11595	8.095376221225099e-18	0.7614517671433937	0.5376	0.0111	-1.0752	0.0265	2	13.07355	0.6018993	3.192731	0.5277792	0.8842315	0.04951891	1.595928	0.01669734
deepmd-les-claim-neutral_sA	75400	18.27925	-9.25185853854297e-18	0.7616091177070291	0.5377	0.0101	-1.0755	0.0227	2	13.07356	0.6018996	3.192732	0.5277796	0.8842321	0.04951891	1.59593	0.01669734
deepmd-les-claim-neutral_sA	75500	18.77885	1.1911767868374074e-16	0.7619296300265099	0.5379	0.011	-1.0759	0.0234	2	13.07356	0.6018994	3.192732	0.5277791	0.8842316	0.04951891	1.59593	0.01669734
deepmd-les-claim-neutral_sA	75600	18.5088	-4.278984574076124e-17	0.7609557066381162	0.5372	0.0108	-1.0745	0.026	2	13.07356	0.6018991	3.192733	0.5277794	0.8842323	0.04951891	1.59593	0.01669734
deepmd-les-claim-neutral_sA	75700	18.0413	-3.122502256758253e-17	0.7612883688247817	0.5375	0.0105	-1.075	0.0224	2	13.07356	0.601899	3.192732	0.5277789	0.8842316	0.04951891	1.59593	0.01669734
deepmd-les-claim-neutral_sA	75800	17.6146	-1.1564823173178713e-17	0.761177749154026	0.5374	0.0106	-1.0748	0.0234	2	13.07356	0.6018991	3.192732	0.527779	0.8842317	0.04951891	1.595931	0.01669734
deepmd-les-claim-neutral_sA	75900	18.33185	4.7415775010032725e-17	0.7623379017890641	0.5382	0.0101	-1.0765	0.0242	2	13.07356	0.6018996	3.192731	0.5277791	0.8842314	0.04951891	1.595931	0.01669734
deepmd-les-claim-neutral_sA	76000	18.4211	-2.3129646346357426e-17	0.7619015137037622	0.5379	0.0107	-1.0758	0.0245	2	13.07357	0.6018994	3.192732	0.5277791	0.8842317	0.04951891	1.595932	0.01669734
deepmd-les-claim-neutral_sA	76100	18.63435	-4.625929269271485e-18	0.7629616331663464	0.5387	0.0097	-1.0773	0.025	2	13.07357	0.6018992	3.192733	0.5277788	0.8842316	0.04951891	1.595932	0.01669734
deepmd-les-claim-neutral_sA	76200	18.17655	-4.625929269271485e-17	0.7623043179453647	0.5382	0.0105	-1.0764	0.0258	2	13.07357	0.601899	3.192733	0.5277788	0.8842319	0.04951891	1.595932	0.01669734
deepmd-les-claim-neutral_sA	76300	19.3294	3.469446951953614e-18	0.7601499031520547	0.5367	0.0101	-1.0734	0.0244	2	13.07358	0.6018997	3.192733	0.5277794	0.8842322	0.04951891	1.595933	0.01669734
deepmd-les-claim-neutral_sA	76400	17.81665	3.585095183685401e-17	0.7615427070879015	0.5377	0.0107	-1.0753	0.0235	2	13.07358	0.6018994	3.192734	0.5277791	0.8842321	0.04951891	1.595932	0.01669734
deepmd-les-claim-neutral_sA	76500	18.11155	-2.659909329831104e-17	0.7645607014294316	0.5398	0.0102	-1.0795	0.0281	2	13.07358	0.6018994	3.192734	0.527779	0.8842319	0.04951891	1.595932	0.01669734
deepmd-les-claim-neutral_sA	76600	18.7025	-2.3129646346357426e-17	0.7613880967056562	0.5376	0.0099	-1.0752	0.0219	2	13.07358	0.6018993	3.192734	0.5277788	0.8842318	0.04951891	1.595932	0.01669734
deepmd-les-claim-neutral_sA	76700	19.058999999999997	4.0476881106125497e-17	0.7612737627183717	0.5375	0.0102	-1.0749	0.0249	2	13.07359	0.6018996	3.192734	0.5277788	0.8842317	0.04951891	1.595933	0.01669734
deepmd-les-claim-neutral_sA	76800	18.6087	-3.469446951953614e-18	0.7621268809722779	0.5381	0.0101	-1.0761	0.0255	2	13.07359	0.6018997	3.192734	0.5277789	0.884232	0.04951891	1.595933	0.01669734
deepmd-les-claim-neutral_sA	76900	18.42925	-1.0870933782787991e-16	0.7607033436163618	0.5371	0.0099	-1.0742	0.0226	2	13.07359	0.6018994	3.192735	0.5277789	0.8842325	0.04951891	1.595934	0.01669734
deepmd-les-claim-neutral_sA	77000	18.7683	1.1564823173178713e-17	0.7625629367408326	0.5384	0.0102	-1.0768	0.0255	2	13.07359	0.6018993	3.192735	0.5277788	0.8842322	0.04951891	1.595933	0.01669734
deepmd-les-claim-neutral_sA	77100	17.8797	2.3129646346357427e-18	0.7624025275996329	0.5383	0.011	-1.0765	0.024	2	13.0736	0.6018991	3.192736	0.5277789	0.8842324	0.04951891	1.595932	0.01669734
deepmd-les-claim-neutral_sA	77200	17.82145	3.469446951953614e-18	0.7614491991766611	0.5376	0.0109	-1.0752	0.0238	2	13.0736	0.6018996	3.192736	0.527779	0.8842324	0.04951891	1.595932	0.01669734
deepmd-les-claim-neutral_sA	77300	17.405700000000003	3.469446951953614e-18	0.7622158650934061	0.5381	0.0109	-1.0763	0.0245	2	13.0736	0.6018997	3.192735	0.5277788	0.8842318	0.04951891	1.595932	0.01669734
deepmd-les-claim-neutral_sA	77400	18.480150000000002	-1.3877787807814457e-17	0.761654808183553	0.5377	0.0104	-1.0755	0.0242	2	13.0736	0.6019003	3.192734	0.527779	0.8842321	0.04951891	1.595934	0.01669734
deepmd-les-claim-neutral_sA	77500	18.50515	-3.2381504884900395e-17	0.7623851622326041	0.5382	0.0117	-1.0765	0.0257	2	13.0736	0.6018992	3.192736	0.5277784	0.8842317	0.04951891	1.595932	0.01669734
deepmd-les-claim-neutral_sA	77600	18.914099999999998	2.7755575615628914e-17	0.7616484883455306	0.5377	0.011	-1.0755	0.0247	2	13.0736	0.6019	3.192735	0.5277789	0.8842322	0.04951891	1.595934	0.01669734
deepmd-les-claim-neutral_sA	77700	18.8476	-1.3877787807814457e-17	0.7644172614563812	0.5397	0.0108	-1.0793	0.0288	2	13.07361	0.6018995	3.192736	0.5277787	0.8842322	0.04951891	1.595934	0.01669734
deepmd-les-claim-neutral_sA	77800	18.2057	-4.5102810375396984e-17	0.7628223846650103	0.5386	0.0112	-1.0771	0.0242	2	13.0736	0.6018996	3.192736	0.5277786	0.884232	0.04951891	1.595934	0.01669734
deepmd-les-claim-neutral_sA	77900	18.443550000000002	-7.632783294297951e-17	0.762147930939303	0.5381	0.0111	-1.0762	0.0254	2	13.07361	0.6018992	3.192736	0.5277782	0.8842319	0.04951891	1.595934	0.01669734
deepmd-les-claim-neutral_sA	78000	18.307450000000003	-1.1796119636642288e-16	0.7626259885764101	0.5384	0.0109	-1.0768	0.0279	2	13.07361	0.6018995	3.192736	0.5277785	0.8842323	0.04951891	1.595935	0.01669734
deepmd-les-claim-neutral_sA	78100	17.88935	-3.2381504884900395e-17	0.7618989049957807	0.5379	0.0094	-1.0759	0.0241	2	13.07361	0.6018998	3.192736	0.5277788	0.8842323	0.04951891	1.595936	0.01669734
deepmd-les-claim-neutral_sA	78200	18.57725	-2.3129646346357426e-17	0.7621798263254018	0.5381	0.0109	-1.0762	0.028	2	13.07362	0.6018996	3.192738	0.5277787	0.8842325	0.04951891	1.595935	0.01669734
deepmd-les-claim-neutral_sA	78300	18.573749999999997	-9.25185853854297e-18	0.7619874717440895	0.538	0.01	-1.076	0.0242	2	13.07362	0.6018992	3.192738	0.5277787	0.8842326	0.04951891	1.595935	0.01669734
deepmd-les-claim-neutral_sA	78400	18.535800000000002	9.830099697201906e-17	0.7622971829563371	0.5382	0.0111	-1.0763	0.0288	2	13.07362	0.6018996	3.192738	0.5277789	0.8842326	0.04951891	1.595935	0.01669734
deepmd-les-claim-neutral_sA	78500	17.89865	-6.013708050052931e-17	0.7620516115565625	0.538	0.01	-1.0761	0.0244	2	13.07363	0.6019001	3.192737	0.5277791	0.8842329	0.04951891	1.595937	0.01669734
deepmd-les-claim-neutral_sA	78600	19.4483	1.2374360795301223e-16	0.762855292358375	0.5386	0.0109	-1.0772	0.0251	2	13.07363	0.6018997	3.192737	0.5277788	0.8842326	0.04951891	1.595935	0.01669734
deepmd-les-claim-neutral_sA	78700	18.36085	-3.585095183685401e-17	0.7624966054389763	0.5383	0.0103	-1.0767	0.024	2	13.07363	0.6018996	3.192738	0.5277791	0.8842331	0.04951891	1.595935	0.01669734
deepmd-les-claim-neutral_sA	78800	18.04755	-7.170190367370802e-17	0.7620376931632127	0.538	0.0097	-1.076	0.0257	2	13.07363	0.6018994	3.192738	0.5277787	0.8842327	0.04951891	1.595935	0.01669734
deepmd-les-claim-neutral_sA	78900	18.38245	-4.278984574076124e-17	0.7605412720270682	0.537	0.0111	-1.0739	0.0231	2	13.07363	0.6018991	3.192739	0.5277785	0.8842328	0.04951891	1.595935	0.01669734
deepmd-les-claim-neutral_sA	79000	18.0804	-1.1564823173178713e-17	0.7623336928881719	0.5382	0.0106	-1.0764	0.0272	2	13.07363	0.6018992	3.192738	0.5277783	0.8842322	0.04951891	1.595934	0.01669734
deepmd-les-claim-neutral_sA	79100	18.04925	-9.25185853854297e-17	0.7630594983990177	0.5387	0.0105	-1.0775	0.0246	2	13.07363	0.6018997	3.192737	0.5277785	0.8842321	0.04951891	1.595935	0.01669734
deepmd-les-claim-neutral_sA	79200	17.83435	-1.3877787807814457e-17	0.762832283047576	0.5386	0.0105	-1.0771	0.0258	2	13.07363	0.6018996	3.192738	0.5277782	0.8842319	0.04951891	1.595936	0.01669734
deepmd-les-claim-neutral_sA	79300	18.4568	4.394632805807911e-17	0.7615834782486836	0.5377	0.0106	-1.0754	0.0247	2	13.07363	0.6018992	3.192738	0.527778	0.8842318	0.04951891	1.595935	0.01669734
deepmd-les-claim-neutral_sA	79400	18.717950000000002	-6.938893903907228e-17	0.7619064199314599	0.5379	0.011	-1.0758	0.025	2	13.07364	0.6018991	3.19274	0.5277783	0.8842324	0.04951891	1.595935	0.01669734
deepmd-les-claim-neutral_sA	79500	18.362450000000003	4.0476881106125497e-17	0.761614602700222	0.5377	0.0102	-1.0754	0.0245	2	13.07364	0.6018991	3.19274	0.5277784	0.8842327	0.04951891	1.595935	0.01669734
deepmd-les-claim-neutral_sA	79600	18.23485	2.544261098099317e-17	0.7625241942117842	0.5383	0.0108	-1.0767	0.0253	2	13.07364	0.6018987	3.192741	0.5277781	0.8842325	0.04951891	1.595935	0.01669734
deepmd-les-claim-neutral_sA	79700	17.67385	-5.898059818321144e-17	0.7629111487656977	0.5386	0.0099	-1.0772	0.0261	2	13.07365	0.6018985	3.19274	0.5277778	0.8842324	0.04951891	1.595935	0.01669734
deepmd-les-claim-neutral_sA	79800	17.93225	1.2721305490496585e-16	0.7629000072389766	0.5386	0.0116	-1.0772	0.027	2	13.07364	0.6018989	3.19274	0.5277782	0.8842324	0.04951891	1.595936	0.01669734
deepmd-les-claim-neutral_sA	79900	17.76735	9.483155002006545e-17	0.7626819598687566	0.5385	0.0101	-1.0769	0.0243	2	13.07365	0.6018986	3.192741	0.5277779	0.8842323	0.04951891	1.595936	0.01669734
deepmd-les-claim-neutral_sA	80000	18.71225	-4.625929269271485e-18	0.7634670359371679	0.539	0.0126	-1.078	0.0278	2	13.07365	0.6018992	3.19274	0.527778	0.8842324	0.04951891	1.595937	0.01669734
deepmd-les-claim-neutral_sA	80100	18.05195	-1.850371707708594e-17	0.7624449577316996	0.5383	0.0116	-1.0765	0.027	2	13.07365	0.6018999	3.192739	0.5277783	0.8842324	0.04951891	1.595938	0.01669734
deepmd-les-claim-neutral_sA	80200	17.54145	-2.0816681711721685e-17	0.7630015734549854	0.5387	0.0103	-1.0774	0.0262	2	13.07365	0.6018993	3.19274	0.5277781	0.8842324	0.04951891	1.595937	0.01669734
deepmd-les-claim-neutral_sB	1	11.231200000000001	-5.204170427930421e-18	0.6042667687064958	0.4267	0.0036	-0.8534	0.0012	2	3.265586	0.08702094	2.233464	0.3805711	0.6785189	0.1245688	0.5821549	0.01408295
deepmd-les-claim-neutral_sB	100	8.34975	1.0870933782787991e-16	0.5132855927099638	0.362	0.0282	-0.7241	0.018	2	5.1946	0.1151914	2.297588	0.362878	0.7075731	0.1245689	0.9094555	0.01408285
deepmd-les-claim-neutral_sB	200	9.999500000000001	-1.2027416100105862e-16	0.560275895336588	0.3955	0.0187	-0.7909	0.0172	2	5.275024	0.10756	2.277531	0.3672799	0.6958423	0.1245689	0.9270805	0.01408283
deepmd-les-claim-neutral_sB	300	13.1537	-1.4513853082339284e-16	0.656458520927339	0.4634	0.0142	-0.9269	0.0201	2	5.264985	0.1041652	2.25511	0.370917	0.6859836	0.1245689	0.9354299	0.01408278
deepmd-les-claim-neutral_sB	400	15.45525	3.5272710678195076e-17	0.7045009836432172	0.4974	0.0111	-0.9948	0.0189	2	5.119441	0.1074237	2.215254	0.3781236	0.6687307	0.1245689	0.9041413	0.01408279
deepmd-les-claim-neutral_sB	500	18.50355	-2.8796409701215e-16	0.7803335826036224	0.551	0.0106	-1.1019	0.0203	2	5.107352	0.114977	2.204914	0.3813401	0.665149	0.1245689	0.9250893	0.01408282
deepmd-les-claim-neutral_sB	600	20.69195	7.28583859910259e-17	0.8139933784608857	0.5747	0.0149	-1.1494	0.0209	2	5.179654	0.1169684	2.21409	0.3834222	0.6698031	0.1245689	0.9699898	0.01408284
deepmd-les-claim-neutral_sB	700	22.888150000000003	8.326672684688674e-17	0.8378416789084815	0.5915	0.0154	-1.183	0.0252	2	5.272115	0.1156304	2.227776	0.3840258	0.6760107	0.1245689	1.01061	0.01408284
deepmd-les-claim-neutral_sB	800	22.1616	5.7824115865893565e-18	0.8525022797827694	0.6019	0.0167	-1.2037	0.0246	2	5.392023	0.1143788	2.244863	0.3856232	0.6840977	0.1245688	1.04747	0.01408286
deepmd-les-claim-neutral_sB	900	22.82195	4.278984574076124e-17	0.8521083693564422	0.6016	0.0164	-1.2032	0.022	2	5.552235	0.1133553	2.266859	0.3918713	0.6952858	0.1245688	1.074414	0.01408287
deepmd-les-claim-neutral_sB	1000	24.13005	-3.885780586188048e-16	0.8726983156028163	0.6161	0.0184	-1.2322	0.0262	2	5.757717	0.1128295	2.294426	0.4039024	0.7112309	0.1245688	1.103251	0.0140829
deepmd-les-claim-neutral_sB	1100	24.033	3.585095183685401e-17	0.879256796108466	0.6208	0.0173	-1.2415	0.0245	2	6.007348	0.1153922	2.32686	0.4170841	0.7314246	0.1245688	1.126028	0.0140829
deepmd-les-claim-neutral_sB	1200	25.8914	4.9728739644668466e-17	0.8943008057413772	0.6314	0.0168	-1.2628	0.0214	2	6.30614	0.1248207	2.363637	0.4298637	0.7559899	0.1245688	1.152567	0.01408292
deepmd-les-claim-neutral_sB	1300	24.8322	-2.3129646346357426e-17	0.9026869210301589	0.6373	0.016	-1.2747	0.0223	2	6.556364	0.1372854	2.393643	0.4387043	0.7774805	0.1245688	1.169994	0.01408293
deepmd-les-claim-neutral_sB	1400	26.8062	-1.0523989087592629e-16	0.9187555811751291	0.6487	0.015	-1.2974	0.0197	2	6.806391	0.1527479	2.422456	0.4466842	0.7980676	0.1245688	1.191842	0.01408294
deepmd-les-claim-neutral_sB	1500	26.7393	-3.5388358909926865e-16	0.9300353097800518	0.6567	0.0145	-1.3133	0.0227	2	7.031986	0.1693087	2.445825	0.4537146	0.8147937	0.1245688	1.207645	0.01408295
deepmd-les-claim-neutral_sB	1600	27.8818	4.7415775010032725e-17	0.934756358379156	0.66	0.0161	-1.3199	0.0271	2	7.213565	0.1815189	2.46432	0.458535	0.8279964	0.1245688	1.223817	0.01408294
deepmd-les-claim-neutral_sB	1700	28.2397	-9.020562075079397e-17	0.9461280818048559	0.668	0.0154	-1.3361	0.0209	2	7.365737	0.1943765	2.481414	0.4638353	0.8402094	0.1245688	1.232436	0.01408296
deepmd-les-claim-neutral_sB	1800	28.02515	-1.3183898417423734e-16	0.957008693032696	0.6757	0.0127	-1.3514	0.0261	2	7.509392	0.2069432	2.49661	0.4684706	0.8507398	0.1245687	1.244341	0.01408297
deepmd-les-claim-neutral_sB	1900	29.3778	-2.6252148603115677e-16	0.9599281054299476	0.6778	0.0157	-1.3555	0.0231	2	7.67157	0.2127283	2.505844	0.4711859	0.8573875	0.1245687	1.253915	0.01408297
deepmd-les-claim-neutral_sB	2000	29.2606	-3.700743415417188e-17	0.9609575149607494	0.6785	0.0141	-1.357	0.0224	2	7.804736	0.2201833	2.515318	0.4742556	0.8636248	0.1245688	1.262402	0.01408296
deepmd-les-claim-neutral_sB	2100	29.71605	-2.058538524825811e-16	0.967415341923264	0.6831	0.013	-1.3661	0.0231	2	7.908501	0.227192	2.524848	0.4768329	0.8700808	0.1245688	1.26956	0.01408294
deepmd-les-claim-neutral_sB	2200	29.97885	2.451742512713887e-16	0.9615066732085349	0.6789	0.0141	-1.3578	0.0235	2	8.020325	0.2323715	2.531384	0.4787963	0.8742238	0.1245688	1.273854	0.01408293
deepmd-les-claim-neutral_sB	2300	29.56975	8.211024452956886e-17	0.9664180185769667	0.6823	0.015	-1.3647	0.024	2	8.11342	0.2347952	2.535395	0.480254	0.87681	0.1245688	1.276879	0.01408293
deepmd-les-claim-neutral_sB	2400	29.30855	3.6197896532049373e-16	0.9653953745752869	0.6816	0.0135	-1.3633	0.0238	2	8.210885	0.2370669	2.538762	0.4811496	0.8789324	0.1245688	1.280829	0.01408296
deepmd-les-claim-neutral_sB	2500	28.161900000000003	-1.5843807747254837e-16	0.9627647051025364	0.6797	0.0165	-1.3595	0.0248	2	8.270472	0.2392516	2.540642	0.481802	0.8797002	0.1245687	1.285286	0.01408297
deepmd-les-claim-neutral_sB	2600	28.741999999999997	8.095376221225099e-17	0.969061652791005	0.6842	0.0141	-1.3684	0.0251	2	8.341128	0.2403502	2.543692	0.4823157	0.8813242	0.1245687	1.291394	0.01408298
deepmd-les-claim-neutral_sB	2700	29.46495	1.5843807747254837e-16	0.9657387186299732	0.6819	0.0143	-1.3637	0.0245	2	8.435211	0.2437024	2.548067	0.4836201	0.8841958	0.1245687	1.295999	0.01408298
deepmd-les-claim-neutral_sB	2800	27.867649999999998	-5.192605604757242e-16	0.9578964674252618	0.6763	0.0141	-1.3527	0.0215	2	8.51845	0.2436972	2.548823	0.4837412	0.8845504	0.1245687	1.302519	0.01408298
deepmd-les-claim-neutral_sB	2900	26.820149999999998	3.1109374335850737e-16	0.9555613779814618	0.6747	0.0158	-1.3493	0.0241	2	8.60815	0.2426414	2.549549	0.4836227	0.8844877	0.1245688	1.308756	0.01408296
deepmd-les-claim-neutral_sB	3000	29.11975	1.6422048905913772e-16	0.964494625057763	0.681	0.0145	-1.362	0.0264	2	8.674491	0.2438849	2.551141	0.4840348	0.8848386	0.1245688	1.315425	0.01408295
deepmd-les-claim-neutral_sB	3100	29.67305	4.163336342344337e-17	0.9460124023065025	0.6679	0.0152	-1.3359	0.0232	2	8.748096	0.2401363	2.548725	0.4831674	0.8830189	0.1245688	1.319594	0.01408295
deepmd-les-claim-neutral_sB	3200	26.7653	-8.095376221225099e-17	0.9472407443605073	0.6688	0.0128	-1.3376	0.0242	2	8.826784	0.2402025	2.549505	0.4835364	0.8834353	0.1245688	1.325937	0.01408294
deepmd-les-claim-neutral_sB	3300	28.137349999999998	-6.591949208711867e-17	0.9475124652278087	0.669	0.0134	-1.338	0.0276	2	8.906523	0.2420355	2.553434	0.4840384	0.8855315	0.1245688	1.335794	0.01408296
deepmd-les-claim-neutral_sB	3400	28.787399999999998	5.088522196198634e-17	0.9439699983724883	0.6665	0.015	-1.333	0.0261	2	8.995383	0.2430661	2.555282	0.4843109	0.885855	0.1245688	1.346132	0.01408296
deepmd-les-claim-neutral_sB	3500	27.204349999999998	-2.3129646346357425e-16	0.947361161084832	0.6689	0.0142	-1.3377	0.0274	2	9.086025	0.2416276	2.55464	0.4840017	0.8847408	0.1245688	1.354129	0.01408296
deepmd-les-claim-neutral_sB	3600	27.98305	-3.874215763014869e-16	0.9510361049408106	0.6715	0.0129	-1.343	0.023	2	9.142071	0.2412512	2.554756	0.4841998	0.8848042	0.1245687	1.357795	0.01408297
deepmd-les-claim-neutral_sB	3700	27.179299999999998	6.360652745248292e-17	0.9387246100311833	0.6628	0.0145	-1.3256	0.0231	2	9.235042	0.2419062	2.556064	0.4844881	0.8852141	0.1245687	1.364821	0.01408297
deepmd-les-claim-neutral_sB	3800	27.713	2.1973164029039555e-16	0.9354685787822669	0.6605	0.0146	-1.3209	0.0263	2	9.297674	0.23957	2.556014	0.4839569	0.8844674	0.1245687	1.375129	0.01408296
deepmd-les-claim-neutral_sB	3900	28.7521	8.904913843347609e-17	0.9390854288386317	0.663	0.0132	-1.3261	0.0277	2	9.356612	0.240792	2.557501	0.4842866	0.8847816	0.1245688	1.383881	0.01408296
deepmd-les-claim-neutral_sB	4000	28.0712	-2.266705341943028e-16	0.9377274856675086	0.6621	0.0139	-1.3242	0.0241	2	9.436524	0.240609	2.558249	0.4842432	0.8843357	0.1245688	1.392701	0.01408295
deepmd-les-claim-neutral_sB	4100	28.262050000000002	-1.5612511283791264e-16	0.9384264186481444	0.6626	0.0128	-1.3252	0.022	2	9.505395	0.2405998	2.55815	0.4841921	0.8836146	0.1245687	1.39907	0.01408298
deepmd-les-claim-neutral_sB	4200	26.9127	9.367506770274758e-17	0.9379827444086719	0.6623	0.0131	-1.3245	0.0248	2	9.573975	0.2414502	2.559424	0.4841714	0.8835394	0.1245687	1.408567	0.01408297
deepmd-les-claim-neutral_sB	4300	26.50595	-7.864079757761525e-17	0.9267489871813773	0.6543	0.0121	-1.3087	0.0259	2	9.671658	0.2414864	2.560729	0.4843149	0.8841677	0.1245687	1.416317	0.01408297
deepmd-les-claim-neutral_sB	4400	27.405549999999998	7.517135062566163e-17	0.9288387186862826	0.6558	0.0135	-1.3116	0.0259	2	9.731221	0.2431175	2.563282	0.4846914	0.8850653	0.1245687	1.42647	0.01408298
deepmd-les-claim-neutral_sB	4500	27.1675	1.3877787807814457e-17	0.9257548893585285	0.6536	0.0131	-1.3073	0.0252	2	9.80307	0.2439031	2.564965	0.4845636	0.885066	0.1245687	1.435709	0.01408297
deepmd-les-claim-neutral_sB	4600	27.5837	1.0986582014519777e-16	0.9219819794237708	0.651	0.0133	-1.3019	0.0243	2	9.877116	0.2430241	2.564644	0.4842963	0.8841148	0.1245688	1.446189	0.01408295
deepmd-les-claim-neutral_sB	4700	26.988	-3.353798720221827e-17	0.9175641834207597	0.6478	0.0133	-1.2957	0.0248	2	9.966807	0.2408894	2.563377	0.4838163	0.8824243	0.1245688	1.452913	0.01408296
deepmd-les-claim-neutral_sB	4800	27.371850000000002	-7.054542135639015e-17	0.9100165389615493	0.6425	0.0116	-1.2851	0.0249	2	10.03289	0.2408724	2.564732	0.4838005	0.8824416	0.1245688	1.460335	0.01408294
deepmd-les-claim-neutral_sB	4900	26.0205	2.5211314517529593e-16	0.913868686031914	0.6452	0.0134	-1.2905	0.0261	2	10.09346	0.2396317	2.564055	0.4832015	0.8807767	0.1245688	1.470623	0.01408293
deepmd-les-claim-neutral_sB	5000	26.8524	1.1564823173178713e-17	0.9100905286751078	0.6426	0.0138	-1.2851	0.0252	2	10.1863	0.2405358	2.565353	0.483495	0.8809004	0.1245688	1.480279	0.01408293
deepmd-les-claim-neutral_sB	5100	25.80135	1.0986582014519777e-16	0.9132291436741867	0.6448	0.012	-1.2896	0.0213	2	10.22494	0.2406337	2.567074	0.4837428	0.8818422	0.1245688	1.486191	0.01408292
deepmd-les-claim-neutral_sB	5200	26.662950000000002	1.5843807747254837e-16	0.9124075631763872	0.6442	0.011	-1.2885	0.0227	2	10.24412	0.2423276	2.568544	0.4839515	0.8824171	0.1245688	1.489623	0.01408292
deepmd-les-claim-neutral_sB	5300	26.836750000000002	1.3877787807814457e-17	0.9117599518949279	0.6438	0.0128	-1.2875	0.0229	2	10.25636	0.2425427	2.569105	0.4839284	0.8824884	0.1245688	1.490133	0.01408292
deepmd-les-claim-neutral_sB	5400	25.3358	-6.476300976980079e-17	0.9079995158714785	0.6411	0.0137	-1.2822	0.0252	2	10.2838	0.2433242	2.570533	0.4840076	0.8832123	0.1245688	1.493588	0.01408293
deepmd-les-claim-neutral_sB	5500	24.9319	-2.220446049250313e-16	0.904604694135628	0.6387	0.0123	-1.2774	0.0275	2	10.30874	0.2442965	2.571454	0.4841188	0.8835469	0.1245688	1.495439	0.01408293
deepmd-les-claim-neutral_sB	5600	26.21215	1.5265566588595902e-16	0.9030335902117882	0.6376	0.0126	-1.2752	0.0263	2	10.32789	0.2455071	2.572708	0.4841054	0.8837191	0.1245688	1.499465	0.01408292
deepmd-les-claim-neutral_sB	5700	25.4022	-1.0639637319324416e-16	0.9008282092154744	0.636	0.013	-1.272	0.0266	2	10.34482	0.2460837	2.573052	0.4840552	0.8836935	0.1245688	1.50171	0.01408292
deepmd-les-claim-neutral_sB	5800	25.606099999999998	-1.6653345369377348e-16	0.8974244798589096	0.6336	0.0123	-1.2672	0.0253	2	10.36877	0.2465747	2.574042	0.4840144	0.883891	0.1245688	1.504419	0.01408292
deepmd-les-claim-neutral_sB	5900	24.86605	1.2952601953960158e-16	0.9013616633263941	0.6364	0.0128	-1.2728	0.0269	2	10.3915	0.2473463	2.574944	0.4840116	0.8840964	0.1245688	1.507309	0.01408292
deepmd-les-claim-neutral_sB	6000	25.81315	-1.5496863052059476e-16	0.893534909524183	0.6308	0.0122	-1.2617	0.0293	2	10.42029	0.2480597	2.575969	0.4839672	0.8843061	0.1245688	1.511251	0.01408292
deepmd-les-claim-neutral_sB	6100	24.77405	3.8163916471489756e-17	0.8966275674656885	0.633	0.0132	-1.2661	0.0266	2	10.44413	0.2494299	2.577367	0.4840165	0.8846024	0.1245688	1.514592	0.01408292
deepmd-les-claim-neutral_sB	6200	24.64695	-2.3129646346357427e-18	0.8913466831477241	0.6293	0.0123	-1.2587	0.0248	2	10.47438	0.2497884	2.577856	0.4839749	0.8845545	0.1245688	1.517244	0.01408292
deepmd-les-claim-neutral_sB	6300	24.5183	-1.1911767868374074e-16	0.890115787905455	0.6285	0.013	-1.2569	0.024	2	10.50159	0.2508643	2.578924	0.483993	0.8846955	0.1245688	1.519885	0.01408292
deepmd-les-claim-neutral_sB	6400	24.6078	5.66676335485757e-17	0.8882045549767127	0.6271	0.0126	-1.2542	0.0241	2	10.53301	0.2515211	2.580128	0.4837925	0.8847515	0.1245688	1.525481	0.01408292
deepmd-les-claim-neutral_sB	6500	23.211350000000003	-2.0122792321330962e-16	0.8833687786835546	0.6237	0.0118	-1.2474	0.0234	2	10.55997	0.2522315	2.580944	0.4837529	0.8848955	0.1245688	1.528909	0.01408292
deepmd-les-claim-neutral_sB	6600	25.34045	-9.25185853854297e-17	0.8830525694372685	0.6234	0.0144	-1.2469	0.0292	2	10.59144	0.2533649	2.582387	0.4838229	0.8852974	0.1245688	1.53173	0.01408292
deepmd-les-claim-neutral_sB	6700	24.89575	6.129356281784718e-17	0.8829811226983102	0.6234	0.0122	-1.2468	0.0255	2	10.61937	0.2538004	2.58378	0.4837528	0.8853785	0.1245688	1.536953	0.01408292
deepmd-les-claim-neutral_sB	6800	23.6769	-2.0816681711721685e-17	0.8810955030173196	0.6221	0.012	-1.2442	0.0251	2	10.6543	0.2546988	2.584678	0.4837076	0.8855243	0.1245688	1.540482	0.01408292
deepmd-les-claim-neutral_sB	6900	24.06015	-1.1911767868374074e-16	0.8779045264969836	0.6198	0.0122	-1.2397	0.0266	2	10.68286	0.2541908	2.584108	0.4832177	0.8843108	0.1245688	1.543099	0.01408292
deepmd-les-claim-neutral_sB	7000	24.15985	-4.278984574076124e-17	0.8753063430764421	0.618	0.0135	-1.236	0.0261	2	10.7208	0.2545706	2.585435	0.483242	0.8847049	0.1245688	1.548063	0.01408292
deepmd-les-claim-neutral_sB	7100	23.40015	-1.2721305490496585e-16	0.8790780876047694	0.6207	0.0126	-1.2413	0.024	2	10.75797	0.2566211	2.587613	0.4835132	0.885324	0.1245688	1.553006	0.01408292
deepmd-les-claim-neutral_sB	7200	24.4816	-4.7415775010032725e-17	0.8708305848382273	0.6148	0.0135	-1.2296	0.0276	2	10.79543	0.2557802	2.587472	0.4832467	0.8848201	0.1245688	1.555018	0.01408292
deepmd-les-claim-neutral_sB	7300	23.60765	7.401486830834377e-17	0.8696323914431812	0.614	0.0118	-1.2279	0.0284	2	10.83423	0.2565704	2.588698	0.4831109	0.8848219	0.1245688	1.561574	0.01408292
deepmd-les-claim-neutral_sB	7400	23.439799999999998	1.376213957608267e-16	0.8623316477093638	0.6088	0.0136	-1.2177	0.0238	2	10.86551	0.2562645	2.588709	0.4829261	0.8841781	0.1245688	1.563858	0.01408292
deepmd-les-claim-neutral_sB	7500	23.65145	-1.410908427127803e-16	0.8638578007556316	0.6099	0.0131	-1.2198	0.0249	2	10.90144	0.2574737	2.589674	0.482904	0.8839566	0.1245688	1.567891	0.01408292
deepmd-les-claim-neutral_sB	7600	22.8836	-7.864079757761525e-17	0.8602172202981522	0.6073	0.0119	-1.2147	0.0269	2	10.93255	0.256678	2.589438	0.4824807	0.8829776	0.1245688	1.57255	0.01408292
deepmd-les-claim-neutral_sB	7700	23.5116	-2.1626219333844193e-16	0.8574461690260418	0.6054	0.013	-1.2108	0.0233	2	10.96593	0.2566488	2.590086	0.4822089	0.8827437	0.1245688	1.577949	0.01408292
deepmd-les-claim-neutral_sB	7800	23.6351	-2.706168622523819e-16	0.8570332551519244	0.6051	0.0113	-1.2102	0.025	2	11.00462	0.2580269	2.591714	0.4823441	0.8833625	0.1245688	1.584569	0.01408293
deepmd-les-claim-neutral_sB	7900	23.25895	-5.551115123125783e-17	0.8546595288639554	0.6034	0.014	-1.2068	0.0265	2	11.04221	0.2573004	2.591647	0.481864	0.8821814	0.1245688	1.587359	0.01408293
deepmd-les-claim-neutral_sB	8000	22.867600000000003	-8.095376221225099e-17	0.851684735862835	0.6013	0.0135	-1.2026	0.0259	2	11.07135	0.2573392	2.592857	0.4816084	0.8820659	0.1245688	1.593659	0.01408293
deepmd-les-claim-neutral_sB	8100	23.252699999999997	-1.7809827686695218e-16	0.8534557148607487	0.6026	0.0132	-1.2051	0.024	2	11.10602	0.2584221	2.593903	0.481734	0.8821738	0.1245688	1.597509	0.01408293
deepmd-les-claim-neutral_sB	8200	24.21285	-1.0061396160665481e-16	0.8519064359991275	0.6015	0.0116	-1.203	0.0227	2	11.15035	0.2581687	2.594847	0.4816463	0.8822637	0.1245688	1.602507	0.01408293
deepmd-les-claim-neutral_sB	8300	22.3321	1.3993436039546242e-16	0.8493073371624955	0.5996	0.0121	-1.1993	0.0271	2	11.19055	0.2578692	2.5949	0.4814697	0.8818331	0.1245688	1.606951	0.01408293
deepmd-les-claim-neutral_sB	8400	22.4907	2.0469737016526324e-16	0.8480327884231643	0.5987	0.0129	-1.1974	0.028	2	11.22422	0.2583814	2.596578	0.4816332	0.8823058	0.1245688	1.611911	0.01408293
deepmd-les-claim-neutral_sB	8500	23.343049999999998	9.25185853854297e-18	0.843243231259493	0.5954	0.0134	-1.1907	0.0235	2	11.25924	0.2579193	2.596623	0.4814093	0.8816583	0.1245688	1.614156	0.01408293
deepmd-les-claim-neutral_sB	8600	21.73785	-2.1279274638648832e-16	0.8432981958922604	0.5954	0.0132	-1.1908	0.0262	2	11.30108	0.2595101	2.598349	0.4812947	0.88203	0.1245688	1.621331	0.01408293
deepmd-les-claim-neutral_sB	8700	22.4574	3.215020842143682e-16	0.8409666711902939	0.5937	0.013	-1.1875	0.0246	2	11.34476	0.2589359	2.59851	0.4810987	0.8812931	0.1245688	1.624442	0.01408293
deepmd-les-claim-neutral_sB	8800	22.9369	2.544261098099317e-17	0.8408360728952172	0.5936	0.014	-1.1873	0.0242	2	11.37614	0.2584173	2.598518	0.4806749	0.8798559	0.1245688	1.629921	0.01408293
deepmd-les-claim-neutral_sB	8900	22.351349999999996	-1.734723475976807e-17	0.8368655242244821	0.5909	0.0121	-1.1817	0.0243	2	11.40987	0.2582454	2.598985	0.4802635	0.879345	0.1245688	1.635717	0.01408293
deepmd-les-claim-neutral_sB	9000	22.322400000000002	1.3530843112619095e-16	0.8293091919720679	0.5855	0.013	-1.171	0.0252	2	11.46056	0.2591272	2.600317	0.4805413	0.8798631	0.1245688	1.640547	0.01408293
deepmd-les-claim-neutral_sB	9100	21.7673	3.0068540250264654e-17	0.8267959473793219	0.5837	0.0132	-1.1675	0.0252	2	11.49538	0.2572173	2.59921	0.4798081	0.8778198	0.1245688	1.645551	0.01408293
deepmd-les-claim-neutral_sB	9200	22.3995	-4.85722573273506e-17	0.8319116262720864	0.5873	0.0139	-1.1747	0.0255	2	11.53595	0.2587651	2.601088	0.4801188	0.8785691	0.1245688	1.649685	0.01408293
deepmd-les-claim-neutral_sB	9300	21.47005	4.0476881106125497e-17	0.8315236384775153	0.5871	0.0128	-1.1741	0.0274	2	11.56469	0.2575878	2.60071	0.4795387	0.8770963	0.1245688	1.653017	0.01408293
deepmd-les-claim-neutral_sB	9400	20.87055	-3.2381504884900395e-17	0.8335757407705123	0.5885	0.0122	-1.1771	0.0244	2	11.59304	0.2578072	2.601461	0.4797102	0.8766765	0.1245688	1.655192	0.01408293
deepmd-les-claim-neutral_sB	9500	22.3003	-1.5265566588595902e-16	0.8270957392515694	0.5839	0.0137	-1.1679	0.0245	2	11.64003	0.2588367	2.603425	0.4796857	0.8776981	0.1245688	1.66151	0.01408294
deepmd-les-claim-neutral_sB	9600	21.521	-1.3530843112619095e-16	0.8202966510718696	0.5791	0.014	-1.1582	0.0278	2	11.6792	0.2582367	2.603235	0.4792359	0.8766707	0.1245688	1.665393	0.01408294
deepmd-les-claim-neutral_sB	9700	22.170099999999998	8.211024452956886e-17	0.8191814527939535	0.5783	0.0146	-1.1567	0.0259	2	11.70809	0.2578498	2.603929	0.4789862	0.8759034	0.1245688	1.67078	0.01408294
deepmd-les-claim-neutral_sB	9800	20.74025	1.5034270125132327e-16	0.8210294806704012	0.5797	0.0133	-1.1593	0.0256	2	11.75047	0.258617	2.604931	0.4791378	0.8762134	0.1245688	1.674009	0.01408295
deepmd-les-claim-neutral_sB	9900	20.704050000000002	2.9259002628142145e-16	0.8199833432095036	0.5789	0.0141	-1.1578	0.0277	2	11.79155	0.2591603	2.606679	0.4793628	0.8767082	0.1245688	1.67766	0.01408295
deepmd-les-claim-neutral_sB	10000	21.539749999999998	1.2027416100105862e-16	0.8188042295886965	0.5781	0.0118	-1.1562	0.0273	2	11.82492	0.2577316	2.605606	0.4786537	0.8748425	0.1245688	1.682122	0.01408295
deepmd-les-claim-neutral_sB	10100	20.821399999999997	1.7231586528036283e-16	0.8154704407303838	0.5757	0.013	-1.1515	0.0246	2	11.84391	0.2578274	2.606252	0.4785018	0.8745116	0.1245688	1.685126	0.01408296
deepmd-les-claim-neutral_sB	10200	21.4557	1.214306433183765e-16	0.8156213045456243	0.5758	0.0122	-1.1517	0.0251	2	11.85758	0.2588193	2.607824	0.4787232	0.8759545	0.1245688	1.68671	0.01408296
deepmd-les-claim-neutral_sB	10300	21.728	-3.6197896532049373e-16	0.816094571438994	0.5762	0.0132	-1.1523	0.0258	2	11.8682	0.2595082	2.608902	0.4787845	0.8765914	0.1245688	1.688276	0.01408296
deepmd-les-claim-neutral_sB	10400	21.19045	-8.326672684688674e-17	0.8143453924886025	0.5749	0.0126	-1.1499	0.0259	2	11.88248	0.2598744	2.609726	0.4788016	0.8769735	0.1245688	1.689259	0.01408296
deepmd-les-claim-neutral_sB	10500	21.058300000000003	6.129356281784718e-17	0.8132878923899347	0.5742	0.0131	-1.1483	0.0284	2	11.89552	0.2604517	2.610715	0.4788723	0.8777068	0.1245688	1.69117	0.01408296
deepmd-les-claim-neutral_sB	10600	21.32545	8.211024452956886e-17	0.8125754486346064	0.5737	0.0135	-1.1474	0.0252	2	11.90602	0.2608236	2.611256	0.478892	0.8777157	0.1245688	1.69175	0.01408295
deepmd-les-claim-neutral_sB	10700	22.017200000000003	1.5381214820327688e-16	0.8109659409076958	0.5725	0.0129	-1.1451	0.0276	2	11.92075	0.2610017	2.612251	0.4789011	0.8782413	0.1245688	1.692577	0.01408296
deepmd-les-claim-neutral_sB	10800	21.4575	1.4456028966473392e-16	0.8140811602144227	0.5747	0.0149	-1.1494	0.0291	2	11.93165	0.2619737	2.613544	0.4789386	0.8791509	0.1245688	1.695054	0.01408296
deepmd-les-claim-neutral_sB	10900	21.4077	1.491862189340054e-16	0.8107798225923685	0.5724	0.012	-1.1449	0.0236	2	11.94351	0.2622127	2.614218	0.479013	0.8791721	0.1245688	1.695628	0.01408296
deepmd-les-claim-neutral_sB	11000	20.3027	-1.2721305490496585e-16	0.8079682153978801	0.5704	0.0138	-1.1408	0.029	2	11.96164	0.2625141	2.614673	0.478941	0.8793316	0.1245688	1.697506	0.01408296
deepmd-les-claim-neutral_sB	11100	20.7282	-1.0870933782787991e-16	0.8103035314049036	0.5721	0.014	-1.1442	0.0244	2	11.97148	0.2627563	2.61559	0.4788101	0.8792697	0.1245688	1.698147	0.01408296
deepmd-les-claim-neutral_sB	11200	20.82595	-4.891920202254596e-16	0.8075152660366574	0.5701	0.013	-1.1402	0.0273	2	11.98789	0.2628031	2.615927	0.4786509	0.879539	0.1245688	1.699998	0.01408296
deepmd-les-claim-neutral_sB	11300	20.3244	1.0870933782787991e-16	0.8074435024304495	0.5701	0.0136	-1.1401	0.0254	2	11.998	0.2627985	2.616125	0.4786227	0.8791323	0.1245688	1.70173	0.01408296
deepmd-les-claim-neutral_sB	11400	20.98025	-1.0870933782787991e-16	0.803035792283508	0.5669	0.0134	-1.1339	0.0263	2	12.0141	0.2628898	2.616814	0.4786645	0.8794206	0.1245688	1.702378	0.01408296
deepmd-les-claim-neutral_sB	11500	20.083	2.5673907444456745e-16	0.8034316800904041	0.5672	0.0124	-1.1344	0.0279	2	12.03186	0.2637259	2.617949	0.4785631	0.8798729	0.1245688	1.705682	0.01408296
deepmd-les-claim-neutral_sB	11600	20.9473	1.734723475976807e-17	0.802329636270541	0.5664	0.0137	-1.1329	0.0256	2	12.04831	0.2641646	2.618899	0.4786791	0.8804731	0.1245688	1.7067	0.01408296
deepmd-les-claim-neutral_sB	11700	20.591549999999998	-1.2721305490496585e-17	0.802345540481619	0.5664	0.0125	-1.1329	0.0278	2	12.06255	0.2640085	2.619406	0.4785121	0.8798594	0.1245688	1.708537	0.01408296
deepmd-les-claim-neutral_sB	11800	20.96865	-1.3415194880887307e-16	0.8004583084244491	0.5651	0.0131	-1.1303	0.0245	2	12.08244	0.2642186	2.620162	0.4784123	0.8801162	0.1245688	1.709709	0.01408296
deepmd-les-claim-neutral_sB	11900	20.27055	-3.4925765982999713e-16	0.8014632111599829	0.5658	0.0148	-1.1316	0.0292	2	12.09131	0.2639451	2.619982	0.4782056	0.8794584	0.1245688	1.710613	0.01408296
deepmd-les-claim-neutral_sB	12000	20.7959	3.5041414214731503e-16	0.7997576389986639	0.5646	0.0131	-1.1293	0.0257	2	12.11656	0.2642286	2.621602	0.4781405	0.8801711	0.1245688	1.714101	0.01408296
deepmd-les-claim-neutral_sB	12100	20.219099999999997	1.7115938296304495e-16	0.7981710090305139	0.5635	0.0128	-1.127	0.0276	2	12.1287	0.2647489	2.621478	0.4781715	0.8800866	0.1245688	1.714682	0.01408296
deepmd-les-claim-neutral_sB	12200	19.98585	-1.8619365308817729e-16	0.8001356715826456	0.5649	0.0132	-1.1298	0.0263	2	12.1411	0.2647033	2.622835	0.4781022	0.8801563	0.1245688	1.717597	0.01408296
deepmd-les-claim-neutral_sB	12300	19.6923	-1.214306433183765e-16	0.7975372054675678	0.563	0.0131	-1.1261	0.0275	2	12.15996	0.2648421	2.622703	0.4780213	0.8795114	0.1245688	1.718604	0.01408296
deepmd-les-claim-neutral_sB	12400	20.130699999999997	5.319818659662208e-17	0.7966038044118154	0.5624	0.0127	-1.1248	0.0235	2	12.17768	0.2647369	2.623687	0.4777561	0.8798614	0.1245688	1.720531	0.01408296
deepmd-les-claim-neutral_sB	12500	19.5283	-1.607510421071841e-16	0.7948687334238448	0.5612	0.0115	-1.1224	0.0242	2	12.19437	0.2647897	2.624189	0.4777782	0.8802026	0.1245688	1.721952	0.01408296
deepmd-les-claim-neutral_sB	12600	20.1084	-3.1687615494509675e-16	0.7919482109428164	0.5591	0.0129	-1.1182	0.0301	2	12.20937	0.2646233	2.624436	0.47778	0.8797266	0.1245688	1.722333	0.01408296
deepmd-les-claim-neutral_sB	12700	20.6643	3.365363543395006e-16	0.7920575817716369	0.5592	0.0136	-1.1184	0.0263	2	12.2296	0.2653733	2.625685	0.4779766	0.8805037	0.1245688	1.724211	0.01408296
deepmd-les-claim-neutral_sB	12800	20.52605	-2.5558259212724955e-16	0.7974612590588704	0.563	0.0142	-1.1259	0.0306	2	12.2469	0.2651787	2.626664	0.4776836	0.8803227	0.1245688	1.726843	0.01408296
deepmd-les-claim-neutral_sB	12900	20.1326	7.979727989493313e-17	0.7909269960330204	0.5584	0.013	-1.1168	0.0254	2	12.27035	0.2650996	2.627191	0.4774509	0.8802052	0.1245688	1.730113	0.01408296
deepmd-les-claim-neutral_sB	13000	20.52265	9.136210306811184e-17	0.7903529720310704	0.558	0.0136	-1.1159	0.0294	2	12.29034	0.2654106	2.627734	0.4774155	0.880074	0.1245688	1.732155	0.01408296
deepmd-les-claim-neutral_sB	13100	20.1241	-4.278984574076124e-16	0.7871893255561081	0.5558	0.013	-1.1115	0.0237	2	12.30694	0.265195	2.628059	0.4774022	0.8796895	0.1245688	1.732007	0.01408296
deepmd-les-claim-neutral_sB	13200	19.1049	9.830099697201906e-17	0.7876905301245734	0.5561	0.0126	-1.1122	0.0268	2	12.32791	0.2657758	2.629568	0.4773239	0.8806042	0.1245688	1.734756	0.01408296
deepmd-les-claim-neutral_sB	13300	20.23865	-2.5211314517529593e-16	0.7877708562942829	0.5562	0.0123	-1.1124	0.0238	2	12.34726	0.2665597	2.631409	0.4774343	0.8814396	0.1245688	1.736812	0.01408296
deepmd-les-claim-neutral_sB	13400	19.918	3.3306690738754696e-16	0.7877064630285732	0.5561	0.0126	-1.1122	0.0277	2	12.35771	0.2657277	2.630862	0.4771298	0.8804973	0.1245688	1.73857	0.01408296
deepmd-les-claim-neutral_sB	13500	19.14315	1.7462882991499856e-16	0.7848544268681337	0.5541	0.0136	-1.1082	0.0279	2	12.37657	0.2655067	2.63124	0.4771115	0.8799025	0.1245688	1.739665	0.01408296
deepmd-les-claim-neutral_sB	13600	19.569200000000002	2.3129646346357426e-17	0.7847857362995059	0.5541	0.0133	-1.1081	0.0245	2	12.39541	0.2657405	2.631994	0.4769795	0.8800069	0.1245688	1.742958	0.01408296
deepmd-les-claim-neutral_sB	13700	19.53665	5.204170427930421e-17	0.7862824555144021	0.5551	0.0126	-1.1102	0.0289	2	12.40744	0.2654369	2.632039	0.4769498	0.8793082	0.1245688	1.743699	0.01408296
deepmd-les-claim-neutral_sB	13800	19.0259	1.850371707708594e-16	0.7855787447160745	0.5546	0.0133	-1.1092	0.0261	2	12.43242	0.265914	2.633534	0.4768775	0.8798729	0.1245688	1.744843	0.01408296
deepmd-les-claim-neutral_sB	13900	19.640050000000002	-5.4354668913939954e-17	0.7824931233974005	0.5524	0.0122	-1.1049	0.0249	2	12.45469	0.2666698	2.634651	0.476989	0.8809267	0.1245688	1.747784	0.01408296
deepmd-les-claim-neutral_sB	14000	18.668950000000002	-3.758567531283082e-16	0.7829618889501692	0.5528	0.013	-1.1055	0.026	2	12.46197	0.2659321	2.634375	0.4768288	0.8798503	0.1245688	1.748897	0.01408296
deepmd-les-claim-neutral_sB	14100	19.42005	3.122502256758253e-17	0.7826966970248113	0.5526	0.0138	-1.1051	0.0259	2	12.48138	0.2661748	2.635276	0.4769354	0.880151	0.1245688	1.750344	0.01408296
deepmd-les-claim-neutral_sB	14200	19.6663	7.170190367370802e-17	0.7772968099046517	0.5488	0.0111	-1.0976	0.0243	2	12.49826	0.2655356	2.635102	0.4764908	0.8793097	0.1245688	1.752332	0.01408296
deepmd-les-claim-neutral_sB	14300	19.00995	1.4802973661668753e-16	0.7796752499301789	0.5504	0.0147	-1.1008	0.0279	2	12.51769	0.2663335	2.636578	0.4768383	0.8801527	0.1245688	1.754564	0.01408296
deepmd-les-claim-neutral_sB	14400	19.4226	-5.088522196198634e-17	0.783482946752631	0.5531	0.0136	-1.1062	0.0276	2	12.53163	0.2661796	2.637219	0.4766661	0.8796474	0.1245688	1.756264	0.01408296
deepmd-les-claim-neutral_sB	14500	19.5485	-3.423187659260899e-16	0.7764601705775559	0.5481	0.0142	-1.0963	0.0285	2	12.55395	0.2659091	2.637411	0.4766751	0.87964	0.1245688	1.756905	0.01408296
deepmd-les-claim-neutral_sB	14600	18.41635	-2.486436982233423e-16	0.7773785981042766	0.5488	0.0139	-1.0976	0.0279	2	12.57129	0.2659257	2.638398	0.4766181	0.8799979	0.1245688	1.758734	0.01408296
deepmd-les-claim-neutral_sB	14700	18.18205	1.0177044392397268e-16	0.7747903911069707	0.547	0.0128	-1.094	0.0251	2	12.58588	0.2653765	2.638459	0.4764629	0.8788168	0.1245688	1.759438	0.01408296
deepmd-les-claim-neutral_sB	14800	19.68145	-9.367506770274758e-17	0.7771374669794145	0.5486	0.0143	-1.0973	0.0274	2	12.60293	0.2653153	2.638916	0.4763081	0.879116	0.1245688	1.761411	0.01408296
deepmd-les-claim-neutral_sB	14900	19.31505	2.544261098099317e-17	0.779016828199683	0.55	0.0132	-1.0999	0.0279	2	12.6203	0.2653348	2.639466	0.4763155	0.8788018	0.1245688	1.76304	0.01408296
deepmd-les-claim-neutral_sB	15000	18.63485	-1.2027416100105862e-16	0.7761443843698903	0.5479	0.0129	-1.0959	0.0285	2	12.63772	0.2648913	2.639561	0.4760798	0.8776136	0.1245688	1.763413	0.01408296
deepmd-les-claim-neutral_sB	15100	19.18665	3.0068540250264654e-17	0.7747662443224856	0.547	0.0137	-1.0939	0.0277	2	12.64715	0.2650823	2.63998	0.476191	0.8779244	0.1245688	1.764464	0.01408296
deepmd-les-claim-neutral_sB	15200	18.74895	-9.772275581336012e-17	0.7735180761005158	0.5461	0.0129	-1.0922	0.0281	2	12.65271	0.2651485	2.640448	0.4761655	0.8781394	0.1245688	1.764938	0.01408296
deepmd-les-claim-neutral_sB	15300	19.39085	-1.214306433183765e-16	0.7726979428476611	0.5455	0.0145	-1.091	0.0275	2	12.6566	0.2653234	2.640916	0.4762263	0.8785418	0.1245688	1.765757	0.01408296
deepmd-les-claim-neutral_sB	15400	18.945349999999998	-3.7238730617635457e-16	0.7722049112780757	0.5451	0.0124	-1.0903	0.0291	2	12.66331	0.2658801	2.641798	0.4763542	0.8793704	0.1245688	1.766525	0.01408296
deepmd-les-claim-neutral_sB	15500	18.9127	-2.7639927383897123e-16	0.7738642766536165	0.5463	0.0143	-1.0926	0.0281	2	12.66569	0.2658076	2.641989	0.4762991	0.8791376	0.1245688	1.7667	0.01408296
deepmd-les-claim-neutral_sB	15600	18.99005	-2.3129646346357426e-17	0.7732130783343932	0.5459	0.0141	-1.0917	0.0268	2	12.67457	0.2664672	2.642784	0.4764132	0.8801575	0.1245688	1.767461	0.01408296
deepmd-les-claim-neutral_sB	15700	18.66855	-2.1973164029039556e-17	0.7705439059258933	0.544	0.0118	-1.088	0.026	2	12.68061	0.2667131	2.643379	0.4764739	0.880366	0.1245688	1.768402	0.01408296
deepmd-les-claim-neutral_sB	15800	19.5503	-2.8333816774287846e-16	0.770447293829608	0.5439	0.0142	-1.0878	0.0289	2	12.68508	0.2663117	2.643389	0.4763849	0.8799529	0.1245688	1.768483	0.01408296
deepmd-les-claim-neutral_sB	15900	18.5723	5.551115123125783e-17	0.7734469486516256	0.546	0.0135	-1.092	0.0313	2	12.69046	0.2668437	2.644276	0.4764467	0.8805617	0.1245688	1.769142	0.01408296
deepmd-les-claim-neutral_sB	16000	18.65285	2.9952892018532868e-16	0.7723139254645286	0.5452	0.0138	-1.0905	0.0255	2	12.69757	0.2670559	2.644677	0.4764306	0.8807154	0.1245688	1.77046	0.01408296
deepmd-les-claim-neutral_sB	16100	19.2169	-2.5673907444456745e-16	0.770489137077528	0.544	0.0127	-1.0879	0.0262	2	12.70484	0.2674155	2.645409	0.4765472	0.8813712	0.1245688	1.770639	0.01408296
deepmd-les-claim-neutral_sB	16200	19.26875	1.1796119636642288e-16	0.766561165521594	0.5412	0.0129	-1.0823	0.0282	2	12.71268	0.2671737	2.645645	0.4764694	0.88132	0.1245688	1.771168	0.01408296
deepmd-les-claim-neutral_sB	16300	18.6246	-6.591949208711867e-17	0.7697691909116446	0.5434	0.0138	-1.0868	0.0286	2	12.71807	0.2679956	2.646464	0.4765351	0.8817333	0.1245688	1.772467	0.01408296
deepmd-les-claim-neutral_sB	16400	18.81395	2.0701033479989897e-16	0.769883947000704	0.5435	0.0124	-1.087	0.0276	2	12.72314	0.2675575	2.646673	0.4764728	0.8815424	0.1245688	1.772859	0.01408296
deepmd-les-claim-neutral_sB	16500	19.0245	4.5102810375396984e-17	0.7734235561781968	0.546	0.0146	-1.092	0.0285	2	12.73062	0.2680037	2.647366	0.4765309	0.8819032	0.1245688	1.773773	0.01408296
deepmd-les-claim-neutral_sB	16600	19.032449999999997	-3.631354476378116e-16	0.7705773904736906	0.544	0.0122	-1.088	0.0289	2	12.73713	0.2678388	2.647386	0.4764194	0.8817741	0.1245688	1.774204	0.01408296
deepmd-les-claim-neutral_sB	16700	18.93985	-8.442320916420461e-17	0.7668302710194395	0.5414	0.0127	-1.0827	0.027	2	12.74531	0.2677754	2.647537	0.4764411	0.8816222	0.1245688	1.774683	0.01408296
deepmd-les-claim-neutral_sB	16800	18.1998	2.4748721590602446e-16	0.7695203894058402	0.5433	0.0123	-1.0866	0.0256	2	12.75298	0.2679954	2.64812	0.4763819	0.881957	0.1245688	1.775824	0.01408296
deepmd-les-claim-neutral_sB	16900	18.8203	-1.607510421071841e-16	0.7689199877254076	0.5428	0.0122	-1.0857	0.0263	2	12.76114	0.2682127	2.64893	0.4765232	0.8823317	0.1245688	1.776191	0.01408296
deepmd-les-claim-neutral_sB	17000	18.1033	2.6830389761774615e-16	0.7661432875324871	0.5409	0.013	-1.0817	0.0277	2	12.76651	0.268144	2.648783	0.4764566	0.8820765	0.1245688	1.777147	0.01408296
deepmd-les-claim-neutral_sB	17100	18.49315	-1.8041124150158794e-16	0.7670725858333777	0.5415	0.0128	-1.0831	0.0264	2	12.77416	0.2681443	2.649257	0.4765413	0.8820629	0.1245688	1.777266	0.01408296
deepmd-les-claim-neutral_sB	17200	18.06275	2.5326962749261384e-16	0.768556577070308	0.5426	0.0124	-1.0852	0.0278	2	12.77996	0.2681491	2.649825	0.4763873	0.8822976	0.1245688	1.778565	0.01408296
deepmd-les-claim-neutral_sB	17300	19.176650000000002	-2.6020852139652106e-16	0.7655231902211326	0.5404	0.014	-1.0808	0.0299	2	12.78837	0.267901	2.649741	0.4765193	0.8821384	0.1245688	1.778437	0.01408296
deepmd-les-claim-neutral_sB	17400	19.2643	1.5034270125132327e-17	0.7660746816729649	0.5408	0.0136	-1.0816	0.0294	2	12.79706	0.2681937	2.650554	0.4764422	0.8825166	0.1245688	1.779587	0.01408296
deepmd-les-claim-neutral_sB	17500	18.35245	1.4224732503009818e-16	0.7661470513477968	0.5409	0.0135	-1.0818	0.0263	2	12.80586	0.2687302	2.65127	0.4765854	0.8830109	0.1245688	1.780287	0.01408296
deepmd-les-claim-neutral_sB	17600	18.18655	-1.700029006457271e-16	0.7612389583274479	0.5374	0.012	-1.0749	0.0249	2	12.8134	0.268839	2.651514	0.4766009	0.8831718	0.1245688	1.781219	0.01408296
deepmd-les-claim-neutral_sB	17700	18.51695	5.319818659662208e-17	0.7640022002384209	0.5393	0.0138	-1.0787	0.0303	2	12.82406	0.2688588	2.652599	0.4765198	0.883531	0.1245688	1.782127	0.01408296
deepmd-les-claim-neutral_sB	17800	19.6751	-1.896631000401309e-16	0.7659871740351921	0.5407	0.0145	-1.0815	0.0286	2	12.83148	0.2693968	2.653223	0.4767379	0.8838218	0.1245688	1.783445	0.01408296
deepmd-les-claim-neutral_sB	17900	19.1921	-1.0177044392397268e-16	0.7644189826191048	0.5397	0.0136	-1.0793	0.0265	2	12.83548	0.2689697	2.652932	0.4767066	0.8833623	0.1245688	1.783785	0.01408296
deepmd-les-claim-neutral_sB	18000	18.775199999999998	8.442320916420461e-17	0.7651493595567771	0.5402	0.0128	-1.0803	0.029	2	12.84462	0.269105	2.653386	0.4766722	0.8835456	0.1245688	1.78477	0.01408296
deepmd-les-claim-neutral_sB	18100	17.97815	-5.088522196198634e-17	0.7629544852370116	0.5386	0.014	-1.0772	0.0277	2	12.85847	0.269879	2.654993	0.4769227	0.8846558	0.1245688	1.786084	0.01408296
deepmd-les-claim-neutral_sB	18200	19.01665	3.469446951953614e-18	0.7636320026036624	0.5391	0.0145	-1.0781	0.031	2	12.86774	0.2695531	2.654852	0.4767864	0.8844463	0.1245688	1.786861	0.01408296
deepmd-les-claim-neutral_sB	18300	18.6721	-2.7755575615628914e-17	0.7628135416868039	0.5385	0.013	-1.077	0.029	2	12.87529	0.2698902	2.655893	0.476875	0.8848171	0.1245688	1.787823	0.01408296
deepmd-les-claim-neutral_sB	18400	17.988	2.0122792321330962e-16	0.7625812177726496	0.5384	0.0125	-1.0767	0.0266	2	12.88362	0.2698592	2.656242	0.476707	0.8847199	0.1245688	1.788806	0.01408296
deepmd-les-claim-neutral_sB	18500	18.79935	-3.4925765982999713e-16	0.7631401349553647	0.5387	0.0142	-1.0775	0.0266	2	12.8952	0.2696692	2.656757	0.4766961	0.8849735	0.1245688	1.789592	0.01408296
deepmd-les-claim-neutral_sB	18600	18.1008	1.1796119636642288e-16	0.7606403038464803	0.537	0.0136	-1.0739	0.029	2	12.89762	0.2694829	2.656596	0.4766407	0.8844318	0.1245688	1.790101	0.01408296
deepmd-les-claim-neutral_sB	18700	17.94845	3.3191042507022906e-16	0.761729934478553	0.5377	0.0139	-1.0755	0.0292	2	12.90482	0.2692815	2.657024	0.4765802	0.8845294	0.1245688	1.791536	0.01408296
deepmd-les-claim-neutral_sB	18800	17.9423	3.2497153116632183e-16	0.7597207446998856	0.5364	0.0118	-1.0727	0.0247	2	12.91223	0.2689386	2.656722	0.476654	0.8840227	0.1245688	1.790881	0.01408296
deepmd-les-claim-neutral_sB	18900	18.512900000000002	4.394632805807911e-17	0.7620468272952302	0.538	0.0144	-1.0759	0.028	2	12.91916	0.2694376	2.657553	0.4766369	0.8844754	0.1245688	1.792451	0.01408296
deepmd-les-claim-neutral_sB	19000	18.26335	2.706168622523819e-16	0.7591292851999518	0.5359	0.0123	-1.0719	0.0243	2	12.92792	0.2691809	2.657217	0.4766547	0.8838484	0.1245688	1.793204	0.01408296
deepmd-les-claim-neutral_sB	19100	18.53585	9.945747928933693e-17	0.7623365677781869	0.5382	0.014	-1.0763	0.028	2	12.9389	0.2698815	2.658377	0.4769231	0.8848375	0.1245688	1.793985	0.01408296
deepmd-les-claim-neutral_sB	19200	18.3609	4.741577501003272e-16	0.7615433714796531	0.5376	0.0141	-1.0753	0.0259	2	12.94899	0.2702216	2.6593	0.4769836	0.8854933	0.1245688	1.795368	0.01408296
deepmd-les-claim-neutral_sB	19300	18.84975	-9.020562075079397e-17	0.7589888545643797	0.5358	0.0143	-1.0716	0.0276	2	12.95725	0.2699497	2.659679	0.4770488	0.8855173	0.1245688	1.795942	0.01408296
deepmd-les-claim-neutral_sB	19400	18.2435	7.401486830834377e-17	0.7610030734346931	0.5373	0.0129	-1.0745	0.0249	2	12.96657	0.2702535	2.66058	0.4768122	0.8860638	0.1245688	1.797802	0.01408296
deepmd-les-claim-neutral_sB	19500	18.557499999999997	2.486436982233423e-16	0.7573727786142157	0.5347	0.0131	-1.0694	0.0262	2	12.97698	0.2705634	2.661065	0.4769284	0.8863473	0.1245688	1.798464	0.01408296
deepmd-les-claim-neutral_sB	19600	18.1328	-1.7694179454963432e-16	0.7569746959121214	0.5344	0.0135	-1.0688	0.0267	2	12.98717	0.2708591	2.662005	0.4771427	0.8871408	0.1245688	1.799588	0.01408296
deepmd-les-claim-neutral_sB	19700	18.0704	-1.445602896647339e-17	0.7564833419491914	0.534	0.0142	-1.0681	0.0261	2	12.99268	0.270342	2.662248	0.4768705	0.8867401	0.1245688	1.80084	0.01408296
deepmd-les-claim-neutral_sB	19800	18.35055	2.1741867565575981e-16	0.7587547171236094	0.5356	0.0134	-1.0713	0.029	2	12.99885	0.2704964	2.662343	0.4770435	0.8865183	0.1245688	1.800695	0.01408296
deepmd-les-claim-neutral_sB	19900	18.284799999999997	1.734723475976807e-17	0.7569010654683642	0.5343	0.0123	-1.0687	0.0274	2	13.00996	0.2701552	2.662672	0.4769693	0.8868026	0.1245688	1.801068	0.01408296
deepmd-les-claim-neutral_sB	20000	17.90905	-1.9891495857867386e-16	0.7600068815618757	0.5365	0.0124	-1.0731	0.0278	2	13.01666	0.270546	2.663227	0.4770925	0.8867999	0.1245688	1.802122	0.01408296
deepmd-les-claim-neutral_sB	20100	18.171750000000003	-5.551115123125783e-17	0.759336063920517	0.536	0.0145	-1.072	0.0309	2	13.01982	0.2703555	2.663276	0.4770158	0.8866526	0.1245688	1.802689	0.01408296
deepmd-les-claim-neutral_sB	20200	18.5824	-2.5673907444456745e-16	0.7588546579032703	0.5357	0.0129	-1.0714	0.0277	2	13.02311	0.2706121	2.663584	0.4771629	0.8869358	0.1245688	1.802793	0.01408296
deepmd-les-claim-neutral_sB	20300	18.3848	6.938893903907228e-18	0.757585137151425	0.5348	0.0135	-1.0696	0.0287	2	13.02661	0.2706145	2.663765	0.4771434	0.8871207	0.1245688	1.803319	0.01408296
deepmd-les-claim-neutral_sB	20400	18.461399999999998	8.442320916420461e-17	0.7574394037799251	0.5347	0.0128	-1.0695	0.0263	2	13.02951	0.2709864	2.664341	0.4772845	0.8876023	0.1245688	1.803781	0.01408296
deepmd-les-claim-neutral_sB	20500	18.11425	4.7415775010032725e-17	0.7575398272413338	0.5348	0.0119	-1.0697	0.0238	2	13.03124	0.270967	2.664537	0.4772804	0.8876638	0.1245688	1.804059	0.01408296
deepmd-les-claim-neutral_sB	20600	18.50845	-1.2721305490496585e-17	0.7581570586832858	0.5352	0.0131	-1.0704	0.0283	2	13.03656	0.2712295	2.66534	0.4773612	0.888339	0.1245688	1.804488	0.01408296
deepmd-les-claim-neutral_sB	20700	18.478099999999998	1.8850661772281302e-16	0.7578805224763174	0.535	0.0138	-1.07	0.0283	2	13.03952	0.2713115	2.665597	0.4774835	0.8883987	0.1245688	1.804561	0.01408296
deepmd-les-claim-neutral_sB	20800	17.8035	-1.4340380734741604e-16	0.7561874409162713	0.5338	0.0128	-1.0677	0.0278	2	13.04322	0.2710801	2.665539	0.4773871	0.888336	0.1245688	1.80492	0.01408296
deepmd-les-claim-neutral_sB	20900	18.3644	-9.367506770274758e-17	0.7569457147776277	0.5344	0.0128	-1.0688	0.0256	2	13.04381	0.2713205	2.665665	0.4774727	0.8883436	0.1245688	1.805092	0.01408296
deepmd-les-claim-neutral_sB	21000	17.176299999999998	-4.278984574076124e-17	0.7571087793220329	0.5345	0.0125	-1.069	0.027	2	13.04752	0.2713329	2.666029	0.4774172	0.8884612	0.1245688	1.805569	0.01408296
deepmd-les-claim-neutral_sB	21100	18.082549999999998	1.1564823173178712e-16	0.7573623046629071	0.5347	0.0118	-1.0694	0.0235	2	13.04938	0.2715387	2.666265	0.4774636	0.8887342	0.1245688	1.806313	0.01408296
deepmd-les-claim-neutral_sB	21200	18.56405	-4.7415775010032725e-17	0.7564303184115908	0.534	0.0131	-1.068	0.0267	2	13.05228	0.2716768	2.666632	0.4775588	0.8889886	0.1245688	1.806335	0.01408296
deepmd-les-claim-neutral_sB	21300	17.754649999999998	3.8163916471489756e-17	0.7549248490196264	0.533	0.0111	-1.0659	0.0285	2	13.05601	0.2713363	2.66628	0.4774489	0.8886374	0.1245688	1.806501	0.01408296
deepmd-les-claim-neutral_sB	21400	18.193849999999998	9.945747928933693e-17	0.7561540075041628	0.5338	0.0139	-1.0676	0.0307	2	13.06051	0.2717158	2.667073	0.4775397	0.8892324	0.1245688	1.807403	0.01408296
deepmd-les-claim-neutral_sB	21500	18.36565	-3.5272710678195074e-16	0.7566221989128606	0.5342	0.0131	-1.0683	0.0262	2	13.06289	0.2715883	2.667049	0.4775155	0.8890864	0.1245688	1.807304	0.01408296
deepmd-les-claim-neutral_sB	21600	18.27985	-1.0003572044799587e-16	0.7563638800762229	0.5339	0.0136	-1.0679	0.0312	2	13.06746	0.2717819	2.667433	0.4775448	0.8892219	0.1245688	1.807933	0.01408296
deepmd-les-claim-neutral_sB	21700	17.81105	-2.5500435096859064e-16	0.754385272009112	0.5326	0.0122	-1.0651	0.0282	2	13.07237	0.272073	2.668047	0.4776625	0.8898088	0.1245688	1.808406	0.01408296
deepmd-les-claim-neutral_sB	21800	18.252699999999997	6.013708050052931e-17	0.7545061784137982	0.5326	0.0131	-1.0653	0.0299	2	13.07445	0.2721494	2.668326	0.4777528	0.8899508	0.1245688	1.808906	0.01408296
deepmd-les-claim-neutral_sB	21900	17.80775	2.1047978175185259e-16	0.754916794908603	0.533	0.0116	-1.066	0.0244	2	13.08067	0.2723907	2.669244	0.4778153	0.8906877	0.1245688	1.809211	0.01408296
deepmd-les-claim-neutral_sB	22000	18.29955	3.469446951953614e-18	0.7566739449726062	0.5342	0.0128	-1.0683	0.029	2	13.0819	0.2720746	2.668914	0.4777522	0.8901536	0.1245688	1.80938	0.01408296
deepmd-les-claim-neutral_sB	22100	17.805	5.84023570245525e-17	0.7524194549770736	0.5312	0.0124	-1.0623	0.03	2	13.08891	0.2724344	2.669244	0.47778	0.8906517	0.1245688	1.80987	0.01408296
deepmd-les-claim-neutral_sB	22200	18.185299999999998	2.6020852139652106e-16	0.7554264667372285	0.5333	0.013	-1.0666	0.0261	2	13.09128	0.2726896	2.670115	0.4778771	0.8911457	0.1245688	1.810761	0.01408296
deepmd-les-claim-neutral_sB	22300	18.05175	-1.1102230246251565e-16	0.7537538127608419	0.5321	0.0124	-1.0643	0.0271	2	13.09581	0.2722983	2.670002	0.4778544	0.8909312	0.1245688	1.810786	0.01408296
deepmd-les-claim-neutral_sB	22400	19.140749999999997	7.517135062566163e-17	0.7550774279523637	0.533	0.0139	-1.0661	0.0279	2	13.09808	0.2725139	2.670064	0.4779767	0.8906769	0.1245688	1.810881	0.01408296
deepmd-les-claim-neutral_sB	22500	18.091749999999998	9.483155002006545e-17	0.7566825732539767	0.5342	0.014	-1.0684	0.0254	2	13.10006	0.272452	2.670203	0.4780411	0.8907069	0.1245688	1.811308	0.01408296
deepmd-les-claim-neutral_sB	22600	18.45395	-1.734723475976807e-17	0.7536183057588586	0.5321	0.0116	-1.0641	0.0238	2	13.1053	0.2727405	2.670638	0.4780603	0.8910667	0.1245688	1.811752	0.01408296
deepmd-les-claim-neutral_sB	22700	18.2093	6.360652745248292e-17	0.7534357461374513	0.5319	0.0127	-1.0638	0.027	2	13.10942	0.2726143	2.671081	0.4779767	0.8912405	0.1245688	1.812439	0.01408296
deepmd-les-claim-neutral_sB	22800	18.549599999999998	-1.1449174941446927e-16	0.7521768660100667	0.531	0.0116	-1.0621	0.0261	2	13.11388	0.2727206	2.671193	0.4780346	0.8914399	0.1245688	1.812498	0.01408296
deepmd-les-claim-neutral_sB	22900	18.766750000000002	2.139492287038062e-17	0.7569145907508124	0.5343	0.0137	-1.0687	0.0297	2	13.11733	0.2731013	2.671836	0.4782383	0.8916541	0.1245688	1.813203	0.01408296
deepmd-les-claim-neutral_sB	23000	18.20945	1.4687325429936965e-16	0.7559152281392911	0.5336	0.0137	-1.0673	0.0292	2	13.12019	0.2726436	2.671567	0.4779823	0.8911435	0.1245688	1.813784	0.01408296
deepmd-les-claim-neutral_sB	23100	17.8544	5.782411586589356e-17	0.7546746051818122	0.5328	0.0117	-1.0656	0.0275	2	13.12905	0.2735383	2.673105	0.4784211	0.892708	0.1245688	1.814443	0.01408296
deepmd-les-claim-neutral_sB	23200	17.77515	-9.8879238130678e-17	0.7536849585992477	0.5321	0.0133	-1.0642	0.0259	2	13.12932	0.2729857	2.67232	0.47811	0.8918488	0.1245688	1.814684	0.01408296
deepmd-les-claim-neutral_sB	23300	17.92925	1.5149918356864114e-16	0.7523926425863112	0.5311	0.0135	-1.0623	0.0287	2	13.13348	0.2729372	2.672539	0.4781449	0.8918579	0.1245688	1.81487	0.01408296
deepmd-les-claim-neutral_sB	23400	18.2502	-2.1973164029039556e-17	0.7540862964171923	0.5324	0.0131	-1.0647	0.0278	2	13.137	0.273114	2.672925	0.4782406	0.8920117	0.1245688	1.815585	0.01408296
deepmd-les-claim-neutral_sB	23500	18.14165	1.1564823173178713e-17	0.7507930927144887	0.53	0.0121	-1.06	0.0293	2	13.14298	0.2736342	2.673805	0.4784032	0.8927516	0.1245688	1.815873	0.01408296
deepmd-les-claim-neutral_sB	23600	18.274050000000003	-1.0350516739994949e-16	0.7524370556791886	0.5312	0.012	-1.0624	0.0263	2	13.14728	0.2738256	2.674339	0.4784635	0.8931763	0.1245688	1.817041	0.01408296
deepmd-les-claim-neutral_sB	23700	18.355600000000003	4.7415775010032725e-17	0.7522535806953874	0.531	0.0126	-1.0621	0.0302	2	13.15277	0.2740667	2.675064	0.4785419	0.8937822	0.1245688	1.817754	0.01408296
deepmd-les-claim-neutral_sB	23800	19.00385	6.591949208711867e-17	0.7502040616221873	0.5296	0.0144	-1.0592	0.0283	2	13.15788	0.2738198	2.675358	0.4785435	0.8939347	0.1245688	1.817856	0.01408296
deepmd-les-claim-neutral_sB	23900	18.451349999999998	-1.364649134435088e-16	0.7546404789024451	0.5327	0.0136	-1.0654	0.0294	2	13.15791	0.273725	2.675134	0.4785134	0.8934555	0.1245688	1.818342	0.01408296
deepmd-les-claim-neutral_sB	24000	18.5243	9.020562075079397e-17	0.7509186454109689	0.5301	0.0139	-1.0602	0.0273	2	13.16483	0.2741792	2.675982	0.4786808	0.8943383	0.1245688	1.819209	0.01408296
deepmd-les-claim-neutral_sB	24100	18.12545	-1.491862189340054e-16	0.751430375194054	0.5305	0.0132	-1.0609	0.0288	2	13.17125	0.2742567	2.676387	0.4788059	0.8945154	0.1245688	1.819406	0.01408296
deepmd-les-claim-neutral_sB	24200	18.134300000000003	-1.3877787807814457e-17	0.7542651597394457	0.5325	0.0119	-1.065	0.0242	2	13.1738	0.2746747	2.676942	0.4788661	0.8947347	0.1245688	1.819864	0.01408296
deepmd-les-claim-neutral_sB	24300	18.254649999999998	1.9544551162672025e-16	0.7541941793989391	0.5324	0.0127	-1.0648	0.0287	2	13.17646	0.2744865	2.677135	0.478867	0.8947046	0.1245688	1.820796	0.01408296
deepmd-les-claim-neutral_sB	24400	18.0003	-2.139492287038062e-16	0.7537094650348647	0.5321	0.0131	-1.0642	0.0277	2	13.18299	0.2747581	2.67776	0.4789946	0.8953512	0.1245688	1.82136	0.01408296
deepmd-les-claim-neutral_sB	24500	17.27075	8.789265611615822e-17	0.7515994625274979	0.5306	0.013	-1.0612	0.0286	2	13.18703	0.274686	2.677718	0.4789406	0.8952604	0.1245688	1.821623	0.01408296
deepmd-les-claim-neutral_sB	24600	18.1178	7.517135062566163e-17	0.7509489340519565	0.5301	0.0129	-1.0603	0.0277	2	13.19046	0.2744646	2.67798	0.4789339	0.8950645	0.1245688	1.821794	0.01408296
deepmd-les-claim-neutral_sB	24700	18.194650000000003	1.0466164971726735e-16	0.7502799782525446	0.5297	0.0133	-1.0593	0.0278	2	13.19469	0.2745311	2.677957	0.4790238	0.8951015	0.1245688	1.821779	0.01408296
deepmd-les-claim-neutral_sB	24800	17.83755	-3.353798720221827e-17	0.75091757716524	0.5301	0.0133	-1.0602	0.0295	2	13.19985	0.2749228	2.678655	0.4791112	0.8955019	0.1245688	1.822801	0.01408296
deepmd-les-claim-neutral_sB	24900	17.42975	2.4748721590602446e-16	0.7542877973999925	0.5325	0.0125	-1.065	0.0281	2	13.2052	0.2755322	2.679719	0.4792703	0.8964946	0.1245688	1.823907	0.01408296
deepmd-les-claim-neutral_sB	25000	17.9785	9.136210306811184e-17	0.7506585127460048	0.5299	0.0133	-1.0599	0.0279	2	13.20991	0.2752852	2.679793	0.479273	0.8964215	0.1245688	1.824235	0.01408296
deepmd-les-claim-neutral_sB	25100	17.99195	-4.163336342344337e-17	0.7487310077327176	0.5286	0.0134	-1.0571	0.0272	2	13.21358	0.2752292	2.680236	0.4792258	0.8966153	0.1245688	1.824766	0.01408296
deepmd-les-claim-neutral_sB	25200	18.13955	1.214306433183765e-17	0.7509459797330847	0.5301	0.0119	-1.0603	0.0271	2	13.21455	0.2754918	2.680355	0.4793443	0.8967896	0.1245688	1.824714	0.01408296
deepmd-les-claim-neutral_sB	25300	17.6783	-1.1449174941446927e-16	0.7514706136549065	0.5304	0.0149	-1.0609	0.0331	2	13.21634	0.2755193	2.68042	0.479371	0.8968686	0.1245688	1.824872	0.01408296
deepmd-les-claim-neutral_sB	25400	17.87165	1.6190752442450197e-17	0.7507426040328135	0.53	0.0121	-1.06	0.0254	2	13.21661	0.2755808	2.680553	0.4794244	0.8969085	0.1245688	1.824966	0.01408296
deepmd-les-claim-neutral_sB	25500	18.28745	-2.8912057932946782e-18	0.7512622904980888	0.5303	0.0132	-1.0607	0.0298	2	13.21804	0.2754883	2.680599	0.4793224	0.8969646	0.1245688	1.825261	0.01408296
deepmd-les-claim-neutral_sB	25600	17.9528	-1.1911767868374074e-16	0.7497397336245778	0.5293	0.0125	-1.0586	0.0276	2	13.22108	0.2757045	2.680907	0.4794789	0.8973138	0.1245688	1.82557	0.01408296
deepmd-les-claim-neutral_sB	25700	18.2066	-1.214306433183765e-16	0.7520026754936521	0.5309	0.0125	-1.0618	0.0276	2	13.22209	0.275844	2.681345	0.4795301	0.8975313	0.1245688	1.825813	0.01408296
deepmd-les-claim-neutral_sB	25800	18.6347	-8.211024452956886e-17	0.7501058449288504	0.5295	0.0139	-1.0591	0.0272	2	13.22484	0.2758992	2.681391	0.4795515	0.8976587	0.1245688	1.825675	0.01408296
deepmd-les-claim-neutral_sB	25900	17.898400000000002	2.0180616437196855e-16	0.7505861405966029	0.5299	0.0139	-1.0597	0.0285	2	13.22652	0.2760432	2.681814	0.4796143	0.8978982	0.1245688	1.826013	0.01408296
deepmd-les-claim-neutral_sB	26000	17.79045	2.9605947323337506e-16	0.7515982648364335	0.5306	0.0125	-1.0612	0.0302	2	13.22775	0.2760031	2.681866	0.4795668	0.8979687	0.1245688	1.826388	0.01408296
deepmd-les-claim-neutral_sB	26100	17.9601	9.25185853854297e-17	0.7513339751706757	0.5304	0.0137	-1.0608	0.0297	2	13.22932	0.2760794	2.682031	0.4795966	0.8980516	0.1245688	1.826623	0.01408296
deepmd-les-claim-neutral_sB	26200	18.5987	1.7115938296304495e-16	0.7515112101548378	0.5305	0.014	-1.061	0.0292	2	13.23027	0.2761831	2.682213	0.4796923	0.8980916	0.1245688	1.826635	0.01408296
deepmd-les-claim-neutral_sB	26300	18.2298	1.5092094240998222e-16	0.7488351523357274	0.5287	0.0132	-1.0573	0.025	2	13.23062	0.2760484	2.681988	0.4796157	0.8979202	0.1245688	1.826765	0.01408296
deepmd-les-claim-neutral_sB	26400	18.04335	-5.7824115865893565e-18	0.7508879152420533	0.5301	0.0132	-1.0602	0.0274	2	13.23276	0.276072	2.682253	0.4797134	0.8980838	0.1245688	1.826911	0.01408296
deepmd-les-claim-neutral_sB	26500	18.95775	-1.4456028966473392e-16	0.7493026593950499	0.529	0.0128	-1.0579	0.0285	2	13.23433	0.2760958	2.682378	0.4796849	0.8981048	0.1245688	1.827054	0.01408296
deepmd-les-claim-neutral_sB	26600	17.8699	4.683753385137379e-17	0.7510336770710474	0.5302	0.0143	-1.0604	0.0262	2	13.23521	0.276123	2.68265	0.4796582	0.8982161	0.1245688	1.827603	0.01408296
deepmd-les-claim-neutral_sB	26700	18.5993	-7.45931094670027e-17	0.749874322422669	0.5293	0.0129	-1.0587	0.033	2	13.23836	0.2763021	2.682811	0.4797363	0.8984324	0.1245688	1.82782	0.01408296
deepmd-les-claim-neutral_sB	26800	17.9576	2.659909329831104e-17	0.7480732446195204	0.5281	0.0118	-1.0562	0.0294	2	13.2398	0.2763583	2.682943	0.4797584	0.8985188	0.1245688	1.827848	0.01408296
deepmd-les-claim-neutral_sB	26900	17.61545	-1.410908427127803e-16	0.7496940433719419	0.5293	0.0124	-1.0585	0.0267	2	13.24244	0.2764521	2.683411	0.4798351	0.8987911	0.1245688	1.828427	0.01408296
deepmd-les-claim-neutral_sB	27000	18.177599999999998	5.2619945437963146e-17	0.749028719708599	0.5288	0.013	-1.0575	0.0292	2	13.24498	0.2765497	2.683715	0.4799527	0.899027	0.1245688	1.828043	0.01408296
deepmd-les-claim-neutral_sB	27100	17.4346	-3.353798720221827e-17	0.75044328688198	0.5298	0.0127	-1.0596	0.0271	2	13.24602	0.2764284	2.683584	0.479882	0.8988511	0.1245688	1.828336	0.01408296
deepmd-les-claim-neutral_sB	27200	17.27685	1.5612511283791264e-16	0.7493646313731624	0.529	0.0126	-1.0581	0.0256	2	13.24882	0.2767353	2.684163	0.4799854	0.8993854	0.1245688	1.828891	0.01408296
deepmd-les-claim-neutral_sB	27300	17.77525	-1.329954664915552e-17	0.7509924233172098	0.5301	0.0148	-1.0602	0.032	2	13.25105	0.277142	2.684777	0.4801416	0.8998894	0.1245688	1.829342	0.01408296
deepmd-les-claim-neutral_sB	27400	17.029600000000002	4.278984574076124e-17	0.7490467673425001	0.5288	0.0117	-1.0576	0.0305	2	13.25323	0.2768477	2.684586	0.4800081	0.8996086	0.1245688	1.829409	0.01408296
deepmd-les-claim-neutral_sB	27500	17.24725	1.5612511283791264e-16	0.7507528919103265	0.53	0.0116	-1.06	0.0275	2	13.25623	0.2770478	2.685053	0.4801212	0.8999249	0.1245688	1.829578	0.01408296
deepmd-les-claim-neutral_sB	27600	17.7586	6.013708050052931e-17	0.7483248008454748	0.5283	0.0131	-1.0566	0.0261	2	13.25734	0.2768291	2.684777	0.480058	0.8997048	0.1245688	1.82997	0.01408296
deepmd-les-claim-neutral_sB	27700	18.8446	-2.891205793294678e-17	0.7503280474466211	0.5297	0.0135	-1.0594	0.0271	2	13.25915	0.2767513	2.684847	0.4800445	0.8996341	0.1245688	1.83007	0.01408296
deepmd-les-claim-neutral_sB	27800	17.7636	2.0354088784794536e-16	0.7491982240269321	0.5289	0.0134	-1.0578	0.0298	2	13.2613	0.2768744	2.685191	0.4801309	0.8998407	0.1245688	1.830303	0.01408296
deepmd-les-claim-neutral_sB	27900	17.7367	2.671474153004283e-16	0.7482198242079058	0.5282	0.0134	-1.0564	0.0283	2	13.26394	0.2769138	2.685424	0.4801625	0.9000436	0.1245688	1.830596	0.01408296
deepmd-les-claim-neutral_sB	28000	17.408900000000003	-3.6197896532049373e-16	0.7472514162076541	0.5275	0.012	-1.0551	0.0259	2	13.26517	0.2769969	2.685513	0.4801624	0.900004	0.1245688	1.830759	0.01408296
deepmd-les-claim-neutral_sB	28100	17.8921	-4.0476881106125497e-17	0.7494894674445112	0.5291	0.0125	-1.0582	0.0273	2	13.26851	0.2772875	2.686223	0.4802762	0.9006299	0.1245688	1.831134	0.01408296
deepmd-les-claim-neutral_sB	28200	17.79315	1.0292692624129055e-16	0.7498986475225247	0.5294	0.0129	-1.0588	0.0277	2	13.26976	0.2773691	2.686291	0.48029	0.9007087	0.1245688	1.831876	0.01408296
deepmd-les-claim-neutral_sB	28300	18.644	-6.129356281784718e-17	0.7501429624685978	0.5295	0.0141	-1.0591	0.0291	2	13.27145	0.2774798	2.68649	0.4803277	0.9008627	0.1245688	1.83219	0.01408296
deepmd-les-claim-neutral_sB	28400	17.886	-6.938893903907228e-17	0.7493661328193658	0.529	0.0155	-1.0579	0.0325	2	13.27432	0.2774582	2.686801	0.4803426	0.9009707	0.1245688	1.832757	0.01408296
deepmd-les-claim-neutral_sB	28500	17.724449999999997	1.2605657258764797e-16	0.7493632521339454	0.529	0.0134	-1.058	0.03	2	13.27497	0.2774901	2.686816	0.480391	0.9010003	0.1245688	1.832678	0.01408296
deepmd-les-claim-neutral_sB	28600	16.9072	1.43982048506075e-16	0.7511502803911909	0.5303	0.0127	-1.0606	0.025	2	13.27733	0.2777334	2.687247	0.4805419	0.9013205	0.1245688	1.832893	0.01408296
deepmd-les-claim-neutral_sB	28700	17.99255	1.2836953722228372e-16	0.7500903343123974	0.5295	0.0135	-1.059	0.0288	2	13.28032	0.2779392	2.687673	0.4806243	0.9016826	0.1245688	1.833224	0.01408296
deepmd-les-claim-neutral_sB	28800	18.27025	-2.3129646346357425e-16	0.7489709074009373	0.5288	0.0137	-1.0575	0.0252	2	13.28225	0.2778447	2.687793	0.480632	0.9016698	0.1245688	1.833539	0.01408296
deepmd-les-claim-neutral_sB	28900	17.502000000000002	5.319818659662208e-17	0.7461344084602853	0.5267	0.0116	-1.0535	0.0273	2	13.28693	0.2781358	2.688182	0.4807124	0.902052	0.1245688	1.833436	0.01408296
deepmd-les-claim-neutral_sB	29000	17.828	-4.625929269271485e-18	0.7476944304933397	0.5279	0.0118	-1.0557	0.0267	2	13.28884	0.2782139	2.688617	0.4807647	0.9023315	0.1245688	1.83406	0.01408296
deepmd-les-claim-neutral_sB	29100	17.89785	1.8272420613622367e-16	0.7457189967600166	0.5265	0.0121	-1.053	0.024	2	13.29084	0.2780856	2.688692	0.4806782	0.9023357	0.1245688	1.834418	0.01408296
deepmd-les-claim-neutral_sB	29200	18.3755	1.4224732503009818e-16	0.748808584425452	0.5286	0.0137	-1.0572	0.0272	2	13.2937	0.2784963	2.689305	0.480891	0.9028719	0.1245688	1.834736	0.01408296
deepmd-les-claim-neutral_sB	29300	18.53425	-2.3129646346357427e-18	0.7485143926753929	0.5284	0.0144	-1.0568	0.0285	2	13.29459	0.2784796	2.689115	0.4809584	0.9026651	0.1245688	1.834847	0.01408296
deepmd-les-claim-neutral_sB	29400	18.5155	-9.425330886140651e-17	0.7483184577749298	0.5283	0.0133	-1.0565	0.0286	2	13.29685	0.2783703	2.68925	0.4808286	0.9026715	0.1245688	1.835007	0.01408296
deepmd-les-claim-neutral_sB	29500	17.70215	6.476300976980079e-17	0.749171526274083	0.5289	0.0132	-1.0578	0.0277	2	13.30001	0.278392	2.689665	0.4808859	0.9030133	0.1245688	1.835647	0.01408296
deepmd-les-claim-neutral_sB	29600	18.346	-1.8041124150158794e-16	0.7481779254456713	0.5282	0.0124	-1.0563	0.0297	2	13.30183	0.2786076	2.689991	0.4810371	0.903235	0.1245688	1.835533	0.01408296
deepmd-les-claim-neutral_sB	29700	17.7166	2.5153490401663703e-16	0.7462673315638508	0.5268	0.0124	-1.0537	0.0269	2	13.3038	0.2785668	2.690286	0.4809864	0.9033869	0.1245688	1.835907	0.01408296
deepmd-les-claim-neutral_sB	29800	17.4249	-1.3530843112619095e-16	0.7474370423163003	0.5277	0.0129	-1.0553	0.0272	2	13.30615	0.2787214	2.690548	0.4810778	0.9036028	0.1245688	1.836158	0.01408296
deepmd-les-claim-neutral_sB	29900	18.079700000000003	6.245004513516506e-17	0.7477545799193542	0.5279	0.0131	-1.0557	0.0289	2	13.31028	0.2787316	2.690823	0.4810708	0.9037643	0.1245688	1.836372	0.01408296
deepmd-les-claim-neutral_sB	30000	18.07875	-1.1160054362117458e-16	0.7500304730429983	0.5295	0.013	-1.0589	0.0293	2	13.31135	0.2787992	2.690998	0.4811111	0.9037962	0.1245688	1.836703	0.01408296
deepmd-les-claim-neutral_sB	30100	17.6002	-1.0292692624129055e-16	0.7481274121688812	0.5281	0.0138	-1.0563	0.0263	2	13.31358	0.2789426	2.691291	0.4811684	0.9040385	0.1245688	1.837191	0.01408296
deepmd-les-claim-neutral_sB	30200	18.20315	-4.5102810375396984e-17	0.7476611301772037	0.5278	0.0125	-1.0556	0.0278	2	13.31379	0.2790194	2.691319	0.4812148	0.9040822	0.1245688	1.837347	0.01408296
deepmd-les-claim-neutral_sB	30300	18.3158	-1.4687325429936965e-16	0.7474693525585362	0.5277	0.0136	-1.0554	0.0269	2	13.3146	0.2790522	2.691331	0.4812257	0.9041705	0.1245688	1.837374	0.01408296
deepmd-les-claim-neutral_sB	30400	17.65955	1.734723475976807e-16	0.7490581540791679	0.5288	0.0131	-1.0576	0.0297	2	13.31548	0.2789438	2.69137	0.4812048	0.9041509	0.1245688	1.837462	0.01408296
deepmd-les-claim-neutral_sB	30500	17.30595	5.204170427930421e-17	0.7474495524533733	0.5277	0.0122	-1.0553	0.0286	2	13.31599	0.2789828	2.691492	0.4812311	0.9041744	0.1245688	1.83736	0.01408296
deepmd-les-claim-neutral_sB	30600	17.56025	9.483155002006545e-17	0.7469985269067491	0.5274	0.013	-1.0547	0.0263	2	13.3172	0.2791218	2.691723	0.4812713	0.904433	0.1245688	1.83767	0.01408296
deepmd-les-claim-neutral_sB	30700	17.242150000000002	2.1973164029039555e-16	0.7465115110321628	0.527	0.0137	-1.054	0.0294	2	13.31873	0.2792717	2.691992	0.4813388	0.9046686	0.1245688	1.837733	0.01408296
deepmd-les-claim-neutral_sB	30800	17.509050000000002	8.153200337090993e-17	0.7470250460947019	0.5274	0.0138	-1.0547	0.0273	2	13.31894	0.2792446	2.692025	0.4813442	0.9046145	0.1245688	1.837877	0.01408296
deepmd-les-claim-neutral_sB	30900	18.1295	-1.6190752442450197e-17	0.7469847944500773	0.5273	0.0133	-1.0547	0.0278	2	13.31981	0.2791968	2.69201	0.4813404	0.9045651	0.1245688	1.837843	0.01408296
deepmd-les-claim-neutral_sB	31000	18.2349	7.632783294297951e-17	0.746129407890918	0.5267	0.0134	-1.0535	0.0267	2	13.3218	0.2792479	2.692098	0.4813461	0.9047658	0.1245688	1.838037	0.01408296
deepmd-les-claim-neutral_sB	31100	17.9784	-1.0639637319324416e-16	0.7476159025967871	0.5278	0.0123	-1.0556	0.0266	2	13.32211	0.2793889	2.692389	0.481425	0.9048447	0.1245688	1.837994	0.01408296
deepmd-les-claim-neutral_sB	31200	18.0353	1.0928757898653885e-16	0.7477019266328577	0.5278	0.0138	-1.0557	0.0274	2	13.32247	0.2793884	2.69239	0.4813989	0.9048565	0.1245688	1.838379	0.01408296
deepmd-les-claim-neutral_sB	31300	17.932650000000002	8.326672684688674e-17	0.7469098210335983	0.5273	0.0132	-1.0546	0.0284	2	13.32407	0.2793725	2.692481	0.4813812	0.9049526	0.1245688	1.838514	0.01408296
deepmd-les-claim-neutral_sB	31400	18.182949999999998	-3.353798720221827e-17	0.7468773347151008	0.5273	0.0125	-1.0545	0.0286	2	13.32526	0.2795626	2.692795	0.4815244	0.9052062	0.1245688	1.838649	0.01408296
deepmd-les-claim-neutral_sB	31500	17.4568	2.613650037138389e-16	0.7448965513795011	0.5259	0.0139	-1.0517	0.027	2	13.32613	0.2795357	2.692874	0.4814887	0.9053356	0.1245688	1.838779	0.01408296
deepmd-les-claim-neutral_sB	31600	17.3637	-2.509566628579781e-16	0.7471413679650977	0.5274	0.0136	-1.0548	0.0318	2	13.32665	0.2796134	2.693047	0.4815217	0.9053927	0.1245688	1.83881	0.01408296
deepmd-les-claim-neutral_sB	31700	18.17305	6.245004513516506e-17	0.7465596033574388	0.527	0.0119	-1.0541	0.0279	2	13.32724	0.2794505	2.692882	0.4814392	0.9052445	0.1245688	1.838992	0.01408296
deepmd-les-claim-neutral_sB	31800	17.88715	1.700029006457271e-16	0.7458194648975123	0.5265	0.0143	-1.053	0.0294	2	13.32904	0.2796549	2.693179	0.4815664	0.9055128	0.1245688	1.839008	0.01408296
deepmd-les-claim-neutral_sB	31900	17.359250000000003	2.220446049250313e-16	0.7470243737155929	0.5274	0.0127	-1.0548	0.0262	2	13.32983	0.2797819	2.69353	0.4816161	0.9057206	0.1245688	1.839182	0.01408296
deepmd-les-claim-neutral_sB	32000	18.273850000000003	2.220446049250313e-16	0.7464682564182561	0.527	0.0129	-1.0539	0.03	2	13.33175	0.2798061	2.693617	0.4816348	0.9058714	0.1245688	1.839382	0.01408296
deepmd-les-claim-neutral_sB	32100	17.4469	-6.071532165918825e-17	0.7486028441756489	0.5285	0.0142	-1.0569	0.0277	2	13.33194	0.2799329	2.693928	0.4817349	0.905985	0.1245688	1.839547	0.01408296
deepmd-les-claim-neutral_sB	32200	17.9889	1.9660199394403812e-17	0.7470945667338782	0.5274	0.0133	-1.0548	0.0288	2	13.3335	0.2800501	2.694004	0.4817621	0.9060969	0.1245688	1.83962	0.01408296
deepmd-les-claim-neutral_sB	32300	17.07005	1.7925475918427006e-16	0.7466616790874907	0.5271	0.0129	-1.0542	0.0295	2	13.33509	0.2800674	2.694167	0.4817698	0.9062154	0.1245688	1.839817	0.01408296
deepmd-les-claim-neutral_sB	32400	18.52485	-2.24357569559667e-16	0.7467163649799865	0.5271	0.0138	-1.0542	0.0301	2	13.33535	0.28014	2.694316	0.4818082	0.9063191	0.1245688	1.840028	0.01408296
deepmd-les-claim-neutral_sB	32500	17.36475	6.938893903907228e-18	0.7470829120164448	0.5274	0.0149	-1.0548	0.0274	2	13.33721	0.2801338	2.694403	0.481791	0.9064533	0.1245688	1.840012	0.01408296
deepmd-les-claim-neutral_sB	32600	19.0107	1.4051260155412137e-16	0.7478215847948803	0.5279	0.0136	-1.0558	0.0286	2	13.33855	0.280221	2.69477	0.4818349	0.906699	0.1245688	1.840451	0.01408296
deepmd-les-claim-neutral_sB	32700	17.492350000000002	8.442320916420461e-17	0.7449631925351906	0.5259	0.0136	-1.0518	0.0269	2	13.33899	0.2800994	2.694646	0.4818094	0.9065412	0.1245688	1.840389	0.01408296
deepmd-les-claim-neutral_sB	32800	17.7354	2.677256564590872e-16	0.7471607135353007	0.5274	0.0129	-1.0549	0.0299	2	13.34037	0.2801277	2.694711	0.481873	0.9065527	0.1245688	1.840231	0.01408296
deepmd-les-claim-neutral_sB	32900	18.08	-2.2088812260771343e-16	0.7461808757757272	0.5267	0.0138	-1.0535	0.0296	2	13.34216	0.2802494	2.694897	0.4819027	0.9067657	0.1245688	1.840436	0.01408296
deepmd-les-claim-neutral_sB	33000	17.07765	-1.6306400674181987e-16	0.7458831640765108	0.5266	0.0133	-1.0531	0.0269	2	13.34256	0.2802088	2.695063	0.4818905	0.9067421	0.1245688	1.840502	0.01408296
deepmd-les-claim-neutral_sB	33100		0.0	0.7469827823879308	0.5266	0.0132	-1.0533	0.0273		13.34374	0.2803681	2.695353	0.4819317	0.9069637	0.1245688	1.840881	0.01408296
deepmd-les-claim-neutral_sB	33200	17.34645	2.544261098099317e-17	0.7465694204230294	0.527	0.013	-1.054	0.0305	2	13.34489	0.2804768	2.695593	0.4819355	0.9072306	0.1245688	1.841302	0.01408296
deepmd-les-claim-neutral_sB	33300	17.6616	1.0408340855860843e-16	0.7448385064407201	0.5258	0.0129	-1.0517	0.0263	2	13.34662	0.2804954	2.695692	0.4819718	0.9072619	0.1245688	1.841508	0.01408296
deepmd-les-claim-neutral_sB	33400	17.82275	-2.498001805406602e-16	0.7456463252887168	0.5264	0.0131	-1.0528	0.0284	2	13.3477	0.2805455	2.695639	0.4820434	0.9072205	0.1245688	1.841413	0.01408296
deepmd-les-claim-neutral_sB	33500	17.5653	5.319818659662208e-17	0.7457546661127192	0.5264	0.0144	-1.0529	0.0302	2	13.3495	0.2805718	2.695876	0.4820483	0.9073876	0.1245688	1.841614	0.01408296
deepmd-les-claim-neutral_sB	33600	17.863300000000002	1.850371707708594e-16	0.7460007599760478	0.5266	0.0132	-1.0532	0.0295	2	13.34995	0.2806307	2.696015	0.4820558	0.907478	0.1245688	1.841824	0.01408296
deepmd-les-claim-neutral_sB	33700	17.68905	-5.955883934187037e-17	0.7456835396444668	0.5264	0.0125	-1.0528	0.0287	2	13.35116	0.2805849	2.696076	0.4820845	0.907454	0.1245688	1.841678	0.01408296
deepmd-les-claim-neutral_sB	33800	17.92905	8.326672684688674e-17	0.7461048607181328	0.5267	0.0134	-1.0534	0.0269	2	13.3524	0.2807682	2.69639	0.482122	0.9077468	0.1245688	1.842214	0.01408296
deepmd-les-claim-neutral_sB	33900	18.15865	2.8912057932946782e-18	0.7456606776492191	0.5264	0.0143	-1.0528	0.0262	2	13.35304	0.280839	2.696457	0.4821506	0.9077477	0.1245688	1.842009	0.01408296
deepmd-les-claim-neutral_sB	34000	18.14545	-9.136210306811184e-17	0.747597101883683	0.5277	0.0144	-1.0555	0.0302	2	13.3548	0.2808242	2.69671	0.4821572	0.9078987	0.1245688	1.842307	0.01408296
deepmd-les-claim-neutral_sB	34100	17.8554	-5.204170427930421e-18	0.7459592017466462	0.5266	0.0124	-1.0533	0.026	2	13.35617	0.2808641	2.69682	0.4821791	0.9080191	0.1245688	1.842697	0.01408296
deepmd-les-claim-neutral_sB	34200	18.194850000000002	-1.0870933782787991e-16	0.7450438050439996	0.5259	0.0142	-1.0519	0.0289	2	13.35663	0.2808422	2.696998	0.482163	0.9080657	0.1245688	1.842661	0.01408296
deepmd-les-claim-neutral_sB	34300	17.7107	1.5496863052059476e-16	0.7479572094939143	0.528	0.0136	-1.056	0.0313	2	13.35841	0.2811656	2.697497	0.4823291	0.908504	0.1245688	1.842911	0.01408296
deepmd-les-claim-neutral_sB	34400	17.9801	-2.7177334456969976e-16	0.745383811204166	0.5262	0.0117	-1.0525	0.0257	2	13.35957	0.2810557	2.697317	0.4822688	0.9084209	0.1245688	1.843187	0.01408296
deepmd-les-claim-neutral_sB	34500	17.59885	9.136210306811184e-17	0.7457627737949538	0.5265	0.0124	-1.053	0.0267	2	13.36056	0.2810986	2.697481	0.4822908	0.9084893	0.1245688	1.843172	0.01408296
deepmd-les-claim-neutral_sB	34600	18.450499999999998	-1.734723475976807e-17	0.7449304898660644	0.5259	0.0136	-1.0518	0.0253	2	13.36232	0.2810766	2.697549	0.4822933	0.9085198	0.1245688	1.843273	0.01408296
deepmd-les-claim-neutral_sB	34700	18.1738	-8.037552105359205e-17	0.7466040377596795	0.5271	0.0119	-1.0541	0.028	2	13.36209	0.2811472	2.697711	0.4823325	0.9085751	0.1245688	1.843469	0.01408296
deepmd-les-claim-neutral_sB	34800	17.35205	5.204170427930421e-17	0.7453259104126996	0.5262	0.0128	-1.0523	0.0272	2	13.36406	0.2811479	2.697619	0.4823345	0.9085836	0.1245688	1.843495	0.01408296
deepmd-les-claim-neutral_sB	34900	17.62675	-2.9952892018532868e-16	0.7477167816113749	0.5278	0.0131	-1.0557	0.0284	2	13.36428	0.2811314	2.697822	0.4823501	0.9086354	0.1245688	1.843564	0.01408296
deepmd-les-claim-neutral_sB	35000	17.71235	9.136210306811184e-17	0.7459448753488517	0.5266	0.0139	-1.0532	0.0271	2	13.36645	0.2811549	2.697886	0.4823362	0.9087471	0.1245688	1.843642	0.01408296
deepmd-les-claim-neutral_sB	35100	17.7408	5.782411586589356e-17	0.7445289140903785	0.5256	0.012	-1.0512	0.0279	2	13.36809	0.2811669	2.698112	0.4823535	0.9089009	0.1245688	1.844006	0.01408296
deepmd-les-claim-neutral_sB	35200	17.0807	2.24357569559667e-16	0.7454074777518573	0.5262	0.0142	-1.0524	0.0295	2	13.36841	0.2812919	2.698304	0.4824357	0.909067	0.1245688	1.844154	0.01408296
deepmd-les-claim-neutral_sB	35300	17.9542	-2.1047978175185259e-16	0.745173743858289	0.526	0.0128	-1.0521	0.0289	2	13.36883	0.2813301	2.698359	0.4824412	0.9090943	0.1245688	1.844181	0.01408296
deepmd-les-claim-neutral_sB	35400	17.546	-1.7983300034292899e-16	0.7450174469196099	0.5259	0.0136	-1.0519	0.0275	2	13.36939	0.2813852	2.698431	0.4824586	0.9092033	0.1245688	1.844254	0.01408296
deepmd-les-claim-neutral_sB	35500	17.816850000000002	-1.491862189340054e-16	0.7455813457072283	0.5264	0.0126	-1.0527	0.0263	2	13.36935	0.2813765	2.698449	0.4824735	0.9091773	0.1245688	1.844274	0.01408296
deepmd-les-claim-neutral_sB	35600	17.238599999999998	1.3126074301557839e-16	0.7442906322663102	0.5254	0.0133	-1.0509	0.0271	2	13.36954	0.2813962	2.698559	0.4824794	0.909201	0.1245688	1.844387	0.01408296
deepmd-les-claim-neutral_sB	35700	17.9069	8.442320916420461e-17	0.7439026506861884	0.5252	0.0128	-1.0503	0.0272	2	13.37019	0.2814153	2.698562	0.4824776	0.9092378	0.1245688	1.844419	0.01408296
deepmd-les-claim-neutral_sB	35800	17.6099	-7.632783294297951e-17	0.7457562452531405	0.5265	0.0115	-1.053	0.0279	2	13.37074	0.2814202	2.698646	0.4824934	0.9092628	0.1245688	1.844437	0.01408296
deepmd-les-claim-neutral_sB	35900	17.2687	-1.7983300034292899e-16	0.7457564230088211	0.5264	0.0138	-1.0529	0.0296	2	13.37128	0.2814472	2.698759	0.4825129	0.9093345	0.1245688	1.844467	0.01408296
deepmd-les-claim-neutral_sB	36000	17.60955	6.64977332457776e-17	0.745697263074273	0.5264	0.0151	-1.0527	0.0326	2	13.37177	0.2814632	2.698859	0.4825019	0.9094109	0.1245688	1.844517	0.01408296
deepmd-les-claim-neutral_sB	36100	18.66185	1.8388068845354155e-16	0.7459902967631423	0.5266	0.0139	-1.0532	0.0297	2	13.37199	0.2814533	2.698816	0.4825006	0.9093779	0.1245688	1.844567	0.01408296
deepmd-les-claim-neutral_sB	36200	17.3889	1.3530843112619095e-16	0.7449978928211212	0.5259	0.0123	-1.0519	0.0272	2	13.37203	0.2814597	2.698838	0.4825051	0.9093738	0.1245688	1.844577	0.01408296
deepmd-les-claim-neutral_sB	36300	16.768	-3.8163916471489756e-17	0.7453972671543048	0.5262	0.0122	-1.0524	0.0293	2	13.37262	0.2815279	2.698826	0.4825519	0.90941	0.1245688	1.844622	0.01408296
deepmd-les-claim-neutral_sB	36400	17.77825	2.4054832200211723e-16	0.7436413905226142	0.525	0.013	-1.05	0.0276	2	13.37327	0.2815522	2.699046	0.4825621	0.9095676	0.1245688	1.844763	0.01408296
deepmd-les-claim-neutral_sB	36500	17.640549999999998	1.5034270125132327e-16	0.7443699815986247	0.5255	0.014	-1.051	0.0268	2	13.37397	0.2815889	2.699118	0.4825589	0.9096236	0.1245688	1.844864	0.01408296
deepmd-les-claim-neutral_sB	36600	17.55825	4.7415775010032725e-17	0.744800835754021	0.5258	0.0123	-1.0516	0.0269	2	13.37421	0.28162	2.699109	0.4826034	0.9096046	0.1245688	1.844853	0.01408296
deepmd-les-claim-neutral_sB	36700	17.72385	1.700029006457271e-16	0.7447988551730728	0.5258	0.0125	-1.0515	0.0311	2	13.37505	0.2815836	2.699116	0.4825572	0.9096514	0.1245688	1.844962	0.01408296
deepmd-les-claim-neutral_sB	36800	17.79585	-1.7231586528036283e-16	0.7438152668037933	0.5251	0.0135	-1.0502	0.0257	2	13.37536	0.2816349	2.699312	0.4826076	0.9097824	0.1245688	1.844986	0.01408296
deepmd-les-claim-neutral_sB	36900	18.38915	2.7755575615628914e-17	0.7436675568036744	0.525	0.0124	-1.05	0.0266	2	13.37599	0.2816725	2.699411	0.4826056	0.9098149	0.1245688	1.845152	0.01408296
deepmd-les-claim-neutral_sB	37000	16.8099	-2.3129646346357425e-16	0.7460831811881022	0.5267	0.0132	-1.0534	0.029	2	13.37668	0.2817503	2.699506	0.4826448	0.9098965	0.1245688	1.845191	0.01408296
deepmd-les-claim-neutral_sB	37100	17.7163	3.469446951953614e-18	0.7436450594126697	0.525	0.0128	-1.05	0.0261	2	13.37767	0.281721	2.699612	0.4826344	0.9099183	0.1245688	1.845305	0.01408296
deepmd-les-claim-neutral_sB	37200	18.371	-4.7415775010032725e-17	0.7468446668260318	0.5272	0.0145	-1.0544	0.0308	2	13.37744	0.2817596	2.699584	0.4826679	0.9099135	0.1245688	1.845262	0.01408296
deepmd-les-claim-neutral_sB	37300	17.0095	1.2952601953960158e-16	0.7451199559251772	0.526	0.0132	-1.052	0.0279	2	13.37807	0.2818068	2.699721	0.4826757	0.9100121	0.1245688	1.84531	0.01408296
deepmd-les-claim-neutral_sB	37400	16.90015	-1.8735013540549517e-16	0.7445256412502049	0.5256	0.0125	-1.0512	0.0287	2	13.37923	0.2818772	2.699882	0.4826982	0.9101576	0.1245688	1.84546	0.01408296
deepmd-les-claim-neutral_sB	37500	18.01775	-9.598803233738332e-17	0.745336796262716	0.5261	0.0138	-1.0523	0.0295	2	13.37939	0.2818015	2.699864	0.4826679	0.910078	0.1245688	1.845504	0.01408296
deepmd-les-claim-neutral_sB	37600	17.4055	-8.384496800554567e-17	0.7432358751903071	0.5247	0.0137	-1.0493	0.0286	2	13.38027	0.2818407	2.699889	0.4826844	0.9101636	0.1245688	1.84554	0.01408296
deepmd-les-claim-neutral_sB	37700	18.21065	2.6483445066579253e-16	0.7426306103464883	0.5243	0.0122	-1.0485	0.028	2	13.38076	0.2818469	2.69995	0.4826927	0.9101722	0.1245688	1.845647	0.01408296
deepmd-les-claim-neutral_sB	37800	17.930950000000003	3.9667343484002987e-16	0.7469894359762378	0.5273	0.0142	-1.0546	0.0303	2	13.3809	0.2819005	2.700103	0.4827258	0.9102493	0.1245688	1.845726	0.01408296
deepmd-les-claim-neutral_sB	37900	17.06465	1.7115938296304495e-16	0.7448494284782429	0.5258	0.0125	-1.0517	0.0282	2	13.38205	0.2819711	2.700255	0.482722	0.9104337	0.1245688	1.845908	0.01408296
deepmd-les-claim-neutral_sB	38000	17.243699999999997	1.734723475976807e-17	0.7456365247667722	0.5264	0.013	-1.0528	0.0259	2	13.38233	0.2819251	2.700292	0.4827145	0.9103798	0.1245688	1.845954	0.01408296
deepmd-les-claim-neutral_sB	38100	17.7805	4.6721885619642e-16	0.745419670192114	0.5262	0.014	-1.0524	0.0296	2	13.38265	0.2820089	2.700323	0.4827766	0.9104206	0.1245688	1.845987	0.01408296
deepmd-les-claim-neutral_sB	38200	18.1404	4.394632805807911e-17	0.7468497797160643	0.5272	0.0142	-1.0544	0.0322	2	13.3832	0.2819784	2.700349	0.4827403	0.9104123	0.1245688	1.846036	0.01408296
deepmd-les-claim-neutral_sB	38300	17.84265	-7.748431526029738e-17	0.7448039930312996	0.5258	0.0125	-1.0516	0.0287	2	13.3841	0.2820643	2.700449	0.4827921	0.9105508	0.1245688	1.846081	0.01408296
deepmd-les-claim-neutral_sB	38400	17.8846	1.5034270125132327e-17	0.7457836995675973	0.5265	0.0138	-1.0529	0.0304	2	13.38499	0.2820948	2.7006	0.4827883	0.9106692	0.1245688	1.846279	0.01408296
deepmd-les-claim-neutral_sB	38500	17.9369	1.329954664915552e-16	0.7443429527204393	0.5255	0.0116	-1.051	0.0281	2	13.38552	0.2821423	2.700747	0.4828072	0.9107263	0.1245688	1.846389	0.01408296
deepmd-les-claim-neutral_sB	38600	17.828699999999998	-1.850371707708594e-16	0.7434135329846789	0.5249	0.0115	-1.0497	0.0236	2	13.38564	0.2821566	2.700693	0.4828243	0.9106956	0.1245688	1.846383	0.01408296
deepmd-les-claim-neutral_sB	38700	16.9357	-2.0469737016526324e-16	0.7454101830743937	0.5262	0.0124	-1.0525	0.0274	2	13.38689	0.2821461	2.700865	0.482816	0.9108419	0.1245688	1.846495	0.01408296
deepmd-les-claim-neutral_sB	38800	17.04655	-1.0408340855860843e-16	0.7450227132530316	0.5259	0.0123	-1.0519	0.0294	2	13.38704	0.2822323	2.700982	0.482851	0.9109077	0.1245688	1.846532	0.01408296
deepmd-les-claim-neutral_sB	38900	17.61515	-2.544261098099317e-17	0.7423549937627925	0.5241	0.0122	-1.0481	0.0275	2	13.3883	0.28222	2.701049	0.4828247	0.910971	0.1245688	1.846758	0.01408296
deepmd-les-claim-neutral_sB	39000	17.8532	-2.139492287038062e-16	0.7442054893133332	0.5254	0.0128	-1.0507	0.0303	2	13.38884	0.2822359	2.701109	0.4828521	0.9109685	0.1245688	1.846779	0.01408296
deepmd-les-claim-neutral_sB	39100	18.1494	-1.7752003570829325e-16	0.7437165510599483	0.5251	0.012	-1.0501	0.0252	2	13.3886	0.2822072	2.701152	0.4828371	0.9109308	0.1245688	1.846834	0.01408296
deepmd-les-claim-neutral_sB	39200	18.4959	2.8275992658421956e-16	0.7433504794260571	0.5248	0.0123	-1.0495	0.0276	2	13.38929	0.2822322	2.701078	0.4828406	0.9109539	0.1245688	1.846953	0.01408296
deepmd-les-claim-neutral_sB	39300	17.8286	-1.700029006457271e-16	0.7464978060012135	0.527	0.0131	-1.0539	0.0305	2	13.38958	0.2823586	2.701364	0.4829102	0.9110617	0.1245688	1.846946	0.01408296
deepmd-les-claim-neutral_sB	39400	17.944000000000003	7.517135062566163e-17	0.7450987078118229	0.526	0.013	-1.052	0.0272	2	13.39048	0.2822786	2.701255	0.4828761	0.9110044	0.1245688	1.846982	0.01408296
deepmd-les-claim-neutral_sB	39500	17.808799999999998	1.734723475976807e-17	0.7448466623374913	0.5258	0.0136	-1.0515	0.0336	2	13.39114	0.2823528	2.701402	0.4829094	0.9111476	0.1245688	1.847004	0.01408296
deepmd-les-claim-neutral_sB	39600	17.4214	-2.729298268870176e-16	0.745060819903064	0.526	0.0121	-1.052	0.0279	2	13.39132	0.2823184	2.701437	0.4828833	0.9111425	0.1245688	1.847186	0.01408296
deepmd-les-claim-neutral_sB	39700	17.62475	-1.5034270125132327e-17	0.7432995073140064	0.5247	0.0137	-1.0495	0.0271	2	13.39226	0.282397	2.701638	0.4829449	0.9112805	0.1245688	1.847195	0.01408296
deepmd-les-claim-neutral_sB	39800	18.009700000000002	-1.572815951552305e-16	0.7444186595511358	0.5255	0.0133	-1.051	0.0276	2	13.3933	0.2823886	2.701686	0.482941	0.9113233	0.1245688	1.847228	0.01408296
deepmd-les-claim-neutral_sB	39900	17.1584	-1.3415194880887307e-16	0.744455429199608	0.5256	0.0133	-1.0511	0.0272	2	13.39435	0.2824398	2.701764	0.4829447	0.9114372	0.1245688	1.847466	0.01408296
deepmd-les-claim-neutral_sB	40000	17.862000000000002	1.0813109666922097e-16	0.7423420889167832	0.524	0.013	-1.0481	0.0291	2	13.39523	0.2824638	2.701946	0.48295	0.9115439	0.1245688	1.847562	0.01408296
deepmd-les-claim-neutral_sB	40100	18.47685	2.266705341943028e-16	0.7442855993708704	0.5254	0.0137	-1.0508	0.0293	2	13.39507	0.2825038	2.701939	0.482969	0.9115008	0.1245688	1.847569	0.01408296
deepmd-les-claim-neutral_sB	40200	17.59665	-9.540979117872439e-17	0.7428249995422032	0.5244	0.0135	-1.0488	0.027	2	13.39555	0.2825664	2.702033	0.4830035	0.9115802	0.1245688	1.847671	0.01408296
deepmd-les-claim-neutral_sB	40300	17.52795	-1.2721305490496585e-17	0.7434825938042647	0.5249	0.0121	-1.0498	0.0248	2	13.39584	0.2825466	2.702074	0.4830016	0.9115996	0.1245688	1.847631	0.01408296
deepmd-les-claim-neutral_sB	40400	17.9356	-4.625929269271485e-17	0.74462056469147	0.5257	0.0134	-1.0513	0.0268	2	13.39577	0.2825495	2.702122	0.4829953	0.9116209	0.1245688	1.847693	0.01408296
deepmd-les-claim-neutral_sB	40500	17.58315	-3.122502256758253e-17	0.742871077516914	0.5245	0.0118	-1.0489	0.0263	2	13.39625	0.2825394	2.702114	0.4829902	0.9116194	0.1245688	1.84773	0.01408296
deepmd-les-claim-neutral_sB	40600	17.5678	-1.069746143519031e-16	0.7440385047301811	0.5252	0.0126	-1.0505	0.0292	2	13.39623	0.2825607	2.702115	0.4829946	0.9116154	0.1245688	1.847738	0.01408296
deepmd-les-claim-neutral_sB	40700	17.58995	9.945747928933693e-17	0.7432570846102534	0.5247	0.0133	-1.0494	0.0259	2	13.3965	0.2825765	2.702143	0.4830061	0.9116254	0.1245688	1.847724	0.01408296
deepmd-les-claim-neutral_sB	40800	17.79555	4.7415775010032725e-17	0.7435773188092402	0.5249	0.0125	-1.0499	0.0284	2	13.39687	0.2825865	2.702152	0.4830098	0.9116701	0.1245688	1.847754	0.01408296
deepmd-les-claim-neutral_sB	40900	17.9794	4.394632805807911e-17	0.7436369229604747	0.5249	0.014	-1.0499	0.03	2	13.39722	0.2825731	2.702228	0.4830034	0.9117005	0.1245688	1.847796	0.01408296
deepmd-les-claim-neutral_sB	41000	18.311950000000003	-8.615793264018141e-17	0.74282484534209	0.5244	0.0126	-1.0488	0.0278	2	13.39719	0.2825964	2.702266	0.4830063	0.9117272	0.1245688	1.847878	0.01408296
deepmd-les-claim-neutral_sB	41100	17.74965	2.902770616467857e-16	0.7460179699414066	0.5266	0.0136	-1.0533	0.029	2	13.39734	0.2825918	2.702249	0.4829948	0.9117223	0.1245688	1.847888	0.01408296
deepmd-les-claim-neutral_sB	41200	17.3321	-1.590163186312073e-16	0.7437989506405835	0.5251	0.0134	-1.0501	0.0292	2	13.39735	0.282597	2.702284	0.4830062	0.9117227	0.1245688	1.847898	0.01408296
deepmd-les-claim-neutral_sB	41300	17.35935	5.319818659662208e-17	0.744384211067314	0.5255	0.0133	-1.051	0.0269	2	13.39797	0.2826191	2.702338	0.4830192	0.9117745	0.1245688	1.847931	0.01408296
deepmd-les-claim-neutral_sB	41400	17.35355	7.748431526029738e-17	0.7422267879930403	0.524	0.0117	-1.048	0.0286	2	13.39832	0.2826361	2.702419	0.4830338	0.9118186	0.1245688	1.847941	0.01408296
deepmd-les-claim-neutral_sB	41500	18.02465	-2.0643209364124004e-16	0.7464080257422202	0.5268	0.015	-1.0537	0.0351	2	13.39881	0.2826396	2.702373	0.4830203	0.9118333	0.1245688	1.84799	0.01408296
deepmd-les-claim-neutral_sB	41600	18.198999999999998	3.064678140892359e-17	0.743414812003877	0.5248	0.0124	-1.0496	0.0299	2	13.39871	0.2826673	2.702517	0.4830411	0.9118847	0.1245688	1.848023	0.01408296
deepmd-les-claim-neutral_sB	41700	17.6284	8.326672684688674e-17	0.7440602358749668	0.5253	0.0124	-1.0506	0.0271	2	13.39902	0.2826532	2.70248	0.4830206	0.9118827	0.1245688	1.848104	0.01408296
deepmd-les-claim-neutral_sB	41800	17.6407	3.162979137864378e-16	0.7436570032844512	0.525	0.0123	-1.05	0.0286	2	13.39913	0.2826543	2.702495	0.4830381	0.9118875	0.1245688	1.848146	0.01408296
deepmd-les-claim-neutral_sB	41900	17.787950000000002	4.394632805807911e-17	0.7429756536656767	0.5245	0.0125	-1.049	0.0277	2	13.39955	0.2827008	2.702562	0.4830483	0.9119596	0.1245688	1.848136	0.01408296
deepmd-les-claim-neutral_sB	42000	17.45935	-7.979727989493313e-17	0.7441534935614944	0.5253	0.0127	-1.0506	0.0311	2	13.4	0.2827002	2.702654	0.4830463	0.9120042	0.1245688	1.848209	0.01408296
deepmd-les-claim-neutral_sB	42100	17.975299999999997	-1.4687325429936965e-16	0.741857791126905	0.5237	0.0127	-1.0474	0.0268	2	13.40028	0.2827108	2.702672	0.4830423	0.9120328	0.1245688	1.848216	0.01408296
deepmd-les-claim-neutral_sB	42200	17.1569	-8.326672684688674e-17	0.7445173878568923	0.5256	0.0123	-1.0512	0.0273	2	13.40051	0.2827298	2.702716	0.4830575	0.9120445	0.1245688	1.848301	0.01408296
deepmd-les-claim-neutral_sB	42300	17.734	-2.1047978175185259e-16	0.744703930915852	0.5257	0.0142	-1.0514	0.0307	2	13.40065	0.2827496	2.702778	0.4830748	0.9120862	0.1245688	1.848318	0.01408296
deepmd-les-claim-neutral_sB	42400	17.670949999999998	1.214306433183765e-16	0.7425342016022426	0.5242	0.013	-1.0484	0.027	2	13.40097	0.2827561	2.702778	0.4830723	0.9120732	0.1245688	1.848337	0.01408296
deepmd-les-claim-neutral_sB	42500	17.7272	-1.7983300034292899e-16	0.7432154584372431	0.5247	0.0142	-1.0493	0.0283	2	13.40128	0.2827691	2.702874	0.4830549	0.9121375	0.1245688	1.848435	0.01408296
deepmd-les-claim-neutral_sB	42600	17.213549999999998	-4.625929269271485e-17	0.742828176944853	0.5243	0.0127	-1.0487	0.0333	2	13.40182	0.2827786	2.702908	0.4830755	0.912158	0.1245688	1.848395	0.01408296
deepmd-les-claim-neutral_sB	42700	17.7426	8.153200337090993e-17	0.7435698829359756	0.5249	0.0134	-1.0499	0.0268	2	13.40203	0.2827734	2.702889	0.4830632	0.9121768	0.1245688	1.848572	0.01408296
deepmd-les-claim-neutral_sB	42800	17.34135	1.6190752442450197e-17	0.7435060142270629	0.5249	0.013	-1.0497	0.0284	2	13.40211	0.2827799	2.7029	0.483081	0.9121638	0.1245688	1.848513	0.01408296
deepmd-les-claim-neutral_sB	42900	17.8285	-6.938893903907228e-17	0.7430825167569414	0.5246	0.0117	-1.0492	0.027	2	13.40262	0.2827745	2.702859	0.4830782	0.9121859	0.1245688	1.848558	0.01408296
deepmd-les-claim-neutral_sB	43000	17.45635	-1.0408340855860843e-16	0.7427230118331333	0.5243	0.0124	-1.0487	0.0275	2	13.40273	0.2828425	2.703042	0.4830967	0.9122686	0.1245688	1.848546	0.01408296
deepmd-les-claim-neutral_sB	43100	17.65805	-3.0068540250264654e-17	0.7428993807408847	0.5245	0.0121	-1.0489	0.0268	2	13.40337	0.2828468	2.703066	0.4830993	0.9123123	0.1245688	1.848634	0.01408296
deepmd-les-claim-neutral_sB	43200	18.2618	-1.0639637319324416e-16	0.7432762374174794	0.5247	0.0139	-1.0494	0.0278	2	13.40354	0.2828535	2.703081	0.4830956	0.912312	0.1245688	1.848693	0.01408296
deepmd-les-claim-neutral_sB	43300	17.828850000000003	4.0476881106125497e-17	0.7433518141936555	0.5248	0.0123	-1.0495	0.0279	2	13.40377	0.2828576	2.703126	0.4831089	0.9123058	0.1245688	1.848714	0.01408296
deepmd-les-claim-neutral_sB	43400	17.9785	3.0068540250264654e-17	0.7442930390950331	0.5254	0.0129	-1.0508	0.032	2	13.40405	0.2828361	2.703144	0.483087	0.9123073	0.1245688	1.848728	0.01408296
deepmd-les-claim-neutral_sB	43500	17.17855	3.7238730617635457e-16	0.7436424939379526	0.525	0.0128	-1.0499	0.0299	2	13.40436	0.2828798	2.70324	0.4831087	0.9123943	0.1245688	1.848824	0.01408296
deepmd-les-claim-neutral_sB	43600	17.349899999999998	9.598803233738332e-17	0.7435364662666905	0.5249	0.0143	-1.0498	0.028	2	13.40478	0.2829128	2.703305	0.4831162	0.9124376	0.1245688	1.84884	0.01408296
deepmd-les-claim-neutral_sB	43700	17.96365	-7.864079757761525e-17	0.7449299600526604	0.5258	0.0135	-1.0517	0.0319	2	13.40528	0.282903	2.703321	0.4830999	0.9124754	0.1245688	1.84894	0.01408296
deepmd-les-claim-neutral_sB	43800	17.4311	-1.8041124150158794e-16	0.7429915840681797	0.5245	0.0131	-1.049	0.0278	2	13.40532	0.2829106	2.703403	0.4831323	0.9124464	0.1245688	1.848871	0.01408296
deepmd-les-claim-neutral_sB	43900	18.02335	-6.245004513516506e-17	0.7439610157006028	0.5252	0.0137	-1.0504	0.0284	2	13.40594	0.2829131	2.703407	0.4831113	0.9125122	0.1245688	1.849013	0.01408296
deepmd-les-claim-neutral_sB	44000	17.9057	2.3129646346357426e-17	0.7429153984514208	0.5245	0.014	-1.0489	0.027	2	13.40595	0.2829283	2.703482	0.4831139	0.9125246	0.1245688	1.84902	0.01408296
deepmd-les-claim-neutral_sB	44100	17.17645	6.071532165918825e-17	0.7427021766316684	0.5243	0.0132	-1.0486	0.0309	2	13.40648	0.2829339	2.703468	0.483124	0.9125666	0.1245688	1.849023	0.01408296
deepmd-les-claim-neutral_sB	44200	18.14425	2.058538524825811e-16	0.7430971968498548	0.5246	0.0131	-1.0491	0.0295	2	13.40692	0.282978	2.703539	0.4831376	0.9126208	0.1245688	1.849127	0.01408296
deepmd-les-claim-neutral_sB	44300	18.16075	4.625929269271485e-17	0.7464706880495454	0.527	0.013	-1.0539	0.0275	2	13.40692	0.2830023	2.703608	0.4831648	0.9126078	0.1245688	1.849098	0.01408296
deepmd-les-claim-neutral_sB	44400	17.459049999999998	1.4340380734741604e-16	0.7437008969177701	0.525	0.014	-1.05	0.028	2	13.40725	0.2829756	2.70357	0.4831379	0.9126022	0.1245688	1.849176	0.01408296
deepmd-les-claim-neutral_sB	44500	18.3893	7.45931094670027e-17	0.7427107789175853	0.5243	0.0139	-1.0486	0.03	2	13.4077	0.2829653	2.703574	0.4831271	0.9126006	0.1245688	1.849176	0.01408296
deepmd-les-claim-neutral_sB	44600	17.91125	6.476300976980079e-17	0.7434390737019327	0.5248	0.0135	-1.0497	0.0268	2	13.40784	0.2830086	2.703676	0.483139	0.9126951	0.1245688	1.849235	0.01408296
deepmd-les-claim-neutral_sB	44700	17.71575	-2.3129646346357427e-18	0.7429605440240366	0.5245	0.0118	-1.049	0.0299	2	13.40831	0.2830073	2.703683	0.4831396	0.9126948	0.1245688	1.849273	0.01408296
deepmd-les-claim-neutral_sB	44800	17.5441	-2.729298268870176e-16	0.7419940313554831	0.5238	0.0121	-1.0477	0.0256	2	13.4083	0.2830449	2.703796	0.4831593	0.9127772	0.1245688	1.84928	0.01408296
deepmd-les-claim-neutral_sB	44900	17.471850000000003	-1.6768993601109134e-17	0.7434813589308507	0.5249	0.0137	-1.0497	0.0275	2	13.4087	0.2830238	2.70379	0.4831495	0.912728	0.1245688	1.849403	0.01408296
deepmd-les-claim-neutral_sB	45000	18.02335	-5.724587470723463e-17	0.7426904735293612	0.5243	0.0133	-1.0486	0.0287	2	13.4093	0.2830378	2.703852	0.4831499	0.9127717	0.1245688	1.849463	0.01408296
deepmd-les-claim-neutral_sB	45100	18.0077	8.442320916420461e-17	0.742056902628454	0.5239	0.0121	-1.0477	0.0277	2	13.40941	0.283049	2.703876	0.4831538	0.9127842	0.1245688	1.849482	0.01408296
deepmd-les-claim-neutral_sB	45200	16.894	2.6483445066579253e-16	0.7428789510141662	0.5245	0.0124	-1.0489	0.0265	2	13.4095	0.2830806	2.703917	0.4831687	0.9128315	0.1245688	1.849481	0.01408296
deepmd-les-claim-neutral_sB	45300	16.86725	5.319818659662208e-17	0.7440743575910168	0.5252	0.0141	-1.0504	0.0332	2	13.40957	0.2830768	2.703941	0.4831654	0.9128499	0.1245688	1.849487	0.01408296
deepmd-les-claim-neutral_sB	45400	18.6253	1.734723475976807e-17	0.7423494345306796	0.5241	0.013	-1.0481	0.0269	2	13.40985	0.2830779	2.703948	0.4831617	0.9128686	0.1245688	1.849534	0.01408296
deepmd-les-claim-neutral_sB	45500	17.72125	-2.3129646346357427e-18	0.7411966156569829	0.5233	0.0129	-1.0465	0.0259	2	13.40984	0.2831004	2.703972	0.4831765	0.9128907	0.1245688	1.849517	0.01408296
deepmd-les-claim-neutral_sB	45600	18.33175	1.2200888447703542e-16	0.7424598866851173	0.5241	0.013	-1.0483	0.0293	2	13.41004	0.2830872	2.703962	0.483174	0.9128711	0.1245688	1.84955	0.01408296
deepmd-les-claim-neutral_sB	45700	17.04475	-3.14563190310461e-16	0.7451633570724812	0.5261	0.013	-1.0521	0.0268	2	13.41008	0.2830931	2.703992	0.4831767	0.9128878	0.1245688	1.849541	0.01408296
deepmd-les-claim-neutral_sB	45800	16.63525	-9.194034422677078e-17	0.7429217286437704	0.5244	0.0132	-1.0489	0.0301	2	13.4102	0.2830974	2.704024	0.4831771	0.9129117	0.1245688	1.849574	0.01408296
deepmd-les-claim-neutral_sB	45900	18.612499999999997	-1.9081958235744878e-17	0.7435338581833776	0.5249	0.0132	-1.0498	0.0272	2	13.41032	0.2831135	2.704027	0.4831837	0.9129188	0.1245688	1.849572	0.01408296
deepmd-les-claim-neutral_sB	46000	17.65265	5.7824115865893565e-18	0.7422443738757996	0.524	0.0121	-1.048	0.0291	2	13.41046	0.2831131	2.704046	0.4831762	0.9129367	0.1245688	1.849616	0.01408296
deepmd-les-claim-neutral_sB	46100	17.25	-6.013708050052931e-17	0.7420279500274491	0.5238	0.0129	-1.0477	0.0274	2	13.41063	0.2831164	2.70402	0.4831749	0.9129313	0.1245688	1.849654	0.01408296
deepmd-les-claim-neutral_sB	46200	17.568	4.0476881106125497e-17	0.7443925594984316	0.5255	0.0133	-1.051	0.0292	2	13.41075	0.283126	2.704053	0.4831759	0.9129481	0.1245688	1.849671	0.01408296
deepmd-les-claim-neutral_sB	46300	17.2857	-5.898059818321144e-17	0.7447107129770385	0.5257	0.0137	-1.0514	0.0292	2	13.41088	0.2831242	2.704062	0.4831834	0.9129305	0.1245688	1.849638	0.01408296
deepmd-les-claim-neutral_sB	46400	17.9687	-7.632783294297951e-17	0.7436210221822286	0.525	0.0131	-1.05	0.0256	2	13.41093	0.2831371	2.704092	0.4831895	0.9129449	0.1245688	1.849657	0.01408296
deepmd-les-claim-neutral_sB	46500	18.636200000000002	8.095376221225099e-17	0.7441804263717742	0.5253	0.0135	-1.0507	0.0284	2	13.41108	0.2831586	2.704132	0.4831895	0.9130066	0.1245688	1.849716	0.01408296
deepmd-les-claim-neutral_sB	46600	17.28835	-2.370788750501636e-16	0.7426409740824635	0.5243	0.0128	-1.0485	0.0276	2	13.41121	0.2831622	2.70417	0.4831946	0.9130284	0.1245688	1.849726	0.01408296
deepmd-les-claim-neutral_sB	46700	17.26075	7.921903873627419e-17	0.7433218416596569	0.5247	0.0131	-1.0495	0.0288	2	13.41144	0.2831569	2.704167	0.4831936	0.9130241	0.1245688	1.849754	0.01408296
deepmd-les-claim-neutral_sB	46800	17.5639	1.3877787807814457e-16	0.7419786699126452	0.5238	0.0139	-1.0475	0.031	2	13.41152	0.2831575	2.704163	0.483194	0.9130082	0.1245688	1.849727	0.01408296
deepmd-les-claim-neutral_sB	46900	18.160600000000002	1.8850661772281302e-16	0.7430610399121858	0.5245	0.0139	-1.0491	0.029	2	13.4117	0.2831476	2.704177	0.4831906	0.9130061	0.1245688	1.849747	0.01408296
deepmd-les-claim-neutral_sB	47000	17.4433	1.0928757898653885e-16	0.7415439704063994	0.5235	0.0129	-1.047	0.0268	2	13.41193	0.2831578	2.704217	0.4831879	0.9130349	0.1245688	1.849789	0.01408296
deepmd-les-claim-neutral_sB	47100	17.61775	-1.0986582014519777e-16	0.7434935781302112	0.5249	0.0138	-1.0497	0.0288	2	13.41211	0.28317	2.704225	0.4831901	0.9130463	0.1245688	1.849827	0.01408296
deepmd-les-claim-neutral_sB	47200	18.00665	6.591949208711867e-17	0.7414667185622251	0.5235	0.0111	-1.0469	0.0266	2	13.41208	0.2831746	2.704238	0.483191	0.9130551	0.1245688	1.849823	0.01408296
deepmd-les-claim-neutral_sB	47300	17.8478	8.095376221225099e-18	0.7430150607239259	0.5245	0.0138	-1.0491	0.0264	2	13.41213	0.2831661	2.704246	0.4831949	0.9130416	0.1245688	1.849807	0.01408296
deepmd-les-claim-neutral_sB	47400	17.90215	-2.2320108724234916e-16	0.743117695099703	0.5246	0.014	-1.0492	0.0285	2	13.41223	0.2831741	2.704252	0.4832027	0.9130515	0.1245688	1.849849	0.01408296
deepmd-les-claim-neutral_sB	47500	17.490250000000003	6.129356281784718e-17	0.7431119145506115	0.5246	0.0133	-1.0491	0.0309	2	13.41243	0.2831838	2.70428	0.4832014	0.9130735	0.1245688	1.849856	0.01408296
deepmd-les-claim-neutral_sB	47600	18.246650000000002	-5.955883934187037e-17	0.7418910082460091	0.5238	0.0123	-1.0475	0.0249	2	13.4126	0.2831866	2.704317	0.4831962	0.9130976	0.1245688	1.849929	0.01408296
deepmd-les-claim-neutral_sB	47700	17.042450000000002	-1.1796119636642288e-16	0.7430905436774068	0.5246	0.0133	-1.0492	0.0276	2	13.41285	0.2832041	2.704335	0.4832033	0.9131316	0.1245688	1.849936	0.01408296
deepmd-les-claim-neutral_sB	47800	17.72645	2.370788750501636e-16	0.7424606094399622	0.5241	0.0121	-1.0483	0.0298	2	13.41302	0.2832133	2.704378	0.4832101	0.9131529	0.1245688	1.849923	0.01408296
deepmd-les-claim-neutral_sB	47900	18.05075	-8.557969148152248e-17	0.7436182139096711	0.5249	0.014	-1.0498	0.0321	2	13.41302	0.2832062	2.70436	0.48321	0.9131333	0.1245688	1.849922	0.01408296
deepmd-les-claim-neutral_sB	48000	17.9787	1.9660199394403812e-17	0.7415063078857623	0.5235	0.013	-1.0469	0.0295	2	13.41327	0.2832077	2.704363	0.4832053	0.9131331	0.1245688	1.849943	0.01408296
deepmd-les-claim-neutral_sB	48100	18.016849999999998	5.66676335485757e-17	0.742813112711913	0.5244	0.014	-1.0488	0.0259	2	13.4133	0.2832038	2.704371	0.4832022	0.9131402	0.1245688	1.849998	0.01408296
deepmd-les-claim-neutral_sB	48200	17.75045	-7.979727989493313e-17	0.7432000163071331	0.5247	0.0132	-1.0493	0.0275	2	13.41345	0.2832028	2.704373	0.4832032	0.913141	0.1245688	1.850001	0.01408296
deepmd-les-claim-neutral_sB	48300	18.1477	-1.9891495857867386e-16	0.7432050309167916	0.5247	0.0125	-1.0493	0.0292	2	13.41361	0.2832034	2.704387	0.4832061	0.9131306	0.1245688	1.850016	0.01408296
deepmd-les-claim-neutral_sB	48400	17.421999999999997	4.625929269271485e-18	0.743530751004513	0.5249	0.013	-1.0498	0.0269	2	13.41366	0.2832281	2.704424	0.4832134	0.9131599	0.1245688	1.85003	0.01408296
deepmd-les-claim-neutral_sB	48500	16.9723	-1.1622647289044608e-16	0.743214906042691	0.5247	0.0125	-1.0494	0.0273	2	13.41377	0.2832286	2.70445	0.4832114	0.9131709	0.1245688	1.850038	0.01408296
deepmd-les-claim-neutral_sB	48600	17.75095	-5.204170427930421e-17	0.7425106690216525	0.5242	0.0121	-1.0484	0.0281	2	13.41408	0.2832262	2.70446	0.4832073	0.9131872	0.1245688	1.850084	0.01408296
deepmd-les-claim-neutral_sB	48700	17.9418	-3.5966600068585797e-16	0.7444081719587593	0.5255	0.0141	-1.051	0.0292	2	13.41425	0.2832362	2.704528	0.4832069	0.9132184	0.1245688	1.850096	0.01408296
deepmd-les-claim-neutral_sB	48800	17.2536	-4.336808689942018e-17	0.743049818711874	0.5245	0.0134	-1.0491	0.0286	2	13.41438	0.2832443	2.704526	0.4832207	0.9132223	0.1245688	1.850063	0.01408296
deepmd-les-claim-neutral_sB	48900	17.766399999999997	6.129356281784718e-17	0.7414879875313842	0.5235	0.0133	-1.0469	0.0278	2	13.41452	0.2832477	2.704538	0.4832235	0.913235	0.1245688	1.850065	0.01408296
deepmd-les-claim-neutral_sB	49000	17.334899999999998	-1.734723475976807e-18	0.7427197150147151	0.5243	0.0136	-1.0486	0.0285	2	13.41462	0.2832475	2.704566	0.4832157	0.9132423	0.1245688	1.850159	0.01408296
deepmd-les-claim-neutral_sB	49100	17.54905	-1.0639637319324416e-16	0.7430556627321805	0.5245	0.0128	-1.0491	0.0295	2	13.4147	0.2832698	2.704598	0.4832283	0.9132801	0.1245688	1.850148	0.01408296
deepmd-les-claim-neutral_sB	49200	17.821849999999998	9.25185853854297e-18	0.7433252307662258	0.5247	0.0137	-1.0494	0.031	2	13.41487	0.2832711	2.704587	0.4832225	0.9132781	0.1245688	1.850164	0.01408296
deepmd-les-claim-neutral_sB	49300	17.61975	1.6017280094852518e-16	0.7434391515382461	0.5248	0.0132	-1.0497	0.0282	2	13.41511	0.2832724	2.704608	0.483213	0.9132832	0.1245688	1.850228	0.01408296
deepmd-les-claim-neutral_sB	49400	17.070549999999997	-4.163336342344337e-17	0.7432975252466842	0.5247	0.0136	-1.0494	0.0305	2	13.41535	0.2832783	2.704633	0.4832193	0.9132916	0.1245688	1.850208	0.01408296
deepmd-les-claim-neutral_sB	49500	17.83775	5.319818659662208e-17	0.7420725927747348	0.5239	0.0125	-1.0477	0.0293	2	13.41556	0.2832763	2.704668	0.4832195	0.9133085	0.1245688	1.850257	0.01408296
deepmd-les-claim-neutral_sB	49600	17.48605	-9.25185853854297e-17	0.7412397857950334	0.5233	0.0125	-1.0466	0.0248	2	13.41571	0.2832866	2.704658	0.4832166	0.9133202	0.1245688	1.850269	0.01408296
deepmd-les-claim-neutral_sB	49700	17.628700000000002	1.734723475976807e-17	0.7418106510238814	0.5237	0.0128	-1.0473	0.0298	2	13.41563	0.2832942	2.704672	0.4832211	0.913325	0.1245688	1.850299	0.01408296
deepmd-les-claim-neutral_sB	49800	18.021	2.463307335887066e-16	0.7432078186459319	0.5247	0.0152	-1.0493	0.0275	2	13.41575	0.2832882	2.70469	0.4832344	0.9133029	0.1245688	1.850252	0.01408296
deepmd-les-claim-neutral_sB	49900	17.6025	-1.16804714049105e-16	0.74229512417501	0.524	0.0134	-1.048	0.0273	2	13.41596	0.2832956	2.704711	0.4832265	0.913332	0.1245688	1.850319	0.01408296
deepmd-les-claim-neutral_sB	50000	17.5366	8.037552105359205e-17	0.7419440863121562	0.5238	0.013	-1.0476	0.0269	2	13.41614	0.2833198	2.704739	0.4832306	0.9133819	0.1245688	1.850326	0.01408296
deepmd-les-claim-neutral_sB	50100	17.48495	-2.2724877535296173e-16	0.7435043551880625	0.5249	0.0131	-1.0497	0.0279	2	13.41635	0.2833299	2.704778	0.4832363	0.9133912	0.1245688	1.850348	0.01408296
deepmd-les-claim-neutral_sB	50200	17.894	-1.0061396160665481e-16	0.7422054424112283	0.5239	0.0131	-1.0479	0.0291	2	13.41647	0.283335	2.704794	0.4832364	0.9134088	0.1245688	1.850375	0.01408296
deepmd-les-claim-neutral_sB	50300	17.5666	-1.1102230246251565e-16	0.7447634262037863	0.5257	0.0141	-1.0515	0.0293	2	13.41651	0.2833303	2.7048	0.4832324	0.9134017	0.1245688	1.850397	0.01408296
deepmd-les-claim-neutral_sB	50400	17.491799999999998	7.806255641895632e-17	0.7437795886125328	0.5251	0.0135	-1.0501	0.0286	2	13.41652	0.2833313	2.704808	0.4832372	0.9133991	0.1245688	1.850399	0.01408296
deepmd-les-claim-neutral_sB	50500	17.554	-1.1564823173178712e-16	0.743593672241848	0.5249	0.014	-1.0498	0.0294	2	13.41658	0.2833329	2.704827	0.4832331	0.9134114	0.1245688	1.850408	0.01408296
deepmd-les-claim-neutral_sB	50600	17.91115	-1.8619365308817729e-16	0.7426062236461591	0.5242	0.0136	-1.0484	0.0295	2	13.41662	0.2833344	2.704816	0.4832349	0.9134124	0.1245688	1.850409	0.01408296
deepmd-les-claim-neutral_sB	50700	18.0583	9.945747928933693e-17	0.7422420026236645	0.524	0.0139	-1.048	0.028	2	13.41669	0.2833363	2.704825	0.4832364	0.9134153	0.1245688	1.8504	0.01408296
deepmd-les-claim-neutral_sB	50800	16.98285	-1.5149918356864114e-16	0.7431857735881616	0.5246	0.0136	-1.0492	0.0318	2	13.41673	0.283335	2.704825	0.4832373	0.9134122	0.1245688	1.850401	0.01408296
deepmd-les-claim-neutral_sB	50900	18.385550000000002	9.020562075079397e-17	0.7423008968720789	0.524	0.0132	-1.048	0.0291	2	13.41681	0.2833273	2.704808	0.4832344	0.9134048	0.1245688	1.850407	0.01408296
deepmd-les-claim-neutral_sB	51000	17.980249999999998	1.2374360795301223e-16	0.7425603977202133	0.5242	0.0141	-1.0484	0.0304	2	13.41687	0.2833279	2.704823	0.4832351	0.9134052	0.1245688	1.85042	0.01408296
deepmd-les-claim-neutral_sB	51100	16.9882	-9.945747928933693e-17	0.7426118261606746	0.5242	0.0122	-1.0484	0.0309	2	13.41688	0.2833353	2.704841	0.4832302	0.9134331	0.1245688	1.850447	0.01408296
deepmd-les-claim-neutral_sB	51200	17.9598	-4.7415775010032725e-17	0.7427725215436282	0.5243	0.0129	-1.0487	0.0293	2	13.41695	0.2833456	2.704855	0.4832343	0.9134375	0.1245688	1.850455	0.01408296
deepmd-les-claim-neutral_sB	51300	17.679499999999997	-1.734723475976807e-17	0.7421448812575966	0.5239	0.0138	-1.0478	0.0292	2	13.41695	0.2833467	2.704862	0.4832406	0.9134386	0.1245688	1.850444	0.01408296
deepmd-les-claim-neutral_sB	51400	17.598300000000002	-1.8735013540549517e-16	0.7439479307198159	0.5251	0.0142	-1.0503	0.0315	2	13.41711	0.2833497	2.704875	0.4832359	0.9134502	0.1245688	1.850461	0.01408296
deepmd-les-claim-neutral_sB	51500	16.484	1.4802973661668753e-16	0.7436706956749264	0.525	0.0118	-1.05	0.0271	2	13.41714	0.2833494	2.704873	0.4832366	0.9134505	0.1245688	1.850466	0.01408296
deepmd-les-claim-neutral_sB	51600	17.6042	1.4802973661668753e-16	0.7430342459837883	0.5245	0.0132	-1.0491	0.0276	2	13.41722	0.2833525	2.704885	0.4832394	0.9134562	0.1245688	1.850478	0.01408296
deepmd-les-claim-neutral_sB	51700	16.96725	6.245004513516506e-17	0.7430587150858295	0.5245	0.0138	-1.0491	0.0284	2	13.4173	0.2833623	2.704911	0.4832473	0.9134661	0.1245688	1.850474	0.01408296
deepmd-les-claim-neutral_sB	51800	17.33145	7.45931094670027e-17	0.7432476325243336	0.5247	0.0134	-1.0494	0.027	2	13.4174	0.2833551	2.704915	0.4832413	0.9134636	0.1245688	1.850497	0.01408296
deepmd-les-claim-neutral_sB	51900	17.975	5.2619945437963146e-17	0.7433266702508942	0.5247	0.0133	-1.0494	0.031	2	13.41744	0.2833549	2.70491	0.4832394	0.9134642	0.1245688	1.850508	0.01408296
deepmd-les-claim-neutral_sB	52000	17.55875	-3.9320398788807623e-17	0.7415316296267443	0.5235	0.0114	-1.047	0.0265	2	13.41748	0.2833557	2.704909	0.4832324	0.9134803	0.1245688	1.850536	0.01408296
deepmd-les-claim-neutral_sB	52100	17.607950000000002	-1.6190752442450199e-16	0.7413913771091626	0.5234	0.013	-1.0468	0.0262	2	13.41759	0.2833699	2.704919	0.4832408	0.9134957	0.1245688	1.850519	0.01408296
deepmd-les-claim-neutral_sB	52200	17.5424	9.945747928933693e-17	0.7416161976054597	0.5235	0.0132	-1.0471	0.0278	2	13.4177	0.2833689	2.704931	0.4832389	0.9134977	0.1245688	1.850554	0.01408296
deepmd-les-claim-neutral_sB	52300	18.4755	1.734723475976807e-18	0.7450478320924963	0.526	0.0127	-1.0519	0.028	2	13.41772	0.2833725	2.704956	0.4832425	0.9135037	0.1245688	1.850539	0.01408296
deepmd-les-claim-neutral_sB	52400	17.393250000000002	-1.3704315460216776e-16	0.7432652381625794	0.5247	0.0129	-1.0494	0.0283	2	13.4177	0.2833734	2.704972	0.4832443	0.9135046	0.1245688	1.850539	0.01408296
deepmd-les-claim-neutral_sB	52500	17.22325	2.139492287038062e-17	0.7407739604383101	0.5229	0.0133	-1.0459	0.0277	2	13.4178	0.2833721	2.70497	0.4832468	0.9134965	0.1245688	1.850533	0.01408296
deepmd-les-claim-neutral_sB	52600	17.3624	1.6768993601109134e-16	0.7445518200829241	0.5256	0.0138	-1.0511	0.0322	2	13.41791	0.2833669	2.70496	0.4832374	0.9135017	0.1245688	1.850563	0.01408296
deepmd-les-claim-neutral_sB	52700	18.013199999999998	8.673617379884035e-17	0.7411180054250261	0.5232	0.0116	-1.0464	0.0263	2	13.41798	0.2833688	2.704963	0.4832388	0.9134959	0.1245688	1.850573	0.01408296
deepmd-les-claim-neutral_sB	52800	17.66685	-1.7231586528036283e-16	0.7424849810262993	0.5241	0.0141	-1.0483	0.0302	2	13.41806	0.2833738	2.704975	0.4832408	0.913508	0.1245688	1.850602	0.01408296
deepmd-les-claim-neutral_sB	52900	17.75505	-2.1915339913173662e-16	0.7434375476734773	0.5248	0.0129	-1.0497	0.0273	2	13.41813	0.2833786	2.70499	0.4832384	0.9135202	0.1245688	1.850634	0.01408296
deepmd-les-claim-neutral_sB	53000	17.99015	-2.0238440553062748e-16	0.744059444324187	0.5253	0.0129	-1.0505	0.0296	2	13.41808	0.2833854	2.704997	0.4832432	0.9135315	0.1245688	1.850607	0.01408296
deepmd-les-claim-neutral_sB	53100	17.776600000000002	5.4354668913939954e-17	0.7417909416752505	0.5237	0.0121	-1.0474	0.0271	2	13.41808	0.2833871	2.705	0.4832485	0.9135265	0.1245688	1.850605	0.01408296
deepmd-les-claim-neutral_sB	53200	16.787300000000002	5.66676335485757e-17	0.7419404552091603	0.5238	0.0134	-1.0475	0.0289	2	13.41825	0.2833846	2.705009	0.4832453	0.9135264	0.1245688	1.850612	0.01408296
deepmd-les-claim-neutral_sB	53300	17.9299	-2.544261098099317e-17	0.740677242140735	0.5229	0.0132	-1.0458	0.0273	2	13.41836	0.2833879	2.705025	0.4832494	0.913536	0.1245688	1.850611	0.01408296
deepmd-les-claim-neutral_sB	53400	17.61505	1.2258712563569435e-16	0.7428663137873466	0.5244	0.0122	-1.0488	0.03	2	13.41845	0.2833859	2.705025	0.4832498	0.913533	0.1245688	1.850607	0.01408296
deepmd-les-claim-neutral_sB	53500	16.3277	1.3068250185691946e-16	0.7427523640278882	0.5244	0.0127	-1.0487	0.0267	2	13.41849	0.2833925	2.705039	0.483248	0.9135516	0.1245688	1.850627	0.01408296
deepmd-les-claim-neutral_sB	53600	17.151200000000003	-1.3993436039546242e-16	0.7438763928454357	0.5252	0.0123	-1.0503	0.026	2	13.41853	0.2833909	2.705042	0.4832443	0.913555	0.1245688	1.850678	0.01408296
deepmd-les-claim-neutral_sB	53700	17.40455	-2.6252148603115677e-16	0.7434945523808786	0.5249	0.0125	-1.0498	0.0275	2	13.41862	0.2833924	2.70505	0.4832418	0.913564	0.1245688	1.850688	0.01408296
deepmd-les-claim-neutral_sB	53800	18.18855	-1.0639637319324416e-16	0.7416556171343399	0.5236	0.0129	-1.0471	0.0277	2	13.41875	0.2833928	2.70507	0.4832422	0.9135551	0.1245688	1.850688	0.01408296
deepmd-les-claim-neutral_sB	53900	17.666800000000002	-5.608939238991675e-17	0.7426408581790179	0.5243	0.0136	-1.0485	0.029	2	13.41882	0.2833992	2.705077	0.4832449	0.9135706	0.1245688	1.850678	0.01408296
deepmd-les-claim-neutral_sB	54000	17.5671	-1.5265566588595902e-16	0.7427815596025221	0.5244	0.0143	-1.0487	0.0273	2	13.41889	0.2834019	2.705083	0.4832418	0.9135738	0.1245688	1.8507	0.01408296
deepmd-les-claim-neutral_sB	54100	16.646949999999997	-3.353798720221827e-17	0.7428867536158626	0.5244	0.0123	-1.0489	0.0276	2	13.4189	0.2834005	2.705091	0.4832423	0.9135757	0.1245688	1.850703	0.01408296
deepmd-les-claim-neutral_sB	54200	17.61045	-2.185751579730777e-16	0.744324923427518	0.5254	0.0132	-1.0509	0.0289	2	13.41888	0.2834073	2.705093	0.4832479	0.9135831	0.1245688	1.85069	0.01408296
deepmd-les-claim-neutral_sB	54300	17.2285	9.71445146547012e-17	0.7434157833731718	0.5248	0.0132	-1.0496	0.0298	2	13.41899	0.2834153	2.705116	0.4832486	0.9136025	0.1245688	1.850704	0.01408296
deepmd-les-claim-neutral_sB	54400	17.64645	-1.0986582014519777e-16	0.7424909958727195	0.5242	0.0128	-1.0483	0.0272	2	13.41918	0.2834193	2.705139	0.4832515	0.9136142	0.1245688	1.850725	0.01408296
deepmd-les-claim-neutral_sB	54500	17.9837	-1.3530843112619095e-16	0.7412513618498671	0.5233	0.0127	-1.0466	0.0272	2	13.41927	0.2834182	2.705137	0.4832456	0.9136184	0.1245688	1.85075	0.01408296
deepmd-les-claim-neutral_sB	54600	17.801099999999998	-1.6306400674181987e-16	0.7428859639841566	0.5244	0.0118	-1.0489	0.03	2	13.41931	0.2834199	2.705137	0.4832475	0.9136118	0.1245688	1.850779	0.01408296
deepmd-les-claim-neutral_sB	54700	17.59115	2.2724877535296173e-16	0.7432893505317169	0.5247	0.0154	-1.0494	0.0309	2	13.41932	0.283422	2.705137	0.4832466	0.9136187	0.1245688	1.850785	0.01408296
deepmd-les-claim-neutral_sB	54800	17.957	-3.718090650176956e-16	0.7435519056401845	0.5249	0.0125	-1.0498	0.0304	2	13.41939	0.2834206	2.705153	0.4832495	0.9136217	0.1245688	1.850783	0.01408296
deepmd-les-claim-neutral_sB	54900	17.50205	-3.290192192769344e-16	0.7415782885689829	0.5235	0.0127	-1.047	0.0311	2	13.4195	0.2834272	2.705167	0.4832481	0.9136336	0.1245688	1.850808	0.01408296
deepmd-les-claim-neutral_sB	55000	17.651	1.457167719820518e-16	0.7431857139502067	0.5246	0.0129	-1.0493	0.0294	2	13.41962	0.2834276	2.705167	0.4832537	0.9136383	0.1245688	1.850798	0.01408296
deepmd-les-claim-neutral_sB	55100	17.48805	-2.5673907444456745e-16	0.7453615546677508	0.5262	0.0145	-1.0523	0.0305	2	13.41965	0.2834326	2.705193	0.4832562	0.9136365	0.1245688	1.850788	0.01408296
deepmd-les-claim-neutral_sB	55200	17.81475	6.881069788041334e-17	0.7415339189439715	0.5235	0.0118	-1.047	0.0298	2	13.41966	0.2834349	2.705194	0.4832552	0.9136441	0.1245688	1.850805	0.01408296
deepmd-les-claim-neutral_sB	55300	16.46765	-9.945747928933693e-17	0.7429594069199029	0.5245	0.0129	-1.049	0.0274	2	13.41971	0.2834319	2.705195	0.4832535	0.9136405	0.1245688	1.850815	0.01408296
deepmd-les-claim-neutral_sB	55400	17.68515	-3.5735303605122226e-16	0.7415888032119213	0.5235	0.0135	-1.0471	0.0256	2	13.41974	0.2834322	2.705201	0.4832541	0.9136447	0.1245688	1.850829	0.01408296
deepmd-les-claim-neutral_sB	55500	17.8693	1.9833671742001494e-16	0.7421308827750005	0.5239	0.0137	-1.0478	0.0274	2	13.41979	0.2834352	2.705205	0.4832542	0.9136481	0.1245688	1.85083	0.01408296
deepmd-les-claim-neutral_sB	55600	17.2724	5.2619945437963146e-17	0.7428497604989329	0.5244	0.0118	-1.0488	0.0295	2	13.41982	0.283439	2.705207	0.4832554	0.9136541	0.1245688	1.850838	0.01408296
deepmd-les-claim-neutral_sB	55700	17.670450000000002	-1.4224732503009818e-16	0.7419474628720979	0.5238	0.0119	-1.0476	0.027	2	13.41982	0.2834362	2.705206	0.4832534	0.913649	0.1245688	1.850835	0.01408296
deepmd-les-claim-neutral_sB	55800	17.42275	1.4976446009266434e-16	0.743803440695259	0.5251	0.0129	-1.0501	0.0297	2	13.41984	0.2834353	2.705209	0.4832547	0.9136467	0.1245688	1.850826	0.01408296
deepmd-les-claim-neutral_sB	55900	17.64935	1.850371707708594e-17	0.7431170679512887	0.5246	0.0147	-1.0491	0.0297	2	13.41986	0.2834355	2.705211	0.4832548	0.9136458	0.1245688	1.850827	0.01408296
deepmd-les-claim-neutral_sB	56000	17.696800000000003	-2.6020852139652106e-16	0.7422056496757773	0.524	0.0126	-1.0479	0.0279	2	13.41991	0.2834347	2.705218	0.483255	0.9136452	0.1245688	1.850828	0.01408296
deepmd-les-claim-neutral_sB	56100	18.03635	3.2959746043559335e-17	0.7429999642243676	0.5245	0.0141	-1.049	0.0269	2	13.41997	0.2834352	2.70522	0.4832531	0.913647	0.1245688	1.850842	0.01408296
deepmd-les-claim-neutral_sB	56200	17.3277	-5.551115123125783e-17	0.7419812209582687	0.5238	0.0137	-1.0476	0.0292	2	13.42	0.2834364	2.705224	0.4832539	0.9136488	0.1245688	1.850852	0.01408296
deepmd-les-claim-neutral_sB	56300	18.17335	6.591949208711867e-17	0.7417368035486654	0.5236	0.0125	-1.0473	0.0268	2	13.42003	0.2834351	2.705222	0.4832512	0.9136527	0.1245688	1.850862	0.01408296
deepmd-les-claim-neutral_sB	56400	18.0148	-1.214306433183765e-16	0.7443887250902625	0.5255	0.0136	-1.0509	0.031	2	13.42006	0.2834357	2.705222	0.4832522	0.9136499	0.1245688	1.850866	0.01408296
deepmd-les-claim-neutral_sB	56500	17.774900000000002	-1.4166908387143923e-16	0.741977438615814	0.5238	0.0122	-1.0476	0.0284	2	13.42005	0.28344	2.705226	0.4832548	0.9136575	0.1245688	1.850861	0.01408296
deepmd-les-claim-neutral_sB	56600	18.25675	5.898059818321144e-17	0.741738553186188	0.5236	0.0139	-1.0473	0.0258	2	13.42008	0.2834399	2.705225	0.4832543	0.9136517	0.1245688	1.850859	0.01408296
deepmd-les-claim-neutral_sB	56700	16.422150000000002	-3.585095183685401e-17	0.7427777243263488	0.5244	0.0127	-1.0487	0.0281	2	13.42014	0.2834406	2.705232	0.4832535	0.913658	0.1245688	1.850855	0.01408296
deepmd-les-claim-neutral_sB	56800	17.647799999999997	1.5265566588595902e-16	0.7422100344353582	0.524	0.0122	-1.048	0.0262	2	13.42016	0.2834402	2.705233	0.4832525	0.913662	0.1245688	1.850873	0.01408296
deepmd-les-claim-neutral_sB	56900	16.46515	-2.0411912900660429e-16	0.7428915193410222	0.5244	0.0129	-1.0489	0.0274	2	13.42017	0.2834449	2.705235	0.4832535	0.9136683	0.1245688	1.850883	0.01408296
deepmd-les-claim-neutral_sB	57000	17.2036	-1.0177044392397268e-16	0.7420541896258018	0.5239	0.0123	-1.0477	0.028	2	13.42022	0.2834467	2.705244	0.4832534	0.9136722	0.1245688	1.850884	0.01408296
deepmd-les-claim-neutral_sB	57100	18.145249999999997	-1.4860797777534646e-16	0.7415527664764127	0.5235	0.0139	-1.047	0.0248	2	13.42026	0.2834427	2.705248	0.4832538	0.9136649	0.1245688	1.850896	0.01408296
deepmd-les-claim-neutral_sB	57200	18.069200000000002	3.469446951953614e-17	0.7418090837079712	0.5237	0.0131	-1.0474	0.0269	2	13.42034	0.283445	2.705255	0.4832524	0.9136706	0.1245688	1.850902	0.01408296
deepmd-les-claim-neutral_sB	57300	18.465049999999998	1.850371707708594e-16	0.7429411084855834	0.5245	0.0127	-1.0489	0.0298	2	13.42037	0.2834449	2.705257	0.4832546	0.9136667	0.1245688	1.850898	0.01408296
deepmd-les-claim-neutral_sB	57400	17.69545	-8.557969148152248e-17	0.741132601341404	0.5232	0.013	-1.0464	0.0298	2	13.42041	0.2834437	2.70526	0.4832535	0.9136661	0.1245688	1.850903	0.01408296
deepmd-les-claim-neutral_sB	57500	17.34525	-1.9660199394403812e-17	0.7435490380553718	0.5249	0.0124	-1.0498	0.0281	2	13.42042	0.2834428	2.705262	0.4832513	0.9136706	0.1245688	1.850905	0.01408296
deepmd-les-claim-neutral_sB	57600	18.0719	1.9660199394403813e-16	0.7425384912127284	0.5242	0.0137	-1.0484	0.0278	2	13.42044	0.2834487	2.70527	0.4832543	0.9136767	0.1245688	1.85092	0.01408296
deepmd-les-claim-neutral_sB	57700	17.78095	1.2952601953960158e-16	0.7423520285665286	0.5241	0.0122	-1.0481	0.0276	2	13.42041	0.2834505	2.705275	0.4832557	0.9136799	0.1245688	1.850918	0.01408296
deepmd-les-claim-neutral_sB	57800	18.38065	-3.8163916471489756e-17	0.7445923590938558	0.5256	0.0145	-1.0513	0.0279	2	13.42045	0.2834473	2.705271	0.4832523	0.9136798	0.1245688	1.850935	0.01408296
deepmd-les-claim-neutral_sB	57900	17.49	-1.0292692624129055e-16	0.7445858421833752	0.5256	0.0141	-1.0512	0.0317	2	13.42048	0.2834481	2.705278	0.4832552	0.9136821	0.1245688	1.850927	0.01408296
deepmd-les-claim-neutral_sB	58000	17.62945	-1.717376241217039e-16	0.7439284346971543	0.5252	0.0133	-1.0503	0.03	2	13.42053	0.2834479	2.705277	0.4832518	0.9136838	0.1245688	1.850945	0.01408296
deepmd-les-claim-neutral_sB	58100	17.30515	-1.457167719820518e-16	0.7413565139162775	0.5233	0.0126	-1.0467	0.0294	2	13.42054	0.2834459	2.705272	0.4832505	0.9136789	0.1245688	1.850952	0.01408296
deepmd-les-claim-neutral_sB	58200	17.8422	2.544261098099317e-17	0.7449048021226906	0.5258	0.0134	-1.0517	0.0301	2	13.42055	0.2834472	2.705277	0.4832519	0.9136808	0.1245688	1.850944	0.01408296
deepmd-les-claim-neutral_sB	58300	17.1911	4.85722573273506e-17	0.7422024733913913	0.5239	0.0136	-1.0479	0.0285	2	13.42059	0.2834518	2.70529	0.483255	0.9136897	0.1245688	1.850941	0.01408296
deepmd-les-claim-neutral_sB	58400	17.36225	-1.850371707708594e-17	0.7428933389612132	0.5244	0.0125	-1.0489	0.0302	2	13.42064	0.2834503	2.705291	0.4832521	0.9136861	0.1245688	1.850953	0.01408296
deepmd-les-claim-neutral_sB	58500	17.5062	2.220446049250313e-16	0.7434427864462068	0.5248	0.0141	-1.0497	0.0274	2	13.42063	0.2834546	2.7053	0.4832541	0.9136937	0.1245688	1.850957	0.01408296
deepmd-les-claim-neutral_sB	58600	18.60005	-5.898059818321144e-17	0.7435662425568021	0.5249	0.0138	-1.0497	0.032	2	13.42064	0.2834536	2.7053	0.4832519	0.9136956	0.1245688	1.850961	0.01408296
deepmd-les-claim-neutral_sB	58700	17.452550000000002	2.0238440553062748e-16	0.742760460285743	0.5244	0.0133	-1.0487	0.0275	2	13.42069	0.283453	2.705303	0.4832519	0.9136971	0.1245688	1.85096	0.01408296
deepmd-les-claim-neutral_sB	58800	16.83275	-1.43982048506075e-16	0.7421462394574212	0.5239	0.012	-1.0479	0.0261	2	13.42075	0.2834558	2.705307	0.4832515	0.9137049	0.1245688	1.850978	0.01408296
deepmd-les-claim-neutral_sB	58900	17.23595	2.3823535736748147e-16	0.7421007736464831	0.5239	0.0121	-1.0478	0.0285	2	13.4208	0.2834563	2.70531	0.4832522	0.9137017	0.1245688	1.850967	0.01408296
deepmd-les-claim-neutral_sB	59000	17.8321	-2.0122792321330962e-16	0.741028018426525	0.5231	0.0136	-1.0462	0.0291	2	13.42084	0.2834585	2.705315	0.4832527	0.9137041	0.1245688	1.850976	0.01408296
deepmd-les-claim-neutral_sB	59100	17.4438	6.245004513516506e-17	0.741710119667751	0.5236	0.0121	-1.0473	0.0249	2	13.42085	0.2834605	2.705321	0.4832551	0.9137026	0.1245688	1.850971	0.01408296
deepmd-les-claim-neutral_sB	59200	17.0636	4.278984574076124e-17	0.7431530875988481	0.5246	0.0136	-1.0492	0.0306	2	13.42089	0.2834634	2.705331	0.483257	0.913708	0.1245688	1.850979	0.01408296
deepmd-les-claim-neutral_sB	59300	18.0791	-1.1564823173178712e-16	0.7427492737368251	0.5243	0.0148	-1.0486	0.0295	2	13.42093	0.2834627	2.70533	0.4832568	0.9137082	0.1245688	1.850985	0.01408296
deepmd-les-claim-neutral_sB	59400	17.03305	5.204170427930421e-17	0.7419823902910058	0.5238	0.0129	-1.0476	0.0279	2	13.421	0.2834622	2.705338	0.4832568	0.9137102	0.1245688	1.850988	0.01408296
deepmd-les-claim-neutral_sB	59500	17.71745	2.058538524825811e-16	0.7421071216940063	0.5239	0.0139	-1.0477	0.0303	2	13.42103	0.2834611	2.705343	0.4832533	0.9137144	0.1245688	1.850996	0.01408296
deepmd-les-claim-neutral_sB	59600	17.5363	-3.469446951953614e-18	0.7425013998253646	0.5241	0.0132	-1.0483	0.0301	2	13.42106	0.283468	2.705343	0.4832537	0.9137284	0.1245688	1.851009	0.01408296
deepmd-les-claim-neutral_sB	59700	17.5574	1.364649134435088e-16	0.7420883076279878	0.5239	0.0132	-1.0477	0.0283	2	13.42108	0.2834648	2.705348	0.4832536	0.9137178	0.1245688	1.851014	0.01408296
deepmd-les-claim-neutral_sB	59800	17.4055	-1.6190752442450197e-17	0.7414960810730885	0.5235	0.0132	-1.0469	0.0279	2	13.42115	0.2834664	2.705346	0.4832522	0.9137305	0.1245688	1.851025	0.01408296
deepmd-les-claim-neutral_sB	59900	18.16825	-5.724587470723463e-17	0.7402405797084735	0.5226	0.0117	-1.0452	0.027	2	13.42117	0.2834691	2.705359	0.4832538	0.9137365	0.1245688	1.851018	0.01408296
deepmd-les-claim-neutral_sB	60000	18.3812	1.5034270125132327e-17	0.7410634183971091	0.5232	0.0115	-1.0463	0.0272	2	13.42117	0.2834696	2.705354	0.4832567	0.9137327	0.1245688	1.851017	0.01408296
deepmd-les-claim-neutral_sB	60100	17.4844	1.5381214820327688e-16	0.7404967786461498	0.5228	0.0119	-1.0455	0.0284	2	13.42118	0.2834724	2.705363	0.4832568	0.9137352	0.1245688	1.85102	0.01408296
deepmd-les-claim-neutral_sB	60200	16.682850000000002	-1.850371707708594e-16	0.7418196123946923	0.5237	0.0142	-1.0473	0.0295	2	13.42121	0.2834691	2.70536	0.4832555	0.9137283	0.1245688	1.85103	0.01408296
deepmd-les-claim-neutral_sB	60300	17.269550000000002	2.301399811462564e-16	0.7426611662371616	0.5243	0.0121	-1.0486	0.0271	2	13.42122	0.2834693	2.705361	0.483256	0.9137261	0.1245688	1.851033	0.01408296
deepmd-les-claim-neutral_sB	60400	16.97605	1.0755285551056204e-16	0.7417439540147225	0.5236	0.0128	-1.0473	0.0276	2	13.42125	0.2834676	2.705359	0.4832559	0.9137228	0.1245688	1.851032	0.01408296
deepmd-les-claim-neutral_sB	60500	18.51475	-8.095376221225099e-17	0.7421397922662938	0.5239	0.0118	-1.0478	0.0285	2	13.42124	0.2834686	2.705362	0.4832558	0.9137258	0.1245688	1.851032	0.01408296
deepmd-les-claim-neutral_sB	60600	17.16695	-6.476300976980079e-17	0.7428070615446772	0.5244	0.0127	-1.0488	0.0256	2	13.42126	0.2834695	2.705367	0.4832568	0.9137283	0.1245688	1.851034	0.01408296
deepmd-les-claim-neutral_sB	60700	17.708550000000002	1.734723475976807e-18	0.7420633479111273	0.5238	0.0136	-1.0477	0.0287	2	13.42128	0.2834688	2.705368	0.4832556	0.9137264	0.1245688	1.851038	0.01408296
deepmd-les-claim-neutral_sB	60800	17.44815	-4.7415775010032725e-17	0.7420069374429243	0.5238	0.0125	-1.0477	0.0264	2	13.42131	0.2834684	2.705369	0.4832541	0.9137281	0.1245688	1.85104	0.01408296
deepmd-les-claim-neutral_sB	60900	17.11315	3.469446951953614e-18	0.7422655633114443	0.524	0.0119	-1.048	0.0277	2	13.42132	0.2834704	2.70537	0.4832542	0.9137332	0.1245688	1.851043	0.01408296
deepmd-les-claim-neutral_sB	61000	16.5232	9.367506770274758e-17	0.7430017310882816	0.5245	0.0138	-1.049	0.0296	2	13.42134	0.2834713	2.705372	0.483254	0.913736	0.1245688	1.851045	0.01408296
deepmd-les-claim-neutral_sB	61100	17.5863	1.5207742472730007e-16	0.7414918589663079	0.5235	0.0126	-1.0469	0.0281	2	13.42136	0.2834714	2.705373	0.4832546	0.9137355	0.1245688	1.851043	0.01408296
deepmd-les-claim-neutral_sB	61200	17.0703	-6.360652745248292e-17	0.7425075756182812	0.5242	0.0133	-1.0483	0.0295	2	13.42135	0.2834724	2.70538	0.4832545	0.9137381	0.1245688	1.851045	0.01408296
deepmd-les-claim-neutral_sB	61300	17.044449999999998	-2.0469737016526324e-16	0.7426622631405866	0.5243	0.0135	-1.0486	0.0265	2	13.42138	0.2834716	2.705377	0.4832543	0.9137375	0.1245688	1.85105	0.01408296
deepmd-les-claim-neutral_sB	61400	17.343600000000002	1.942890293094024e-16	0.7424601633642537	0.5241	0.0133	-1.0483	0.0281	2	13.42139	0.2834733	2.705377	0.4832564	0.9137383	0.1245688	1.851051	0.01408296
deepmd-les-claim-neutral_sB	61500	17.765500000000003	2.6830389761774615e-16	0.7428369260738471	0.5244	0.0127	-1.0488	0.0286	2	13.42142	0.2834733	2.705383	0.483256	0.9137384	0.1245688	1.851049	0.01408296
deepmd-les-claim-neutral_sB	61600	18.63655	1.249000902703301e-16	0.7416212483239853	0.5236	0.012	-1.0471	0.0256	2	13.42143	0.2834743	2.705388	0.4832553	0.9137394	0.1245688	1.851051	0.01408296
deepmd-les-claim-neutral_sB	61700	17.5574	-4.625929269271485e-18	0.7418529270677504	0.5237	0.0127	-1.0474	0.0285	2	13.42144	0.2834756	2.705389	0.4832558	0.9137421	0.1245688	1.85105	0.01408296
deepmd-les-claim-neutral_sB	61800	16.8517	-1.0928757898653885e-16	0.7424911049101187	0.5241	0.0126	-1.0483	0.0297	2	13.42149	0.2834737	2.705387	0.4832551	0.9137389	0.1245688	1.851055	0.01408296
deepmd-les-claim-neutral_sB	61900	17.9392	2.3303118693955105e-16	0.7410874793834797	0.5232	0.0129	-1.0464	0.0272	2	13.42152	0.2834738	2.705388	0.4832541	0.9137401	0.1245688	1.851062	0.01408296
deepmd-les-claim-neutral_sB	62000	17.99965	-3.0068540250264653e-16	0.742044375207848	0.5238	0.0132	-1.0477	0.0289	2	13.42151	0.2834769	2.705392	0.483256	0.9137466	0.1245688	1.851059	0.01408296
deepmd-les-claim-neutral_sB	62100	17.8198	-1.43982048506075e-16	0.745043447428735	0.5259	0.0143	-1.0518	0.032	2	13.42151	0.2834761	2.705391	0.4832559	0.9137452	0.1245688	1.851064	0.01408296
deepmd-les-claim-neutral_sB	62200	17.79955	-5.66676335485757e-17	0.7412288111060512	0.5233	0.0124	-1.0466	0.0265	2	13.42154	0.283477	2.705394	0.4832552	0.9137453	0.1245688	1.851066	0.01408296
deepmd-les-claim-neutral_sB	62300	18.17675	-5.493291007259889e-17	0.7430164579803558	0.5245	0.0136	-1.0491	0.0279	2	13.42153	0.2834768	2.705394	0.4832559	0.9137478	0.1245688	1.851065	0.01408296
deepmd-les-claim-neutral_sB	62400	17.81095	-1.7809827686695218e-16	0.7415209811268312	0.5235	0.012	-1.047	0.028	2	13.42158	0.2834768	2.705397	0.4832561	0.9137463	0.1245688	1.851071	0.01408296
deepmd-les-claim-neutral_sB	62500	17.83	-7.748431526029738e-17	0.7421398972603493	0.5239	0.0147	-1.0478	0.0274	2	13.42158	0.2834779	2.7054	0.4832565	0.9137482	0.1245688	1.851075	0.01408296
deepmd-les-claim-neutral_sB	62600	17.1826	1.7636355339097537e-16	0.7438101887715098	0.5251	0.0144	-1.0501	0.0298	2	13.42162	0.2834792	2.705405	0.4832553	0.9137516	0.1245688	1.851086	0.01408296
deepmd-les-claim-neutral_sB	62700	17.8611	1.4513853082339284e-16	0.7433807428899103	0.5248	0.0142	-1.0495	0.0287	2	13.42163	0.2834784	2.705405	0.4832557	0.9137492	0.1245688	1.851082	0.01408296
deepmd-les-claim-neutral_sB	62800	17.6913	-2.42861286636753e-17	0.7434588347445906	0.5249	0.0124	-1.0497	0.0253	2	13.42162	0.2834764	2.705403	0.4832555	0.9137477	0.1245688	1.851079	0.01408296
deepmd-les-claim-neutral_sB	62900	17.4494	-1.3183898417423734e-16	0.7416593996776644	0.5236	0.0124	-1.0472	0.027	2	13.42164	0.283478	2.705405	0.4832558	0.913749	0.1245688	1.851078	0.01408296
deepmd-les-claim-neutral_sB	63000	17.1234	3.180326372624146e-17	0.7436608322089246	0.525	0.0121	-1.05	0.0267	2	13.42164	0.2834799	2.705412	0.4832577	0.9137496	0.1245688	1.851071	0.01408296
deepmd-les-claim-neutral_sB	63100	17.2402	1.1564823173178713e-18	0.7427547330424207	0.5244	0.0124	-1.0487	0.0272	2	13.42168	0.28348	2.705412	0.4832567	0.9137519	0.1245688	1.851075	0.01408296
deepmd-les-claim-neutral_sB	63200	18.274949999999997	1.4340380734741604e-16	0.7413468424618102	0.5233	0.0145	-1.0467	0.0283	2	13.42169	0.2834802	2.705413	0.4832576	0.9137484	0.1245688	1.851082	0.01408296
deepmd-les-claim-neutral_sB	63300	18.3345	-9.483155002006545e-17	0.7440409749964272	0.5252	0.0129	-1.0504	0.0324	2	13.42171	0.2834787	2.705413	0.4832572	0.913746	0.1245688	1.851084	0.01408296
deepmd-les-claim-neutral_sB	63400	17.65245	-1.4687325429936965e-16	0.7431720770060215	0.5246	0.0137	-1.0493	0.0276	2	13.42173	0.2834796	2.705413	0.4832556	0.9137528	0.1245688	1.851088	0.01408296
deepmd-les-claim-neutral_sB	63500	17.8101	5.724587470723463e-17	0.742744189822631	0.5243	0.0146	-1.0486	0.028	2	13.42175	0.2834799	2.705416	0.483254	0.9137557	0.1245688	1.851099	0.01408296
deepmd-les-claim-neutral_sB	63600	18.6535	-3.7585675312830816e-17	0.7428024676956058	0.5244	0.0128	-1.0487	0.0287	2	13.42177	0.2834808	2.70542	0.4832553	0.9137568	0.1245688	1.851096	0.01408296
deepmd-les-claim-neutral_sB	63700	18.0913	2.0874505827587578e-16	0.7443791515604099	0.5255	0.0131	-1.0509	0.0314	2	13.4218	0.2834822	2.705422	0.4832562	0.9137594	0.1245688	1.851103	0.01408296
deepmd-les-claim-neutral_sB	63800	18.0689	1.329954664915552e-16	0.7424602182129646	0.5241	0.0141	-1.0483	0.0273	2	13.42183	0.2834834	2.705425	0.4832569	0.9137603	0.1245688	1.851106	0.01408296
deepmd-les-claim-neutral_sB	63900	17.97	-3.585095183685401e-17	0.742875109997057	0.5244	0.0128	-1.0489	0.0273	2	13.42183	0.283485	2.705431	0.4832569	0.9137648	0.1245688	1.851111	0.01408296
deepmd-les-claim-neutral_sB	64000	18.18085	2.636779683484747e-16	0.7418116615334376	0.5237	0.0134	-1.0474	0.0278	2	13.42185	0.2834844	2.705429	0.4832553	0.9137644	0.1245688	1.851114	0.01408296
deepmd-les-claim-neutral_sB	64100	18.23725	-7.517135062566163e-17	0.7421028811466722	0.5239	0.0139	-1.0477	0.0287	2	13.42185	0.2834857	2.705431	0.4832565	0.913767	0.1245688	1.851109	0.01408296
deepmd-les-claim-neutral_sB	64200	17.5638	-4.1749011655175156e-16	0.7423506180772734	0.524	0.0126	-1.0481	0.0314	2	13.42187	0.2834848	2.70543	0.483257	0.9137643	0.1245688	1.851103	0.01408296
deepmd-les-claim-neutral_sB	64300	17.837	1.2952601953960158e-16	0.7418086317544079	0.5237	0.014	-1.0474	0.0248	2	13.42186	0.2834871	2.705435	0.4832569	0.9137697	0.1245688	1.851104	0.01408296
deepmd-les-claim-neutral_sB	64400	17.51285	1.2952601953960158e-16	0.7426088767604213	0.5242	0.0132	-1.0485	0.0296	2	13.42189	0.2834867	2.705435	0.4832575	0.913768	0.1245688	1.851111	0.01408296
deepmd-les-claim-neutral_sB	64500	17.895400000000002	8.095376221225099e-18	0.7429119286724789	0.5244	0.0126	-1.0489	0.0299	2	13.42191	0.2834868	2.705437	0.4832576	0.9137672	0.1245688	1.851113	0.01408296
deepmd-les-claim-neutral_sB	64600	18.01115	1.214306433183765e-17	0.7417004791840544	0.5236	0.0129	-1.0472	0.0272	2	13.42194	0.2834867	2.705438	0.4832581	0.9137666	0.1245688	1.851112	0.01408296
deepmd-les-claim-neutral_sB	64700	16.9212	1.150699905731282e-16	0.7412484476273429	0.5233	0.0119	-1.0466	0.0279	2	13.42196	0.2834862	2.705438	0.4832564	0.9137679	0.1245688	1.851116	0.01408296
deepmd-les-claim-neutral_sB	64800	17.17685	-3.8163916471489756e-17	0.741391005908784	0.5234	0.0118	-1.0468	0.0284	2	13.42196	0.2834854	2.705439	0.4832568	0.9137665	0.1245688	1.85112	0.01408296
deepmd-les-claim-neutral_sB	64900	17.608800000000002	7.632783294297951e-17	0.7417100586751108	0.5236	0.0148	-1.0472	0.0293	2	13.42199	0.2834857	2.705437	0.4832564	0.9137681	0.1245688	1.851125	0.01408296
deepmd-les-claim-neutral_sB	65000	17.57115	1.8098948266024687e-16	0.7421842416681949	0.5239	0.0134	-1.0479	0.0275	2	13.42202	0.2834865	2.705438	0.4832557	0.9137703	0.1245688	1.851131	0.01408296
deepmd-les-claim-neutral_sB	65100	18.04855	-5.955883934187037e-17	0.7412867973046674	0.5233	0.0142	-1.0466	0.0299	2	13.42204	0.2834868	2.705444	0.4832547	0.9137713	0.1245688	1.851132	0.01408296
deepmd-les-claim-neutral_sB	65200	17.73915	-8.153200337090993e-17	0.7417892268653531	0.5236	0.0129	-1.0473	0.0302	2	13.42204	0.2834865	2.705442	0.4832554	0.9137717	0.1245688	1.851129	0.01408296
deepmd-les-claim-neutral_sB	65300	17.867350000000002	-1.572815951552305e-16	0.7416316658513492	0.5236	0.0124	-1.0472	0.0258	2	13.42205	0.2834869	2.705445	0.4832557	0.9137724	0.1245688	1.851127	0.01408296
deepmd-les-claim-neutral_sB	65400	17.66955	-2.058538524825811e-16	0.7454784683299517	0.5262	0.0141	-1.0525	0.0301	2	13.42206	0.2834874	2.705448	0.4832558	0.9137735	0.1245688	1.851131	0.01408296
deepmd-les-claim-neutral_sB	65500	17.754649999999998	-2.937465085987393e-16	0.7417551502878357	0.5236	0.0131	-1.0473	0.0289	2	13.42206	0.2834881	2.705448	0.4832569	0.913773	0.1245688	1.851126	0.01408296
deepmd-les-claim-neutral_sB	65600	17.6827	1.7925475918427005e-17	0.7411808582406227	0.5233	0.0115	-1.0465	0.0251	2	13.42206	0.2834882	2.705448	0.4832564	0.9137737	0.1245688	1.851127	0.01408296
deepmd-les-claim-neutral_sB	65700	17.80515	-1.5323390704461795e-16	0.7432758818577703	0.5247	0.0129	-1.0494	0.0307	2	13.42206	0.2834883	2.705449	0.4832569	0.9137739	0.1245688	1.851127	0.01408296
deepmd-les-claim-neutral_sB	65800	18.0708	-5.66676335485757e-17	0.7438486866954416	0.5251	0.0134	-1.0501	0.0329	2	13.42208	0.2834885	2.70545	0.4832569	0.9137744	0.1245688	1.851128	0.01408296
deepmd-les-claim-neutral_sB	65900	17.59315	4.625929269271485e-18	0.7413518827097505	0.5234	0.012	-1.0467	0.0269	2	13.42209	0.2834893	2.705452	0.483257	0.9137755	0.1245688	1.851132	0.01408296
deepmd-les-claim-neutral_sB	66000	17.4224	3.469446951953614e-17	0.7427353816552604	0.5243	0.0142	-1.0486	0.0317	2	13.42211	0.2834874	2.70545	0.4832552	0.9137741	0.1245688	1.851133	0.01408296
deepmd-les-claim-neutral_sB	66100	17.548499999999997	-8.673617379884035e-17	0.7421458846207744	0.5239	0.0132	-1.0479	0.0249	2	13.42211	0.2834887	2.705453	0.4832558	0.9137754	0.1245688	1.851136	0.01408296
deepmd-les-claim-neutral_sB	66200		1.4802973661668753e-16	0.7428037938511926	0.5237	0.0148	-1.0473	0.0287		13.42211	0.2834885	2.705453	0.4832561	0.9137757	0.1245688	1.851135	0.01408296
deepmd-les-claim-neutral_sB	66300	17.8908	-1.5959455978986625e-16	0.7412653632852412	0.5233	0.014	-1.0466	0.0279	2	13.42211	0.2834891	2.705454	0.4832568	0.913776	0.1245688	1.851134	0.01408296
deepmd-les-claim-neutral_sB	66400	17.88935	2.370788750501636e-16	0.7411671361082643	0.5232	0.0129	-1.0465	0.0269	2	13.42212	0.2834891	2.705453	0.4832569	0.9137761	0.1245688	1.851135	0.01408296
deepmd-les-claim-neutral_sB	66500	18.1392	1.2894777838094265e-16	0.7415574953894077	0.5235	0.0132	-1.047	0.0273	2	13.42213	0.2834889	2.705456	0.4832562	0.9137767	0.1245688	1.851139	0.01408296
deepmd-les-claim-neutral_sB	66600	18.357799999999997	-9.598803233738332e-17	0.7421230015054933	0.5239	0.0124	-1.0478	0.0285	2	13.42214	0.2834895	2.705458	0.4832559	0.9137771	0.1245688	1.85114	0.01408296
deepmd-les-claim-neutral_sB	66700	17.9636	1.3588667228484988e-16	0.7436478980905236	0.525	0.0133	-1.0499	0.0284	2	13.42215	0.2834898	2.705458	0.4832559	0.9137774	0.1245688	1.851141	0.01408296
deepmd-les-claim-neutral_sB	66800	17.82145	-5.7824115865893565e-18	0.7422916519463417	0.524	0.0124	-1.048	0.0283	2	13.42217	0.2834894	2.705459	0.4832562	0.9137771	0.1245688	1.851141	0.01408296
deepmd-les-claim-neutral_sB	66900	17.16135	1.2258712563569435e-16	0.7425025007684586	0.5242	0.013	-1.0483	0.0272	2	13.42218	0.2834898	2.70546	0.4832553	0.9137777	0.1245688	1.851145	0.01408296
deepmd-les-claim-neutral_sB	67000	17.4618	-7.28583859910259e-17	0.7442602738976704	0.5254	0.0131	-1.0508	0.0267	2	13.42218	0.2834896	2.70546	0.4832563	0.9137772	0.1245688	1.851144	0.01408296
deepmd-les-claim-neutral_sB	67100	17.9897	3.122502256758253e-17	0.7424460814506683	0.5241	0.0125	-1.0482	0.0292	2	13.4222	0.2834891	2.705459	0.4832556	0.913778	0.1245688	1.851147	0.01408296
deepmd-les-claim-neutral_sB	67200	17.9714	-7.921903873627419e-17	0.7428913936115775	0.5244	0.0137	-1.0489	0.0283	2	13.42221	0.283489	2.705459	0.4832554	0.9137784	0.1245688	1.851145	0.01408296
deepmd-les-claim-neutral_sB	67300	17.7621	1.0928757898653885e-16	0.7428727899731524	0.5244	0.0143	-1.0488	0.0281	2	13.42222	0.283489	2.705461	0.4832555	0.9137775	0.1245688	1.851146	0.01408296
deepmd-les-claim-neutral_sB	67400	17.2735	-2.7755575615628914e-16	0.7433690190747172	0.5247	0.0149	-1.0495	0.0304	2	13.42221	0.28349	2.705463	0.4832557	0.9137799	0.1245688	1.851146	0.01408296
deepmd-les-claim-neutral_sB	67500	16.51845	-1.2721305490496585e-17	0.7430830359484369	0.5245	0.0137	-1.0491	0.0306	2	13.42221	0.2834897	2.705463	0.4832558	0.9137792	0.1245688	1.851145	0.01408296
deepmd-les-claim-neutral_sB	67600	18.47985	-1.5785983631388945e-16	0.7436770548328676	0.525	0.0136	-1.0499	0.0305	2	13.42221	0.2834902	2.705465	0.4832563	0.9137801	0.1245688	1.851149	0.01408296
deepmd-les-claim-neutral_sB	67700	17.48795	1.5959455978986625e-16	0.7426669942575076	0.5243	0.0142	-1.0485	0.0294	2	13.42222	0.2834904	2.705466	0.4832562	0.9137794	0.1245688	1.851152	0.01408296
deepmd-les-claim-neutral_sB	67800	16.8908	9.483155002006545e-17	0.7414318627935643	0.5234	0.0124	-1.0468	0.0286	2	13.42223	0.2834909	2.705466	0.4832564	0.9137811	0.1245688	1.851151	0.01408296
deepmd-les-claim-neutral_sB	67900	17.31545	-1.16804714049105e-16	0.7448869294117364	0.5258	0.0136	-1.0517	0.0294	2	13.42224	0.2834909	2.705467	0.4832568	0.9137812	0.1245688	1.851153	0.01408296
deepmd-les-claim-neutral_sB	68000	17.538249999999998	6.938893903907228e-17	0.7419633178530677	0.5237	0.0142	-1.0475	0.0313	2	13.42225	0.283492	2.705469	0.4832567	0.9137828	0.1245688	1.851154	0.01408296
deepmd-les-claim-neutral_sB	68100	18.304650000000002	-4.7415775010032725e-17	0.7427210524835628	0.5243	0.0134	-1.0486	0.0299	2	13.42226	0.2834912	2.705469	0.4832562	0.9137818	0.1245688	1.851155	0.01408296
deepmd-les-claim-neutral_sB	68200	16.616149999999998	2.42861286636753e-17	0.742739813828717	0.5243	0.012	-1.0487	0.029	2	13.42227	0.2834921	2.705468	0.4832562	0.9137835	0.1245688	1.851158	0.01408296
deepmd-les-claim-neutral_sB	68300	17.2849	4.602799622925128e-16	0.740963221278433	0.5231	0.0125	-1.0462	0.0273	2	13.42227	0.2834915	2.705469	0.4832561	0.9137835	0.1245688	1.851156	0.01408296
deepmd-les-claim-neutral_sB	68400	17.9688	1.2605657258764797e-16	0.7415634298705773	0.5235	0.0125	-1.047	0.0275	2	13.42228	0.2834931	2.705471	0.4832564	0.913785	0.1245688	1.851156	0.01408296
deepmd-les-claim-neutral_sB	68500	17.4692	-9.598803233738332e-17	0.7427188340045517	0.5243	0.0155	-1.0486	0.0289	2	13.4223	0.2834919	2.705472	0.4832562	0.9137829	0.1245688	1.851155	0.01408296
deepmd-les-claim-neutral_sB	68600	17.15265	3.9320398788807623e-17	0.7411472133713211	0.5232	0.0122	-1.0465	0.026	2	13.42231	0.2834921	2.705473	0.4832563	0.913784	0.1245688	1.851155	0.01408296
deepmd-les-claim-neutral_sB	68700	17.1667	-8.095376221225099e-18	0.7423715631968248	0.5241	0.0128	-1.0481	0.0301	2	13.42231	0.2834922	2.705475	0.4832566	0.9137833	0.1245688	1.851156	0.01408296
deepmd-les-claim-neutral_sB	68800	17.6284	2.3129646346357427e-18	0.7432089299188419	0.5246	0.0136	-1.0493	0.031	2	13.42233	0.2834914	2.705474	0.4832565	0.913782	0.1245688	1.851154	0.01408296
deepmd-les-claim-neutral_sB	68900	16.8738	2.6252148603115677e-16	0.742699641163229	0.5243	0.0134	-1.0486	0.0277	2	13.42234	0.283491	2.705476	0.4832563	0.9137819	0.1245688	1.851156	0.01408296
deepmd-les-claim-neutral_sB	69000	17.07875	6.129356281784718e-17	0.7419812507849737	0.5238	0.0138	-1.0476	0.0283	2	13.42234	0.2834916	2.705476	0.4832565	0.9137837	0.1245688	1.851158	0.01408296
deepmd-les-claim-neutral_sB	69100	17.872799999999998	2.6252148603115677e-16	0.7420050906288681	0.5238	0.0135	-1.0476	0.0286	2	13.42235	0.2834916	2.705477	0.4832565	0.9137831	0.1245688	1.851159	0.01408296
deepmd-les-claim-neutral_sB	69200	18.21185	-1.4860797777534646e-16	0.7393258176086626	0.5219	0.0119	-1.0439	0.0261	2	13.42236	0.2834925	2.705479	0.4832555	0.9137865	0.1245688	1.851166	0.01408296
deepmd-les-claim-neutral_sB	69300	17.6363	1.329954664915552e-16	0.7411270284684367	0.5232	0.0124	-1.0464	0.0292	2	13.42236	0.2834927	2.70548	0.483256	0.9137866	0.1245688	1.851162	0.01408296
deepmd-les-claim-neutral_sB	69400	16.98415	7.401486830834377e-17	0.7418919221636564	0.5237	0.0123	-1.0475	0.0279	2	13.42236	0.2834941	2.705484	0.4832567	0.9137884	0.1245688	1.851161	0.01408296
deepmd-les-claim-neutral_sB	69500	17.5428	-2.6194324487249787e-16	0.7424423468952365	0.5241	0.014	-1.0482	0.0302	2	13.42238	0.283493	2.705482	0.4832565	0.9137867	0.1245688	1.851161	0.01408296
deepmd-les-claim-neutral_sB	69600	17.4566	2.7639927383897123e-16	0.7427149915491433	0.5243	0.0126	-1.0486	0.0285	2	13.42239	0.2834929	2.705481	0.4832565	0.9137874	0.1245688	1.851161	0.01408296
deepmd-les-claim-neutral_sB	69700	17.337	1.2432184911167116e-16	0.7416645213318487	0.5236	0.0129	-1.0471	0.0295	2	13.42241	0.2834925	2.705483	0.4832555	0.9137868	0.1245688	1.851164	0.01408296
deepmd-les-claim-neutral_sB	69800	17.4691	1.9949319973733282e-16	0.7424422047741034	0.5241	0.0136	-1.0481	0.033	2	13.42239	0.2834933	2.705485	0.4832556	0.9137893	0.1245688	1.851166	0.01408296
deepmd-les-claim-neutral_sB	69900	17.62725	2.8275992658421956e-16	0.7399177102610129	0.5223	0.0134	-1.0447	0.0275	2	13.42241	0.2834934	2.705484	0.4832563	0.913789	0.1245688	1.851167	0.01408296
deepmd-les-claim-neutral_sB	70000	18.196199999999997	-2.1279274638648832e-16	0.741448698264619	0.5234	0.0128	-1.0468	0.0302	2	13.42242	0.2834949	2.705488	0.4832568	0.9137905	0.1245688	1.851171	0.01408296
deepmd-les-claim-neutral_sB	70100	16.98	9.367506770274758e-17	0.7422236057062359	0.524	0.0132	-1.048	0.0267	2	13.42243	0.2834961	2.705492	0.4832571	0.9137925	0.1245688	1.851172	0.01408296
deepmd-les-claim-neutral_sB	70200	18.3934	-1.8619365308817729e-16	0.7425589286232327	0.5242	0.0135	-1.0484	0.0288	2	13.42243	0.2834964	2.705493	0.4832575	0.9137929	0.1245688	1.851173	0.01408296
deepmd-les-claim-neutral_sB	70300	17.9617	9.25185853854297e-18	0.7438915474268382	0.5251	0.0138	-1.0502	0.0327	2	13.42244	0.283496	2.705492	0.483257	0.9137928	0.1245688	1.851174	0.01408296
deepmd-les-claim-neutral_sB	70400	17.3314	8.904913843347609e-17	0.7426184646558887	0.5243	0.0133	-1.0485	0.026	2	13.42244	0.2834959	2.705493	0.4832566	0.9137933	0.1245688	1.851176	0.01408296
deepmd-les-claim-neutral_sB	70500	17.5535	-1.2200888447703542e-16	0.7419689234018272	0.5238	0.0123	-1.0476	0.0298	2	13.42245	0.283496	2.705494	0.4832566	0.9137927	0.1245688	1.851176	0.01408296
deepmd-les-claim-neutral_sB	70600	17.87605	-2.5500435096859064e-16	0.7421513140632642	0.5239	0.0127	-1.0478	0.0286	2	13.42245	0.2834953	2.705493	0.4832565	0.9137922	0.1245688	1.851175	0.01408296
deepmd-les-claim-neutral_sB	70700	17.24625	2.3129646346357425e-16	0.7424574476041798	0.5241	0.0125	-1.0483	0.0291	2	13.42245	0.283496	2.705494	0.4832569	0.9137933	0.1245688	1.851177	0.01408296
deepmd-les-claim-neutral_sB	70800	18.41875	-1.8561541192951836e-16	0.7435387345132104	0.5249	0.0137	-1.0497	0.0307	2	13.42246	0.2834961	2.705494	0.4832573	0.9137923	0.1245688	1.851175	0.01408296
deepmd-les-claim-neutral_sB	70900	17.5781	1.0523989087592629e-16	0.7436556648973817	0.525	0.0146	-1.0499	0.029	2	13.42247	0.2834952	2.705493	0.483257	0.9137907	0.1245688	1.851175	0.01408296
deepmd-les-claim-neutral_sB	71000	17.33175	-2.0816681711721685e-17	0.7421331967184633	0.5239	0.013	-1.0478	0.0267	2	13.42247	0.2834952	2.705493	0.4832569	0.9137912	0.1245688	1.851175	0.01408296
deepmd-les-claim-neutral_sB	71100	17.87525	1.1564823173178713e-17	0.7399861488498007	0.5224	0.0127	-1.0448	0.0277	2	13.42247	0.2834956	2.705494	0.4832569	0.9137913	0.1245688	1.851175	0.01408296
deepmd-les-claim-neutral_sB	71200	17.701549999999997	-1.942890293094024e-16	0.7421509948671167	0.5239	0.0135	-1.0478	0.0296	2	13.42248	0.2834955	2.705495	0.4832564	0.9137924	0.1245688	1.851179	0.01408296
deepmd-les-claim-neutral_sB	71300	17.67115	1.850371707708594e-16	0.7441220961610318	0.5253	0.0137	-1.0506	0.028	2	13.42248	0.2834959	2.705495	0.4832565	0.9137931	0.1245688	1.851179	0.01408296
deepmd-les-claim-neutral_sB	71400	17.94915	-8.904913843347609e-17	0.7409107496506162	0.523	0.013	-1.0461	0.0295	2	13.42249	0.2834954	2.705495	0.4832562	0.9137922	0.1245688	1.85118	0.01408296
deepmd-les-claim-neutral_sB	71500	18.0835	-3.0068540250264654e-17	0.7421063359955573	0.5239	0.0136	-1.0478	0.0273	2	13.42249	0.2834954	2.705496	0.4832564	0.9137923	0.1245688	1.85118	0.01408296
deepmd-les-claim-neutral_sB	71600	16.9147	1.1796119636642288e-16	0.7418010777118689	0.5237	0.0129	-1.0474	0.0269	2	13.4225	0.2834962	2.705496	0.4832567	0.9137931	0.1245688	1.851181	0.01408296
deepmd-les-claim-neutral_sB	71700	17.16315	-7.401486830834377e-17	0.7425089893222373	0.5242	0.0132	-1.0484	0.0266	2	13.4225	0.2834966	2.705498	0.4832573	0.9137935	0.1245688	1.851181	0.01408296
deepmd-les-claim-neutral_sB	71800	17.5565	3.700743415417188e-17	0.7404275215190883	0.5227	0.0129	-1.0454	0.0271	2	13.4225	0.2834965	2.705498	0.4832572	0.913794	0.1245688	1.851179	0.01408296
deepmd-les-claim-neutral_sB	71900	17.828000000000003	-9.25185853854297e-18	0.7417518129136664	0.5236	0.0136	-1.0473	0.0273	2	13.42251	0.2834961	2.705499	0.4832562	0.9137942	0.1245688	1.851183	0.01408296
deepmd-les-claim-neutral_sB	72000	17.67615	-6.013708050052931e-17	0.7433438582811918	0.5247	0.0133	-1.0495	0.031	2	13.42252	0.2834966	2.705499	0.4832561	0.9137947	0.1245688	1.851183	0.01408296
deepmd-les-claim-neutral_sB	72100	16.96785	5.782411586589356e-17	0.7415582513906555	0.5235	0.0126	-1.047	0.0288	2	13.42253	0.2834967	2.7055	0.4832561	0.913795	0.1245688	1.851184	0.01408296
deepmd-les-claim-neutral_sB	72200	18.100099999999998	1.734723475976807e-17	0.7437606716721258	0.5251	0.0122	-1.0501	0.0291	2	13.42253	0.2834969	2.705502	0.4832563	0.9137948	0.1245688	1.851184	0.01408296
deepmd-les-claim-neutral_sB	72300	17.623199999999997	-1.7231586528036283e-16	0.7418856516373697	0.5237	0.0126	-1.0474	0.0291	2	13.42253	0.2834969	2.705501	0.4832563	0.9137951	0.1245688	1.851185	0.01408296
deepmd-les-claim-neutral_sB	72400	18.331	1.133352670971514e-16	0.7438488497722131	0.5251	0.0135	-1.0501	0.0324	2	13.42254	0.2834966	2.7055	0.4832561	0.913795	0.1245688	1.851184	0.01408296
deepmd-les-claim-neutral_sB	72500	16.7583	-1.0755285551056204e-16	0.7431568110170435	0.5246	0.0127	-1.0493	0.0275	2	13.42254	0.283496	2.7055	0.4832559	0.9137945	0.1245688	1.851184	0.01408296
deepmd-les-claim-neutral_sB	72600	16.88075	-2.1973164029039555e-16	0.7428795323910767	0.5244	0.0126	-1.0489	0.029	2	13.42254	0.2834958	2.7055	0.4832562	0.9137943	0.1245688	1.851182	0.01408296
deepmd-les-claim-neutral_sB	72700	18.1924	-1.5959455978986625e-16	0.7442282019420134	0.5253	0.0146	-1.0507	0.0319	2	13.42254	0.2834963	2.705501	0.4832564	0.9137949	0.1245688	1.851185	0.01408296
deepmd-les-claim-neutral_sB	72800	18.1083	-2.659909329831104e-17	0.7424051739381282	0.5241	0.0127	-1.0482	0.0285	2	13.42255	0.2834968	2.705501	0.4832565	0.9137962	0.1245688	1.851184	0.01408296
deepmd-les-claim-neutral_sB	72900	17.9044	-1.0755285551056204e-16	0.7422372574781623	0.524	0.0133	-1.048	0.028	2	13.42255	0.2834972	2.705502	0.4832568	0.9137968	0.1245688	1.851187	0.01408296
deepmd-les-claim-neutral_sB	73000	17.52885	-6.82324567217544e-17	0.7422337354089544	0.524	0.013	-1.048	0.0276	2	13.42256	0.2834971	2.705502	0.4832563	0.913797	0.1245688	1.851189	0.01408296
deepmd-les-claim-neutral_sB	73100	17.95465	2.1163626406917047e-16	0.7423024715790796	0.524	0.013	-1.0481	0.0276	2	13.42256	0.2834973	2.705504	0.4832569	0.9137968	0.1245688	1.851187	0.01408296
deepmd-les-claim-neutral_sB	73200	16.9606	-9.945747928933693e-17	0.7423797645852656	0.5241	0.0125	-1.0482	0.0257	2	13.42257	0.2834967	2.705503	0.4832563	0.9137959	0.1245688	1.851187	0.01408296
deepmd-les-claim-neutral_sB	73300	17.15785	2.42861286636753e-17	0.743618533632217	0.5249	0.0152	-1.0499	0.0286	2	13.42257	0.2834963	2.705503	0.4832562	0.9137947	0.1245688	1.851186	0.01408296
deepmd-les-claim-neutral_sB	73400	17.810699999999997	-1.2605657258764797e-16	0.742231723712579	0.524	0.0138	-1.048	0.0264	2	13.42257	0.2834968	2.705504	0.4832568	0.9137949	0.1245688	1.851186	0.01408296
deepmd-les-claim-neutral_sB	73500	17.58145	1.4166908387143923e-16	0.7413020689512899	0.5233	0.0126	-1.0467	0.0266	2	13.42258	0.2834969	2.705504	0.4832565	0.9137949	0.1245688	1.851186	0.01408296
deepmd-les-claim-neutral_sB	73600	18.127699999999997	1.671116948524324e-16	0.7446188042522212	0.5256	0.0154	-1.0512	0.0335	2	13.42259	0.283497	2.705504	0.4832566	0.9137947	0.1245688	1.851187	0.01408296
deepmd-les-claim-neutral_sB	73700	17.447400000000002	-3.2381504884900395e-17	0.7433110343985896	0.5247	0.014	-1.0494	0.0299	2	13.42259	0.2834971	2.705504	0.4832567	0.9137953	0.1245688	1.851187	0.01408296
deepmd-les-claim-neutral_sB	73800	17.08245	1.5381214820327688e-16	0.7429969226178377	0.5245	0.0128	-1.049	0.0292	2	13.42259	0.2834975	2.705506	0.4832566	0.9137973	0.1245688	1.851189	0.01408296
deepmd-les-claim-neutral_sB	73900	17.2027	2.1047978175185259e-16	0.7422903991199523	0.524	0.0123	-1.048	0.0289	2	13.4226	0.2834974	2.705506	0.4832564	0.9137972	0.1245688	1.85119	0.01408296
deepmd-les-claim-neutral_sB	74000	18.0694	-4.163336342344337e-17	0.7420017314426638	0.5238	0.0121	-1.0476	0.0316	2	13.4226	0.2834981	2.705507	0.4832565	0.9137982	0.1245688	1.851192	0.01408296
deepmd-les-claim-neutral_sB	74100	18.08015	2.6020852139652106e-16	0.7408010995909861	0.523	0.0133	-1.0459	0.0275	2	13.42261	0.2834981	2.705507	0.4832567	0.9137994	0.1245688	1.851191	0.01408296
deepmd-les-claim-neutral_sB	74200	17.56365	-1.5959455978986625e-16	0.7417584618888363	0.5236	0.0127	-1.0473	0.0282	2	13.42261	0.2834975	2.705506	0.4832564	0.9137985	0.1245688	1.851192	0.01408296
deepmd-les-claim-neutral_sB	74300	17.708399999999997	-5.204170427930421e-18	0.7417528255526485	0.5236	0.0133	-1.0472	0.0301	2	13.42262	0.2834973	2.705507	0.4832558	0.913799	0.1245688	1.851194	0.01408296
deepmd-les-claim-neutral_sB	74400	17.8236	3.5272710678195074e-16	0.7416182109698438	0.5235	0.0129	-1.0471	0.0297	2	13.42261	0.2834984	2.70551	0.4832567	0.9137997	0.1245688	1.851193	0.01408296
deepmd-les-claim-neutral_sB	74500	17.15885	1.2374360795301223e-16	0.7422257720309806	0.5239	0.0132	-1.0479	0.0302	2	13.42262	0.2834974	2.705508	0.483256	0.9137985	0.1245688	1.851194	0.01408296
deepmd-les-claim-neutral_sB	74600	17.6385	-1.4802973661668753e-16	0.7413584173193243	0.5234	0.011	-1.0468	0.0246	2	13.42262	0.2834977	2.705508	0.4832566	0.9137979	0.1245688	1.851194	0.01408296
deepmd-les-claim-neutral_sB	74700	17.19295	-8.789265611615822e-17	0.742139009291017	0.5239	0.0128	-1.0478	0.0282	2	13.42262	0.2834978	2.705509	0.4832564	0.9137989	0.1245688	1.851195	0.01408296
deepmd-les-claim-neutral_sB	74800	17.71635	7.574959178432057e-17	0.7407944329934129	0.523	0.0122	-1.0459	0.0291	2	13.42262	0.2834988	2.70551	0.4832571	0.9138007	0.1245688	1.851194	0.01408296
deepmd-les-claim-neutral_sB	74900	17.801099999999998	1.6768993601109134e-17	0.7412919884396558	0.5233	0.0131	-1.0466	0.0281	2	13.42263	0.2834986	2.70551	0.4832566	0.9138003	0.1245688	1.851195	0.01408296
deepmd-les-claim-neutral_sB	75000	18.12645	-1.0523989087592629e-16	0.741095403747636	0.5232	0.0137	-1.0464	0.0269	2	13.42264	0.2834976	2.70551	0.4832557	0.9137997	0.1245688	1.851197	0.01408296
deepmd-les-claim-neutral_sB	75100	17.441	-3.874215763014869e-17	0.7415470319468013	0.5235	0.0117	-1.047	0.0272	2	13.42264	0.2834989	2.705511	0.4832565	0.9138008	0.1245688	1.851198	0.01408296
deepmd-les-claim-neutral_sB	75200	17.07145	1.7925475918427006e-16	0.7418673973090968	0.5238	0.0116	-1.0475	0.0254	2	13.42265	0.2834984	2.705511	0.4832563	0.9137994	0.1245688	1.851196	0.01408296
deepmd-les-claim-neutral_sB	75300	16.93035	3.8163916471489756e-17	0.7428845681184096	0.5245	0.0135	-1.0489	0.0253	2	13.42265	0.2834985	2.705512	0.4832564	0.9137994	0.1245688	1.851196	0.01408296
deepmd-les-claim-neutral_sB	75400	17.83945	8.326672684688674e-17	0.7422164022582641	0.524	0.0133	-1.0479	0.0274	2	13.42265	0.283499	2.705513	0.4832566	0.9138007	0.1245688	1.851197	0.01408296
deepmd-les-claim-neutral_sB	75500	17.62475	-1.0408340855860843e-16	0.7423569907817562	0.524	0.0149	-1.0481	0.0294	2	13.42265	0.2834986	2.705512	0.4832563	0.9138002	0.1245688	1.851197	0.01408296
deepmd-les-claim-neutral_sB	75600	17.83485	7.806255641895632e-17	0.7408725717142615	0.523	0.0119	-1.0461	0.0265	2	13.42266	0.2834987	2.705513	0.4832564	0.9138006	0.1245688	1.851198	0.01408296
deepmd-les-claim-neutral_sB	75700	17.0113	1.9081958235744878e-16	0.7417833614333257	0.5236	0.0121	-1.0473	0.0299	2	13.42266	0.2834988	2.705512	0.4832564	0.9138006	0.1245688	1.851198	0.01408296
deepmd-les-claim-neutral_sB	75800	17.719549999999998	2.9952892018532868e-16	0.743498316812081	0.5248	0.0139	-1.0497	0.0299	2	13.42266	0.2834994	2.705514	0.4832565	0.9138017	0.1245688	1.851198	0.01408296
deepmd-les-claim-neutral_sB	75900	17.6859	-2.0296264668928643e-16	0.7421404059613445	0.5239	0.0127	-1.0478	0.0303	2	13.42266	0.2834995	2.705513	0.4832566	0.9138019	0.1245688	1.851198	0.01408296
deepmd-les-claim-neutral_sB	76000	17.552500000000002	2.3129646346357426e-17	0.7428794665400116	0.5244	0.013	-1.0489	0.028	2	13.42266	0.2834996	2.705513	0.4832568	0.913802	0.1245688	1.851198	0.01408296
deepmd-les-claim-neutral_sB	76100	16.91115	1.2605657258764797e-16	0.743707126107308	0.525	0.0138	-1.05	0.0284	2	13.42267	0.2834992	2.705513	0.4832564	0.9138017	0.1245688	1.851198	0.01408296
deepmd-les-claim-neutral_sB	76200	17.29785	8.731441495749928e-17	0.7413029159696041	0.5233	0.0136	-1.0466	0.0285	2	13.42267	0.2834992	2.705514	0.4832563	0.9138015	0.1245688	1.851199	0.01408296
deepmd-les-claim-neutral_sB	76300	16.7674	-2.5673907444456745e-16	0.7416791270078733	0.5236	0.0122	-1.0472	0.0279	2	13.42267	0.2834991	2.705514	0.4832562	0.9138013	0.1245688	1.851199	0.01408296
deepmd-les-claim-neutral_sB	76400	17.80295	-3.180326372624146e-17	0.7429186421465833	0.5245	0.0127	-1.0489	0.0286	2	13.42268	0.2834988	2.705513	0.483256	0.9138013	0.1245688	1.851199	0.01408296
deepmd-les-claim-neutral_sB	76500	17.675150000000002	-1.4051260155412137e-16	0.7417069365488236	0.5236	0.0116	-1.0472	0.0276	2	13.42268	0.2834993	2.705514	0.4832563	0.9138019	0.1245688	1.8512	0.01408296
deepmd-les-claim-neutral_sB	76600	18.315199999999997	-1.2721305490496585e-17	0.745366262639793	0.5262	0.014	-1.0523	0.031	2	13.42267	0.2834998	2.705515	0.4832566	0.9138026	0.1245688	1.851199	0.01408296
deepmd-les-claim-neutral_sB	76700	16.9008	-3.700743415417188e-17	0.7424581607140085	0.5241	0.0121	-1.0483	0.0288	2	13.42267	0.2834998	2.705515	0.4832565	0.9138023	0.1245688	1.851198	0.01408296
deepmd-les-claim-neutral_sB	76800	17.90365	1.9081958235744878e-16	0.7415061013871439	0.5235	0.0117	-1.047	0.0257	2	13.42267	0.2835004	2.705516	0.4832569	0.913803	0.1245688	1.851199	0.01408296
deepmd-les-claim-neutral_sB	76900	17.86275	2.0990154059319366e-16	0.7431215381483576	0.5246	0.0139	-1.0492	0.0289	2	13.42268	0.2834997	2.705515	0.4832564	0.9138023	0.1245688	1.8512	0.01408296
deepmd-les-claim-neutral_sB	77000	17.59715	3.3364514854620586e-16	0.741184305700843	0.5232	0.0124	-1.0464	0.0302	2	13.42268	0.2834995	2.705515	0.4832563	0.913802	0.1245688	1.851201	0.01408296
deepmd-les-claim-neutral_sB	77100	17.94025	-1.1564823173178713e-18	0.7413000402271852	0.5233	0.013	-1.0466	0.0291	2	13.42268	0.2834996	2.705516	0.4832564	0.9138022	0.1245688	1.851201	0.01408296
deepmd-les-claim-neutral_sB	77200	17.3435	2.833381677428785e-17	0.7427959549456083	0.5243	0.0133	-1.0486	0.0333	2	13.42269	0.2834989	2.705514	0.4832562	0.913801	0.1245688	1.8512	0.01408296
deepmd-les-claim-neutral_sB	77300	17.547600000000003	-1.0986582014519777e-16	0.741279052955088	0.5233	0.0108	-1.0467	0.025	2	13.42269	0.283499	2.705515	0.4832561	0.9138011	0.1245688	1.851201	0.01408296
deepmd-les-claim-neutral_sB	77400	17.42005	2.1163626406917047e-16	0.7436705817542141	0.525	0.0128	-1.0499	0.0301	2	13.42269	0.2834997	2.705516	0.4832564	0.9138021	0.1245688	1.851202	0.01408296
deepmd-les-claim-neutral_sB	77500	18.554000000000002	3.0935901988253057e-16	0.7420290178995306	0.5238	0.0128	-1.0477	0.0272	2	13.4227	0.2834997	2.705517	0.4832563	0.9138024	0.1245688	1.851202	0.01408296
deepmd-les-claim-neutral_sB	77600	17.70715	2.0816681711721685e-16	0.7410891394998057	0.5232	0.0132	-1.0463	0.0276	2	13.4227	0.2834997	2.705517	0.4832562	0.9138026	0.1245688	1.851202	0.01408296
deepmd-les-claim-neutral_sB	77700	17.6385	2.2724877535296173e-16	0.7428398352385376	0.5244	0.0117	-1.0489	0.0256	2	13.4227	0.2834995	2.705516	0.4832563	0.9138018	0.1245688	1.851203	0.01408296
deepmd-les-claim-neutral_sB	77800	17.597250000000003	-1.1796119636642288e-16	0.7410173412531379	0.5231	0.0133	-1.0462	0.0271	2	13.4227	0.2834991	2.705516	0.4832561	0.9138016	0.1245688	1.851202	0.01408296
deepmd-les-claim-neutral_sB	77900	18.17225	8.095376221225099e-18	0.7418900124155722	0.5237	0.0125	-1.0475	0.0274	2	13.4227	0.2834997	2.705517	0.4832563	0.9138023	0.1245688	1.851204	0.01408296
deepmd-les-claim-neutral_sB	78000	16.83315	-2.058538524825811e-16	0.7427862717972841	0.5244	0.0132	-1.0488	0.0262	2	13.42271	0.2835	2.705518	0.4832564	0.9138029	0.1245688	1.851204	0.01408296
deepmd-les-claim-neutral_sB	78100	17.7487	-2.3592239273284576e-16	0.7424020500384777	0.5241	0.0135	-1.0482	0.0285	2	13.42271	0.2834996	2.705517	0.4832562	0.9138025	0.1245688	1.851204	0.01408296
deepmd-les-claim-neutral_sB	78200	18.041249999999998	-1.850371707708594e-16	0.7449276634367392	0.5259	0.0125	-1.0518	0.0264	2	13.42271	0.2835	2.705518	0.4832565	0.9138029	0.1245688	1.851203	0.01408296
deepmd-les-claim-neutral_sB	78300	16.85215	5.319818659662208e-17	0.7419951803503289	0.5238	0.0118	-1.0477	0.0251	2	13.42271	0.2834998	2.705517	0.4832563	0.9138029	0.1245688	1.851204	0.01408296
deepmd-les-claim-neutral_sB	78400	17.071649999999998	-2.7177334456969977e-17	0.7418701217821421	0.5238	0.0116	-1.0475	0.0254	2	13.42271	0.2835003	2.705519	0.4832567	0.9138035	0.1245688	1.851204	0.01408296
deepmd-les-claim-neutral_sB	78500	17.270650000000003	4.5102810375396984e-17	0.7415134220399572	0.5235	0.0127	-1.047	0.0266	2	13.42272	0.2835001	2.705518	0.4832566	0.913803	0.1245688	1.851204	0.01408296
deepmd-les-claim-neutral_sB	78600	18.108150000000002	2.659909329831104e-17	0.7419128868738115	0.5237	0.0135	-1.0475	0.0285	2	13.42272	0.2835001	2.705519	0.4832568	0.9138028	0.1245688	1.851203	0.01408296
deepmd-les-claim-neutral_sB	78700	18.101750000000003	-7.112366251504909e-17	0.7426578773665564	0.5243	0.0119	-1.0486	0.0285	2	13.42272	0.2834997	2.705519	0.4832564	0.9138027	0.1245688	1.851204	0.01408296
deepmd-les-claim-neutral_sB	78800	17.57515	8.095376221225099e-18	0.7416559509401797	0.5236	0.0119	-1.0472	0.0281	2	13.42272	0.2834997	2.705519	0.4832563	0.9138024	0.1245688	1.851205	0.01408296
deepmd-les-claim-neutral_sB	78900	17.94435	1.8735013540549517e-16	0.7420759550289993	0.5239	0.0124	-1.0477	0.029	2	13.42272	0.2835002	2.70552	0.4832563	0.9138037	0.1245688	1.851206	0.01408296
deepmd-les-claim-neutral_sB	79000	17.50225	1.0755285551056204e-16	0.7419530081084172	0.5238	0.0131	-1.0476	0.0274	2	13.42272	0.2835004	2.70552	0.4832562	0.913804	0.1245688	1.851206	0.01408296
deepmd-les-claim-neutral_sB	79100	17.17355	5.84023570245525e-17	0.7425934491596498	0.5242	0.0129	-1.0485	0.028	2	13.42273	0.2835004	2.70552	0.483256	0.9138041	0.1245688	1.851207	0.01408296
deepmd-les-claim-neutral_sB	79200	17.543	-1.4976446009266434e-16	0.7401669757412459	0.5225	0.0128	-1.0451	0.0268	2	13.42274	0.2834999	2.70552	0.4832557	0.9138037	0.1245688	1.851207	0.01408296
deepmd-les-claim-neutral_sB	79300	17.230800000000002	2.1973164029039556e-17	0.7425421517759956	0.5242	0.0132	-1.0484	0.026	2	13.42273	0.2835007	2.705521	0.4832563	0.9138042	0.1245688	1.851206	0.01408296
deepmd-les-claim-neutral_sB	79400	17.1983	-4.394632805807911e-17	0.7415104134086357	0.5235	0.011	-1.047	0.0269	2	13.42273	0.2835003	2.70552	0.4832562	0.9138037	0.1245688	1.851207	0.01408296
deepmd-les-claim-neutral_sB	79500	17.1789	-8.673617379884035e-17	0.7421238370896502	0.5239	0.013	-1.0478	0.0287	2	13.42273	0.2835005	2.70552	0.4832565	0.9138045	0.1245688	1.851206	0.01408296
deepmd-les-claim-neutral_sB	79600	17.64535	-1.5092094240998222e-16	0.7426648164210273	0.5243	0.0138	-1.0485	0.0298	2	13.42274	0.2835001	2.70552	0.4832563	0.9138042	0.1245688	1.851206	0.01408296
deepmd-les-claim-neutral_sB	79700	17.67885	-1.2374360795301223e-16	0.7428844251994047	0.5244	0.0133	-1.0489	0.0283	2	13.42274	0.2835004	2.705521	0.4832564	0.9138041	0.1245688	1.851207	0.01408296
deepmd-les-claim-neutral_sB	79800	17.7646	5.608939238991675e-17	0.743908983380484	0.5251	0.0131	-1.0503	0.0314	2	13.42274	0.2835008	2.705522	0.4832566	0.9138044	0.1245688	1.851207	0.01408296
deepmd-les-claim-neutral_sB	79900	17.94825	-9.598803233738332e-17	0.7419266993809287	0.5238	0.0125	-1.0475	0.0287	2	13.42275	0.2835009	2.705522	0.4832567	0.9138047	0.1245688	1.851207	0.01408296
deepmd-les-claim-neutral_sB	80000	17.0292	-3.874215763014869e-16	0.7418267863173049	0.5237	0.0133	-1.0474	0.0292	2	13.42275	0.2835009	2.705522	0.4832565	0.9138051	0.1245688	1.851207	0.01408296
deepmd-les-claim-neutral_sB	80100	17.207050000000002	-1.607510421071841e-16	0.7429502338782233	0.5245	0.0123	-1.049	0.0285	2	13.42275	0.2835007	2.705522	0.4832563	0.9138047	0.1245688	1.851209	0.01408296
deepmd-les-claim-neutral_sB	80200	17.649549999999998	-2.5673907444456745e-16	0.7418567926366153	0.5237	0.0148	-1.0474	0.0274	2	13.42275	0.2835006	2.705522	0.4832563	0.9138049	0.1245688	1.851208	0.01408296
deepmd-les-freeze-charge_sA	1	10.931000000000001	0.0	0.6001256307116667	0.4238	0.0	-0.8476	0.0	2								
deepmd-les-freeze-charge_sA	100	11.41675	0.0	0.6001256307116667	0.4238	0.0	-0.8476	0.0	2								
deepmd-les-freeze-charge_sA	200	11.5274	0.0	0.6001256307116667	0.4238	0.0	-0.8476	0.0	2								
deepmd-les-freeze-charge_sA	300	11.704799999999999	0.0	0.6001256307116667	0.4238	0.0	-0.8476	0.0	2								
deepmd-les-freeze-charge_sA	400	11.45835	0.0	0.6001256307116667	0.4238	0.0	-0.8476	0.0	2								
deepmd-les-freeze-charge_sA	500	11.69295	0.0	0.6001256307116667	0.4238	0.0	-0.8476	0.0	2								
deepmd-les-freeze-charge_sA	600	11.17265	0.0	0.6001256307116667	0.4238	0.0	-0.8476	0.0	2								
deepmd-les-freeze-charge_sA	700	11.7641	0.0	0.6001256307116667	0.4238	0.0	-0.8476	0.0	2								
deepmd-les-freeze-charge_sA	800	11.082049999999999	0.0	0.6001256307116667	0.4238	0.0	-0.8476	0.0	2								
deepmd-les-freeze-charge_sA	900	11.455549999999999	0.0	0.6001256307116667	0.4238	0.0	-0.8476	0.0	2								
deepmd-les-freeze-charge_sA	1000	10.98275	0.0	0.6001256307116667	0.4238	0.0	-0.8476	0.0	2								
deepmd-les-freeze-charge_sA	1100	11.40135	0.0	0.6001256307116667	0.4238	0.0	-0.8476	0.0	2								
deepmd-les-freeze-charge_sA	1200	11.23285	0.0	0.6001256307116667	0.4238	0.0	-0.8476	0.0	2								
deepmd-les-freeze-charge_sA	1300	11.53965	0.0	0.6001256307116667	0.4238	0.0	-0.8476	0.0	2								
deepmd-les-freeze-charge_sA	1400	11.6494	0.0	0.6001256307116667	0.4238	0.0	-0.8476	0.0	2								
deepmd-les-freeze-charge_sA	1500	11.45955	0.0	0.6001256307116667	0.4238	0.0	-0.8476	0.0	2								
deepmd-les-freeze-charge_sA	1600	11.42335	0.0	0.6001256307116667	0.4238	0.0	-0.8476	0.0	2								
deepmd-les-freeze-charge_sA	1700	11.642800000000001	0.0	0.6001256307116667	0.4238	0.0	-0.8476	0.0	2								
deepmd-les-freeze-charge_sA	1800	11.51875	0.0	0.6001256307116667	0.4238	0.0	-0.8476	0.0	2								
deepmd-les-freeze-charge_sA	1900	11.32015	0.0	0.6001256307116667	0.4238	0.0	-0.8476	0.0	2								
deepmd-les-freeze-charge_sA	2000	11.46745	0.0	0.6001256307116667	0.4238	0.0	-0.8476	0.0	2								
deepmd-les-freeze-charge_sA	2100	11.472	0.0	0.6001256307116667	0.4238	0.0	-0.8476	0.0	2								
deepmd-les-freeze-charge_sA	2200	11.2754	0.0	0.6001256307116667	0.4238	0.0	-0.8476	0.0	2								
deepmd-les-freeze-charge_sA	2300	11.82065	0.0	0.6001256307116667	0.4238	0.0	-0.8476	0.0	2								
deepmd-les-freeze-charge_sA	2400	11.393550000000001	0.0	0.6001256307116667	0.4238	0.0	-0.8476	0.0	2								
deepmd-les-freeze-charge_sA	2500	11.15605	0.0	0.6001256307116667	0.4238	0.0	-0.8476	0.0	2								
deepmd-les-freeze-charge_sA	2600	11.64005	0.0	0.6001256307116667	0.4238	0.0	-0.8476	0.0	2								
deepmd-les-freeze-charge_sA	2700	11.55005	0.0	0.6001256307116667	0.4238	0.0	-0.8476	0.0	2								
deepmd-les-freeze-charge_sA	2800	11.3672	0.0	0.6001256307116667	0.4238	0.0	-0.8476	0.0	2								
deepmd-les-freeze-charge_sA	2900	10.8667	0.0	0.6001256307116667	0.4238	0.0	-0.8476	0.0	2								
deepmd-les-freeze-charge_sA	3000	11.9471	0.0	0.6001256307116667	0.4238	0.0	-0.8476	0.0	2								
deepmd-les-freeze-charge_sA	3100	11.6162	0.0	0.6001256307116667	0.4238	0.0	-0.8476	0.0	2								
deepmd-les-freeze-charge_sA	3200	11.42325	0.0	0.6001256307116667	0.4238	0.0	-0.8476	0.0	2								
deepmd-les-freeze-charge_sA	3300	11.2638	0.0	0.6001256307116667	0.4238	0.0	-0.8476	0.0	2								
deepmd-les-freeze-charge_sA	3400	11.168949999999999	0.0	0.6001256307116667	0.4238	0.0	-0.8476	0.0	2								
deepmd-les-freeze-charge_sA	3500	11.8214	0.0	0.6001256307116667	0.4238	0.0	-0.8476	0.0	2								
deepmd-les-freeze-charge_sA	3600	11.903649999999999	0.0	0.6001256307116667	0.4238	0.0	-0.8476	0.0	2								
deepmd-les-freeze-charge_sA	3700	11.9598	0.0	0.6001256307116667	0.4238	0.0	-0.8476	0.0	2								
deepmd-les-freeze-charge_sA	3800	11.3284	0.0	0.6001256307116667	0.4238	0.0	-0.8476	0.0	2								
deepmd-les-freeze-charge_sA	3900	11.213000000000001	0.0	0.6001256307116667	0.4238	0.0	-0.8476	0.0	2								
deepmd-les-freeze-charge_sA	4000	11.32085	0.0	0.6001256307116667	0.4238	0.0	-0.8476	0.0	2								
deepmd-les-freeze-charge_sA	4100	11.63305	0.0	0.6001256307116667	0.4238	0.0	-0.8476	0.0	2								
deepmd-les-freeze-charge_sA	4200	11.00135	0.0	0.6001256307116667	0.4238	0.0	-0.8476	0.0	2								
deepmd-les-freeze-charge_sA	4300	11.14995	0.0	0.6001256307116667	0.4238	0.0	-0.8476	0.0	2								
deepmd-les-freeze-charge_sA	4400	12.1095	0.0	0.6001256307116667	0.4238	0.0	-0.8476	0.0	2								
deepmd-les-freeze-charge_sA	4500	11.7412	0.0	0.6001256307116667	0.4238	0.0	-0.8476	0.0	2								
deepmd-les-freeze-charge_sA	4600	11.55325	0.0	0.6001256307116667	0.4238	0.0	-0.8476	0.0	2								
deepmd-les-freeze-charge_sA	4700	11.280899999999999	0.0	0.6001256307116667	0.4238	0.0	-0.8476	0.0	2								
deepmd-les-freeze-charge_sA	4800	11.321850000000001	0.0	0.6001256307116667	0.4238	0.0	-0.8476	0.0	2								
deepmd-les-freeze-charge_sA	4900	11.5989	0.0	0.6001256307116667	0.4238	0.0	-0.8476	0.0	2								
deepmd-les-freeze-charge_sA	5000	11.741050000000001	0.0	0.6001256307116667	0.4238	0.0	-0.8476	0.0	2								
deepmd-les-freeze-charge_sA	5100	11.171949999999999	0.0	0.6001256307116667	0.4238	0.0	-0.8476	0.0	2								
deepmd-les-freeze-charge_sA	5200	11.3701	0.0	0.6001256307116667	0.4238	0.0	-0.8476	0.0	2								
deepmd-les-freeze-charge_sA	5300	11.1371	0.0	0.6001256307116667	0.4238	0.0	-0.8476	0.0	2								
deepmd-les-freeze-charge_sA	5400	11.4664	0.0	0.6001256307116667	0.4238	0.0	-0.8476	0.0	2								
deepmd-les-freeze-charge_sA	5500	11.793	0.0	0.6001256307116667	0.4238	0.0	-0.8476	0.0	2								
deepmd-les-freeze-charge_sA	5600	11.0846	0.0	0.6001256307116667	0.4238	0.0	-0.8476	0.0	2								
deepmd-les-freeze-charge_sA	5700	11.8022	0.0	0.6001256307116667	0.4238	0.0	-0.8476	0.0	2								
deepmd-les-freeze-charge_sA	5800	11.85685	0.0	0.6001256307116667	0.4238	0.0	-0.8476	0.0	2								
deepmd-les-freeze-charge_sA	5900	11.06035	0.0	0.6001256307116667	0.4238	0.0	-0.8476	0.0	2								
deepmd-les-freeze-charge_sA	6000	11.348700000000001	0.0	0.6001256307116667	0.4238	0.0	-0.8476	0.0	2								
deepmd-les-freeze-charge_sA	6100	11.078	0.0	0.6001256307116667	0.4238	0.0	-0.8476	0.0	2								
deepmd-les-freeze-charge_sA	6200	10.9712	0.0	0.6001256307116667	0.4238	0.0	-0.8476	0.0	2								
deepmd-les-freeze-charge_sA	6300	11.133600000000001	0.0	0.6001256307116667	0.4238	0.0	-0.8476	0.0	2								
deepmd-les-freeze-charge_sA	6400	11.2417	0.0	0.6001256307116667	0.4238	0.0	-0.8476	0.0	2								
deepmd-les-freeze-charge_sA	6500	11.20975	0.0	0.6001256307116667	0.4238	0.0	-0.8476	0.0	2								
deepmd-les-freeze-charge_sA	6600	11.4243	0.0	0.6001256307116667	0.4238	0.0	-0.8476	0.0	2								
deepmd-les-freeze-charge_sA	6700	11.5574	0.0	0.6001256307116667	0.4238	0.0	-0.8476	0.0	2								
deepmd-les-freeze-charge_sA	6800	11.6061	0.0	0.6001256307116667	0.4238	0.0	-0.8476	0.0	2								
deepmd-les-freeze-charge_sA	6900	11.33835	0.0	0.6001256307116667	0.4238	0.0	-0.8476	0.0	2								
deepmd-les-freeze-charge_sA	7000	11.0124	0.0	0.6001256307116667	0.4238	0.0	-0.8476	0.0	2								
deepmd-les-freeze-charge_sA	7100	11.5753	0.0	0.6001256307116667	0.4238	0.0	-0.8476	0.0	2								
deepmd-les-freeze-charge_sA	7200	11.7819	0.0	0.6001256307116667	0.4238	0.0	-0.8476	0.0	2								
deepmd-les-freeze-charge_sA	7300	11.3774	0.0	0.6001256307116667	0.4238	0.0	-0.8476	0.0	2								
deepmd-les-freeze-charge_sA	7400	11.35715	0.0	0.6001256307116667	0.4238	0.0	-0.8476	0.0	2								
deepmd-les-freeze-charge_sA	7500	10.8645	0.0	0.6001256307116667	0.4238	0.0	-0.8476	0.0	2								
deepmd-les-freeze-charge_sA	7600	11.863399999999999	0.0	0.6001256307116667	0.4238	0.0	-0.8476	0.0	2								
deepmd-les-freeze-charge_sA	7700	11.70425	0.0	0.6001256307116667	0.4238	0.0	-0.8476	0.0	2								
deepmd-les-freeze-charge_sA	7800	11.969100000000001	0.0	0.6001256307116667	0.4238	0.0	-0.8476	0.0	2								
deepmd-les-freeze-charge_sA	7900	11.5088	0.0	0.6001256307116667	0.4238	0.0	-0.8476	0.0	2								
deepmd-les-freeze-charge_sA	8000	11.4646	0.0	0.6001256307116667	0.4238	0.0	-0.8476	0.0	2								
deepmd-les-freeze-charge_sA	8100	11.691600000000001	0.0	0.6001256307116667	0.4238	0.0	-0.8476	0.0	2								
deepmd-les-freeze-charge_sA	8200	11.437149999999999	0.0	0.6001256307116667	0.4238	0.0	-0.8476	0.0	2								
deepmd-les-freeze-charge_sA	8300	11.10795	0.0	0.6001256307116667	0.4238	0.0	-0.8476	0.0	2								
deepmd-les-freeze-charge_sA	8400	11.413450000000001	0.0	0.6001256307116667	0.4238	0.0	-0.8476	0.0	2								
deepmd-les-freeze-charge_sA	8500	11.5846	0.0	0.6001256307116667	0.4238	0.0	-0.8476	0.0	2								
deepmd-les-freeze-charge_sA	8600	11.19025	0.0	0.6001256307116667	0.4238	0.0	-0.8476	0.0	2								
deepmd-les-freeze-charge_sA	8700	11.18245	0.0	0.6001256307116667	0.4238	0.0	-0.8476	0.0	2								
deepmd-les-freeze-charge_sA	8800	11.194849999999999	0.0	0.6001256307116667	0.4238	0.0	-0.8476	0.0	2								
deepmd-les-freeze-charge_sA	8900	11.936250000000001	0.0	0.6001256307116667	0.4238	0.0	-0.8476	0.0	2								
deepmd-les-freeze-charge_sA	9000	10.84665	0.0	0.6001256307116667	0.4238	0.0	-0.8476	0.0	2								
deepmd-les-freeze-charge_sA	9100	11.7737	0.0	0.6001256307116667	0.4238	0.0	-0.8476	0.0	2								
deepmd-les-freeze-charge_sA	9200	11.2671	0.0	0.6001256307116667	0.4238	0.0	-0.8476	0.0	2								
deepmd-les-freeze-charge_sA	9300	11.4912	0.0	0.6001256307116667	0.4238	0.0	-0.8476	0.0	2								
deepmd-les-freeze-charge_sA	9400	11.410350000000001	0.0	0.6001256307116667	0.4238	0.0	-0.8476	0.0	2								
deepmd-les-freeze-charge_sA	9500	11.3842	0.0	0.6001256307116667	0.4238	0.0	-0.8476	0.0	2								
deepmd-les-freeze-charge_sA	9600	11.29785	0.0	0.6001256307116667	0.4238	0.0	-0.8476	0.0	2								
deepmd-les-freeze-charge_sA	9700	11.0637	0.0	0.6001256307116667	0.4238	0.0	-0.8476	0.0	2								
deepmd-les-freeze-charge_sA	9800	11.0429	0.0	0.6001256307116667	0.4238	0.0	-0.8476	0.0	2								
deepmd-les-freeze-charge_sA	9900	11.327649999999998	0.0	0.6001256307116667	0.4238	0.0	-0.8476	0.0	2								
deepmd-les-freeze-charge_sA	10000	11.76165	0.0	0.6001256307116667	0.4238	0.0	-0.8476	0.0	2								
deepmd-les-freeze-charge_sA	10100	11.596350000000001	0.0	0.6001256307116667	0.4238	0.0	-0.8476	0.0	2								
deepmd-les-freeze-charge_sA	10200	11.119399999999999	0.0	0.6001256307116667	0.4238	0.0	-0.8476	0.0	2								
deepmd-les-freeze-charge_sA	10300	11.821100000000001	0.0	0.6001256307116667	0.4238	0.0	-0.8476	0.0	2								
deepmd-les-freeze-charge_sA	10400	11.72605	0.0	0.6001256307116667	0.4238	0.0	-0.8476	0.0	2								
deepmd-les-freeze-charge_sA	10500	11.0291	0.0	0.6001256307116667	0.4238	0.0	-0.8476	0.0	2								
deepmd-les-freeze-charge_sA	10600	11.75145	0.0	0.6001256307116667	0.4238	0.0	-0.8476	0.0	2								
deepmd-les-freeze-charge_sA	10700	12.417200000000001	0.0	0.6001256307116667	0.4238	0.0	-0.8476	0.0	2								
deepmd-les-freeze-charge_sA	10800	11.325849999999999	0.0	0.6001256307116667	0.4238	0.0	-0.8476	0.0	2								
deepmd-les-freeze-charge_sA	10900	11.11935	0.0	0.6001256307116667	0.4238	0.0	-0.8476	0.0	2								
deepmd-les-freeze-charge_sA	11000	11.18495	0.0	0.6001256307116667	0.4238	0.0	-0.8476	0.0	2								
deepmd-les-freeze-charge_sA	11100	11.53195	0.0	0.6001256307116667	0.4238	0.0	-0.8476	0.0	2								
deepmd-les-freeze-charge_sA	11200	11.3042	0.0	0.6001256307116667	0.4238	0.0	-0.8476	0.0	2								
deepmd-les-freeze-charge_sA	11300	11.1613	0.0	0.6001256307116667	0.4238	0.0	-0.8476	0.0	2								
deepmd-les-freeze-charge_sA	11400	11.52055	0.0	0.6001256307116667	0.4238	0.0	-0.8476	0.0	2								
deepmd-les-freeze-charge_sA	11500	11.68295	0.0	0.6001256307116667	0.4238	0.0	-0.8476	0.0	2								
deepmd-les-freeze-charge_sA	11600	10.992799999999999	0.0	0.6001256307116667	0.4238	0.0	-0.8476	0.0	2								
deepmd-les-freeze-charge_sA	11700	11.66705	0.0	0.6001256307116667	0.4238	0.0	-0.8476	0.0	2								
deepmd-les-freeze-charge_sA	11800	11.38275	0.0	0.6001256307116667	0.4238	0.0	-0.8476	0.0	2								
deepmd-les-freeze-charge_sA	11900	12.01585	0.0	0.6001256307116667	0.4238	0.0	-0.8476	0.0	2								
deepmd-les-freeze-charge_sA	12000	11.60515	0.0	0.6001256307116667	0.4238	0.0	-0.8476	0.0	2								
deepmd-les-freeze-charge_sA	12100	11.3139	0.0	0.6001256307116667	0.4238	0.0	-0.8476	0.0	2								
deepmd-les-freeze-charge_sA	12200	11.8155	0.0	0.6001256307116667	0.4238	0.0	-0.8476	0.0	2								
deepmd-les-freeze-charge_sA	12300	11.3037	0.0	0.6001256307116667	0.4238	0.0	-0.8476	0.0	2								
deepmd-les-freeze-charge_sA	12400	11.45975	0.0	0.6001256307116667	0.4238	0.0	-0.8476	0.0	2								
deepmd-les-freeze-charge_sA	12500	11.9125	0.0	0.6001256307116667	0.4238	0.0	-0.8476	0.0	2								
deepmd-les-freeze-charge_sA	12600	11.09515	0.0	0.6001256307116667	0.4238	0.0	-0.8476	0.0	2								
deepmd-les-freeze-charge_sA	12700	10.80515	0.0	0.6001256307116667	0.4238	0.0	-0.8476	0.0	2								
deepmd-les-freeze-charge_sA	12800	11.59755	0.0	0.6001256307116667	0.4238	0.0	-0.8476	0.0	2								
deepmd-les-freeze-charge_sA	12900	11.44735	0.0	0.6001256307116667	0.4238	0.0	-0.8476	0.0	2								
deepmd-les-freeze-charge_sA	13000	11.43965	0.0	0.6001256307116667	0.4238	0.0	-0.8476	0.0	2								
deepmd-les-freeze-charge_sA	13100	11.52485	0.0	0.6001256307116667	0.4238	0.0	-0.8476	0.0	2								
deepmd-les-freeze-charge_sA	13200	11.441099999999999	0.0	0.6001256307116667	0.4238	0.0	-0.8476	0.0	2								
deepmd-les-freeze-charge_sA	13300	11.7241	0.0	0.6001256307116667	0.4238	0.0	-0.8476	0.0	2								
deepmd-les-freeze-charge_sA	13400	11.27095	0.0	0.6001256307116667	0.4238	0.0	-0.8476	0.0	2								
deepmd-les-freeze-charge_sA	13500	11.20345	0.0	0.6001256307116667	0.4238	0.0	-0.8476	0.0	2								
deepmd-les-freeze-charge_sA	13600	11.81465	0.0	0.6001256307116667	0.4238	0.0	-0.8476	0.0	2								
deepmd-les-freeze-charge_sA	13700	11.612	0.0	0.6001256307116667	0.4238	0.0	-0.8476	0.0	2								
deepmd-les-freeze-charge_sA	13800	11.5419	0.0	0.6001256307116667	0.4238	0.0	-0.8476	0.0	2								
deepmd-les-freeze-charge_sA	13900	11.4862	0.0	0.6001256307116667	0.4238	0.0	-0.8476	0.0	2								
deepmd-les-freeze-charge_sA	14000	11.708300000000001	0.0	0.6001256307116667	0.4238	0.0	-0.8476	0.0	2								
deepmd-les-freeze-charge_sA	14100	11.60925	0.0	0.6001256307116667	0.4238	0.0	-0.8476	0.0	2								
deepmd-les-freeze-charge_sA	14200	11.44525	0.0	0.6001256307116667	0.4238	0.0	-0.8476	0.0	2								
deepmd-les-freeze-charge_sA	14300	11.2958	0.0	0.6001256307116667	0.4238	0.0	-0.8476	0.0	2								
deepmd-les-freeze-charge_sA	14400	11.646650000000001	0.0	0.6001256307116667	0.4238	0.0	-0.8476	0.0	2								
deepmd-les-freeze-charge_sA	14500	10.976099999999999	0.0	0.6001256307116667	0.4238	0.0	-0.8476	0.0	2								
deepmd-les-freeze-charge_sA	14600	11.375	0.0	0.6001256307116667	0.4238	0.0	-0.8476	0.0	2								
deepmd-les-freeze-charge_sA	14700	11.44305	0.0	0.6001256307116667	0.4238	0.0	-0.8476	0.0	2								
deepmd-les-freeze-charge_sA	14800	11.5267	0.0	0.6001256307116667	0.4238	0.0	-0.8476	0.0	2								
deepmd-les-freeze-charge_sA	14900	11.75105	0.0	0.6001256307116667	0.4238	0.0	-0.8476	0.0	2								
deepmd-les-freeze-charge_sA	15000	12.001000000000001	0.0	0.6001256307116667	0.4238	0.0	-0.8476	0.0	2								
deepmd-les-freeze-charge_sA	15100	11.75675	0.0	0.6001256307116667	0.4238	0.0	-0.8476	0.0	2								
deepmd-les-freeze-charge_sA	15200	11.700949999999999	0.0	0.6001256307116667	0.4238	0.0	-0.8476	0.0	2								
deepmd-les-freeze-charge_sA	15300	11.1802	0.0	0.6001256307116667	0.4238	0.0	-0.8476	0.0	2								
deepmd-les-freeze-charge_sA	15400	11.6815	0.0	0.6001256307116667	0.4238	0.0	-0.8476	0.0	2								
deepmd-les-freeze-charge_sA	15500	11.19605	0.0	0.6001256307116667	0.4238	0.0	-0.8476	0.0	2								
deepmd-les-freeze-charge_sA	15600	11.2665	0.0	0.6001256307116667	0.4238	0.0	-0.8476	0.0	2								
deepmd-les-freeze-charge_sA	15700	11.0442	0.0	0.6001256307116667	0.4238	0.0	-0.8476	0.0	2								
deepmd-les-freeze-charge_sA	15800	10.751100000000001	0.0	0.6001256307116667	0.4238	0.0	-0.8476	0.0	2								
deepmd-les-freeze-charge_sA	15900	11.5917	0.0	0.6001256307116667	0.4238	0.0	-0.8476	0.0	2								
deepmd-les-freeze-charge_sA	16000	11.2144	0.0	0.6001256307116667	0.4238	0.0	-0.8476	0.0	2								
deepmd-les-freeze-charge_sA	16100	11.6167	0.0	0.6001256307116667	0.4238	0.0	-0.8476	0.0	2								
deepmd-les-freeze-charge_sA	16200	11.8264	0.0	0.6001256307116667	0.4238	0.0	-0.8476	0.0	2								
deepmd-les-freeze-charge_sA	16300	11.2448	0.0	0.6001256307116667	0.4238	0.0	-0.8476	0.0	2								
deepmd-les-freeze-charge_sA	16400	11.3464	0.0	0.6001256307116667	0.4238	0.0	-0.8476	0.0	2								
deepmd-les-freeze-charge_sA	16500	11.344249999999999	0.0	0.6001256307116667	0.4238	0.0	-0.8476	0.0	2								
deepmd-les-freeze-charge_sA	16600	11.4343	0.0	0.6001256307116667	0.4238	0.0	-0.8476	0.0	2								
deepmd-les-freeze-charge_sA	16700	11.24745	0.0	0.6001256307116667	0.4238	0.0	-0.8476	0.0	2								
deepmd-les-freeze-charge_sA	16800	11.2048	0.0	0.6001256307116667	0.4238	0.0	-0.8476	0.0	2								
deepmd-les-freeze-charge_sA	16900	11.26245	0.0	0.6001256307116667	0.4238	0.0	-0.8476	0.0	2								
deepmd-les-freeze-charge_sA	17000	11.33435	0.0	0.6001256307116667	0.4238	0.0	-0.8476	0.0	2								
deepmd-les-freeze-charge_sA	17100	11.38195	0.0	0.6001256307116667	0.4238	0.0	-0.8476	0.0	2								
deepmd-les-freeze-charge_sA	17200	10.987100000000002	0.0	0.6001256307116667	0.4238	0.0	-0.8476	0.0	2								
deepmd-les-freeze-charge_sA	17300	11.403	0.0	0.6001256307116667	0.4238	0.0	-0.8476	0.0	2								
deepmd-les-freeze-charge_sA	17400	11.4891	0.0	0.6001256307116667	0.4238	0.0	-0.8476	0.0	2								
deepmd-les-freeze-charge_sA	17500	11.7101	0.0	0.6001256307116667	0.4238	0.0	-0.8476	0.0	2								
deepmd-les-freeze-charge_sA	17600	11.91105	0.0	0.6001256307116667	0.4238	0.0	-0.8476	0.0	2								
deepmd-les-freeze-charge_sA	17700	11.200099999999999	0.0	0.6001256307116667	0.4238	0.0	-0.8476	0.0	2								
deepmd-les-freeze-charge_sA	17800	11.57985	0.0	0.6001256307116667	0.4238	0.0	-0.8476	0.0	2								
deepmd-les-freeze-charge_sA	17900	11.1116	0.0	0.6001256307116667	0.4238	0.0	-0.8476	0.0	2								
deepmd-les-freeze-charge_sA	18000	11.05795	0.0	0.6001256307116667	0.4238	0.0	-0.8476	0.0	2								
deepmd-les-freeze-charge_sA	18100	11.56965	0.0	0.6001256307116667	0.4238	0.0	-0.8476	0.0	2								
deepmd-les-freeze-charge_sA	18200	11.33275	0.0	0.6001256307116667	0.4238	0.0	-0.8476	0.0	2								
deepmd-les-freeze-charge_sA	18300	11.384250000000002	0.0	0.6001256307116667	0.4238	0.0	-0.8476	0.0	2								
deepmd-les-freeze-charge_sA	18400	11.741050000000001	0.0	0.6001256307116667	0.4238	0.0	-0.8476	0.0	2								
deepmd-les-freeze-charge_sA	18500	11.798950000000001	0.0	0.6001256307116667	0.4238	0.0	-0.8476	0.0	2								
deepmd-les-freeze-charge_sA	18600	11.4374	0.0	0.6001256307116667	0.4238	0.0	-0.8476	0.0	2								
deepmd-les-freeze-charge_sA	18700	11.3644	0.0	0.6001256307116667	0.4238	0.0	-0.8476	0.0	2								
deepmd-les-freeze-charge_sA	18800	11.91985	0.0	0.6001256307116667	0.4238	0.0	-0.8476	0.0	2								
deepmd-les-freeze-charge_sA	18900	10.52755	0.0	0.6001256307116667	0.4238	0.0	-0.8476	0.0	2								
deepmd-les-freeze-charge_sA	19000	11.4967	0.0	0.6001256307116667	0.4238	0.0	-0.8476	0.0	2								
deepmd-les-freeze-charge_sA	19100	11.49875	0.0	0.6001256307116667	0.4238	0.0	-0.8476	0.0	2								
deepmd-les-freeze-charge_sA	19200	11.520150000000001	0.0	0.6001256307116667	0.4238	0.0	-0.8476	0.0	2								
deepmd-les-freeze-charge_sA	19300	11.17365	0.0	0.6001256307116667	0.4238	0.0	-0.8476	0.0	2								
deepmd-les-freeze-charge_sA	19400	11.770299999999999	0.0	0.6001256307116667	0.4238	0.0	-0.8476	0.0	2								
deepmd-les-freeze-charge_sA	19500	11.194600000000001	0.0	0.6001256307116667	0.4238	0.0	-0.8476	0.0	2								
deepmd-les-freeze-charge_sA	19600	12.0661	0.0	0.6001256307116667	0.4238	0.0	-0.8476	0.0	2								
deepmd-les-freeze-charge_sA	19700	11.68485	0.0	0.6001256307116667	0.4238	0.0	-0.8476	0.0	2								
deepmd-les-freeze-charge_sA	19800	11.6456	0.0	0.6001256307116667	0.4238	0.0	-0.8476	0.0	2								
deepmd-les-freeze-charge_sA	19900	11.41315	0.0	0.6001256307116667	0.4238	0.0	-0.8476	0.0	2								
deepmd-les-freeze-charge_sA	20000	11.07465	0.0	0.6001256307116667	0.4238	0.0	-0.8476	0.0	2								
deepmd-les-freeze-charge_sA	20100	11.4844	0.0	0.6001256307116667	0.4238	0.0	-0.8476	0.0	2								
deepmd-les-freeze-charge_sA	20200	11.5672	0.0	0.6001256307116667	0.4238	0.0	-0.8476	0.0	2								
deepmd-les-freeze-charge_sA	20300	11.25215	0.0	0.6001256307116667	0.4238	0.0	-0.8476	0.0	2								
deepmd-les-freeze-charge_sA	20400	11.969100000000001	0.0	0.6001256307116667	0.4238	0.0	-0.8476	0.0	2								
deepmd-les-freeze-charge_sA	20500	11.09905	0.0	0.6001256307116667	0.4238	0.0	-0.8476	0.0	2								
deepmd-les-freeze-charge_sA	20600	11.28565	0.0	0.6001256307116667	0.4238	0.0	-0.8476	0.0	2								
deepmd-les-freeze-charge_sA	20700	11.472349999999999	0.0	0.6001256307116667	0.4238	0.0	-0.8476	0.0	2								
deepmd-les-freeze-charge_sA	20800	11.461549999999999	0.0	0.6001256307116667	0.4238	0.0	-0.8476	0.0	2								
deepmd-les-freeze-charge_sA	20900	10.94865	0.0	0.6001256307116667	0.4238	0.0	-0.8476	0.0	2								
deepmd-les-freeze-charge_sA	21000	11.63885	0.0	0.6001256307116667	0.4238	0.0	-0.8476	0.0	2								
deepmd-les-freeze-charge_sA	21100	11.7873	0.0	0.6001256307116667	0.4238	0.0	-0.8476	0.0	2								
deepmd-les-freeze-charge_sA	21200	11.045	0.0	0.6001256307116667	0.4238	0.0	-0.8476	0.0	2								
deepmd-les-freeze-charge_sA	21300	11.49285	0.0	0.6001256307116667	0.4238	0.0	-0.8476	0.0	2								
deepmd-les-freeze-charge_sA	21400	11.6084	0.0	0.6001256307116667	0.4238	0.0	-0.8476	0.0	2								
deepmd-les-freeze-charge_sA	21500	12.192350000000001	0.0	0.6001256307116667	0.4238	0.0	-0.8476	0.0	2								
deepmd-les-freeze-charge_sA	21600	11.00615	0.0	0.6001256307116667	0.4238	0.0	-0.8476	0.0	2								
deepmd-les-freeze-charge_sA	21700	11.810749999999999	0.0	0.6001256307116667	0.4238	0.0	-0.8476	0.0	2								
deepmd-les-freeze-charge_sA	21800	11.71245	0.0	0.6001256307116667	0.4238	0.0	-0.8476	0.0	2								
deepmd-les-freeze-charge_sA	21900	11.31545	0.0	0.6001256307116667	0.4238	0.0	-0.8476	0.0	2								
deepmd-les-freeze-charge_sA	22000	11.40545	0.0	0.6001256307116667	0.4238	0.0	-0.8476	0.0	2								
deepmd-les-freeze-charge_sA	22100	11.2518	0.0	0.6001256307116667	0.4238	0.0	-0.8476	0.0	2								
deepmd-les-freeze-charge_sA	22200	11.1908	0.0	0.6001256307116667	0.4238	0.0	-0.8476	0.0	2								
deepmd-les-freeze-charge_sA	22300	11.47215	0.0	0.6001256307116667	0.4238	0.0	-0.8476	0.0	2								
deepmd-les-freeze-charge_sA	22400	11.617799999999999	0.0	0.6001256307116667	0.4238	0.0	-0.8476	0.0	2								
deepmd-les-freeze-charge_sA	22500	11.54585	0.0	0.6001256307116667	0.4238	0.0	-0.8476	0.0	2								
deepmd-les-freeze-charge_sA	22600	11.1425	0.0	0.6001256307116667	0.4238	0.0	-0.8476	0.0	2								
deepmd-les-freeze-charge_sA	22700	11.67875	0.0	0.6001256307116667	0.4238	0.0	-0.8476	0.0	2								
deepmd-les-freeze-charge_sA	22800	11.84835	0.0	0.6001256307116667	0.4238	0.0	-0.8476	0.0	2								
deepmd-les-freeze-charge_sA	22900	11.8479	0.0	0.6001256307116667	0.4238	0.0	-0.8476	0.0	2								
deepmd-les-freeze-charge_sA	23000	11.25635	0.0	0.6001256307116667	0.4238	0.0	-0.8476	0.0	2								
deepmd-les-freeze-charge_sA	23100	11.44725	0.0	0.6001256307116667	0.4238	0.0	-0.8476	0.0	2								
deepmd-les-freeze-charge_sA	23200	11.778500000000001	0.0	0.6001256307116667	0.4238	0.0	-0.8476	0.0	2								
deepmd-les-freeze-charge_sA	23300	11.4266	0.0	0.6001256307116667	0.4238	0.0	-0.8476	0.0	2								
deepmd-les-freeze-charge_sA	23400	11.403649999999999	0.0	0.6001256307116667	0.4238	0.0	-0.8476	0.0	2								
deepmd-les-freeze-charge_sA	23500	11.342	0.0	0.6001256307116667	0.4238	0.0	-0.8476	0.0	2								
deepmd-les-freeze-charge_sA	23600	10.8596	0.0	0.6001256307116667	0.4238	0.0	-0.8476	0.0	2								
deepmd-les-freeze-charge_sA	23700	11.60515	0.0	0.6001256307116667	0.4238	0.0	-0.8476	0.0	2								
deepmd-les-freeze-charge_sA	23800	10.8224	0.0	0.6001256307116667	0.4238	0.0	-0.8476	0.0	2								
deepmd-les-freeze-charge_sA	23900	11.69065	0.0	0.6001256307116667	0.4238	0.0	-0.8476	0.0	2								
deepmd-les-freeze-charge_sA	24000	11.769950000000001	0.0	0.6001256307116667	0.4238	0.0	-0.8476	0.0	2								
deepmd-les-freeze-charge_sA	24100	11.29665	0.0	0.6001256307116667	0.4238	0.0	-0.8476	0.0	2								
deepmd-les-freeze-charge_sA	24200	11.5668	0.0	0.6001256307116667	0.4238	0.0	-0.8476	0.0	2								
deepmd-les-freeze-charge_sA	24300	11.56275	0.0	0.6001256307116667	0.4238	0.0	-0.8476	0.0	2								
deepmd-les-freeze-charge_sA	24400	11.741050000000001	0.0	0.6001256307116667	0.4238	0.0	-0.8476	0.0	2								
deepmd-les-freeze-charge_sA	24500	11.570799999999998	0.0	0.6001256307116667	0.4238	0.0	-0.8476	0.0	2								
deepmd-les-freeze-charge_sA	24600	11.5733	0.0	0.6001256307116667	0.4238	0.0	-0.8476	0.0	2								
deepmd-les-freeze-charge_sA	24700	11.575299999999999	0.0	0.6001256307116667	0.4238	0.0	-0.8476	0.0	2								
deepmd-les-freeze-charge_sA	24800	11.01565	0.0	0.6001256307116667	0.4238	0.0	-0.8476	0.0	2								
deepmd-les-freeze-charge_sA	24900	11.294699999999999	0.0	0.6001256307116667	0.4238	0.0	-0.8476	0.0	2								
deepmd-les-freeze-charge_sA	25000	11.467849999999999	0.0	0.6001256307116667	0.4238	0.0	-0.8476	0.0	2								
deepmd-les-freeze-charge_sA	25100	11.91465	0.0	0.6001256307116667	0.4238	0.0	-0.8476	0.0	2								
deepmd-les-freeze-charge_sA	25200	11.464400000000001	0.0	0.6001256307116667	0.4238	0.0	-0.8476	0.0	2								
deepmd-les-freeze-charge_sA	25300	11.11065	0.0	0.6001256307116667	0.4238	0.0	-0.8476	0.0	2								
deepmd-les-freeze-charge_sA	25400	11.1495	0.0	0.6001256307116667	0.4238	0.0	-0.8476	0.0	2								
deepmd-les-freeze-charge_sA	25500	11.31165	0.0	0.6001256307116667	0.4238	0.0	-0.8476	0.0	2								
deepmd-les-freeze-charge_sA	25600	10.9224	0.0	0.6001256307116667	0.4238	0.0	-0.8476	0.0	2								
deepmd-les-freeze-charge_sA	25700	11.6478	0.0	0.6001256307116667	0.4238	0.0	-0.8476	0.0	2								
deepmd-les-freeze-charge_sA	25800	12.01025	0.0	0.6001256307116667	0.4238	0.0	-0.8476	0.0	2								
deepmd-les-freeze-charge_sA	25900	11.84855	0.0	0.6001256307116667	0.4238	0.0	-0.8476	0.0	2								
deepmd-les-freeze-charge_sA	26000	11.009450000000001	0.0	0.6001256307116667	0.4238	0.0	-0.8476	0.0	2								
deepmd-les-freeze-charge_sA	26100	11.432400000000001	0.0	0.6001256307116667	0.4238	0.0	-0.8476	0.0	2								
deepmd-les-freeze-charge_sA	26200	11.8498	0.0	0.6001256307116667	0.4238	0.0	-0.8476	0.0	2								
deepmd-les-freeze-charge_sA	26300	11.455950000000001	0.0	0.6001256307116667	0.4238	0.0	-0.8476	0.0	2								
deepmd-les-freeze-charge_sA	26400	11.31475	0.0	0.6001256307116667	0.4238	0.0	-0.8476	0.0	2								
deepmd-les-freeze-charge_sA	26500	11.347449999999998	0.0	0.6001256307116667	0.4238	0.0	-0.8476	0.0	2								
deepmd-les-freeze-charge_sA	26600	12.00365	0.0	0.6001256307116667	0.4238	0.0	-0.8476	0.0	2								
deepmd-les-freeze-charge_sA	26700	11.72005	0.0	0.6001256307116667	0.4238	0.0	-0.8476	0.0	2								
deepmd-les-freeze-charge_sA	26800	11.256599999999999	0.0	0.6001256307116667	0.4238	0.0	-0.8476	0.0	2								
deepmd-les-freeze-charge_sA	26900	11.608699999999999	0.0	0.6001256307116667	0.4238	0.0	-0.8476	0.0	2								
deepmd-les-freeze-charge_sA	27000	11.376999999999999	0.0	0.6001256307116667	0.4238	0.0	-0.8476	0.0	2								
deepmd-les-freeze-charge_sA	27100	11.6274	0.0	0.6001256307116667	0.4238	0.0	-0.8476	0.0	2								
deepmd-les-freeze-charge_sA	27200	11.609549999999999	0.0	0.6001256307116667	0.4238	0.0	-0.8476	0.0	2								
deepmd-les-freeze-charge_sA	27300	11.95355	0.0	0.6001256307116667	0.4238	0.0	-0.8476	0.0	2								
deepmd-les-freeze-charge_sA	27400	11.005099999999999	0.0	0.6001256307116667	0.4238	0.0	-0.8476	0.0	2								
deepmd-les-freeze-charge_sA	27500	11.2092	0.0	0.6001256307116667	0.4238	0.0	-0.8476	0.0	2								
deepmd-les-freeze-charge_sA	27600	11.27045	0.0	0.6001256307116667	0.4238	0.0	-0.8476	0.0	2								
deepmd-les-freeze-charge_sA	27700	11.37295	0.0	0.6001256307116667	0.4238	0.0	-0.8476	0.0	2								
deepmd-les-freeze-charge_sA	27800	11.81805	0.0	0.6001256307116667	0.4238	0.0	-0.8476	0.0	2								
deepmd-les-freeze-charge_sA	27900	11.5891	0.0	0.6001256307116667	0.4238	0.0	-0.8476	0.0	2								
deepmd-les-freeze-charge_sA	28000	11.29425	0.0	0.6001256307116667	0.4238	0.0	-0.8476	0.0	2								
deepmd-les-freeze-charge_sA	28100	11.1909	0.0	0.6001256307116667	0.4238	0.0	-0.8476	0.0	2								
deepmd-les-freeze-charge_sA	28200	11.57575	0.0	0.6001256307116667	0.4238	0.0	-0.8476	0.0	2								
deepmd-les-freeze-charge_sA	28300	10.9269	0.0	0.6001256307116667	0.4238	0.0	-0.8476	0.0	2								
deepmd-les-freeze-charge_sA	28400	11.44755	0.0	0.6001256307116667	0.4238	0.0	-0.8476	0.0	2								
deepmd-les-freeze-charge_sA	28500	11.6068	0.0	0.6001256307116667	0.4238	0.0	-0.8476	0.0	2								
deepmd-les-freeze-charge_sA	28600	11.0923	0.0	0.6001256307116667	0.4238	0.0	-0.8476	0.0	2								
deepmd-les-freeze-charge_sA	28700	11.4492	0.0	0.6001256307116667	0.4238	0.0	-0.8476	0.0	2								
deepmd-les-freeze-charge_sA	28800	11.199449999999999	0.0	0.6001256307116667	0.4238	0.0	-0.8476	0.0	2								
deepmd-les-freeze-charge_sA	28900	11.17285	0.0	0.6001256307116667	0.4238	0.0	-0.8476	0.0	2								
deepmd-les-freeze-charge_sA	29000	11.381599999999999	0.0	0.6001256307116667	0.4238	0.0	-0.8476	0.0	2								
deepmd-les-freeze-charge_sA	29100	11.523900000000001	0.0	0.6001256307116667	0.4238	0.0	-0.8476	0.0	2								
deepmd-les-freeze-charge_sA	29200	10.858550000000001	0.0	0.6001256307116667	0.4238	0.0	-0.8476	0.0	2								
deepmd-les-freeze-charge_sA	29300	11.1978	0.0	0.6001256307116667	0.4238	0.0	-0.8476	0.0	2								
deepmd-les-freeze-charge_sA	29400	11.427150000000001	0.0	0.6001256307116667	0.4238	0.0	-0.8476	0.0	2								
deepmd-les-freeze-charge_sA	29500	11.66285	0.0	0.6001256307116667	0.4238	0.0	-0.8476	0.0	2								
deepmd-les-freeze-charge_sA	29600	11.792300000000001	0.0	0.6001256307116667	0.4238	0.0	-0.8476	0.0	2								
deepmd-les-freeze-charge_sA	29700	11.47095	0.0	0.6001256307116667	0.4238	0.0	-0.8476	0.0	2								
deepmd-les-freeze-charge_sA	29800	11.40935	0.0	0.6001256307116667	0.4238	0.0	-0.8476	0.0	2								
deepmd-les-freeze-charge_sA	29900	11.1923	0.0	0.6001256307116667	0.4238	0.0	-0.8476	0.0	2								
deepmd-les-freeze-charge_sA	30000	11.39695	0.0	0.6001256307116667	0.4238	0.0	-0.8476	0.0	2								
deepmd-les-freeze-charge_sA	30100	11.7056	0.0	0.6001256307116667	0.4238	0.0	-0.8476	0.0	2								
deepmd-les-freeze-charge_sA	30200	11.74105	0.0	0.6001256307116667	0.4238	0.0	-0.8476	0.0	2								
deepmd-les-freeze-charge_sA	30300	11.25595	0.0	0.6001256307116667	0.4238	0.0	-0.8476	0.0	2								
deepmd-les-freeze-charge_sA	30400	11.248899999999999	0.0	0.6001256307116667	0.4238	0.0	-0.8476	0.0	2								
deepmd-les-freeze-charge_sA	30500	11.2403	0.0	0.6001256307116667	0.4238	0.0	-0.8476	0.0	2								
deepmd-les-freeze-charge_sA	30600	11.78715	0.0	0.6001256307116667	0.4238	0.0	-0.8476	0.0	2								
deepmd-les-freeze-charge_sA	30700	12.1234	0.0	0.6001256307116667	0.4238	0.0	-0.8476	0.0	2								
deepmd-les-freeze-charge_sA	30800	11.4154	0.0	0.6001256307116667	0.4238	0.0	-0.8476	0.0	2								
deepmd-les-freeze-charge_sA	30900	11.39155	0.0	0.6001256307116667	0.4238	0.0	-0.8476	0.0	2								
deepmd-les-freeze-charge_sA	31000	11.72235	0.0	0.6001256307116667	0.4238	0.0	-0.8476	0.0	2								
deepmd-les-freeze-charge_sA	31100	11.354800000000001	0.0	0.6001256307116667	0.4238	0.0	-0.8476	0.0	2								
deepmd-les-freeze-charge_sA	31200	11.8906	0.0	0.6001256307116667	0.4238	0.0	-0.8476	0.0	2								
deepmd-les-freeze-charge_sA	31300	11.117750000000001	0.0	0.6001256307116667	0.4238	0.0	-0.8476	0.0	2								
deepmd-les-freeze-charge_sA	31400	11.727150000000002	0.0	0.6001256307116667	0.4238	0.0	-0.8476	0.0	2								
deepmd-les-freeze-charge_sA	31500	11.47775	0.0	0.6001256307116667	0.4238	0.0	-0.8476	0.0	2								
deepmd-les-freeze-charge_sA	31600	11.6054	0.0	0.6001256307116667	0.4238	0.0	-0.8476	0.0	2								
deepmd-les-freeze-charge_sA	31700	11.6883	0.0	0.6001256307116667	0.4238	0.0	-0.8476	0.0	2								
deepmd-les-freeze-charge_sA	31800	11.203199999999999	0.0	0.6001256307116667	0.4238	0.0	-0.8476	0.0	2								
deepmd-les-freeze-charge_sA	31900	11.2151	0.0	0.6001256307116667	0.4238	0.0	-0.8476	0.0	2								
deepmd-les-freeze-charge_sA	32000	10.991299999999999	0.0	0.6001256307116667	0.4238	0.0	-0.8476	0.0	2								
deepmd-les-freeze-charge_sA	32100	11.996649999999999	0.0	0.6001256307116667	0.4238	0.0	-0.8476	0.0	2								
deepmd-les-freeze-charge_sA	32200	11.39255	0.0	0.6001256307116667	0.4238	0.0	-0.8476	0.0	2								
deepmd-les-freeze-charge_sA	32300	11.833400000000001	0.0	0.6001256307116667	0.4238	0.0	-0.8476	0.0	2								
deepmd-les-freeze-charge_sA	32400	11.387799999999999	0.0	0.6001256307116667	0.4238	0.0	-0.8476	0.0	2								
deepmd-les-freeze-charge_sA	32500	11.865400000000001	0.0	0.6001256307116667	0.4238	0.0	-0.8476	0.0	2								
deepmd-les-freeze-charge_sA	32600	11.9023	0.0	0.6001256307116667	0.4238	0.0	-0.8476	0.0	2								
deepmd-les-freeze-charge_sA	32700	11.57525	0.0	0.6001256307116667	0.4238	0.0	-0.8476	0.0	2								
deepmd-les-freeze-charge_sA	32800	11.1964	0.0	0.6001256307116667	0.4238	0.0	-0.8476	0.0	2								
deepmd-les-freeze-charge_sA	32900	11.6178	0.0	0.6001256307116667	0.4238	0.0	-0.8476	0.0	2								
deepmd-les-freeze-charge_sA	33000	11.47945	0.0	0.6001256307116667	0.4238	0.0	-0.8476	0.0	2								
deepmd-les-freeze-charge_sA	33100		0.0	0.6009106220618889	0.4238	0.0	-0.8476	0.0									
deepmd-les-freeze-charge_sA	33200	11.1752	0.0	0.6001256307116667	0.4238	0.0	-0.8476	0.0	2								
deepmd-les-freeze-charge_sA	33300	11.1987	0.0	0.6001256307116667	0.4238	0.0	-0.8476	0.0	2								
deepmd-les-freeze-charge_sA	33400	10.845600000000001	0.0	0.6001256307116667	0.4238	0.0	-0.8476	0.0	2								
deepmd-les-freeze-charge_sA	33500	11.564	0.0	0.6001256307116667	0.4238	0.0	-0.8476	0.0	2								
deepmd-les-freeze-charge_sA	33600	11.67535	0.0	0.6001256307116667	0.4238	0.0	-0.8476	0.0	2								
deepmd-les-freeze-charge_sA	33700	10.94255	0.0	0.6001256307116667	0.4238	0.0	-0.8476	0.0	2								
deepmd-les-freeze-charge_sA	33800	11.37295	0.0	0.6001256307116667	0.4238	0.0	-0.8476	0.0	2								
deepmd-les-freeze-charge_sA	33900	11.14415	0.0	0.6001256307116667	0.4238	0.0	-0.8476	0.0	2								
deepmd-les-freeze-charge_sA	34000	11.416599999999999	0.0	0.6001256307116667	0.4238	0.0	-0.8476	0.0	2								
deepmd-les-freeze-charge_sA	34100	11.02815	0.0	0.6001256307116667	0.4238	0.0	-0.8476	0.0	2								
deepmd-les-freeze-charge_sA	34200	11.68145	0.0	0.6001256307116667	0.4238	0.0	-0.8476	0.0	2								
deepmd-les-freeze-charge_sA	34300	11.3381	0.0	0.6001256307116667	0.4238	0.0	-0.8476	0.0	2								
deepmd-les-freeze-charge_sA	34400	11.044599999999999	0.0	0.6001256307116667	0.4238	0.0	-0.8476	0.0	2								
deepmd-les-freeze-charge_sA	34500	10.992750000000001	0.0	0.6001256307116667	0.4238	0.0	-0.8476	0.0	2								
deepmd-les-freeze-charge_sA	34600	11.9153	0.0	0.6001256307116667	0.4238	0.0	-0.8476	0.0	2								
deepmd-les-freeze-charge_sA	34700	11.8658	0.0	0.6001256307116667	0.4238	0.0	-0.8476	0.0	2								
deepmd-les-freeze-charge_sA	34800	11.28895	0.0	0.6001256307116667	0.4238	0.0	-0.8476	0.0	2								
deepmd-les-freeze-charge_sA	34900	12.0274	0.0	0.6001256307116667	0.4238	0.0	-0.8476	0.0	2								
deepmd-les-freeze-charge_sA	35000	11.456800000000001	0.0	0.6001256307116667	0.4238	0.0	-0.8476	0.0	2								
deepmd-les-freeze-charge_sA	35100	11.526499999999999	0.0	0.6001256307116667	0.4238	0.0	-0.8476	0.0	2								
deepmd-les-freeze-charge_sA	35200	11.627949999999998	0.0	0.6001256307116667	0.4238	0.0	-0.8476	0.0	2								
deepmd-les-freeze-charge_sA	35300	12.01295	0.0	0.6001256307116667	0.4238	0.0	-0.8476	0.0	2								
deepmd-les-freeze-charge_sA	35400	11.6189	0.0	0.6001256307116667	0.4238	0.0	-0.8476	0.0	2								
deepmd-les-freeze-charge_sA	35500	10.93545	0.0	0.6001256307116667	0.4238	0.0	-0.8476	0.0	2								
deepmd-les-freeze-charge_sA	35600	11.299199999999999	0.0	0.6001256307116667	0.4238	0.0	-0.8476	0.0	2								
deepmd-les-freeze-charge_sA	35700	11.352450000000001	0.0	0.6001256307116667	0.4238	0.0	-0.8476	0.0	2								
deepmd-les-freeze-charge_sA	35800	11.1127	0.0	0.6001256307116667	0.4238	0.0	-0.8476	0.0	2								
deepmd-les-freeze-charge_sA	35900	11.65395	0.0	0.6001256307116667	0.4238	0.0	-0.8476	0.0	2								
deepmd-les-freeze-charge_sA	36000	11.564250000000001	0.0	0.6001256307116667	0.4238	0.0	-0.8476	0.0	2								
deepmd-les-freeze-charge_sA	36100	10.88095	0.0	0.6001256307116667	0.4238	0.0	-0.8476	0.0	2								
deepmd-les-freeze-charge_sA	36200	11.6355	0.0	0.6001256307116667	0.4238	0.0	-0.8476	0.0	2								
deepmd-les-freeze-charge_sA	36300	11.4916	0.0	0.6001256307116667	0.4238	0.0	-0.8476	0.0	2								
deepmd-les-freeze-charge_sA	36400	11.93695	0.0	0.6001256307116667	0.4238	0.0	-0.8476	0.0	2								
deepmd-les-freeze-charge_sA	36500	11.675149999999999	0.0	0.6001256307116667	0.4238	0.0	-0.8476	0.0	2								
deepmd-les-freeze-charge_sA	36600	11.3154	0.0	0.6001256307116667	0.4238	0.0	-0.8476	0.0	2								
deepmd-les-freeze-charge_sA	36700	11.103950000000001	0.0	0.6001256307116667	0.4238	0.0	-0.8476	0.0	2								
deepmd-les-freeze-charge_sA	36800	11.767900000000001	0.0	0.6001256307116667	0.4238	0.0	-0.8476	0.0	2								
deepmd-les-freeze-charge_sA	36900	11.31545	0.0	0.6001256307116667	0.4238	0.0	-0.8476	0.0	2								
deepmd-les-freeze-charge_sA	37000	11.54565	0.0	0.6001256307116667	0.4238	0.0	-0.8476	0.0	2								
deepmd-les-freeze-charge_sA	37100	10.8675	0.0	0.6001256307116667	0.4238	0.0	-0.8476	0.0	2								
deepmd-les-freeze-charge_sA	37200	11.9556	0.0	0.6001256307116667	0.4238	0.0	-0.8476	0.0	2								
deepmd-les-freeze-charge_sA	37300	10.66405	0.0	0.6001256307116667	0.4238	0.0	-0.8476	0.0	2								
deepmd-les-freeze-charge_sA	37400	11.923549999999999	0.0	0.6001256307116667	0.4238	0.0	-0.8476	0.0	2								
deepmd-les-freeze-charge_sA	37500	11.54505	0.0	0.6001256307116667	0.4238	0.0	-0.8476	0.0	2								
deepmd-les-freeze-charge_sA	37600	11.1678	0.0	0.6001256307116667	0.4238	0.0	-0.8476	0.0	2								
deepmd-les-freeze-charge_sA	37700	10.9725	0.0	0.6001256307116667	0.4238	0.0	-0.8476	0.0	2								
deepmd-les-freeze-charge_sA	37800	10.8851	0.0	0.6001256307116667	0.4238	0.0	-0.8476	0.0	2								
deepmd-les-freeze-charge_sA	37900	11.6732	0.0	0.6001256307116667	0.4238	0.0	-0.8476	0.0	2								
deepmd-les-freeze-charge_sA	38000	11.275099999999998	0.0	0.6001256307116667	0.4238	0.0	-0.8476	0.0	2								
deepmd-les-freeze-charge_sA	38100	11.7729	0.0	0.6001256307116667	0.4238	0.0	-0.8476	0.0	2								
deepmd-les-freeze-charge_sA	38200	10.966000000000001	0.0	0.6001256307116667	0.4238	0.0	-0.8476	0.0	2								
deepmd-les-freeze-charge_sA	38300	11.2041	0.0	0.6001256307116667	0.4238	0.0	-0.8476	0.0	2								
deepmd-les-freeze-charge_sA	38400	11.97015	0.0	0.6001256307116667	0.4238	0.0	-0.8476	0.0	2								
deepmd-les-freeze-charge_sA	38500	11.6721	0.0	0.6001256307116667	0.4238	0.0	-0.8476	0.0	2								
deepmd-les-freeze-charge_sA	38600	11.66405	0.0	0.6001256307116667	0.4238	0.0	-0.8476	0.0	2								
deepmd-les-freeze-charge_sA	38700	11.23365	0.0	0.6001256307116667	0.4238	0.0	-0.8476	0.0	2								
deepmd-les-freeze-charge_sA	38800	11.26675	0.0	0.6001256307116667	0.4238	0.0	-0.8476	0.0	2								
deepmd-les-freeze-charge_sA	38900	11.21085	0.0	0.6001256307116667	0.4238	0.0	-0.8476	0.0	2								
deepmd-les-freeze-charge_sA	39000	12.1767	0.0	0.6001256307116667	0.4238	0.0	-0.8476	0.0	2								
deepmd-les-freeze-charge_sA	39100	11.399750000000001	0.0	0.6001256307116667	0.4238	0.0	-0.8476	0.0	2								
deepmd-les-freeze-charge_sA	39200	11.0999	0.0	0.6001256307116667	0.4238	0.0	-0.8476	0.0	2								
deepmd-les-freeze-charge_sA	39300	11.517399999999999	0.0	0.6001256307116667	0.4238	0.0	-0.8476	0.0	2								
deepmd-les-freeze-charge_sA	39400	11.4161	0.0	0.6001256307116667	0.4238	0.0	-0.8476	0.0	2								
deepmd-les-freeze-charge_sA	39500	11.8658	0.0	0.6001256307116667	0.4238	0.0	-0.8476	0.0	2								
deepmd-les-freeze-charge_sA	39600	11.32785	0.0	0.6001256307116667	0.4238	0.0	-0.8476	0.0	2								
deepmd-les-freeze-charge_sA	39700	11.662299999999998	0.0	0.6001256307116667	0.4238	0.0	-0.8476	0.0	2								
deepmd-les-freeze-charge_sA	39800	11.24035	0.0	0.6001256307116667	0.4238	0.0	-0.8476	0.0	2								
deepmd-les-freeze-charge_sA	39900	12.026900000000001	0.0	0.6001256307116667	0.4238	0.0	-0.8476	0.0	2								
deepmd-les-freeze-charge_sA	40000	11.389600000000002	0.0	0.6001256307116667	0.4238	0.0	-0.8476	0.0	2								
deepmd-les-freeze-charge_sA	40100	11.322	0.0	0.6001256307116667	0.4238	0.0	-0.8476	0.0	2								
deepmd-les-freeze-charge_sA	40200	11.2385	0.0	0.6001256307116667	0.4238	0.0	-0.8476	0.0	2								
deepmd-les-freeze-charge_sA	40300	11.5449	0.0	0.6001256307116667	0.4238	0.0	-0.8476	0.0	2								
deepmd-les-freeze-charge_sA	40400	11.851949999999999	0.0	0.6001256307116667	0.4238	0.0	-0.8476	0.0	2								
deepmd-les-freeze-charge_sA	40500	11.24035	0.0	0.6001256307116667	0.4238	0.0	-0.8476	0.0	2								
deepmd-les-freeze-charge_sA	40600	11.8371	0.0	0.6001256307116667	0.4238	0.0	-0.8476	0.0	2								
deepmd-les-freeze-charge_sA	40700	11.13215	0.0	0.6001256307116667	0.4238	0.0	-0.8476	0.0	2								
deepmd-les-freeze-charge_sA	40800	11.1741	0.0	0.6001256307116667	0.4238	0.0	-0.8476	0.0	2								
deepmd-les-freeze-charge_sA	40900	11.936350000000001	0.0	0.6001256307116667	0.4238	0.0	-0.8476	0.0	2								
deepmd-les-freeze-charge_sA	41000	11.36	0.0	0.6001256307116667	0.4238	0.0	-0.8476	0.0	2								
deepmd-les-freeze-charge_sA	41100	11.67055	0.0	0.6001256307116667	0.4238	0.0	-0.8476	0.0	2								
deepmd-les-freeze-charge_sA	41200	11.4799	0.0	0.6001256307116667	0.4238	0.0	-0.8476	0.0	2								
deepmd-les-freeze-charge_sA	41300	11.58465	0.0	0.6001256307116667	0.4238	0.0	-0.8476	0.0	2								
deepmd-les-freeze-charge_sA	41400	11.462800000000001	0.0	0.6001256307116667	0.4238	0.0	-0.8476	0.0	2								
deepmd-les-freeze-charge_sA	41500	11.43685	0.0	0.6001256307116667	0.4238	0.0	-0.8476	0.0	2								
deepmd-les-freeze-charge_sA	41600	11.51565	0.0	0.6001256307116667	0.4238	0.0	-0.8476	0.0	2								
deepmd-les-freeze-charge_sA	41700	11.2346	0.0	0.6001256307116667	0.4238	0.0	-0.8476	0.0	2								
deepmd-les-freeze-charge_sA	41800	11.2532	0.0	0.6001256307116667	0.4238	0.0	-0.8476	0.0	2								
deepmd-les-freeze-charge_sA	41900	11.817	0.0	0.6001256307116667	0.4238	0.0	-0.8476	0.0	2								
deepmd-les-freeze-charge_sA	42000	11.119900000000001	0.0	0.6001256307116667	0.4238	0.0	-0.8476	0.0	2								
deepmd-les-freeze-charge_sA	42100	11.02245	0.0	0.6001256307116667	0.4238	0.0	-0.8476	0.0	2								
deepmd-les-freeze-charge_sA	42200	11.43775	0.0	0.6001256307116667	0.4238	0.0	-0.8476	0.0	2								
deepmd-les-freeze-charge_sA	42300	11.39105	0.0	0.6001256307116667	0.4238	0.0	-0.8476	0.0	2								
deepmd-les-freeze-charge_sA	42400	11.77595	0.0	0.6001256307116667	0.4238	0.0	-0.8476	0.0	2								
deepmd-les-freeze-charge_sA	42500	10.653500000000001	0.0	0.6001256307116667	0.4238	0.0	-0.8476	0.0	2								
deepmd-les-freeze-charge_sA	42600	11.00865	0.0	0.6001256307116667	0.4238	0.0	-0.8476	0.0	2								
deepmd-les-freeze-charge_sA	42700	11.408750000000001	0.0	0.6001256307116667	0.4238	0.0	-0.8476	0.0	2								
deepmd-les-freeze-charge_sA	42800	11.7686	0.0	0.6001256307116667	0.4238	0.0	-0.8476	0.0	2								
deepmd-les-freeze-charge_sA	42900	11.19765	0.0	0.6001256307116667	0.4238	0.0	-0.8476	0.0	2								
deepmd-les-freeze-charge_sA	43000	11.6463	0.0	0.6001256307116667	0.4238	0.0	-0.8476	0.0	2								
deepmd-les-freeze-charge_sA	43100	11.4067	0.0	0.6001256307116667	0.4238	0.0	-0.8476	0.0	2								
deepmd-les-freeze-charge_sA	43200	11.48095	0.0	0.6001256307116667	0.4238	0.0	-0.8476	0.0	2								
deepmd-les-freeze-charge_sA	43300	11.859549999999999	0.0	0.6001256307116667	0.4238	0.0	-0.8476	0.0	2								
deepmd-les-freeze-charge_sA	43400	11.73565	0.0	0.6001256307116667	0.4238	0.0	-0.8476	0.0	2								
deepmd-les-freeze-charge_sA	43500	11.13805	0.0	0.6001256307116667	0.4238	0.0	-0.8476	0.0	2								
deepmd-les-freeze-charge_sA	43600	11.62565	0.0	0.6001256307116667	0.4238	0.0	-0.8476	0.0	2								
deepmd-les-freeze-charge_sA	43700	11.668	0.0	0.6001256307116667	0.4238	0.0	-0.8476	0.0	2								
deepmd-les-freeze-charge_sA	43800	11.856300000000001	0.0	0.6001256307116667	0.4238	0.0	-0.8476	0.0	2								
deepmd-les-freeze-charge_sA	43900	11.2844	0.0	0.6001256307116667	0.4238	0.0	-0.8476	0.0	2								
deepmd-les-freeze-charge_sA	44000	11.11605	0.0	0.6001256307116667	0.4238	0.0	-0.8476	0.0	2								
deepmd-les-freeze-charge_sA	44100	10.8224	0.0	0.6001256307116667	0.4238	0.0	-0.8476	0.0	2								
deepmd-les-freeze-charge_sA	44200	11.156099999999999	0.0	0.6001256307116667	0.4238	0.0	-0.8476	0.0	2								
deepmd-les-freeze-charge_sA	44300	11.450299999999999	0.0	0.6001256307116667	0.4238	0.0	-0.8476	0.0	2								
deepmd-les-freeze-charge_sA	44400	11.397400000000001	0.0	0.6001256307116667	0.4238	0.0	-0.8476	0.0	2								
deepmd-les-freeze-charge_sA	44500	11.5671	0.0	0.6001256307116667	0.4238	0.0	-0.8476	0.0	2								
deepmd-les-freeze-charge_sA	44600	11.747	0.0	0.6001256307116667	0.4238	0.0	-0.8476	0.0	2								
deepmd-les-freeze-charge_sA	44700	11.28455	0.0	0.6001256307116667	0.4238	0.0	-0.8476	0.0	2								
deepmd-les-freeze-charge_sA	44800	11.733799999999999	0.0	0.6001256307116667	0.4238	0.0	-0.8476	0.0	2								
deepmd-les-freeze-charge_sA	44900	11.015	0.0	0.6001256307116667	0.4238	0.0	-0.8476	0.0	2								
deepmd-les-freeze-charge_sA	45000	11.181799999999999	0.0	0.6001256307116667	0.4238	0.0	-0.8476	0.0	2								
deepmd-les-freeze-charge_sA	45100	11.7134	0.0	0.6001256307116667	0.4238	0.0	-0.8476	0.0	2								
deepmd-les-freeze-charge_sA	45200	11.44885	0.0	0.6001256307116667	0.4238	0.0	-0.8476	0.0	2								
deepmd-les-freeze-charge_sA	45300	10.9201	0.0	0.6001256307116667	0.4238	0.0	-0.8476	0.0	2								
deepmd-les-freeze-charge_sA	45400	11.468	0.0	0.6001256307116667	0.4238	0.0	-0.8476	0.0	2								
deepmd-les-freeze-charge_sA	45500	11.49285	0.0	0.6001256307116667	0.4238	0.0	-0.8476	0.0	2								
deepmd-les-freeze-charge_sA	45600	11.528400000000001	0.0	0.6001256307116667	0.4238	0.0	-0.8476	0.0	2								
deepmd-les-freeze-charge_sA	45700	11.3048	0.0	0.6001256307116667	0.4238	0.0	-0.8476	0.0	2								
deepmd-les-freeze-charge_sA	45800	11.568200000000001	0.0	0.6001256307116667	0.4238	0.0	-0.8476	0.0	2								
deepmd-les-freeze-charge_sA	45900	11.16515	0.0	0.6001256307116667	0.4238	0.0	-0.8476	0.0	2								
deepmd-les-freeze-charge_sA	46000	11.4292	0.0	0.6001256307116667	0.4238	0.0	-0.8476	0.0	2								
deepmd-les-freeze-charge_sA	46100	11.51545	0.0	0.6001256307116667	0.4238	0.0	-0.8476	0.0	2								
deepmd-les-freeze-charge_sA	46200	11.4101	0.0	0.6001256307116667	0.4238	0.0	-0.8476	0.0	2								
deepmd-les-freeze-charge_sA	46300	11.7029	0.0	0.6001256307116667	0.4238	0.0	-0.8476	0.0	2								
deepmd-les-freeze-charge_sA	46400	11.0991	0.0	0.6001256307116667	0.4238	0.0	-0.8476	0.0	2								
deepmd-les-freeze-charge_sA	46500	11.2173	0.0	0.6001256307116667	0.4238	0.0	-0.8476	0.0	2								
deepmd-les-freeze-charge_sA	46600	11.74915	0.0	0.6001256307116667	0.4238	0.0	-0.8476	0.0	2								
deepmd-les-freeze-charge_sA	46700	11.302900000000001	0.0	0.6001256307116667	0.4238	0.0	-0.8476	0.0	2								
deepmd-les-freeze-charge_sA	46800	11.4206	0.0	0.6001256307116667	0.4238	0.0	-0.8476	0.0	2								
deepmd-les-freeze-charge_sA	46900	12.00455	0.0	0.6001256307116667	0.4238	0.0	-0.8476	0.0	2								
deepmd-les-freeze-charge_sA	47000	11.4886	0.0	0.6001256307116667	0.4238	0.0	-0.8476	0.0	2								
deepmd-les-freeze-charge_sA	47100	11.40955	0.0	0.6001256307116667	0.4238	0.0	-0.8476	0.0	2								
deepmd-les-freeze-charge_sA	47200	11.8658	0.0	0.6001256307116667	0.4238	0.0	-0.8476	0.0	2								
deepmd-les-freeze-charge_sA	47300	11.45465	0.0	0.6001256307116667	0.4238	0.0	-0.8476	0.0	2								
deepmd-les-freeze-charge_sA	47400	11.846350000000001	0.0	0.6001256307116667	0.4238	0.0	-0.8476	0.0	2								
deepmd-les-freeze-charge_sA	47500	11.758849999999999	0.0	0.6001256307116667	0.4238	0.0	-0.8476	0.0	2								
deepmd-les-freeze-charge_sA	47600	11.4966	0.0	0.6001256307116667	0.4238	0.0	-0.8476	0.0	2								
deepmd-les-freeze-charge_sA	47700	11.54365	0.0	0.6001256307116667	0.4238	0.0	-0.8476	0.0	2								
deepmd-les-freeze-charge_sA	47800	11.3902	0.0	0.6001256307116667	0.4238	0.0	-0.8476	0.0	2								
deepmd-les-freeze-charge_sA	47900	11.51025	0.0	0.6001256307116667	0.4238	0.0	-0.8476	0.0	2								
deepmd-les-freeze-charge_sA	48000	11.2669	0.0	0.6001256307116667	0.4238	0.0	-0.8476	0.0	2								
deepmd-les-freeze-charge_sA	48100	11.489	0.0	0.6001256307116667	0.4238	0.0	-0.8476	0.0	2								
deepmd-les-freeze-charge_sA	48200	11.461549999999999	0.0	0.6001256307116667	0.4238	0.0	-0.8476	0.0	2								
deepmd-les-freeze-charge_sA	48300	11.6606	0.0	0.6001256307116667	0.4238	0.0	-0.8476	0.0	2								
deepmd-les-freeze-charge_sA	48400	11.2135	0.0	0.6001256307116667	0.4238	0.0	-0.8476	0.0	2								
deepmd-les-freeze-charge_sA	48500	11.299399999999999	0.0	0.6001256307116667	0.4238	0.0	-0.8476	0.0	2								
deepmd-les-freeze-charge_sA	48600	11.453949999999999	0.0	0.6001256307116667	0.4238	0.0	-0.8476	0.0	2								
deepmd-les-freeze-charge_sA	48700	11.613050000000001	0.0	0.6001256307116667	0.4238	0.0	-0.8476	0.0	2								
deepmd-les-freeze-charge_sA	48800	11.674949999999999	0.0	0.6001256307116667	0.4238	0.0	-0.8476	0.0	2								
deepmd-les-freeze-charge_sA	48900	11.5019	0.0	0.6001256307116667	0.4238	0.0	-0.8476	0.0	2								
deepmd-les-freeze-charge_sA	49000	11.14415	0.0	0.6001256307116667	0.4238	0.0	-0.8476	0.0	2								
deepmd-les-freeze-charge_sA	49100	11.47825	0.0	0.6001256307116667	0.4238	0.0	-0.8476	0.0	2								
deepmd-les-freeze-charge_sA	49200	11.26625	0.0	0.6001256307116667	0.4238	0.0	-0.8476	0.0	2								
deepmd-les-freeze-charge_sA	49300	11.81905	0.0	0.6001256307116667	0.4238	0.0	-0.8476	0.0	2								
deepmd-les-freeze-charge_sA	49400	11.596350000000001	0.0	0.6001256307116667	0.4238	0.0	-0.8476	0.0	2								
deepmd-les-freeze-charge_sA	49500	11.1845	0.0	0.6001256307116667	0.4238	0.0	-0.8476	0.0	2								
deepmd-les-freeze-charge_sA	49600	11.24835	0.0	0.6001256307116667	0.4238	0.0	-0.8476	0.0	2								
deepmd-les-freeze-charge_sA	49700	10.8525	0.0	0.6001256307116667	0.4238	0.0	-0.8476	0.0	2								
deepmd-les-freeze-charge_sA	49800	11.4542	0.0	0.6001256307116667	0.4238	0.0	-0.8476	0.0	2								
deepmd-les-freeze-charge_sA	49900	11.7072	0.0	0.6001256307116667	0.4238	0.0	-0.8476	0.0	2								
deepmd-les-freeze-charge_sA	50000	11.6237	0.0	0.6001256307116667	0.4238	0.0	-0.8476	0.0	2								
deepmd-les-freeze-charge_sA	50100	11.584050000000001	0.0	0.6001256307116667	0.4238	0.0	-0.8476	0.0	2								
deepmd-les-freeze-charge_sA	50200	11.780550000000002	0.0	0.6001256307116667	0.4238	0.0	-0.8476	0.0	2								
deepmd-les-freeze-charge_sA	50300	11.45925	0.0	0.6001256307116667	0.4238	0.0	-0.8476	0.0	2								
deepmd-les-freeze-charge_sA	50400	10.84315	0.0	0.6001256307116667	0.4238	0.0	-0.8476	0.0	2								
deepmd-les-freeze-charge_sA	50500	11.51285	0.0	0.6001256307116667	0.4238	0.0	-0.8476	0.0	2								
deepmd-les-freeze-charge_sA	50600	12.010100000000001	0.0	0.6001256307116667	0.4238	0.0	-0.8476	0.0	2								
deepmd-les-freeze-charge_sA	50700	11.2371	0.0	0.6001256307116667	0.4238	0.0	-0.8476	0.0	2								
deepmd-les-freeze-charge_sA	50800	11.47255	0.0	0.6001256307116667	0.4238	0.0	-0.8476	0.0	2								
deepmd-les-freeze-charge_sA	50900	11.27765	0.0	0.6001256307116667	0.4238	0.0	-0.8476	0.0	2								
deepmd-les-freeze-charge_sA	51000	11.96415	0.0	0.6001256307116667	0.4238	0.0	-0.8476	0.0	2								
deepmd-les-freeze-charge_sA	51100	11.3926	0.0	0.6001256307116667	0.4238	0.0	-0.8476	0.0	2								
deepmd-les-freeze-charge_sA	51200	11.18595	0.0	0.6001256307116667	0.4238	0.0	-0.8476	0.0	2								
deepmd-les-freeze-charge_sA	51300	12.0821	0.0	0.6001256307116667	0.4238	0.0	-0.8476	0.0	2								
deepmd-les-freeze-charge_sA	51400	11.8337	0.0	0.6001256307116667	0.4238	0.0	-0.8476	0.0	2								
deepmd-les-freeze-charge_sA	51500	11.1079	0.0	0.6001256307116667	0.4238	0.0	-0.8476	0.0	2								
deepmd-les-freeze-charge_sA	51600	11.1126	0.0	0.6001256307116667	0.4238	0.0	-0.8476	0.0	2								
deepmd-les-freeze-charge_sA	51700	11.5236	0.0	0.6001256307116667	0.4238	0.0	-0.8476	0.0	2								
deepmd-les-freeze-charge_sA	51800	11.18235	0.0	0.6001256307116667	0.4238	0.0	-0.8476	0.0	2								
deepmd-les-freeze-charge_sA	51900	11.6963	0.0	0.6001256307116667	0.4238	0.0	-0.8476	0.0	2								
deepmd-les-freeze-charge_sA	52000	11.5622	0.0	0.6001256307116667	0.4238	0.0	-0.8476	0.0	2								
deepmd-les-freeze-charge_sA	52100	11.6431	0.0	0.6001256307116667	0.4238	0.0	-0.8476	0.0	2								
deepmd-les-freeze-charge_sA	52200	11.48365	0.0	0.6001256307116667	0.4238	0.0	-0.8476	0.0	2								
deepmd-les-freeze-charge_sA	52300	11.460799999999999	0.0	0.6001256307116667	0.4238	0.0	-0.8476	0.0	2								
deepmd-les-freeze-charge_sA	52400	11.431899999999999	0.0	0.6001256307116667	0.4238	0.0	-0.8476	0.0	2								
deepmd-les-freeze-charge_sA	52500	11.7455	0.0	0.6001256307116667	0.4238	0.0	-0.8476	0.0	2								
deepmd-les-freeze-charge_sA	52600	11.181550000000001	0.0	0.6001256307116667	0.4238	0.0	-0.8476	0.0	2								
deepmd-les-freeze-charge_sA	52700	10.9804	0.0	0.6001256307116667	0.4238	0.0	-0.8476	0.0	2								
deepmd-les-freeze-charge_sA	52800	11.338000000000001	0.0	0.6001256307116667	0.4238	0.0	-0.8476	0.0	2								
deepmd-les-freeze-charge_sA	52900	11.0937	0.0	0.6001256307116667	0.4238	0.0	-0.8476	0.0	2								
deepmd-les-freeze-charge_sA	53000	11.51785	0.0	0.6001256307116667	0.4238	0.0	-0.8476	0.0	2								
deepmd-les-freeze-charge_sA	53100	11.73935	0.0	0.6001256307116667	0.4238	0.0	-0.8476	0.0	2								
deepmd-les-freeze-charge_sA	53200	11.51435	0.0	0.6001256307116667	0.4238	0.0	-0.8476	0.0	2								
deepmd-les-freeze-charge_sA	53300	11.16845	0.0	0.6001256307116667	0.4238	0.0	-0.8476	0.0	2								
deepmd-les-freeze-charge_sA	53400	11.895150000000001	0.0	0.6001256307116667	0.4238	0.0	-0.8476	0.0	2								
deepmd-les-freeze-charge_sA	53500	11.81865	0.0	0.6001256307116667	0.4238	0.0	-0.8476	0.0	2								
deepmd-les-freeze-charge_sA	53600	11.1038	0.0	0.6001256307116667	0.4238	0.0	-0.8476	0.0	2								
deepmd-les-freeze-charge_sA	53700	11.648	0.0	0.6001256307116667	0.4238	0.0	-0.8476	0.0	2								
deepmd-les-freeze-charge_sA	53800	11.45975	0.0	0.6001256307116667	0.4238	0.0	-0.8476	0.0	2								
deepmd-les-freeze-charge_sA	53900	11.3247	0.0	0.6001256307116667	0.4238	0.0	-0.8476	0.0	2								
deepmd-les-freeze-charge_sA	54000	11.8174	0.0	0.6001256307116667	0.4238	0.0	-0.8476	0.0	2								
deepmd-les-freeze-charge_sA	54100	11.2508	0.0	0.6001256307116667	0.4238	0.0	-0.8476	0.0	2								
deepmd-les-freeze-charge_sA	54200	11.83285	0.0	0.6001256307116667	0.4238	0.0	-0.8476	0.0	2								
deepmd-les-freeze-charge_sA	54300	11.2553	0.0	0.6001256307116667	0.4238	0.0	-0.8476	0.0	2								
deepmd-les-freeze-charge_sA	54400	11.356449999999999	0.0	0.6001256307116667	0.4238	0.0	-0.8476	0.0	2								
deepmd-les-freeze-charge_sA	54500	11.757100000000001	0.0	0.6001256307116667	0.4238	0.0	-0.8476	0.0	2								
deepmd-les-freeze-charge_sA	54600	11.4705	0.0	0.6001256307116667	0.4238	0.0	-0.8476	0.0	2								
deepmd-les-freeze-charge_sA	54700	11.29755	0.0	0.6001256307116667	0.4238	0.0	-0.8476	0.0	2								
deepmd-les-freeze-charge_sA	54800	11.6853	0.0	0.6001256307116667	0.4238	0.0	-0.8476	0.0	2								
deepmd-les-freeze-charge_sA	54900	11.400749999999999	0.0	0.6001256307116667	0.4238	0.0	-0.8476	0.0	2								
deepmd-les-freeze-charge_sA	55000	11.2985	0.0	0.6001256307116667	0.4238	0.0	-0.8476	0.0	2								
deepmd-les-freeze-charge_sA	55100	11.418800000000001	0.0	0.6001256307116667	0.4238	0.0	-0.8476	0.0	2								
deepmd-les-freeze-charge_sA	55200	11.71585	0.0	0.6001256307116667	0.4238	0.0	-0.8476	0.0	2								
deepmd-les-freeze-charge_sA	55300	11.644400000000001	0.0	0.6001256307116667	0.4238	0.0	-0.8476	0.0	2								
deepmd-les-freeze-charge_sA	55400	11.29075	0.0	0.6001256307116667	0.4238	0.0	-0.8476	0.0	2								
deepmd-les-freeze-charge_sA	55500	11.173950000000001	0.0	0.6001256307116667	0.4238	0.0	-0.8476	0.0	2								
deepmd-les-freeze-charge_sA	55600	11.789200000000001	0.0	0.6001256307116667	0.4238	0.0	-0.8476	0.0	2								
deepmd-les-freeze-charge_sA	55700	11.44885	0.0	0.6001256307116667	0.4238	0.0	-0.8476	0.0	2								
deepmd-les-freeze-charge_sA	55800	11.46895	0.0	0.6001256307116667	0.4238	0.0	-0.8476	0.0	2								
deepmd-les-freeze-charge_sA	55900	11.7821	0.0	0.6001256307116667	0.4238	0.0	-0.8476	0.0	2								
deepmd-les-freeze-charge_sA	56000	11.3464	0.0	0.6001256307116667	0.4238	0.0	-0.8476	0.0	2								
deepmd-les-freeze-charge_sA	56100	11.941099999999999	0.0	0.6001256307116667	0.4238	0.0	-0.8476	0.0	2								
deepmd-les-freeze-charge_sA	56200	11.7014	0.0	0.6001256307116667	0.4238	0.0	-0.8476	0.0	2								
deepmd-les-freeze-charge_sA	56300	11.58005	0.0	0.6001256307116667	0.4238	0.0	-0.8476	0.0	2								
deepmd-les-freeze-charge_sA	56400	11.312449999999998	0.0	0.6001256307116667	0.4238	0.0	-0.8476	0.0	2								
deepmd-les-freeze-charge_sA	56500	11.4255	0.0	0.6001256307116667	0.4238	0.0	-0.8476	0.0	2								
deepmd-les-freeze-charge_sA	56600	11.461500000000001	0.0	0.6001256307116667	0.4238	0.0	-0.8476	0.0	2								
deepmd-les-freeze-charge_sA	56700	11.61635	0.0	0.6001256307116667	0.4238	0.0	-0.8476	0.0	2								
deepmd-les-freeze-charge_sA	56800	11.4612	0.0	0.6001256307116667	0.4238	0.0	-0.8476	0.0	2								
deepmd-les-freeze-charge_sA	56900	11.257850000000001	0.0	0.6001256307116667	0.4238	0.0	-0.8476	0.0	2								
deepmd-les-freeze-charge_sA	57000	12.138300000000001	0.0	0.6001256307116667	0.4238	0.0	-0.8476	0.0	2								
deepmd-les-freeze-charge_sA	57100	11.8873	0.0	0.6001256307116667	0.4238	0.0	-0.8476	0.0	2								
deepmd-les-freeze-charge_sA	57200	11.22875	0.0	0.6001256307116667	0.4238	0.0	-0.8476	0.0	2								
deepmd-les-freeze-charge_sA	57300	11.437000000000001	0.0	0.6001256307116667	0.4238	0.0	-0.8476	0.0	2								
deepmd-les-freeze-charge_sA	57400	11.673449999999999	0.0	0.6001256307116667	0.4238	0.0	-0.8476	0.0	2								
deepmd-les-freeze-charge_sA	57500	11.52855	0.0	0.6001256307116667	0.4238	0.0	-0.8476	0.0	2								
deepmd-les-freeze-charge_sA	57600	11.8016	0.0	0.6001256307116667	0.4238	0.0	-0.8476	0.0	2								
deepmd-les-freeze-charge_sA	57700	11.384250000000002	0.0	0.6001256307116667	0.4238	0.0	-0.8476	0.0	2								
deepmd-les-freeze-charge_sA	57800	11.5882	0.0	0.6001256307116667	0.4238	0.0	-0.8476	0.0	2								
deepmd-les-freeze-charge_sA	57900	11.27795	0.0	0.6001256307116667	0.4238	0.0	-0.8476	0.0	2								
deepmd-les-freeze-charge_sA	58000	11.208549999999999	0.0	0.6001256307116667	0.4238	0.0	-0.8476	0.0	2								
deepmd-les-freeze-charge_sA	58100	11.9366	0.0	0.6001256307116667	0.4238	0.0	-0.8476	0.0	2								
deepmd-les-freeze-charge_sA	58200	11.93955	0.0	0.6001256307116667	0.4238	0.0	-0.8476	0.0	2								
deepmd-les-freeze-charge_sA	58300	11.55085	0.0	0.6001256307116667	0.4238	0.0	-0.8476	0.0	2								
deepmd-les-freeze-charge_sA	58400	10.969550000000002	0.0	0.6001256307116667	0.4238	0.0	-0.8476	0.0	2								
deepmd-les-freeze-charge_sA	58500	11.90035	0.0	0.6001256307116667	0.4238	0.0	-0.8476	0.0	2								
deepmd-les-freeze-charge_sA	58600	12.0103	0.0	0.6001256307116667	0.4238	0.0	-0.8476	0.0	2								
deepmd-les-freeze-charge_sA	58700	11.5161	0.0	0.6001256307116667	0.4238	0.0	-0.8476	0.0	2								
deepmd-les-freeze-charge_sA	58800	11.148299999999999	0.0	0.6001256307116667	0.4238	0.0	-0.8476	0.0	2								
deepmd-les-freeze-charge_sA	58900	11.6467	0.0	0.6001256307116667	0.4238	0.0	-0.8476	0.0	2								
deepmd-les-freeze-charge_sA	59000	11.9268	0.0	0.6001256307116667	0.4238	0.0	-0.8476	0.0	2								
deepmd-les-freeze-charge_sA	59100	11.06045	0.0	0.6001256307116667	0.4238	0.0	-0.8476	0.0	2								
deepmd-les-freeze-charge_sA	59200	12.0299	0.0	0.6001256307116667	0.4238	0.0	-0.8476	0.0	2								
deepmd-les-freeze-charge_sA	59300	11.0679	0.0	0.6001256307116667	0.4238	0.0	-0.8476	0.0	2								
deepmd-les-freeze-charge_sA	59400	11.05585	0.0	0.6001256307116667	0.4238	0.0	-0.8476	0.0	2								
deepmd-les-freeze-charge_sA	59500	11.388549999999999	0.0	0.6001256307116667	0.4238	0.0	-0.8476	0.0	2								
deepmd-les-freeze-charge_sA	59600	11.7258	0.0	0.6001256307116667	0.4238	0.0	-0.8476	0.0	2								
deepmd-les-freeze-charge_sA	59700	11.81755	0.0	0.6001256307116667	0.4238	0.0	-0.8476	0.0	2								
deepmd-les-freeze-charge_sA	59800	11.6381	0.0	0.6001256307116667	0.4238	0.0	-0.8476	0.0	2								
deepmd-les-freeze-charge_sA	59900	11.60405	0.0	0.6001256307116667	0.4238	0.0	-0.8476	0.0	2								
deepmd-les-freeze-charge_sA	60000	11.050149999999999	0.0	0.6001256307116667	0.4238	0.0	-0.8476	0.0	2								
deepmd-les-freeze-charge_sA	60100	11.149650000000001	0.0	0.6001256307116667	0.4238	0.0	-0.8476	0.0	2								
deepmd-les-freeze-charge_sA	60200	11.617799999999999	0.0	0.6001256307116667	0.4238	0.0	-0.8476	0.0	2								
deepmd-les-freeze-charge_sA	60300	11.247399999999999	0.0	0.6001256307116667	0.4238	0.0	-0.8476	0.0	2								
deepmd-les-freeze-charge_sA	60400	11.4695	0.0	0.6001256307116667	0.4238	0.0	-0.8476	0.0	2								
deepmd-les-freeze-charge_sA	60500	11.79275	0.0	0.6001256307116667	0.4238	0.0	-0.8476	0.0	2								
deepmd-les-freeze-charge_sA	60600	11.49485	0.0	0.6001256307116667	0.4238	0.0	-0.8476	0.0	2								
deepmd-les-freeze-charge_sA	60700	11.20785	0.0	0.6001256307116667	0.4238	0.0	-0.8476	0.0	2								
deepmd-les-freeze-charge_sA	60800	11.675049999999999	0.0	0.6001256307116667	0.4238	0.0	-0.8476	0.0	2								
deepmd-les-freeze-charge_sA	60900	11.37135	0.0	0.6001256307116667	0.4238	0.0	-0.8476	0.0	2								
deepmd-les-freeze-charge_sA	61000	11.584050000000001	0.0	0.6001256307116667	0.4238	0.0	-0.8476	0.0	2								
deepmd-les-freeze-charge_sA	61100	11.4234	0.0	0.6001256307116667	0.4238	0.0	-0.8476	0.0	2								
deepmd-les-freeze-charge_sA	61200	11.3978	0.0	0.6001256307116667	0.4238	0.0	-0.8476	0.0	2								
deepmd-les-freeze-charge_sA	61300	11.3479	0.0	0.6001256307116667	0.4238	0.0	-0.8476	0.0	2								
deepmd-les-freeze-charge_sA	61400	11.3326	0.0	0.6001256307116667	0.4238	0.0	-0.8476	0.0	2								
deepmd-les-freeze-charge_sA	61500	11.1478	0.0	0.6001256307116667	0.4238	0.0	-0.8476	0.0	2								
deepmd-les-freeze-charge_sA	61600	11.113199999999999	0.0	0.6001256307116667	0.4238	0.0	-0.8476	0.0	2								
deepmd-les-freeze-charge_sA	61700	11.496649999999999	0.0	0.6001256307116667	0.4238	0.0	-0.8476	0.0	2								
deepmd-les-freeze-charge_sA	61800	11.733550000000001	0.0	0.6001256307116667	0.4238	0.0	-0.8476	0.0	2								
deepmd-les-freeze-charge_sA	61900	11.5846	0.0	0.6001256307116667	0.4238	0.0	-0.8476	0.0	2								
deepmd-les-freeze-charge_sA	62000	11.3222	0.0	0.6001256307116667	0.4238	0.0	-0.8476	0.0	2								
deepmd-les-freeze-charge_sA	62100	11.48095	0.0	0.6001256307116667	0.4238	0.0	-0.8476	0.0	2								
deepmd-les-freeze-charge_sA	62200	11.5574	0.0	0.6001256307116667	0.4238	0.0	-0.8476	0.0	2								
deepmd-les-freeze-charge_sA	62300	11.7788	0.0	0.6001256307116667	0.4238	0.0	-0.8476	0.0	2								
deepmd-les-freeze-charge_sA	62400	11.1584	0.0	0.6001256307116667	0.4238	0.0	-0.8476	0.0	2								
deepmd-les-freeze-charge_sA	62500	11.0495	0.0	0.6001256307116667	0.4238	0.0	-0.8476	0.0	2								
deepmd-les-freeze-charge_sA	62600	11.5915	0.0	0.6001256307116667	0.4238	0.0	-0.8476	0.0	2								
deepmd-les-freeze-charge_sA	62700	11.1214	0.0	0.6001256307116667	0.4238	0.0	-0.8476	0.0	2								
deepmd-les-freeze-charge_sA	62800	11.22205	0.0	0.6001256307116667	0.4238	0.0	-0.8476	0.0	2								
deepmd-les-freeze-charge_sA	62900	11.32525	0.0	0.6001256307116667	0.4238	0.0	-0.8476	0.0	2								
deepmd-les-freeze-charge_sA	63000	11.12875	0.0	0.6001256307116667	0.4238	0.0	-0.8476	0.0	2								
deepmd-les-freeze-charge_sA	63100	11.48835	0.0	0.6001256307116667	0.4238	0.0	-0.8476	0.0	2								
deepmd-les-freeze-charge_sA	63200	11.7295	0.0	0.6001256307116667	0.4238	0.0	-0.8476	0.0	2								
deepmd-les-freeze-charge_sA	63300	11.5305	0.0	0.6001256307116667	0.4238	0.0	-0.8476	0.0	2								
deepmd-les-freeze-charge_sA	63400	11.8656	0.0	0.6001256307116667	0.4238	0.0	-0.8476	0.0	2								
deepmd-les-freeze-charge_sA	63500	10.940100000000001	0.0	0.6001256307116667	0.4238	0.0	-0.8476	0.0	2								
deepmd-les-freeze-charge_sA	63600	11.51065	0.0	0.6001256307116667	0.4238	0.0	-0.8476	0.0	2								
deepmd-les-freeze-charge_sA	63700	11.09365	0.0	0.6001256307116667	0.4238	0.0	-0.8476	0.0	2								
deepmd-les-freeze-charge_sA	63800	10.922799999999999	0.0	0.6001256307116667	0.4238	0.0	-0.8476	0.0	2								
deepmd-les-freeze-charge_sA	63900	11.9407	0.0	0.6001256307116667	0.4238	0.0	-0.8476	0.0	2								
deepmd-les-freeze-charge_sA	64000	11.296050000000001	0.0	0.6001256307116667	0.4238	0.0	-0.8476	0.0	2								
deepmd-les-freeze-charge_sA	64100	11.265699999999999	0.0	0.6001256307116667	0.4238	0.0	-0.8476	0.0	2								
deepmd-les-freeze-charge_sA	64200	10.88365	0.0	0.6001256307116667	0.4238	0.0	-0.8476	0.0	2								
deepmd-les-freeze-charge_sA	64300	11.7457	0.0	0.6001256307116667	0.4238	0.0	-0.8476	0.0	2								
deepmd-les-freeze-charge_sA	64400	11.0851	0.0	0.6001256307116667	0.4238	0.0	-0.8476	0.0	2								
deepmd-les-freeze-charge_sA	64500	11.7585	0.0	0.6001256307116667	0.4238	0.0	-0.8476	0.0	2								
deepmd-les-freeze-charge_sA	64600	11.33435	0.0	0.6001256307116667	0.4238	0.0	-0.8476	0.0	2								
deepmd-les-freeze-charge_sA	64700	11.6197	0.0	0.6001256307116667	0.4238	0.0	-0.8476	0.0	2								
deepmd-les-freeze-charge_sA	64800	11.0213	0.0	0.6001256307116667	0.4238	0.0	-0.8476	0.0	2								
deepmd-les-freeze-charge_sA	64900	11.4154	0.0	0.6001256307116667	0.4238	0.0	-0.8476	0.0	2								
deepmd-les-freeze-charge_sA	65000	11.49765	0.0	0.6001256307116667	0.4238	0.0	-0.8476	0.0	2								
deepmd-les-freeze-charge_sA	65100	11.64005	0.0	0.6001256307116667	0.4238	0.0	-0.8476	0.0	2								
deepmd-les-freeze-charge_sA	65200	11.223849999999999	0.0	0.6001256307116667	0.4238	0.0	-0.8476	0.0	2								
deepmd-les-freeze-charge_sA	65300	11.12645	0.0	0.6001256307116667	0.4238	0.0	-0.8476	0.0	2								
deepmd-les-freeze-charge_sA	65400	11.796949999999999	0.0	0.6001256307116667	0.4238	0.0	-0.8476	0.0	2								
deepmd-les-freeze-charge_sA	65500	11.405750000000001	0.0	0.6001256307116667	0.4238	0.0	-0.8476	0.0	2								
deepmd-les-freeze-charge_sA	65600	11.81795	0.0	0.6001256307116667	0.4238	0.0	-0.8476	0.0	2								
deepmd-les-freeze-charge_sA	65700	11.4622	0.0	0.6001256307116667	0.4238	0.0	-0.8476	0.0	2								
deepmd-les-freeze-charge_sA	65800	11.54535	0.0	0.6001256307116667	0.4238	0.0	-0.8476	0.0	2								
deepmd-les-freeze-charge_sA	65900	11.6455	0.0	0.6001256307116667	0.4238	0.0	-0.8476	0.0	2								
deepmd-les-freeze-charge_sA	66000	11.403400000000001	0.0	0.6001256307116667	0.4238	0.0	-0.8476	0.0	2								
deepmd-les-freeze-charge_sA	66100	11.58305	0.0	0.6001256307116667	0.4238	0.0	-0.8476	0.0	2								
deepmd-les-freeze-charge_sA	66200		0.0	0.6009106220618889	0.4238	0.0	-0.8476	0.0									
deepmd-les-freeze-charge_sA	66300	11.058150000000001	0.0	0.6001256307116667	0.4238	0.0	-0.8476	0.0	2								
deepmd-les-freeze-charge_sA	66400	11.7987	0.0	0.6001256307116667	0.4238	0.0	-0.8476	0.0	2								
deepmd-les-freeze-charge_sA	66500	12.034	0.0	0.6001256307116667	0.4238	0.0	-0.8476	0.0	2								
deepmd-les-freeze-charge_sA	66600	11.973949999999999	0.0	0.6001256307116667	0.4238	0.0	-0.8476	0.0	2								
deepmd-les-freeze-charge_sA	66700	11.2192	0.0	0.6001256307116667	0.4238	0.0	-0.8476	0.0	2								
deepmd-les-freeze-charge_sA	66800	11.5058	0.0	0.6001256307116667	0.4238	0.0	-0.8476	0.0	2								
deepmd-les-freeze-charge_sA	66900	11.2989	0.0	0.6001256307116667	0.4238	0.0	-0.8476	0.0	2								
deepmd-les-freeze-charge_sA	67000	11.24535	0.0	0.6001256307116667	0.4238	0.0	-0.8476	0.0	2								
deepmd-les-freeze-charge_sA	67100	11.49185	0.0	0.6001256307116667	0.4238	0.0	-0.8476	0.0	2								
deepmd-les-freeze-charge_sA	67200	11.823	0.0	0.6001256307116667	0.4238	0.0	-0.8476	0.0	2								
deepmd-les-freeze-charge_sA	67300	11.35515	0.0	0.6001256307116667	0.4238	0.0	-0.8476	0.0	2								
deepmd-les-freeze-charge_sA	67400	11.3682	0.0	0.6001256307116667	0.4238	0.0	-0.8476	0.0	2								
deepmd-les-freeze-charge_sA	67500	11.5683	0.0	0.6001256307116667	0.4238	0.0	-0.8476	0.0	2								
deepmd-les-freeze-charge_sA	67600	10.81335	0.0	0.6001256307116667	0.4238	0.0	-0.8476	0.0	2								
deepmd-les-freeze-charge_sA	67700	11.14945	0.0	0.6001256307116667	0.4238	0.0	-0.8476	0.0	2								
deepmd-les-freeze-charge_sA	67800	11.26095	0.0	0.6001256307116667	0.4238	0.0	-0.8476	0.0	2								
deepmd-les-freeze-charge_sA	67900	10.9084	0.0	0.6001256307116667	0.4238	0.0	-0.8476	0.0	2								
deepmd-les-freeze-charge_sA	68000	11.6731	0.0	0.6001256307116667	0.4238	0.0	-0.8476	0.0	2								
deepmd-les-freeze-charge_sA	68100	11.786200000000001	0.0	0.6001256307116667	0.4238	0.0	-0.8476	0.0	2								
deepmd-les-freeze-charge_sA	68200	11.6923	0.0	0.6001256307116667	0.4238	0.0	-0.8476	0.0	2								
deepmd-les-freeze-charge_sA	68300	11.2371	0.0	0.6001256307116667	0.4238	0.0	-0.8476	0.0	2								
deepmd-les-freeze-charge_sA	68400	11.0867	0.0	0.6001256307116667	0.4238	0.0	-0.8476	0.0	2								
deepmd-les-freeze-charge_sA	68500	11.6787	0.0	0.6001256307116667	0.4238	0.0	-0.8476	0.0	2								
deepmd-les-freeze-charge_sA	68600	11.854199999999999	0.0	0.6001256307116667	0.4238	0.0	-0.8476	0.0	2								
deepmd-les-freeze-charge_sA	68700	11.11585	0.0	0.6001256307116667	0.4238	0.0	-0.8476	0.0	2								
deepmd-les-freeze-charge_sA	68800	11.29425	0.0	0.6001256307116667	0.4238	0.0	-0.8476	0.0	2								
deepmd-les-freeze-charge_sA	68900	11.61375	0.0	0.6001256307116667	0.4238	0.0	-0.8476	0.0	2								
deepmd-les-freeze-charge_sA	69000	11.7562	0.0	0.6001256307116667	0.4238	0.0	-0.8476	0.0	2								
deepmd-les-freeze-charge_sA	69100	11.230450000000001	0.0	0.6001256307116667	0.4238	0.0	-0.8476	0.0	2								
deepmd-les-freeze-charge_sA	69200	11.24585	0.0	0.6001256307116667	0.4238	0.0	-0.8476	0.0	2								
deepmd-les-freeze-charge_sA	69300	10.98955	0.0	0.6001256307116667	0.4238	0.0	-0.8476	0.0	2								
deepmd-les-freeze-charge_sA	69400	11.1339	0.0	0.6001256307116667	0.4238	0.0	-0.8476	0.0	2								
deepmd-les-freeze-charge_sA	69500	12.07775	0.0	0.6001256307116667	0.4238	0.0	-0.8476	0.0	2								
deepmd-les-freeze-charge_sA	69600	11.205950000000001	0.0	0.6001256307116667	0.4238	0.0	-0.8476	0.0	2								
deepmd-les-freeze-charge_sA	69700	11.6984	0.0	0.6001256307116667	0.4238	0.0	-0.8476	0.0	2								
deepmd-les-freeze-charge_sA	69800	11.607199999999999	0.0	0.6001256307116667	0.4238	0.0	-0.8476	0.0	2								
deepmd-les-freeze-charge_sA	69900	11.1495	0.0	0.6001256307116667	0.4238	0.0	-0.8476	0.0	2								
deepmd-les-freeze-charge_sA	70000	11.6061	0.0	0.6001256307116667	0.4238	0.0	-0.8476	0.0	2								
deepmd-les-freeze-charge_sA	70100	11.76475	0.0	0.6001256307116667	0.4238	0.0	-0.8476	0.0	2								
deepmd-les-freeze-charge_sA	70200	11.81505	0.0	0.6001256307116667	0.4238	0.0	-0.8476	0.0	2								
deepmd-les-freeze-charge_sA	70300	11.35965	0.0	0.6001256307116667	0.4238	0.0	-0.8476	0.0	2								
deepmd-les-freeze-charge_sA	70400	11.205549999999999	0.0	0.6001256307116667	0.4238	0.0	-0.8476	0.0	2								
deepmd-les-freeze-charge_sA	70500	11.56475	0.0	0.6001256307116667	0.4238	0.0	-0.8476	0.0	2								
deepmd-les-freeze-charge_sA	70600	11.8166	0.0	0.6001256307116667	0.4238	0.0	-0.8476	0.0	2								
deepmd-les-freeze-charge_sA	70700	11.216650000000001	0.0	0.6001256307116667	0.4238	0.0	-0.8476	0.0	2								
deepmd-les-freeze-charge_sA	70800	11.27995	0.0	0.6001256307116667	0.4238	0.0	-0.8476	0.0	2								
deepmd-les-freeze-charge_sA	70900	11.594349999999999	0.0	0.6001256307116667	0.4238	0.0	-0.8476	0.0	2								
deepmd-les-freeze-charge_sA	71000	11.89775	0.0	0.6001256307116667	0.4238	0.0	-0.8476	0.0	2								
deepmd-les-freeze-charge_sA	71100	11.22575	0.0	0.6001256307116667	0.4238	0.0	-0.8476	0.0	2								
deepmd-les-freeze-charge_sA	71200	11.7381	0.0	0.6001256307116667	0.4238	0.0	-0.8476	0.0	2								
deepmd-les-freeze-charge_sA	71300	11.62195	0.0	0.6001256307116667	0.4238	0.0	-0.8476	0.0	2								
deepmd-les-freeze-charge_sA	71400	11.15335	0.0	0.6001256307116667	0.4238	0.0	-0.8476	0.0	2								
deepmd-les-freeze-charge_sA	71500	11.396899999999999	0.0	0.6001256307116667	0.4238	0.0	-0.8476	0.0	2								
deepmd-les-freeze-charge_sA	71600	11.47095	0.0	0.6001256307116667	0.4238	0.0	-0.8476	0.0	2								
deepmd-les-freeze-charge_sA	71700	11.261800000000001	0.0	0.6001256307116667	0.4238	0.0	-0.8476	0.0	2								
deepmd-les-freeze-charge_sA	71800	10.952950000000001	0.0	0.6001256307116667	0.4238	0.0	-0.8476	0.0	2								
deepmd-les-freeze-charge_sA	71900	11.6737	0.0	0.6001256307116667	0.4238	0.0	-0.8476	0.0	2								
deepmd-les-freeze-charge_sA	72000	11.9234	0.0	0.6001256307116667	0.4238	0.0	-0.8476	0.0	2								
deepmd-les-freeze-charge_sA	72100	11.14395	0.0	0.6001256307116667	0.4238	0.0	-0.8476	0.0	2								
deepmd-les-freeze-charge_sA	72200	12.298950000000001	0.0	0.6001256307116667	0.4238	0.0	-0.8476	0.0	2								
deepmd-les-freeze-charge_sA	72300	11.3444	0.0	0.6001256307116667	0.4238	0.0	-0.8476	0.0	2								
deepmd-les-freeze-charge_sA	72400	11.32105	0.0	0.6001256307116667	0.4238	0.0	-0.8476	0.0	2								
deepmd-les-freeze-charge_sA	72500	11.54015	0.0	0.6001256307116667	0.4238	0.0	-0.8476	0.0	2								
deepmd-les-freeze-charge_sA	72600	11.542549999999999	0.0	0.6001256307116667	0.4238	0.0	-0.8476	0.0	2								
deepmd-les-freeze-charge_sA	72700	11.532	0.0	0.6001256307116667	0.4238	0.0	-0.8476	0.0	2								
deepmd-les-freeze-charge_sA	72800	11.3468	0.0	0.6001256307116667	0.4238	0.0	-0.8476	0.0	2								
deepmd-les-freeze-charge_sA	72900	11.6846	0.0	0.6001256307116667	0.4238	0.0	-0.8476	0.0	2								
deepmd-les-freeze-charge_sA	73000	11.55365	0.0	0.6001256307116667	0.4238	0.0	-0.8476	0.0	2								
deepmd-les-freeze-charge_sA	73100	11.57715	0.0	0.6001256307116667	0.4238	0.0	-0.8476	0.0	2								
deepmd-les-freeze-charge_sA	73200	11.186250000000001	0.0	0.6001256307116667	0.4238	0.0	-0.8476	0.0	2								
deepmd-les-freeze-charge_sA	73300	11.8708	0.0	0.6001256307116667	0.4238	0.0	-0.8476	0.0	2								
deepmd-les-freeze-charge_sA	73400	11.66025	0.0	0.6001256307116667	0.4238	0.0	-0.8476	0.0	2								
deepmd-les-freeze-charge_sA	73500	11.61825	0.0	0.6001256307116667	0.4238	0.0	-0.8476	0.0	2								
deepmd-les-freeze-charge_sA	73600	11.4255	0.0	0.6001256307116667	0.4238	0.0	-0.8476	0.0	2								
deepmd-les-freeze-charge_sA	73700	11.0994	0.0	0.6001256307116667	0.4238	0.0	-0.8476	0.0	2								
deepmd-les-freeze-charge_sA	73800	11.31445	0.0	0.6001256307116667	0.4238	0.0	-0.8476	0.0	2								
deepmd-les-freeze-charge_sA	73900	11.34675	0.0	0.6001256307116667	0.4238	0.0	-0.8476	0.0	2								
deepmd-les-freeze-charge_sA	74000	11.208549999999999	0.0	0.6001256307116667	0.4238	0.0	-0.8476	0.0	2								
deepmd-les-freeze-charge_sA	74100	10.93445	0.0	0.6001256307116667	0.4238	0.0	-0.8476	0.0	2								
deepmd-les-freeze-charge_sA	74200	11.1935	0.0	0.6001256307116667	0.4238	0.0	-0.8476	0.0	2								
deepmd-les-freeze-charge_sA	74300	11.585	0.0	0.6001256307116667	0.4238	0.0	-0.8476	0.0	2								
deepmd-les-freeze-charge_sA	74400	11.451350000000001	0.0	0.6001256307116667	0.4238	0.0	-0.8476	0.0	2								
deepmd-les-freeze-charge_sA	74500	10.9698	0.0	0.6001256307116667	0.4238	0.0	-0.8476	0.0	2								
deepmd-les-freeze-charge_sA	74600	11.16165	0.0	0.6001256307116667	0.4238	0.0	-0.8476	0.0	2								
deepmd-les-freeze-charge_sA	74700	11.4619	0.0	0.6001256307116667	0.4238	0.0	-0.8476	0.0	2								
deepmd-les-freeze-charge_sA	74800	11.491299999999999	0.0	0.6001256307116667	0.4238	0.0	-0.8476	0.0	2								
deepmd-les-freeze-charge_sA	74900	11.6924	0.0	0.6001256307116667	0.4238	0.0	-0.8476	0.0	2								
deepmd-les-freeze-charge_sA	75000	11.16755	0.0	0.6001256307116667	0.4238	0.0	-0.8476	0.0	2								
deepmd-les-freeze-charge_sA	75100	11.283999999999999	0.0	0.6001256307116667	0.4238	0.0	-0.8476	0.0	2								
deepmd-les-freeze-charge_sA	75200	11.34655	0.0	0.6001256307116667	0.4238	0.0	-0.8476	0.0	2								
deepmd-les-freeze-charge_sA	75300	11.372399999999999	0.0	0.6001256307116667	0.4238	0.0	-0.8476	0.0	2								
deepmd-les-freeze-charge_sA	75400	10.856300000000001	0.0	0.6001256307116667	0.4238	0.0	-0.8476	0.0	2								
deepmd-les-freeze-charge_sA	75500	12.0579	0.0	0.6001256307116667	0.4238	0.0	-0.8476	0.0	2								
deepmd-les-freeze-charge_sA	75600	11.850750000000001	0.0	0.6001256307116667	0.4238	0.0	-0.8476	0.0	2								
deepmd-les-freeze-charge_sA	75700	11.186250000000001	0.0	0.6001256307116667	0.4238	0.0	-0.8476	0.0	2								
deepmd-les-freeze-charge_sA	75800	11.205950000000001	0.0	0.6001256307116667	0.4238	0.0	-0.8476	0.0	2								
deepmd-les-freeze-charge_sA	75900	11.587399999999999	0.0	0.6001256307116667	0.4238	0.0	-0.8476	0.0	2								
deepmd-les-freeze-charge_sA	76000	11.04265	0.0	0.6001256307116667	0.4238	0.0	-0.8476	0.0	2								
deepmd-les-freeze-charge_sA	76100	11.589500000000001	0.0	0.6001256307116667	0.4238	0.0	-0.8476	0.0	2								
deepmd-les-freeze-charge_sA	76200	11.151	0.0	0.6001256307116667	0.4238	0.0	-0.8476	0.0	2								
deepmd-les-freeze-charge_sA	76300	11.78005	0.0	0.6001256307116667	0.4238	0.0	-0.8476	0.0	2								
deepmd-les-freeze-charge_sA	76400	11.28305	0.0	0.6001256307116667	0.4238	0.0	-0.8476	0.0	2								
deepmd-les-freeze-charge_sA	76500	11.8176	0.0	0.6001256307116667	0.4238	0.0	-0.8476	0.0	2								
deepmd-les-freeze-charge_sA	76600	11.50675	0.0	0.6001256307116667	0.4238	0.0	-0.8476	0.0	2								
deepmd-les-freeze-charge_sA	76700	11.31945	0.0	0.6001256307116667	0.4238	0.0	-0.8476	0.0	2								
deepmd-les-freeze-charge_sA	76800	11.38005	0.0	0.6001256307116667	0.4238	0.0	-0.8476	0.0	2								
deepmd-les-freeze-charge_sA	76900	11.461500000000001	0.0	0.6001256307116667	0.4238	0.0	-0.8476	0.0	2								
deepmd-les-freeze-charge_sA	77000	11.9789	0.0	0.6001256307116667	0.4238	0.0	-0.8476	0.0	2								
deepmd-les-freeze-charge_sA	77100	11.770199999999999	0.0	0.6001256307116667	0.4238	0.0	-0.8476	0.0	2								
deepmd-les-freeze-charge_sA	77200	11.635	0.0	0.6001256307116667	0.4238	0.0	-0.8476	0.0	2								
deepmd-les-freeze-charge_sA	77300	12.1475	0.0	0.6001256307116667	0.4238	0.0	-0.8476	0.0	2								
deepmd-les-freeze-charge_sA	77400	11.4277	0.0	0.6001256307116667	0.4238	0.0	-0.8476	0.0	2								
deepmd-les-freeze-charge_sA	77500	11.9053	0.0	0.6001256307116667	0.4238	0.0	-0.8476	0.0	2								
deepmd-les-freeze-charge_sA	77600	11.843	0.0	0.6001256307116667	0.4238	0.0	-0.8476	0.0	2								
deepmd-les-freeze-charge_sA	77700	11.7685	0.0	0.6001256307116667	0.4238	0.0	-0.8476	0.0	2								
deepmd-les-freeze-charge_sA	77800	11.22875	0.0	0.6001256307116667	0.4238	0.0	-0.8476	0.0	2								
deepmd-les-freeze-charge_sA	77900	11.4124	0.0	0.6001256307116667	0.4238	0.0	-0.8476	0.0	2								
deepmd-les-freeze-charge_sA	78000	11.38125	0.0	0.6001256307116667	0.4238	0.0	-0.8476	0.0	2								
deepmd-les-freeze-charge_sA	78100	11.21555	0.0	0.6001256307116667	0.4238	0.0	-0.8476	0.0	2								
deepmd-les-freeze-charge_sA	78200	11.508199999999999	0.0	0.6001256307116667	0.4238	0.0	-0.8476	0.0	2								
deepmd-les-freeze-charge_sA	78300	11.1121	0.0	0.6001256307116667	0.4238	0.0	-0.8476	0.0	2								
deepmd-les-freeze-charge_sA	78400	11.13015	0.0	0.6001256307116667	0.4238	0.0	-0.8476	0.0	2								
deepmd-les-freeze-charge_sA	78500	11.88635	0.0	0.6001256307116667	0.4238	0.0	-0.8476	0.0	2								
deepmd-les-freeze-charge_sA	78600	11.62205	0.0	0.6001256307116667	0.4238	0.0	-0.8476	0.0	2								
deepmd-les-freeze-charge_sA	78700	11.77605	0.0	0.6001256307116667	0.4238	0.0	-0.8476	0.0	2								
deepmd-les-freeze-charge_sA	78800	11.1801	0.0	0.6001256307116667	0.4238	0.0	-0.8476	0.0	2								
deepmd-les-freeze-charge_sA	78900	11.6455	0.0	0.6001256307116667	0.4238	0.0	-0.8476	0.0	2								
deepmd-les-freeze-charge_sA	79000	11.6338	0.0	0.6001256307116667	0.4238	0.0	-0.8476	0.0	2								
deepmd-les-freeze-charge_sA	79100	11.40125	0.0	0.6001256307116667	0.4238	0.0	-0.8476	0.0	2								
deepmd-les-freeze-charge_sA	79200	11.60305	0.0	0.6001256307116667	0.4238	0.0	-0.8476	0.0	2								
deepmd-les-freeze-charge_sA	79300	11.165849999999999	0.0	0.6001256307116667	0.4238	0.0	-0.8476	0.0	2								
deepmd-les-freeze-charge_sA	79400	11.8658	0.0	0.6001256307116667	0.4238	0.0	-0.8476	0.0	2								
deepmd-les-freeze-charge_sA	79500	11.4124	0.0	0.6001256307116667	0.4238	0.0	-0.8476	0.0	2								
deepmd-les-freeze-charge_sA	79600	10.9842	0.0	0.6001256307116667	0.4238	0.0	-0.8476	0.0	2								
deepmd-les-freeze-charge_sA	79700	11.1849	0.0	0.6001256307116667	0.4238	0.0	-0.8476	0.0	2								
deepmd-les-freeze-charge_sA	79800	11.03745	0.0	0.6001256307116667	0.4238	0.0	-0.8476	0.0	2								
deepmd-les-freeze-charge_sA	79900	11.7919	0.0	0.6001256307116667	0.4238	0.0	-0.8476	0.0	2								
deepmd-les-freeze-charge_sA	80000	11.6442	0.0	0.6001256307116667	0.4238	0.0	-0.8476	0.0	2								
deepmd-les-freeze-charge_sA	80100	11.2165	0.0	0.6001256307116667	0.4238	0.0	-0.8476	0.0	2								
deepmd-les-freeze-charge_sA	80200	12.068850000000001	0.0	0.6001256307116667	0.4238	0.0	-0.8476	0.0	2								
deepmd-les-freeze-charge_sB	1	11.255749999999999	0.0	0.6001256307116667	0.4238	0.0	-0.8476	0.0	2								
deepmd-les-freeze-charge_sB	100	11.768350000000002	0.0	0.6001256307116667	0.4238	0.0	-0.8476	0.0	2								
deepmd-les-freeze-charge_sB	200	11.13125	0.0	0.6001256307116667	0.4238	0.0	-0.8476	0.0	2								
deepmd-les-freeze-charge_sB	300	11.8484	0.0	0.6001256307116667	0.4238	0.0	-0.8476	0.0	2								
deepmd-les-freeze-charge_sB	400	11.0495	0.0	0.6001256307116667	0.4238	0.0	-0.8476	0.0	2								
deepmd-les-freeze-charge_sB	500	11.5256	0.0	0.6001256307116667	0.4238	0.0	-0.8476	0.0	2								
deepmd-les-freeze-charge_sB	600	11.593350000000001	0.0	0.6001256307116667	0.4238	0.0	-0.8476	0.0	2								
deepmd-les-freeze-charge_sB	700	11.81455	0.0	0.6001256307116667	0.4238	0.0	-0.8476	0.0	2								
deepmd-les-freeze-charge_sB	800	11.237300000000001	0.0	0.6001256307116667	0.4238	0.0	-0.8476	0.0	2								
deepmd-les-freeze-charge_sB	900	11.6775	0.0	0.6001256307116667	0.4238	0.0	-0.8476	0.0	2								
deepmd-les-freeze-charge_sB	1000	10.89825	0.0	0.6001256307116667	0.4238	0.0	-0.8476	0.0	2								
deepmd-les-freeze-charge_sB	1100	11.4727	0.0	0.6001256307116667	0.4238	0.0	-0.8476	0.0	2								
deepmd-les-freeze-charge_sB	1200	10.892600000000002	0.0	0.6001256307116667	0.4238	0.0	-0.8476	0.0	2								
deepmd-les-freeze-charge_sB	1300	12.0039	0.0	0.6001256307116667	0.4238	0.0	-0.8476	0.0	2								
deepmd-les-freeze-charge_sB	1400	11.4966	0.0	0.6001256307116667	0.4238	0.0	-0.8476	0.0	2								
deepmd-les-freeze-charge_sB	1500	11.72305	0.0	0.6001256307116667	0.4238	0.0	-0.8476	0.0	2								
deepmd-les-freeze-charge_sB	1600	11.6501	0.0	0.6001256307116667	0.4238	0.0	-0.8476	0.0	2								
deepmd-les-freeze-charge_sB	1700	11.72545	0.0	0.6001256307116667	0.4238	0.0	-0.8476	0.0	2								
deepmd-les-freeze-charge_sB	1800	11.16755	0.0	0.6001256307116667	0.4238	0.0	-0.8476	0.0	2								
deepmd-les-freeze-charge_sB	1900	10.960149999999999	0.0	0.6001256307116667	0.4238	0.0	-0.8476	0.0	2								
deepmd-les-freeze-charge_sB	2000	11.154399999999999	0.0	0.6001256307116667	0.4238	0.0	-0.8476	0.0	2								
deepmd-les-freeze-charge_sB	2100	11.68245	0.0	0.6001256307116667	0.4238	0.0	-0.8476	0.0	2								
deepmd-les-freeze-charge_sB	2200	11.38875	0.0	0.6001256307116667	0.4238	0.0	-0.8476	0.0	2								
deepmd-les-freeze-charge_sB	2300	11.38125	0.0	0.6001256307116667	0.4238	0.0	-0.8476	0.0	2								
deepmd-les-freeze-charge_sB	2400	11.52335	0.0	0.6001256307116667	0.4238	0.0	-0.8476	0.0	2								
deepmd-les-freeze-charge_sB	2500	11.426300000000001	0.0	0.6001256307116667	0.4238	0.0	-0.8476	0.0	2								
deepmd-les-freeze-charge_sB	2600	11.14795	0.0	0.6001256307116667	0.4238	0.0	-0.8476	0.0	2								
deepmd-les-freeze-charge_sB	2700	11.8695	0.0	0.6001256307116667	0.4238	0.0	-0.8476	0.0	2								
deepmd-les-freeze-charge_sB	2800	11.44715	0.0	0.6001256307116667	0.4238	0.0	-0.8476	0.0	2								
deepmd-les-freeze-charge_sB	2900	11.13825	0.0	0.6001256307116667	0.4238	0.0	-0.8476	0.0	2								
deepmd-les-freeze-charge_sB	3000	11.44305	0.0	0.6001256307116667	0.4238	0.0	-0.8476	0.0	2								
deepmd-les-freeze-charge_sB	3100	11.374749999999999	0.0	0.6001256307116667	0.4238	0.0	-0.8476	0.0	2								
deepmd-les-freeze-charge_sB	3200	11.25255	0.0	0.6001256307116667	0.4238	0.0	-0.8476	0.0	2								
deepmd-les-freeze-charge_sB	3300	11.52195	0.0	0.6001256307116667	0.4238	0.0	-0.8476	0.0	2								
deepmd-les-freeze-charge_sB	3400	11.53185	0.0	0.6001256307116667	0.4238	0.0	-0.8476	0.0	2								
deepmd-les-freeze-charge_sB	3500	11.70055	0.0	0.6001256307116667	0.4238	0.0	-0.8476	0.0	2								
deepmd-les-freeze-charge_sB	3600	11.312650000000001	0.0	0.6001256307116667	0.4238	0.0	-0.8476	0.0	2								
deepmd-les-freeze-charge_sB	3700	11.5207	0.0	0.6001256307116667	0.4238	0.0	-0.8476	0.0	2								
deepmd-les-freeze-charge_sB	3800	11.84805	0.0	0.6001256307116667	0.4238	0.0	-0.8476	0.0	2								
deepmd-les-freeze-charge_sB	3900	11.67925	0.0	0.6001256307116667	0.4238	0.0	-0.8476	0.0	2								
deepmd-les-freeze-charge_sB	4000	11.6158	0.0	0.6001256307116667	0.4238	0.0	-0.8476	0.0	2								
deepmd-les-freeze-charge_sB	4100	11.8826	0.0	0.6001256307116667	0.4238	0.0	-0.8476	0.0	2								
deepmd-les-freeze-charge_sB	4200	11.1944	0.0	0.6001256307116667	0.4238	0.0	-0.8476	0.0	2								
deepmd-les-freeze-charge_sB	4300	11.22175	0.0	0.6001256307116667	0.4238	0.0	-0.8476	0.0	2								
deepmd-les-freeze-charge_sB	4400	11.41885	0.0	0.6001256307116667	0.4238	0.0	-0.8476	0.0	2								
deepmd-les-freeze-charge_sB	4500	11.597850000000001	0.0	0.6001256307116667	0.4238	0.0	-0.8476	0.0	2								
deepmd-les-freeze-charge_sB	4600	10.999400000000001	0.0	0.6001256307116667	0.4238	0.0	-0.8476	0.0	2								
deepmd-les-freeze-charge_sB	4700	11.009699999999999	0.0	0.6001256307116667	0.4238	0.0	-0.8476	0.0	2								
deepmd-les-freeze-charge_sB	4800	11.0119	0.0	0.6001256307116667	0.4238	0.0	-0.8476	0.0	2								
deepmd-les-freeze-charge_sB	4900	11.057649999999999	0.0	0.6001256307116667	0.4238	0.0	-0.8476	0.0	2								
deepmd-les-freeze-charge_sB	5000	11.6861	0.0	0.6001256307116667	0.4238	0.0	-0.8476	0.0	2								
deepmd-les-freeze-charge_sB	5100	11.31605	0.0	0.6001256307116667	0.4238	0.0	-0.8476	0.0	2								
deepmd-les-freeze-charge_sB	5200	11.4573	0.0	0.6001256307116667	0.4238	0.0	-0.8476	0.0	2								
deepmd-les-freeze-charge_sB	5300	11.72235	0.0	0.6001256307116667	0.4238	0.0	-0.8476	0.0	2								
deepmd-les-freeze-charge_sB	5400	11.413	0.0	0.6001256307116667	0.4238	0.0	-0.8476	0.0	2								
deepmd-les-freeze-charge_sB	5500	11.2625	0.0	0.6001256307116667	0.4238	0.0	-0.8476	0.0	2								
deepmd-les-freeze-charge_sB	5600	11.5038	0.0	0.6001256307116667	0.4238	0.0	-0.8476	0.0	2								
deepmd-les-freeze-charge_sB	5700	11.46875	0.0	0.6001256307116667	0.4238	0.0	-0.8476	0.0	2								
deepmd-les-freeze-charge_sB	5800	11.3885	0.0	0.6001256307116667	0.4238	0.0	-0.8476	0.0	2								
deepmd-les-freeze-charge_sB	5900	11.0748	0.0	0.6001256307116667	0.4238	0.0	-0.8476	0.0	2								
deepmd-les-freeze-charge_sB	6000	11.9211	0.0	0.6001256307116667	0.4238	0.0	-0.8476	0.0	2								
deepmd-les-freeze-charge_sB	6100	11.75625	0.0	0.6001256307116667	0.4238	0.0	-0.8476	0.0	2								
deepmd-les-freeze-charge_sB	6200	11.3455	0.0	0.6001256307116667	0.4238	0.0	-0.8476	0.0	2								
deepmd-les-freeze-charge_sB	6300	11.19735	0.0	0.6001256307116667	0.4238	0.0	-0.8476	0.0	2								
deepmd-les-freeze-charge_sB	6400	11.00135	0.0	0.6001256307116667	0.4238	0.0	-0.8476	0.0	2								
deepmd-les-freeze-charge_sB	6500	11.1548	0.0	0.6001256307116667	0.4238	0.0	-0.8476	0.0	2								
deepmd-les-freeze-charge_sB	6600	11.4097	0.0	0.6001256307116667	0.4238	0.0	-0.8476	0.0	2								
deepmd-les-freeze-charge_sB	6700	11.392299999999999	0.0	0.6001256307116667	0.4238	0.0	-0.8476	0.0	2								
deepmd-les-freeze-charge_sB	6800	11.5754	0.0	0.6001256307116667	0.4238	0.0	-0.8476	0.0	2								
deepmd-les-freeze-charge_sB	6900	11.98735	0.0	0.6001256307116667	0.4238	0.0	-0.8476	0.0	2								
deepmd-les-freeze-charge_sB	7000	11.70135	0.0	0.6001256307116667	0.4238	0.0	-0.8476	0.0	2								
deepmd-les-freeze-charge_sB	7100	11.8148	0.0	0.6001256307116667	0.4238	0.0	-0.8476	0.0	2								
deepmd-les-freeze-charge_sB	7200	11.288799999999998	0.0	0.6001256307116667	0.4238	0.0	-0.8476	0.0	2								
deepmd-les-freeze-charge_sB	7300	11.16365	0.0	0.6001256307116667	0.4238	0.0	-0.8476	0.0	2								
deepmd-les-freeze-charge_sB	7400	11.20525	0.0	0.6001256307116667	0.4238	0.0	-0.8476	0.0	2								
deepmd-les-freeze-charge_sB	7500	11.020050000000001	0.0	0.6001256307116667	0.4238	0.0	-0.8476	0.0	2								
deepmd-les-freeze-charge_sB	7600	11.520150000000001	0.0	0.6001256307116667	0.4238	0.0	-0.8476	0.0	2								
deepmd-les-freeze-charge_sB	7700	10.944199999999999	0.0	0.6001256307116667	0.4238	0.0	-0.8476	0.0	2								
deepmd-les-freeze-charge_sB	7800	11.73935	0.0	0.6001256307116667	0.4238	0.0	-0.8476	0.0	2								
deepmd-les-freeze-charge_sB	7900	11.8484	0.0	0.6001256307116667	0.4238	0.0	-0.8476	0.0	2								
deepmd-les-freeze-charge_sB	8000	11.55435	0.0	0.6001256307116667	0.4238	0.0	-0.8476	0.0	2								
deepmd-les-freeze-charge_sB	8100	11.15785	0.0	0.6001256307116667	0.4238	0.0	-0.8476	0.0	2								
deepmd-les-freeze-charge_sB	8200	11.7302	0.0	0.6001256307116667	0.4238	0.0	-0.8476	0.0	2								
deepmd-les-freeze-charge_sB	8300	11.6534	0.0	0.6001256307116667	0.4238	0.0	-0.8476	0.0	2								
deepmd-les-freeze-charge_sB	8400	11.663	0.0	0.6001256307116667	0.4238	0.0	-0.8476	0.0	2								
deepmd-les-freeze-charge_sB	8500	11.37245	0.0	0.6001256307116667	0.4238	0.0	-0.8476	0.0	2								
deepmd-les-freeze-charge_sB	8600	11.3987	0.0	0.6001256307116667	0.4238	0.0	-0.8476	0.0	2								
deepmd-les-freeze-charge_sB	8700	11.113199999999999	0.0	0.6001256307116667	0.4238	0.0	-0.8476	0.0	2								
deepmd-les-freeze-charge_sB	8800	11.15245	0.0	0.6001256307116667	0.4238	0.0	-0.8476	0.0	2								
deepmd-les-freeze-charge_sB	8900	11.83855	0.0	0.6001256307116667	0.4238	0.0	-0.8476	0.0	2								
deepmd-les-freeze-charge_sB	9000	11.7355	0.0	0.6001256307116667	0.4238	0.0	-0.8476	0.0	2								
deepmd-les-freeze-charge_sB	9100	11.5897	0.0	0.6001256307116667	0.4238	0.0	-0.8476	0.0	2								
deepmd-les-freeze-charge_sB	9200	11.41975	0.0	0.6001256307116667	0.4238	0.0	-0.8476	0.0	2								
deepmd-les-freeze-charge_sB	9300	11.72255	0.0	0.6001256307116667	0.4238	0.0	-0.8476	0.0	2								
deepmd-les-freeze-charge_sB	9400	11.79575	0.0	0.6001256307116667	0.4238	0.0	-0.8476	0.0	2								
deepmd-les-freeze-charge_sB	9500	11.75145	0.0	0.6001256307116667	0.4238	0.0	-0.8476	0.0	2								
deepmd-les-freeze-charge_sB	9600	11.1935	0.0	0.6001256307116667	0.4238	0.0	-0.8476	0.0	2								
deepmd-les-freeze-charge_sB	9700	11.2269	0.0	0.6001256307116667	0.4238	0.0	-0.8476	0.0	2								
deepmd-les-freeze-charge_sB	9800	11.497150000000001	0.0	0.6001256307116667	0.4238	0.0	-0.8476	0.0	2								
deepmd-les-freeze-charge_sB	9900	11.261	0.0	0.6001256307116667	0.4238	0.0	-0.8476	0.0	2								
deepmd-les-freeze-charge_sB	10000	11.7029	0.0	0.6001256307116667	0.4238	0.0	-0.8476	0.0	2								
deepmd-les-freeze-charge_sB	10100	11.3658	0.0	0.6001256307116667	0.4238	0.0	-0.8476	0.0	2								
deepmd-les-freeze-charge_sB	10200	11.02505	0.0	0.6001256307116667	0.4238	0.0	-0.8476	0.0	2								
deepmd-les-freeze-charge_sB	10300	11.14945	0.0	0.6001256307116667	0.4238	0.0	-0.8476	0.0	2								
deepmd-les-freeze-charge_sB	10400	11.494800000000001	0.0	0.6001256307116667	0.4238	0.0	-0.8476	0.0	2								
deepmd-les-freeze-charge_sB	10500	11.969249999999999	0.0	0.6001256307116667	0.4238	0.0	-0.8476	0.0	2								
deepmd-les-freeze-charge_sB	10600	11.627949999999998	0.0	0.6001256307116667	0.4238	0.0	-0.8476	0.0	2								
deepmd-les-freeze-charge_sB	10700	11.1966	0.0	0.6001256307116667	0.4238	0.0	-0.8476	0.0	2								
deepmd-les-freeze-charge_sB	10800	11.6167	0.0	0.6001256307116667	0.4238	0.0	-0.8476	0.0	2								
deepmd-les-freeze-charge_sB	10900	11.496	0.0	0.6001256307116667	0.4238	0.0	-0.8476	0.0	2								
deepmd-les-freeze-charge_sB	11000	11.436399999999999	0.0	0.6001256307116667	0.4238	0.0	-0.8476	0.0	2								
deepmd-les-freeze-charge_sB	11100	11.4986	0.0	0.6001256307116667	0.4238	0.0	-0.8476	0.0	2								
deepmd-les-freeze-charge_sB	11200	11.65005	0.0	0.6001256307116667	0.4238	0.0	-0.8476	0.0	2								
deepmd-les-freeze-charge_sB	11300	11.43975	0.0	0.6001256307116667	0.4238	0.0	-0.8476	0.0	2								
deepmd-les-freeze-charge_sB	11400	11.80645	0.0	0.6001256307116667	0.4238	0.0	-0.8476	0.0	2								
deepmd-les-freeze-charge_sB	11500	11.68375	0.0	0.6001256307116667	0.4238	0.0	-0.8476	0.0	2								
deepmd-les-freeze-charge_sB	11600	11.33835	0.0	0.6001256307116667	0.4238	0.0	-0.8476	0.0	2								
deepmd-les-freeze-charge_sB	11700	11.44725	0.0	0.6001256307116667	0.4238	0.0	-0.8476	0.0	2								
deepmd-les-freeze-charge_sB	11800	11.4023	0.0	0.6001256307116667	0.4238	0.0	-0.8476	0.0	2								
deepmd-les-freeze-charge_sB	11900	11.69805	0.0	0.6001256307116667	0.4238	0.0	-0.8476	0.0	2								
deepmd-les-freeze-charge_sB	12000	10.98785	0.0	0.6001256307116667	0.4238	0.0	-0.8476	0.0	2								
deepmd-les-freeze-charge_sB	12100	11.50975	0.0	0.6001256307116667	0.4238	0.0	-0.8476	0.0	2								
deepmd-les-freeze-charge_sB	12200	11.338049999999999	0.0	0.6001256307116667	0.4238	0.0	-0.8476	0.0	2								
deepmd-les-freeze-charge_sB	12300	11.4094	0.0	0.6001256307116667	0.4238	0.0	-0.8476	0.0	2								
deepmd-les-freeze-charge_sB	12400	11.373999999999999	0.0	0.6001256307116667	0.4238	0.0	-0.8476	0.0	2								
deepmd-les-freeze-charge_sB	12500	11.70795	0.0	0.6001256307116667	0.4238	0.0	-0.8476	0.0	2								
deepmd-les-freeze-charge_sB	12600	11.667850000000001	0.0	0.6001256307116667	0.4238	0.0	-0.8476	0.0	2								
deepmd-les-freeze-charge_sB	12700	11.17605	0.0	0.6001256307116667	0.4238	0.0	-0.8476	0.0	2								
deepmd-les-freeze-charge_sB	12800	11.28455	0.0	0.6001256307116667	0.4238	0.0	-0.8476	0.0	2								
deepmd-les-freeze-charge_sB	12900	11.33135	0.0	0.6001256307116667	0.4238	0.0	-0.8476	0.0	2								
deepmd-les-freeze-charge_sB	13000	11.144649999999999	0.0	0.6001256307116667	0.4238	0.0	-0.8476	0.0	2								
deepmd-les-freeze-charge_sB	13100	11.6317	0.0	0.6001256307116667	0.4238	0.0	-0.8476	0.0	2								
deepmd-les-freeze-charge_sB	13200	11.760950000000001	0.0	0.6001256307116667	0.4238	0.0	-0.8476	0.0	2								
deepmd-les-freeze-charge_sB	13300	11.4111	0.0	0.6001256307116667	0.4238	0.0	-0.8476	0.0	2								
deepmd-les-freeze-charge_sB	13400	11.423649999999999	0.0	0.6001256307116667	0.4238	0.0	-0.8476	0.0	2								
deepmd-les-freeze-charge_sB	13500	11.18385	0.0	0.6001256307116667	0.4238	0.0	-0.8476	0.0	2								
deepmd-les-freeze-charge_sB	13600	11.3183	0.0	0.6001256307116667	0.4238	0.0	-0.8476	0.0	2								
deepmd-les-freeze-charge_sB	13700	11.1918	0.0	0.6001256307116667	0.4238	0.0	-0.8476	0.0	2								
deepmd-les-freeze-charge_sB	13800	11.723600000000001	0.0	0.6001256307116667	0.4238	0.0	-0.8476	0.0	2								
deepmd-les-freeze-charge_sB	13900	11.75775	0.0	0.6001256307116667	0.4238	0.0	-0.8476	0.0	2								
deepmd-les-freeze-charge_sB	14000	11.5023	0.0	0.6001256307116667	0.4238	0.0	-0.8476	0.0	2								
deepmd-les-freeze-charge_sB	14100	11.59835	0.0	0.6001256307116667	0.4238	0.0	-0.8476	0.0	2								
deepmd-les-freeze-charge_sB	14200	11.882200000000001	0.0	0.6001256307116667	0.4238	0.0	-0.8476	0.0	2								
deepmd-les-freeze-charge_sB	14300	11.199300000000001	0.0	0.6001256307116667	0.4238	0.0	-0.8476	0.0	2								
deepmd-les-freeze-charge_sB	14400	11.03745	0.0	0.6001256307116667	0.4238	0.0	-0.8476	0.0	2								
deepmd-les-freeze-charge_sB	14500	11.6768	0.0	0.6001256307116667	0.4238	0.0	-0.8476	0.0	2								
deepmd-les-freeze-charge_sB	14600	10.98565	0.0	0.6001256307116667	0.4238	0.0	-0.8476	0.0	2								
deepmd-les-freeze-charge_sB	14700	11.549	0.0	0.6001256307116667	0.4238	0.0	-0.8476	0.0	2								
deepmd-les-freeze-charge_sB	14800	11.08525	0.0	0.6001256307116667	0.4238	0.0	-0.8476	0.0	2								
deepmd-les-freeze-charge_sB	14900	11.496649999999999	0.0	0.6001256307116667	0.4238	0.0	-0.8476	0.0	2								
deepmd-les-freeze-charge_sB	15000	11.49605	0.0	0.6001256307116667	0.4238	0.0	-0.8476	0.0	2								
deepmd-les-freeze-charge_sB	15100	11.40505	0.0	0.6001256307116667	0.4238	0.0	-0.8476	0.0	2								
deepmd-les-freeze-charge_sB	15200	11.76455	0.0	0.6001256307116667	0.4238	0.0	-0.8476	0.0	2								
deepmd-les-freeze-charge_sB	15300	11.170549999999999	0.0	0.6001256307116667	0.4238	0.0	-0.8476	0.0	2								
deepmd-les-freeze-charge_sB	15400	11.5268	0.0	0.6001256307116667	0.4238	0.0	-0.8476	0.0	2								
deepmd-les-freeze-charge_sB	15500	11.43985	0.0	0.6001256307116667	0.4238	0.0	-0.8476	0.0	2								
deepmd-les-freeze-charge_sB	15600	11.516449999999999	0.0	0.6001256307116667	0.4238	0.0	-0.8476	0.0	2								
deepmd-les-freeze-charge_sB	15700	11.46855	0.0	0.6001256307116667	0.4238	0.0	-0.8476	0.0	2								
deepmd-les-freeze-charge_sB	15800	11.4281	0.0	0.6001256307116667	0.4238	0.0	-0.8476	0.0	2								
deepmd-les-freeze-charge_sB	15900	11.52485	0.0	0.6001256307116667	0.4238	0.0	-0.8476	0.0	2								
deepmd-les-freeze-charge_sB	16000	11.25555	0.0	0.6001256307116667	0.4238	0.0	-0.8476	0.0	2								
deepmd-les-freeze-charge_sB	16100	11.34665	0.0	0.6001256307116667	0.4238	0.0	-0.8476	0.0	2								
deepmd-les-freeze-charge_sB	16200	11.3565	0.0	0.6001256307116667	0.4238	0.0	-0.8476	0.0	2								
deepmd-les-freeze-charge_sB	16300	11.046199999999999	0.0	0.6001256307116667	0.4238	0.0	-0.8476	0.0	2								
deepmd-les-freeze-charge_sB	16400	11.5311	0.0	0.6001256307116667	0.4238	0.0	-0.8476	0.0	2								
deepmd-les-freeze-charge_sB	16500	11.68375	0.0	0.6001256307116667	0.4238	0.0	-0.8476	0.0	2								
deepmd-les-freeze-charge_sB	16600	11.37585	0.0	0.6001256307116667	0.4238	0.0	-0.8476	0.0	2								
deepmd-les-freeze-charge_sB	16700	12.17775	0.0	0.6001256307116667	0.4238	0.0	-0.8476	0.0	2								
deepmd-les-freeze-charge_sB	16800	11.5183	0.0	0.6001256307116667	0.4238	0.0	-0.8476	0.0	2								
deepmd-les-freeze-charge_sB	16900	11.11345	0.0	0.6001256307116667	0.4238	0.0	-0.8476	0.0	2								
deepmd-les-freeze-charge_sB	17000	11.5591	0.0	0.6001256307116667	0.4238	0.0	-0.8476	0.0	2								
deepmd-les-freeze-charge_sB	17100	11.731449999999999	0.0	0.6001256307116667	0.4238	0.0	-0.8476	0.0	2								
deepmd-les-freeze-charge_sB	17200	11.6679	0.0	0.6001256307116667	0.4238	0.0	-0.8476	0.0	2								
deepmd-les-freeze-charge_sB	17300	11.2965	0.0	0.6001256307116667	0.4238	0.0	-0.8476	0.0	2								
deepmd-les-freeze-charge_sB	17400	10.92455	0.0	0.6001256307116667	0.4238	0.0	-0.8476	0.0	2								
deepmd-les-freeze-charge_sB	17500	11.3618	0.0	0.6001256307116667	0.4238	0.0	-0.8476	0.0	2								
deepmd-les-freeze-charge_sB	17600	11.5768	0.0	0.6001256307116667	0.4238	0.0	-0.8476	0.0	2								
deepmd-les-freeze-charge_sB	17700	11.3787	0.0	0.6001256307116667	0.4238	0.0	-0.8476	0.0	2								
deepmd-les-freeze-charge_sB	17800	11.788450000000001	0.0	0.6001256307116667	0.4238	0.0	-0.8476	0.0	2								
deepmd-les-freeze-charge_sB	17900	11.42455	0.0	0.6001256307116667	0.4238	0.0	-0.8476	0.0	2								
deepmd-les-freeze-charge_sB	18000	11.44355	0.0	0.6001256307116667	0.4238	0.0	-0.8476	0.0	2								
deepmd-les-freeze-charge_sB	18100	11.662299999999998	0.0	0.6001256307116667	0.4238	0.0	-0.8476	0.0	2								
deepmd-les-freeze-charge_sB	18200	11.592649999999999	0.0	0.6001256307116667	0.4238	0.0	-0.8476	0.0	2								
deepmd-les-freeze-charge_sB	18300	11.18835	0.0	0.6001256307116667	0.4238	0.0	-0.8476	0.0	2								
deepmd-les-freeze-charge_sB	18400	11.29085	0.0	0.6001256307116667	0.4238	0.0	-0.8476	0.0	2								
deepmd-les-freeze-charge_sB	18500	11.23255	0.0	0.6001256307116667	0.4238	0.0	-0.8476	0.0	2								
deepmd-les-freeze-charge_sB	18600	11.8231	0.0	0.6001256307116667	0.4238	0.0	-0.8476	0.0	2								
deepmd-les-freeze-charge_sB	18700	11.110800000000001	0.0	0.6001256307116667	0.4238	0.0	-0.8476	0.0	2								
deepmd-les-freeze-charge_sB	18800	11.594850000000001	0.0	0.6001256307116667	0.4238	0.0	-0.8476	0.0	2								
deepmd-les-freeze-charge_sB	18900	11.464300000000001	0.0	0.6001256307116667	0.4238	0.0	-0.8476	0.0	2								
deepmd-les-freeze-charge_sB	19000	11.3114	0.0	0.6001256307116667	0.4238	0.0	-0.8476	0.0	2								
deepmd-les-freeze-charge_sB	19100	11.18155	0.0	0.6001256307116667	0.4238	0.0	-0.8476	0.0	2								
deepmd-les-freeze-charge_sB	19200	11.37655	0.0	0.6001256307116667	0.4238	0.0	-0.8476	0.0	2								
deepmd-les-freeze-charge_sB	19300	11.4622	0.0	0.6001256307116667	0.4238	0.0	-0.8476	0.0	2								
deepmd-les-freeze-charge_sB	19400	10.9834	0.0	0.6001256307116667	0.4238	0.0	-0.8476	0.0	2								
deepmd-les-freeze-charge_sB	19500	11.29635	0.0	0.6001256307116667	0.4238	0.0	-0.8476	0.0	2								
deepmd-les-freeze-charge_sB	19600	11.5669	0.0	0.6001256307116667	0.4238	0.0	-0.8476	0.0	2								
deepmd-les-freeze-charge_sB	19700	11.114899999999999	0.0	0.6001256307116667	0.4238	0.0	-0.8476	0.0	2								
deepmd-les-freeze-charge_sB	19800	10.73235	0.0	0.6001256307116667	0.4238	0.0	-0.8476	0.0	2								
deepmd-les-freeze-charge_sB	19900	11.66715	0.0	0.6001256307116667	0.4238	0.0	-0.8476	0.0	2								
deepmd-les-freeze-charge_sB	20000	12.113900000000001	0.0	0.6001256307116667	0.4238	0.0	-0.8476	0.0	2								
deepmd-les-freeze-charge_sB	20100	11.83525	0.0	0.6001256307116667	0.4238	0.0	-0.8476	0.0	2								
deepmd-les-freeze-charge_sB	20200	12.0884	0.0	0.6001256307116667	0.4238	0.0	-0.8476	0.0	2								
deepmd-les-freeze-charge_sB	20300	11.23	0.0	0.6001256307116667	0.4238	0.0	-0.8476	0.0	2								
deepmd-les-freeze-charge_sB	20400	10.603349999999999	0.0	0.6001256307116667	0.4238	0.0	-0.8476	0.0	2								
deepmd-les-freeze-charge_sB	20500	11.16065	0.0	0.6001256307116667	0.4238	0.0	-0.8476	0.0	2								
deepmd-les-freeze-charge_sB	20600	11.0655	0.0	0.6001256307116667	0.4238	0.0	-0.8476	0.0	2								
deepmd-les-freeze-charge_sB	20700	10.95985	0.0	0.6001256307116667	0.4238	0.0	-0.8476	0.0	2								
deepmd-les-freeze-charge_sB	20800	11.4526	0.0	0.6001256307116667	0.4238	0.0	-0.8476	0.0	2								
deepmd-les-freeze-charge_sB	20900	11.5681	0.0	0.6001256307116667	0.4238	0.0	-0.8476	0.0	2								
deepmd-les-freeze-charge_sB	21000	11.8317	0.0	0.6001256307116667	0.4238	0.0	-0.8476	0.0	2								
deepmd-les-freeze-charge_sB	21100	11.4048	0.0	0.6001256307116667	0.4238	0.0	-0.8476	0.0	2								
deepmd-les-freeze-charge_sB	21200	11.413	0.0	0.6001256307116667	0.4238	0.0	-0.8476	0.0	2								
deepmd-les-freeze-charge_sB	21300	11.651399999999999	0.0	0.6001256307116667	0.4238	0.0	-0.8476	0.0	2								
deepmd-les-freeze-charge_sB	21400	11.517	0.0	0.6001256307116667	0.4238	0.0	-0.8476	0.0	2								
deepmd-les-freeze-charge_sB	21500	11.147400000000001	0.0	0.6001256307116667	0.4238	0.0	-0.8476	0.0	2								
deepmd-les-freeze-charge_sB	21600	11.199	0.0	0.6001256307116667	0.4238	0.0	-0.8476	0.0	2								
deepmd-les-freeze-charge_sB	21700	11.381599999999999	0.0	0.6001256307116667	0.4238	0.0	-0.8476	0.0	2								
deepmd-les-freeze-charge_sB	21800	11.6389	0.0	0.6001256307116667	0.4238	0.0	-0.8476	0.0	2								
deepmd-les-freeze-charge_sB	21900	11.30375	0.0	0.6001256307116667	0.4238	0.0	-0.8476	0.0	2								
deepmd-les-freeze-charge_sB	22000	11.6045	0.0	0.6001256307116667	0.4238	0.0	-0.8476	0.0	2								
deepmd-les-freeze-charge_sB	22100	11.924949999999999	0.0	0.6001256307116667	0.4238	0.0	-0.8476	0.0	2								
deepmd-les-freeze-charge_sB	22200	11.50275	0.0	0.6001256307116667	0.4238	0.0	-0.8476	0.0	2								
deepmd-les-freeze-charge_sB	22300	11.386800000000001	0.0	0.6001256307116667	0.4238	0.0	-0.8476	0.0	2								
deepmd-les-freeze-charge_sB	22400	11.67605	0.0	0.6001256307116667	0.4238	0.0	-0.8476	0.0	2								
deepmd-les-freeze-charge_sB	22500	11.173950000000001	0.0	0.6001256307116667	0.4238	0.0	-0.8476	0.0	2								
deepmd-les-freeze-charge_sB	22600	11.35755	0.0	0.6001256307116667	0.4238	0.0	-0.8476	0.0	2								
deepmd-les-freeze-charge_sB	22700	11.58885	0.0	0.6001256307116667	0.4238	0.0	-0.8476	0.0	2								
deepmd-les-freeze-charge_sB	22800	11.48335	0.0	0.6001256307116667	0.4238	0.0	-0.8476	0.0	2								
deepmd-les-freeze-charge_sB	22900	11.749300000000002	0.0	0.6001256307116667	0.4238	0.0	-0.8476	0.0	2								
deepmd-les-freeze-charge_sB	23000	11.50375	0.0	0.6001256307116667	0.4238	0.0	-0.8476	0.0	2								
deepmd-les-freeze-charge_sB	23100	11.36665	0.0	0.6001256307116667	0.4238	0.0	-0.8476	0.0	2								
deepmd-les-freeze-charge_sB	23200	11.45075	0.0	0.6001256307116667	0.4238	0.0	-0.8476	0.0	2								
deepmd-les-freeze-charge_sB	23300	11.41575	0.0	0.6001256307116667	0.4238	0.0	-0.8476	0.0	2								
deepmd-les-freeze-charge_sB	23400	11.6456	0.0	0.6001256307116667	0.4238	0.0	-0.8476	0.0	2								
deepmd-les-freeze-charge_sB	23500	11.886	0.0	0.6001256307116667	0.4238	0.0	-0.8476	0.0	2								
deepmd-les-freeze-charge_sB	23600	11.0537	0.0	0.6001256307116667	0.4238	0.0	-0.8476	0.0	2								
deepmd-les-freeze-charge_sB	23700	11.16565	0.0	0.6001256307116667	0.4238	0.0	-0.8476	0.0	2								
deepmd-les-freeze-charge_sB	23800	12.056899999999999	0.0	0.6001256307116667	0.4238	0.0	-0.8476	0.0	2								
deepmd-les-freeze-charge_sB	23900	11.789200000000001	0.0	0.6001256307116667	0.4238	0.0	-0.8476	0.0	2								
deepmd-les-freeze-charge_sB	24000	11.06235	0.0	0.6001256307116667	0.4238	0.0	-0.8476	0.0	2								
deepmd-les-freeze-charge_sB	24100	11.453600000000002	0.0	0.6001256307116667	0.4238	0.0	-0.8476	0.0	2								
deepmd-les-freeze-charge_sB	24200	11.6125	0.0	0.6001256307116667	0.4238	0.0	-0.8476	0.0	2								
deepmd-les-freeze-charge_sB	24300	10.98725	0.0	0.6001256307116667	0.4238	0.0	-0.8476	0.0	2								
deepmd-les-freeze-charge_sB	24400	11.755749999999999	0.0	0.6001256307116667	0.4238	0.0	-0.8476	0.0	2								
deepmd-les-freeze-charge_sB	24500	11.32365	0.0	0.6001256307116667	0.4238	0.0	-0.8476	0.0	2								
deepmd-les-freeze-charge_sB	24600	11.691749999999999	0.0	0.6001256307116667	0.4238	0.0	-0.8476	0.0	2								
deepmd-les-freeze-charge_sB	24700	11.0441	0.0	0.6001256307116667	0.4238	0.0	-0.8476	0.0	2								
deepmd-les-freeze-charge_sB	24800	11.517900000000001	0.0	0.6001256307116667	0.4238	0.0	-0.8476	0.0	2								
deepmd-les-freeze-charge_sB	24900	10.60975	0.0	0.6001256307116667	0.4238	0.0	-0.8476	0.0	2								
deepmd-les-freeze-charge_sB	25000	11.870000000000001	0.0	0.6001256307116667	0.4238	0.0	-0.8476	0.0	2								
deepmd-les-freeze-charge_sB	25100	11.45965	0.0	0.6001256307116667	0.4238	0.0	-0.8476	0.0	2								
deepmd-les-freeze-charge_sB	25200	11.52135	0.0	0.6001256307116667	0.4238	0.0	-0.8476	0.0	2								
deepmd-les-freeze-charge_sB	25300	11.7406	0.0	0.6001256307116667	0.4238	0.0	-0.8476	0.0	2								
deepmd-les-freeze-charge_sB	25400	11.5928	0.0	0.6001256307116667	0.4238	0.0	-0.8476	0.0	2								
deepmd-les-freeze-charge_sB	25500	11.776150000000001	0.0	0.6001256307116667	0.4238	0.0	-0.8476	0.0	2								
deepmd-les-freeze-charge_sB	25600	11.172799999999999	0.0	0.6001256307116667	0.4238	0.0	-0.8476	0.0	2								
deepmd-les-freeze-charge_sB	25700	11.33735	0.0	0.6001256307116667	0.4238	0.0	-0.8476	0.0	2								
deepmd-les-freeze-charge_sB	25800	11.465499999999999	0.0	0.6001256307116667	0.4238	0.0	-0.8476	0.0	2								
deepmd-les-freeze-charge_sB	25900	11.9357	0.0	0.6001256307116667	0.4238	0.0	-0.8476	0.0	2								
deepmd-les-freeze-charge_sB	26000	11.5273	0.0	0.6001256307116667	0.4238	0.0	-0.8476	0.0	2								
deepmd-les-freeze-charge_sB	26100	10.98215	0.0	0.6001256307116667	0.4238	0.0	-0.8476	0.0	2								
deepmd-les-freeze-charge_sB	26200	11.419049999999999	0.0	0.6001256307116667	0.4238	0.0	-0.8476	0.0	2								
deepmd-les-freeze-charge_sB	26300	11.6853	0.0	0.6001256307116667	0.4238	0.0	-0.8476	0.0	2								
deepmd-les-freeze-charge_sB	26400	11.85375	0.0	0.6001256307116667	0.4238	0.0	-0.8476	0.0	2								
deepmd-les-freeze-charge_sB	26500	11.4069	0.0	0.6001256307116667	0.4238	0.0	-0.8476	0.0	2								
deepmd-les-freeze-charge_sB	26600	11.067900000000002	0.0	0.6001256307116667	0.4238	0.0	-0.8476	0.0	2								
deepmd-les-freeze-charge_sB	26700	11.97065	0.0	0.6001256307116667	0.4238	0.0	-0.8476	0.0	2								
deepmd-les-freeze-charge_sB	26800	11.12035	0.0	0.6001256307116667	0.4238	0.0	-0.8476	0.0	2								
deepmd-les-freeze-charge_sB	26900	11.668	0.0	0.6001256307116667	0.4238	0.0	-0.8476	0.0	2								
deepmd-les-freeze-charge_sB	27000	11.6102	0.0	0.6001256307116667	0.4238	0.0	-0.8476	0.0	2								
deepmd-les-freeze-charge_sB	27100	11.1647	0.0	0.6001256307116667	0.4238	0.0	-0.8476	0.0	2								
deepmd-les-freeze-charge_sB	27200	11.61645	0.0	0.6001256307116667	0.4238	0.0	-0.8476	0.0	2								
deepmd-les-freeze-charge_sB	27300	11.2286	0.0	0.6001256307116667	0.4238	0.0	-0.8476	0.0	2								
deepmd-les-freeze-charge_sB	27400	11.138549999999999	0.0	0.6001256307116667	0.4238	0.0	-0.8476	0.0	2								
deepmd-les-freeze-charge_sB	27500	11.640550000000001	0.0	0.6001256307116667	0.4238	0.0	-0.8476	0.0	2								
deepmd-les-freeze-charge_sB	27600	11.38665	0.0	0.6001256307116667	0.4238	0.0	-0.8476	0.0	2								
deepmd-les-freeze-charge_sB	27700	11.39085	0.0	0.6001256307116667	0.4238	0.0	-0.8476	0.0	2								
deepmd-les-freeze-charge_sB	27800	10.979949999999999	0.0	0.6001256307116667	0.4238	0.0	-0.8476	0.0	2								
deepmd-les-freeze-charge_sB	27900	11.889199999999999	0.0	0.6001256307116667	0.4238	0.0	-0.8476	0.0	2								
deepmd-les-freeze-charge_sB	28000	11.191600000000001	0.0	0.6001256307116667	0.4238	0.0	-0.8476	0.0	2								
deepmd-les-freeze-charge_sB	28100	11.13345	0.0	0.6001256307116667	0.4238	0.0	-0.8476	0.0	2								
deepmd-les-freeze-charge_sB	28200	11.519300000000001	0.0	0.6001256307116667	0.4238	0.0	-0.8476	0.0	2								
deepmd-les-freeze-charge_sB	28300	11.5854	0.0	0.6001256307116667	0.4238	0.0	-0.8476	0.0	2								
deepmd-les-freeze-charge_sB	28400	11.3166	0.0	0.6001256307116667	0.4238	0.0	-0.8476	0.0	2								
deepmd-les-freeze-charge_sB	28500	12.052	0.0	0.6001256307116667	0.4238	0.0	-0.8476	0.0	2								
deepmd-les-freeze-charge_sB	28600	11.265550000000001	0.0	0.6001256307116667	0.4238	0.0	-0.8476	0.0	2								
deepmd-les-freeze-charge_sB	28700	11.8376	0.0	0.6001256307116667	0.4238	0.0	-0.8476	0.0	2								
deepmd-les-freeze-charge_sB	28800	11.51215	0.0	0.6001256307116667	0.4238	0.0	-0.8476	0.0	2								
deepmd-les-freeze-charge_sB	28900	11.2515	0.0	0.6001256307116667	0.4238	0.0	-0.8476	0.0	2								
deepmd-les-freeze-charge_sB	29000	12.04065	0.0	0.6001256307116667	0.4238	0.0	-0.8476	0.0	2								
deepmd-les-freeze-charge_sB	29100	11.38185	0.0	0.6001256307116667	0.4238	0.0	-0.8476	0.0	2								
deepmd-les-freeze-charge_sB	29200	10.4567	0.0	0.6001256307116667	0.4238	0.0	-0.8476	0.0	2								
deepmd-les-freeze-charge_sB	29300	11.83345	0.0	0.6001256307116667	0.4238	0.0	-0.8476	0.0	2								
deepmd-les-freeze-charge_sB	29400	11.3205	0.0	0.6001256307116667	0.4238	0.0	-0.8476	0.0	2								
deepmd-les-freeze-charge_sB	29500	11.73925	0.0	0.6001256307116667	0.4238	0.0	-0.8476	0.0	2								
deepmd-les-freeze-charge_sB	29600	11.35755	0.0	0.6001256307116667	0.4238	0.0	-0.8476	0.0	2								
deepmd-les-freeze-charge_sB	29700	11.44465	0.0	0.6001256307116667	0.4238	0.0	-0.8476	0.0	2								
deepmd-les-freeze-charge_sB	29800	10.992799999999999	0.0	0.6001256307116667	0.4238	0.0	-0.8476	0.0	2								
deepmd-les-freeze-charge_sB	29900	11.003599999999999	0.0	0.6001256307116667	0.4238	0.0	-0.8476	0.0	2								
deepmd-les-freeze-charge_sB	30000	11.16225	0.0	0.6001256307116667	0.4238	0.0	-0.8476	0.0	2								
deepmd-les-freeze-charge_sB	30100	10.6065	0.0	0.6001256307116667	0.4238	0.0	-0.8476	0.0	2								
deepmd-les-freeze-charge_sB	30200	12.163499999999999	0.0	0.6001256307116667	0.4238	0.0	-0.8476	0.0	2								
deepmd-les-freeze-charge_sB	30300	11.43215	0.0	0.6001256307116667	0.4238	0.0	-0.8476	0.0	2								
deepmd-les-freeze-charge_sB	30400	11.617149999999999	0.0	0.6001256307116667	0.4238	0.0	-0.8476	0.0	2								
deepmd-les-freeze-charge_sB	30500	11.0728	0.0	0.6001256307116667	0.4238	0.0	-0.8476	0.0	2								
deepmd-les-freeze-charge_sB	30600	11.4267	0.0	0.6001256307116667	0.4238	0.0	-0.8476	0.0	2								
deepmd-les-freeze-charge_sB	30700	11.31695	0.0	0.6001256307116667	0.4238	0.0	-0.8476	0.0	2								
deepmd-les-freeze-charge_sB	30800	11.76885	0.0	0.6001256307116667	0.4238	0.0	-0.8476	0.0	2								
deepmd-les-freeze-charge_sB	30900	11.257200000000001	0.0	0.6001256307116667	0.4238	0.0	-0.8476	0.0	2								
deepmd-les-freeze-charge_sB	31000	11.327200000000001	0.0	0.6001256307116667	0.4238	0.0	-0.8476	0.0	2								
deepmd-les-freeze-charge_sB	31100	11.2893	0.0	0.6001256307116667	0.4238	0.0	-0.8476	0.0	2								
deepmd-les-freeze-charge_sB	31200	11.5623	0.0	0.6001256307116667	0.4238	0.0	-0.8476	0.0	2								
deepmd-les-freeze-charge_sB	31300	11.142	0.0	0.6001256307116667	0.4238	0.0	-0.8476	0.0	2								
deepmd-les-freeze-charge_sB	31400	11.15635	0.0	0.6001256307116667	0.4238	0.0	-0.8476	0.0	2								
deepmd-les-freeze-charge_sB	31500	10.972449999999998	0.0	0.6001256307116667	0.4238	0.0	-0.8476	0.0	2								
deepmd-les-freeze-charge_sB	31600	11.7814	0.0	0.6001256307116667	0.4238	0.0	-0.8476	0.0	2								
deepmd-les-freeze-charge_sB	31700	11.71595	0.0	0.6001256307116667	0.4238	0.0	-0.8476	0.0	2								
deepmd-les-freeze-charge_sB	31800	11.297799999999999	0.0	0.6001256307116667	0.4238	0.0	-0.8476	0.0	2								
deepmd-les-freeze-charge_sB	31900	11.50865	0.0	0.6001256307116667	0.4238	0.0	-0.8476	0.0	2								
deepmd-les-freeze-charge_sB	32000	11.716750000000001	0.0	0.6001256307116667	0.4238	0.0	-0.8476	0.0	2								
deepmd-les-freeze-charge_sB	32100	11.54485	0.0	0.6001256307116667	0.4238	0.0	-0.8476	0.0	2								
deepmd-les-freeze-charge_sB	32200	11.66265	0.0	0.6001256307116667	0.4238	0.0	-0.8476	0.0	2								
deepmd-les-freeze-charge_sB	32300	11.329899999999999	0.0	0.6001256307116667	0.4238	0.0	-0.8476	0.0	2								
deepmd-les-freeze-charge_sB	32400	11.54195	0.0	0.6001256307116667	0.4238	0.0	-0.8476	0.0	2								
deepmd-les-freeze-charge_sB	32500	11.3445	0.0	0.6001256307116667	0.4238	0.0	-0.8476	0.0	2								
deepmd-les-freeze-charge_sB	32600	11.21	0.0	0.6001256307116667	0.4238	0.0	-0.8476	0.0	2								
deepmd-les-freeze-charge_sB	32700	11.58075	0.0	0.6001256307116667	0.4238	0.0	-0.8476	0.0	2								
deepmd-les-freeze-charge_sB	32800	12.0213	0.0	0.6001256307116667	0.4238	0.0	-0.8476	0.0	2								
deepmd-les-freeze-charge_sB	32900	11.72005	0.0	0.6001256307116667	0.4238	0.0	-0.8476	0.0	2								
deepmd-les-freeze-charge_sB	33000	11.19025	0.0	0.6001256307116667	0.4238	0.0	-0.8476	0.0	2								
deepmd-les-freeze-charge_sB	33100		0.0	0.6009106220618889	0.4238	0.0	-0.8476	0.0									
deepmd-les-freeze-charge_sB	33200	11.17175	0.0	0.6001256307116667	0.4238	0.0	-0.8476	0.0	2								
deepmd-les-freeze-charge_sB	33300	11.7452	0.0	0.6001256307116667	0.4238	0.0	-0.8476	0.0	2								
deepmd-les-freeze-charge_sB	33400	11.69755	0.0	0.6001256307116667	0.4238	0.0	-0.8476	0.0	2								
deepmd-les-freeze-charge_sB	33500	11.18055	0.0	0.6001256307116667	0.4238	0.0	-0.8476	0.0	2								
deepmd-les-freeze-charge_sB	33600	11.63765	0.0	0.6001256307116667	0.4238	0.0	-0.8476	0.0	2								
deepmd-les-freeze-charge_sB	33700	10.75085	0.0	0.6001256307116667	0.4238	0.0	-0.8476	0.0	2								
deepmd-les-freeze-charge_sB	33800	11.5078	0.0	0.6001256307116667	0.4238	0.0	-0.8476	0.0	2								
deepmd-les-freeze-charge_sB	33900	10.6004	0.0	0.6001256307116667	0.4238	0.0	-0.8476	0.0	2								
deepmd-les-freeze-charge_sB	34000	11.01485	0.0	0.6001256307116667	0.4238	0.0	-0.8476	0.0	2								
deepmd-les-freeze-charge_sB	34100	11.344249999999999	0.0	0.6001256307116667	0.4238	0.0	-0.8476	0.0	2								
deepmd-les-freeze-charge_sB	34200	11.677499999999998	0.0	0.6001256307116667	0.4238	0.0	-0.8476	0.0	2								
deepmd-les-freeze-charge_sB	34300	11.1142	0.0	0.6001256307116667	0.4238	0.0	-0.8476	0.0	2								
deepmd-les-freeze-charge_sB	34400	11.84855	0.0	0.6001256307116667	0.4238	0.0	-0.8476	0.0	2								
deepmd-les-freeze-charge_sB	34500	10.655349999999999	0.0	0.6001256307116667	0.4238	0.0	-0.8476	0.0	2								
deepmd-les-freeze-charge_sB	34600	11.806000000000001	0.0	0.6001256307116667	0.4238	0.0	-0.8476	0.0	2								
deepmd-les-freeze-charge_sB	34700	11.61825	0.0	0.6001256307116667	0.4238	0.0	-0.8476	0.0	2								
deepmd-les-freeze-charge_sB	34800	11.242049999999999	0.0	0.6001256307116667	0.4238	0.0	-0.8476	0.0	2								
deepmd-les-freeze-charge_sB	34900	11.36415	0.0	0.6001256307116667	0.4238	0.0	-0.8476	0.0	2								
deepmd-les-freeze-charge_sB	35000	12.07425	0.0	0.6001256307116667	0.4238	0.0	-0.8476	0.0	2								
deepmd-les-freeze-charge_sB	35100	11.70575	0.0	0.6001256307116667	0.4238	0.0	-0.8476	0.0	2								
deepmd-les-freeze-charge_sB	35200	11.6664	0.0	0.6001256307116667	0.4238	0.0	-0.8476	0.0	2								
deepmd-les-freeze-charge_sB	35300	12.035	0.0	0.6001256307116667	0.4238	0.0	-0.8476	0.0	2								
deepmd-les-freeze-charge_sB	35400	11.17465	0.0	0.6001256307116667	0.4238	0.0	-0.8476	0.0	2								
deepmd-les-freeze-charge_sB	35500	11.52485	0.0	0.6001256307116667	0.4238	0.0	-0.8476	0.0	2								
deepmd-les-freeze-charge_sB	35600	11.0472	0.0	0.6001256307116667	0.4238	0.0	-0.8476	0.0	2								
deepmd-les-freeze-charge_sB	35700	11.2174	0.0	0.6001256307116667	0.4238	0.0	-0.8476	0.0	2								
deepmd-les-freeze-charge_sB	35800	11.72025	0.0	0.6001256307116667	0.4238	0.0	-0.8476	0.0	2								
deepmd-les-freeze-charge_sB	35900	12.126999999999999	0.0	0.6001256307116667	0.4238	0.0	-0.8476	0.0	2								
deepmd-les-freeze-charge_sB	36000	11.982099999999999	0.0	0.6001256307116667	0.4238	0.0	-0.8476	0.0	2								
deepmd-les-freeze-charge_sB	36100	11.59245	0.0	0.6001256307116667	0.4238	0.0	-0.8476	0.0	2								
deepmd-les-freeze-charge_sB	36200	11.4546	0.0	0.6001256307116667	0.4238	0.0	-0.8476	0.0	2								
deepmd-les-freeze-charge_sB	36300	11.494	0.0	0.6001256307116667	0.4238	0.0	-0.8476	0.0	2								
deepmd-les-freeze-charge_sB	36400	11.79435	0.0	0.6001256307116667	0.4238	0.0	-0.8476	0.0	2								
deepmd-les-freeze-charge_sB	36500	11.173649999999999	0.0	0.6001256307116667	0.4238	0.0	-0.8476	0.0	2								
deepmd-les-freeze-charge_sB	36600	11.6884	0.0	0.6001256307116667	0.4238	0.0	-0.8476	0.0	2								
deepmd-les-freeze-charge_sB	36700	11.36225	0.0	0.6001256307116667	0.4238	0.0	-0.8476	0.0	2								
deepmd-les-freeze-charge_sB	36800	11.19105	0.0	0.6001256307116667	0.4238	0.0	-0.8476	0.0	2								
deepmd-les-freeze-charge_sB	36900	11.61085	0.0	0.6001256307116667	0.4238	0.0	-0.8476	0.0	2								
deepmd-les-freeze-charge_sB	37000	11.71635	0.0	0.6001256307116667	0.4238	0.0	-0.8476	0.0	2								
deepmd-les-freeze-charge_sB	37100	11.22665	0.0	0.6001256307116667	0.4238	0.0	-0.8476	0.0	2								
deepmd-les-freeze-charge_sB	37200	11.373249999999999	0.0	0.6001256307116667	0.4238	0.0	-0.8476	0.0	2								
deepmd-les-freeze-charge_sB	37300	11.63105	0.0	0.6001256307116667	0.4238	0.0	-0.8476	0.0	2								
deepmd-les-freeze-charge_sB	37400	11.356449999999999	0.0	0.6001256307116667	0.4238	0.0	-0.8476	0.0	2								
deepmd-les-freeze-charge_sB	37500	11.4254	0.0	0.6001256307116667	0.4238	0.0	-0.8476	0.0	2								
deepmd-les-freeze-charge_sB	37600	11.4154	0.0	0.6001256307116667	0.4238	0.0	-0.8476	0.0	2								
deepmd-les-freeze-charge_sB	37700	11.1329	0.0	0.6001256307116667	0.4238	0.0	-0.8476	0.0	2								
deepmd-les-freeze-charge_sB	37800	11.17265	0.0	0.6001256307116667	0.4238	0.0	-0.8476	0.0	2								
deepmd-les-freeze-charge_sB	37900	11.29155	0.0	0.6001256307116667	0.4238	0.0	-0.8476	0.0	2								
deepmd-les-freeze-charge_sB	38000	11.65435	0.0	0.6001256307116667	0.4238	0.0	-0.8476	0.0	2								
deepmd-les-freeze-charge_sB	38100	12.0162	0.0	0.6001256307116667	0.4238	0.0	-0.8476	0.0	2								
deepmd-les-freeze-charge_sB	38200	11.57735	0.0	0.6001256307116667	0.4238	0.0	-0.8476	0.0	2								
deepmd-les-freeze-charge_sB	38300	11.21355	0.0	0.6001256307116667	0.4238	0.0	-0.8476	0.0	2								
deepmd-les-freeze-charge_sB	38400	11.2742	0.0	0.6001256307116667	0.4238	0.0	-0.8476	0.0	2								
deepmd-les-freeze-charge_sB	38500	11.394649999999999	0.0	0.6001256307116667	0.4238	0.0	-0.8476	0.0	2								
deepmd-les-freeze-charge_sB	38600	11.8198	0.0	0.6001256307116667	0.4238	0.0	-0.8476	0.0	2								
deepmd-les-freeze-charge_sB	38700	11.0759	0.0	0.6001256307116667	0.4238	0.0	-0.8476	0.0	2								
deepmd-les-freeze-charge_sB	38800	11.5436	0.0	0.6001256307116667	0.4238	0.0	-0.8476	0.0	2								
deepmd-les-freeze-charge_sB	38900	11.12645	0.0	0.6001256307116667	0.4238	0.0	-0.8476	0.0	2								
deepmd-les-freeze-charge_sB	39000	11.590150000000001	0.0	0.6001256307116667	0.4238	0.0	-0.8476	0.0	2								
deepmd-les-freeze-charge_sB	39100	11.676400000000001	0.0	0.6001256307116667	0.4238	0.0	-0.8476	0.0	2								
deepmd-les-freeze-charge_sB	39200	11.706949999999999	0.0	0.6001256307116667	0.4238	0.0	-0.8476	0.0	2								
deepmd-les-freeze-charge_sB	39300	11.1308	0.0	0.6001256307116667	0.4238	0.0	-0.8476	0.0	2								
deepmd-les-freeze-charge_sB	39400	11.511700000000001	0.0	0.6001256307116667	0.4238	0.0	-0.8476	0.0	2								
deepmd-les-freeze-charge_sB	39500	11.148299999999999	0.0	0.6001256307116667	0.4238	0.0	-0.8476	0.0	2								
deepmd-les-freeze-charge_sB	39600	11.7818	0.0	0.6001256307116667	0.4238	0.0	-0.8476	0.0	2								
deepmd-les-freeze-charge_sB	39700	12.0036	0.0	0.6001256307116667	0.4238	0.0	-0.8476	0.0	2								
deepmd-les-freeze-charge_sB	39800	11.7133	0.0	0.6001256307116667	0.4238	0.0	-0.8476	0.0	2								
deepmd-les-freeze-charge_sB	39900	11.2903	0.0	0.6001256307116667	0.4238	0.0	-0.8476	0.0	2								
deepmd-les-freeze-charge_sB	40000	11.8119	0.0	0.6001256307116667	0.4238	0.0	-0.8476	0.0	2								
deepmd-les-freeze-charge_sB	40100	11.7331	0.0	0.6001256307116667	0.4238	0.0	-0.8476	0.0	2								
deepmd-les-freeze-charge_sB	40200	11.67475	0.0	0.6001256307116667	0.4238	0.0	-0.8476	0.0	2								
deepmd-les-freeze-charge_sB	40300	11.538	0.0	0.6001256307116667	0.4238	0.0	-0.8476	0.0	2								
deepmd-les-freeze-charge_sB	40400	12.062149999999999	0.0	0.6001256307116667	0.4238	0.0	-0.8476	0.0	2								
deepmd-les-freeze-charge_sB	40500	11.2706	0.0	0.6001256307116667	0.4238	0.0	-0.8476	0.0	2								
deepmd-les-freeze-charge_sB	40600	11.3499	0.0	0.6001256307116667	0.4238	0.0	-0.8476	0.0	2								
deepmd-les-freeze-charge_sB	40700	11.351600000000001	0.0	0.6001256307116667	0.4238	0.0	-0.8476	0.0	2								
deepmd-les-freeze-charge_sB	40800	11.3479	0.0	0.6001256307116667	0.4238	0.0	-0.8476	0.0	2								
deepmd-les-freeze-charge_sB	40900	11.3483	0.0	0.6001256307116667	0.4238	0.0	-0.8476	0.0	2								
deepmd-les-freeze-charge_sB	41000	11.45275	0.0	0.6001256307116667	0.4238	0.0	-0.8476	0.0	2								
deepmd-les-freeze-charge_sB	41100	11.0833	0.0	0.6001256307116667	0.4238	0.0	-0.8476	0.0	2								
deepmd-les-freeze-charge_sB	41200	11.52885	0.0	0.6001256307116667	0.4238	0.0	-0.8476	0.0	2								
deepmd-les-freeze-charge_sB	41300	11.2089	0.0	0.6001256307116667	0.4238	0.0	-0.8476	0.0	2								
deepmd-les-freeze-charge_sB	41400	11.35715	0.0	0.6001256307116667	0.4238	0.0	-0.8476	0.0	2								
deepmd-les-freeze-charge_sB	41500	10.5544	0.0	0.6001256307116667	0.4238	0.0	-0.8476	0.0	2								
deepmd-les-freeze-charge_sB	41600	11.6491	0.0	0.6001256307116667	0.4238	0.0	-0.8476	0.0	2								
deepmd-les-freeze-charge_sB	41700	11.1917	0.0	0.6001256307116667	0.4238	0.0	-0.8476	0.0	2								
deepmd-les-freeze-charge_sB	41800	11.012699999999999	0.0	0.6001256307116667	0.4238	0.0	-0.8476	0.0	2								
deepmd-les-freeze-charge_sB	41900	10.66405	0.0	0.6001256307116667	0.4238	0.0	-0.8476	0.0	2								
deepmd-les-freeze-charge_sB	42000	11.2617	0.0	0.6001256307116667	0.4238	0.0	-0.8476	0.0	2								
deepmd-les-freeze-charge_sB	42100	11.4406	0.0	0.6001256307116667	0.4238	0.0	-0.8476	0.0	2								
deepmd-les-freeze-charge_sB	42200	11.4846	0.0	0.6001256307116667	0.4238	0.0	-0.8476	0.0	2								
deepmd-les-freeze-charge_sB	42300	11.4542	0.0	0.6001256307116667	0.4238	0.0	-0.8476	0.0	2								
deepmd-les-freeze-charge_sB	42400	11.2173	0.0	0.6001256307116667	0.4238	0.0	-0.8476	0.0	2								
deepmd-les-freeze-charge_sB	42500	11.59655	0.0	0.6001256307116667	0.4238	0.0	-0.8476	0.0	2								
deepmd-les-freeze-charge_sB	42600	11.137699999999999	0.0	0.6001256307116667	0.4238	0.0	-0.8476	0.0	2								
deepmd-les-freeze-charge_sB	42700	11.354949999999999	0.0	0.6001256307116667	0.4238	0.0	-0.8476	0.0	2								
deepmd-les-freeze-charge_sB	42800	11.35115	0.0	0.6001256307116667	0.4238	0.0	-0.8476	0.0	2								
deepmd-les-freeze-charge_sB	42900	11.20805	0.0	0.6001256307116667	0.4238	0.0	-0.8476	0.0	2								
deepmd-les-freeze-charge_sB	43000	11.698599999999999	0.0	0.6001256307116667	0.4238	0.0	-0.8476	0.0	2								
deepmd-les-freeze-charge_sB	43100	11.34015	0.0	0.6001256307116667	0.4238	0.0	-0.8476	0.0	2								
deepmd-les-freeze-charge_sB	43200	11.38645	0.0	0.6001256307116667	0.4238	0.0	-0.8476	0.0	2								
deepmd-les-freeze-charge_sB	43300	11.24445	0.0	0.6001256307116667	0.4238	0.0	-0.8476	0.0	2								
deepmd-les-freeze-charge_sB	43400	11.28755	0.0	0.6001256307116667	0.4238	0.0	-0.8476	0.0	2								
deepmd-les-freeze-charge_sB	43500	11.23985	0.0	0.6001256307116667	0.4238	0.0	-0.8476	0.0	2								
deepmd-les-freeze-charge_sB	43600	11.95075	0.0	0.6001256307116667	0.4238	0.0	-0.8476	0.0	2								
deepmd-les-freeze-charge_sB	43700	11.656400000000001	0.0	0.6001256307116667	0.4238	0.0	-0.8476	0.0	2								
deepmd-les-freeze-charge_sB	43800	11.29275	0.0	0.6001256307116667	0.4238	0.0	-0.8476	0.0	2								
deepmd-les-freeze-charge_sB	43900	11.7994	0.0	0.6001256307116667	0.4238	0.0	-0.8476	0.0	2								
deepmd-les-freeze-charge_sB	44000	11.4443	0.0	0.6001256307116667	0.4238	0.0	-0.8476	0.0	2								
deepmd-les-freeze-charge_sB	44100	11.20735	0.0	0.6001256307116667	0.4238	0.0	-0.8476	0.0	2								
deepmd-les-freeze-charge_sB	44200	11.34815	0.0	0.6001256307116667	0.4238	0.0	-0.8476	0.0	2								
deepmd-les-freeze-charge_sB	44300	11.865649999999999	0.0	0.6001256307116667	0.4238	0.0	-0.8476	0.0	2								
deepmd-les-freeze-charge_sB	44400	11.373650000000001	0.0	0.6001256307116667	0.4238	0.0	-0.8476	0.0	2								
deepmd-les-freeze-charge_sB	44500	11.5275	0.0	0.6001256307116667	0.4238	0.0	-0.8476	0.0	2								
deepmd-les-freeze-charge_sB	44600	11.54485	0.0	0.6001256307116667	0.4238	0.0	-0.8476	0.0	2								
deepmd-les-freeze-charge_sB	44700	11.04765	0.0	0.6001256307116667	0.4238	0.0	-0.8476	0.0	2								
deepmd-les-freeze-charge_sB	44800	10.72325	0.0	0.6001256307116667	0.4238	0.0	-0.8476	0.0	2								
deepmd-les-freeze-charge_sB	44900	11.58575	0.0	0.6001256307116667	0.4238	0.0	-0.8476	0.0	2								
deepmd-les-freeze-charge_sB	45000	11.7975	0.0	0.6001256307116667	0.4238	0.0	-0.8476	0.0	2								
deepmd-les-freeze-charge_sB	45100	11.2741	0.0	0.6001256307116667	0.4238	0.0	-0.8476	0.0	2								
deepmd-les-freeze-charge_sB	45200	11.76455	0.0	0.6001256307116667	0.4238	0.0	-0.8476	0.0	2								
deepmd-les-freeze-charge_sB	45300	11.1951	0.0	0.6001256307116667	0.4238	0.0	-0.8476	0.0	2								
deepmd-les-freeze-charge_sB	45400	11.39185	0.0	0.6001256307116667	0.4238	0.0	-0.8476	0.0	2								
deepmd-les-freeze-charge_sB	45500	11.27495	0.0	0.6001256307116667	0.4238	0.0	-0.8476	0.0	2								
deepmd-les-freeze-charge_sB	45600	11.651800000000001	0.0	0.6001256307116667	0.4238	0.0	-0.8476	0.0	2								
deepmd-les-freeze-charge_sB	45700	10.981349999999999	0.0	0.6001256307116667	0.4238	0.0	-0.8476	0.0	2								
deepmd-les-freeze-charge_sB	45800	11.108799999999999	0.0	0.6001256307116667	0.4238	0.0	-0.8476	0.0	2								
deepmd-les-freeze-charge_sB	45900	11.48525	0.0	0.6001256307116667	0.4238	0.0	-0.8476	0.0	2								
deepmd-les-freeze-charge_sB	46000	11.731549999999999	0.0	0.6001256307116667	0.4238	0.0	-0.8476	0.0	2								
deepmd-les-freeze-charge_sB	46100	11.8985	0.0	0.6001256307116667	0.4238	0.0	-0.8476	0.0	2								
deepmd-les-freeze-charge_sB	46200	11.39585	0.0	0.6001256307116667	0.4238	0.0	-0.8476	0.0	2								
deepmd-les-freeze-charge_sB	46300	10.81705	0.0	0.6001256307116667	0.4238	0.0	-0.8476	0.0	2								
deepmd-les-freeze-charge_sB	46400	11.40695	0.0	0.6001256307116667	0.4238	0.0	-0.8476	0.0	2								
deepmd-les-freeze-charge_sB	46500	11.65745	0.0	0.6001256307116667	0.4238	0.0	-0.8476	0.0	2								
deepmd-les-freeze-charge_sB	46600	11.324349999999999	0.0	0.6001256307116667	0.4238	0.0	-0.8476	0.0	2								
deepmd-les-freeze-charge_sB	46700	11.556000000000001	0.0	0.6001256307116667	0.4238	0.0	-0.8476	0.0	2								
deepmd-les-freeze-charge_sB	46800	11.6442	0.0	0.6001256307116667	0.4238	0.0	-0.8476	0.0	2								
deepmd-les-freeze-charge_sB	46900	11.5672	0.0	0.6001256307116667	0.4238	0.0	-0.8476	0.0	2								
deepmd-les-freeze-charge_sB	47000	11.5058	0.0	0.6001256307116667	0.4238	0.0	-0.8476	0.0	2								
deepmd-les-freeze-charge_sB	47100	11.6396	0.0	0.6001256307116667	0.4238	0.0	-0.8476	0.0	2								
deepmd-les-freeze-charge_sB	47200	11.0466	0.0	0.6001256307116667	0.4238	0.0	-0.8476	0.0	2								
deepmd-les-freeze-charge_sB	47300	11.189250000000001	0.0	0.6001256307116667	0.4238	0.0	-0.8476	0.0	2								
deepmd-les-freeze-charge_sB	47400	11.3793	0.0	0.6001256307116667	0.4238	0.0	-0.8476	0.0	2								
deepmd-les-freeze-charge_sB	47500	11.4872	0.0	0.6001256307116667	0.4238	0.0	-0.8476	0.0	2								
deepmd-les-freeze-charge_sB	47600	11.851949999999999	0.0	0.6001256307116667	0.4238	0.0	-0.8476	0.0	2								
deepmd-les-freeze-charge_sB	47700	11.20315	0.0	0.6001256307116667	0.4238	0.0	-0.8476	0.0	2								
deepmd-les-freeze-charge_sB	47800	11.61075	0.0	0.6001256307116667	0.4238	0.0	-0.8476	0.0	2								
deepmd-les-freeze-charge_sB	47900	11.60655	0.0	0.6001256307116667	0.4238	0.0	-0.8476	0.0	2								
deepmd-les-freeze-charge_sB	48000	11.320450000000001	0.0	0.6001256307116667	0.4238	0.0	-0.8476	0.0	2								
deepmd-les-freeze-charge_sB	48100	11.88705	0.0	0.6001256307116667	0.4238	0.0	-0.8476	0.0	2								
deepmd-les-freeze-charge_sB	48200	11.372	0.0	0.6001256307116667	0.4238	0.0	-0.8476	0.0	2								
deepmd-les-freeze-charge_sB	48300	11.622599999999998	0.0	0.6001256307116667	0.4238	0.0	-0.8476	0.0	2								
deepmd-les-freeze-charge_sB	48400	10.886199999999999	0.0	0.6001256307116667	0.4238	0.0	-0.8476	0.0	2								
deepmd-les-freeze-charge_sB	48500	11.376000000000001	0.0	0.6001256307116667	0.4238	0.0	-0.8476	0.0	2								
deepmd-les-freeze-charge_sB	48600	11.8392	0.0	0.6001256307116667	0.4238	0.0	-0.8476	0.0	2								
deepmd-les-freeze-charge_sB	48700	10.967500000000001	0.0	0.6001256307116667	0.4238	0.0	-0.8476	0.0	2								
deepmd-les-freeze-charge_sB	48800	11.437650000000001	0.0	0.6001256307116667	0.4238	0.0	-0.8476	0.0	2								
deepmd-les-freeze-charge_sB	48900	11.61525	0.0	0.6001256307116667	0.4238	0.0	-0.8476	0.0	2								
deepmd-les-freeze-charge_sB	49000	11.655899999999999	0.0	0.6001256307116667	0.4238	0.0	-0.8476	0.0	2								
deepmd-les-freeze-charge_sB	49100	10.735800000000001	0.0	0.6001256307116667	0.4238	0.0	-0.8476	0.0	2								
deepmd-les-freeze-charge_sB	49200	11.38335	0.0	0.6001256307116667	0.4238	0.0	-0.8476	0.0	2								
deepmd-les-freeze-charge_sB	49300	11.769649999999999	0.0	0.6001256307116667	0.4238	0.0	-0.8476	0.0	2								
deepmd-les-freeze-charge_sB	49400	11.8307	0.0	0.6001256307116667	0.4238	0.0	-0.8476	0.0	2								
deepmd-les-freeze-charge_sB	49500	11.39085	0.0	0.6001256307116667	0.4238	0.0	-0.8476	0.0	2								
deepmd-les-freeze-charge_sB	49600	11.276599999999998	0.0	0.6001256307116667	0.4238	0.0	-0.8476	0.0	2								
deepmd-les-freeze-charge_sB	49700	11.84835	0.0	0.6001256307116667	0.4238	0.0	-0.8476	0.0	2								
deepmd-les-freeze-charge_sB	49800	11.659749999999999	0.0	0.6001256307116667	0.4238	0.0	-0.8476	0.0	2								
deepmd-les-freeze-charge_sB	49900	11.8138	0.0	0.6001256307116667	0.4238	0.0	-0.8476	0.0	2								
deepmd-les-freeze-charge_sB	50000	11.40545	0.0	0.6001256307116667	0.4238	0.0	-0.8476	0.0	2								
deepmd-les-freeze-charge_sB	50100	11.4459	0.0	0.6001256307116667	0.4238	0.0	-0.8476	0.0	2								
deepmd-les-freeze-charge_sB	50200	11.44585	0.0	0.6001256307116667	0.4238	0.0	-0.8476	0.0	2								
deepmd-les-freeze-charge_sB	50300	10.4997	0.0	0.6001256307116667	0.4238	0.0	-0.8476	0.0	2								
deepmd-les-freeze-charge_sB	50400	11.04975	0.0	0.6001256307116667	0.4238	0.0	-0.8476	0.0	2								
deepmd-les-freeze-charge_sB	50500	11.740400000000001	0.0	0.6001256307116667	0.4238	0.0	-0.8476	0.0	2								
deepmd-les-freeze-charge_sB	50600	11.4419	0.0	0.6001256307116667	0.4238	0.0	-0.8476	0.0	2								
deepmd-les-freeze-charge_sB	50700	11.06805	0.0	0.6001256307116667	0.4238	0.0	-0.8476	0.0	2								
deepmd-les-freeze-charge_sB	50800	11.211500000000001	0.0	0.6001256307116667	0.4238	0.0	-0.8476	0.0	2								
deepmd-les-freeze-charge_sB	50900	11.4376	0.0	0.6001256307116667	0.4238	0.0	-0.8476	0.0	2								
deepmd-les-freeze-charge_sB	51000	11.92135	0.0	0.6001256307116667	0.4238	0.0	-0.8476	0.0	2								
deepmd-les-freeze-charge_sB	51100	11.3269	0.0	0.6001256307116667	0.4238	0.0	-0.8476	0.0	2								
deepmd-les-freeze-charge_sB	51200	11.39945	0.0	0.6001256307116667	0.4238	0.0	-0.8476	0.0	2								
deepmd-les-freeze-charge_sB	51300	11.47005	0.0	0.6001256307116667	0.4238	0.0	-0.8476	0.0	2								
deepmd-les-freeze-charge_sB	51400	11.3509	0.0	0.6001256307116667	0.4238	0.0	-0.8476	0.0	2								
deepmd-les-freeze-charge_sB	51500	11.492249999999999	0.0	0.6001256307116667	0.4238	0.0	-0.8476	0.0	2								
deepmd-les-freeze-charge_sB	51600	10.9041	0.0	0.6001256307116667	0.4238	0.0	-0.8476	0.0	2								
deepmd-les-freeze-charge_sB	51700	11.28745	0.0	0.6001256307116667	0.4238	0.0	-0.8476	0.0	2								
deepmd-les-freeze-charge_sB	51800	10.845749999999999	0.0	0.6001256307116667	0.4238	0.0	-0.8476	0.0	2								
deepmd-les-freeze-charge_sB	51900	11.27715	0.0	0.6001256307116667	0.4238	0.0	-0.8476	0.0	2								
deepmd-les-freeze-charge_sB	52000	11.88915	0.0	0.6001256307116667	0.4238	0.0	-0.8476	0.0	2								
deepmd-les-freeze-charge_sB	52100	11.76385	0.0	0.6001256307116667	0.4238	0.0	-0.8476	0.0	2								
deepmd-les-freeze-charge_sB	52200	11.84055	0.0	0.6001256307116667	0.4238	0.0	-0.8476	0.0	2								
deepmd-les-freeze-charge_sB	52300	11.539850000000001	0.0	0.6001256307116667	0.4238	0.0	-0.8476	0.0	2								
deepmd-les-freeze-charge_sB	52400	11.23795	0.0	0.6001256307116667	0.4238	0.0	-0.8476	0.0	2								
deepmd-les-freeze-charge_sB	52500	11.722999999999999	0.0	0.6001256307116667	0.4238	0.0	-0.8476	0.0	2								
deepmd-les-freeze-charge_sB	52600	11.36585	0.0	0.6001256307116667	0.4238	0.0	-0.8476	0.0	2								
deepmd-les-freeze-charge_sB	52700	11.30205	0.0	0.6001256307116667	0.4238	0.0	-0.8476	0.0	2								
deepmd-les-freeze-charge_sB	52800	11.15845	0.0	0.6001256307116667	0.4238	0.0	-0.8476	0.0	2								
deepmd-les-freeze-charge_sB	52900	11.27395	0.0	0.6001256307116667	0.4238	0.0	-0.8476	0.0	2								
deepmd-les-freeze-charge_sB	53000	11.61495	0.0	0.6001256307116667	0.4238	0.0	-0.8476	0.0	2								
deepmd-les-freeze-charge_sB	53100	10.603349999999999	0.0	0.6001256307116667	0.4238	0.0	-0.8476	0.0	2								
deepmd-les-freeze-charge_sB	53200	12.0274	0.0	0.6001256307116667	0.4238	0.0	-0.8476	0.0	2								
deepmd-les-freeze-charge_sB	53300	11.936	0.0	0.6001256307116667	0.4238	0.0	-0.8476	0.0	2								
deepmd-les-freeze-charge_sB	53400	12.11135	0.0	0.6001256307116667	0.4238	0.0	-0.8476	0.0	2								
deepmd-les-freeze-charge_sB	53500	11.9458	0.0	0.6001256307116667	0.4238	0.0	-0.8476	0.0	2								
deepmd-les-freeze-charge_sB	53600	11.26055	0.0	0.6001256307116667	0.4238	0.0	-0.8476	0.0	2								
deepmd-les-freeze-charge_sB	53700	11.97785	0.0	0.6001256307116667	0.4238	0.0	-0.8476	0.0	2								
deepmd-les-freeze-charge_sB	53800	11.838650000000001	0.0	0.6001256307116667	0.4238	0.0	-0.8476	0.0	2								
deepmd-les-freeze-charge_sB	53900	11.57465	0.0	0.6001256307116667	0.4238	0.0	-0.8476	0.0	2								
deepmd-les-freeze-charge_sB	54000	11.32715	0.0	0.6001256307116667	0.4238	0.0	-0.8476	0.0	2								
deepmd-les-freeze-charge_sB	54100	11.651250000000001	0.0	0.6001256307116667	0.4238	0.0	-0.8476	0.0	2								
deepmd-les-freeze-charge_sB	54200	11.6899	0.0	0.6001256307116667	0.4238	0.0	-0.8476	0.0	2								
deepmd-les-freeze-charge_sB	54300	11.997150000000001	0.0	0.6001256307116667	0.4238	0.0	-0.8476	0.0	2								
deepmd-les-freeze-charge_sB	54400	11.039000000000001	0.0	0.6001256307116667	0.4238	0.0	-0.8476	0.0	2								
deepmd-les-freeze-charge_sB	54500	11.02845	0.0	0.6001256307116667	0.4238	0.0	-0.8476	0.0	2								
deepmd-les-freeze-charge_sB	54600	11.6194	0.0	0.6001256307116667	0.4238	0.0	-0.8476	0.0	2								
deepmd-les-freeze-charge_sB	54700	11.693200000000001	0.0	0.6001256307116667	0.4238	0.0	-0.8476	0.0	2								
deepmd-les-freeze-charge_sB	54800	11.67225	0.0	0.6001256307116667	0.4238	0.0	-0.8476	0.0	2								
deepmd-les-freeze-charge_sB	54900	11.3371	0.0	0.6001256307116667	0.4238	0.0	-0.8476	0.0	2								
deepmd-les-freeze-charge_sB	55000	11.418949999999999	0.0	0.6001256307116667	0.4238	0.0	-0.8476	0.0	2								
deepmd-les-freeze-charge_sB	55100	11.420649999999998	0.0	0.6001256307116667	0.4238	0.0	-0.8476	0.0	2								
deepmd-les-freeze-charge_sB	55200	11.70535	0.0	0.6001256307116667	0.4238	0.0	-0.8476	0.0	2								
deepmd-les-freeze-charge_sB	55300	10.956150000000001	0.0	0.6001256307116667	0.4238	0.0	-0.8476	0.0	2								
deepmd-les-freeze-charge_sB	55400	12.02265	0.0	0.6001256307116667	0.4238	0.0	-0.8476	0.0	2								
deepmd-les-freeze-charge_sB	55500	11.27685	0.0	0.6001256307116667	0.4238	0.0	-0.8476	0.0	2								
deepmd-les-freeze-charge_sB	55600	11.4788	0.0	0.6001256307116667	0.4238	0.0	-0.8476	0.0	2								
deepmd-les-freeze-charge_sB	55700	11.76445	0.0	0.6001256307116667	0.4238	0.0	-0.8476	0.0	2								
deepmd-les-freeze-charge_sB	55800	11.2598	0.0	0.6001256307116667	0.4238	0.0	-0.8476	0.0	2								
deepmd-les-freeze-charge_sB	55900	11.3322	0.0	0.6001256307116667	0.4238	0.0	-0.8476	0.0	2								
deepmd-les-freeze-charge_sB	56000	11.3939	0.0	0.6001256307116667	0.4238	0.0	-0.8476	0.0	2								
deepmd-les-freeze-charge_sB	56100	11.67845	0.0	0.6001256307116667	0.4238	0.0	-0.8476	0.0	2								
deepmd-les-freeze-charge_sB	56200	11.34165	0.0	0.6001256307116667	0.4238	0.0	-0.8476	0.0	2								
deepmd-les-freeze-charge_sB	56300	10.9559	0.0	0.6001256307116667	0.4238	0.0	-0.8476	0.0	2								
deepmd-les-freeze-charge_sB	56400	11.05875	0.0	0.6001256307116667	0.4238	0.0	-0.8476	0.0	2								
deepmd-les-freeze-charge_sB	56500	11.2838	0.0	0.6001256307116667	0.4238	0.0	-0.8476	0.0	2								
deepmd-les-freeze-charge_sB	56600	11.26245	0.0	0.6001256307116667	0.4238	0.0	-0.8476	0.0	2								
deepmd-les-freeze-charge_sB	56700	11.49525	0.0	0.6001256307116667	0.4238	0.0	-0.8476	0.0	2								
deepmd-les-freeze-charge_sB	56800	11.49825	0.0	0.6001256307116667	0.4238	0.0	-0.8476	0.0	2								
deepmd-les-freeze-charge_sB	56900	11.5745	0.0	0.6001256307116667	0.4238	0.0	-0.8476	0.0	2								
deepmd-les-freeze-charge_sB	57000	11.2713	0.0	0.6001256307116667	0.4238	0.0	-0.8476	0.0	2								
deepmd-les-freeze-charge_sB	57100	11.4966	0.0	0.6001256307116667	0.4238	0.0	-0.8476	0.0	2								
deepmd-les-freeze-charge_sB	57200	11.40775	0.0	0.6001256307116667	0.4238	0.0	-0.8476	0.0	2								
deepmd-les-freeze-charge_sB	57300	11.7921	0.0	0.6001256307116667	0.4238	0.0	-0.8476	0.0	2								
deepmd-les-freeze-charge_sB	57400	12.0019	0.0	0.6001256307116667	0.4238	0.0	-0.8476	0.0	2								
deepmd-les-freeze-charge_sB	57500	11.832699999999999	0.0	0.6001256307116667	0.4238	0.0	-0.8476	0.0	2								
deepmd-les-freeze-charge_sB	57600	11.751349999999999	0.0	0.6001256307116667	0.4238	0.0	-0.8476	0.0	2								
deepmd-les-freeze-charge_sB	57700	11.27245	0.0	0.6001256307116667	0.4238	0.0	-0.8476	0.0	2								
deepmd-les-freeze-charge_sB	57800	11.516	0.0	0.6001256307116667	0.4238	0.0	-0.8476	0.0	2								
deepmd-les-freeze-charge_sB	57900	11.2446	0.0	0.6001256307116667	0.4238	0.0	-0.8476	0.0	2								
deepmd-les-freeze-charge_sB	58000	11.674900000000001	0.0	0.6001256307116667	0.4238	0.0	-0.8476	0.0	2								
deepmd-les-freeze-charge_sB	58100	11.5256	0.0	0.6001256307116667	0.4238	0.0	-0.8476	0.0	2								
deepmd-les-freeze-charge_sB	58200	11.7583	0.0	0.6001256307116667	0.4238	0.0	-0.8476	0.0	2								
deepmd-les-freeze-charge_sB	58300	11.309000000000001	0.0	0.6001256307116667	0.4238	0.0	-0.8476	0.0	2								
deepmd-les-freeze-charge_sB	58400	11.0837	0.0	0.6001256307116667	0.4238	0.0	-0.8476	0.0	2								
deepmd-les-freeze-charge_sB	58500	11.51375	0.0	0.6001256307116667	0.4238	0.0	-0.8476	0.0	2								
deepmd-les-freeze-charge_sB	58600	11.3224	0.0	0.6001256307116667	0.4238	0.0	-0.8476	0.0	2								
deepmd-les-freeze-charge_sB	58700	11.24425	0.0	0.6001256307116667	0.4238	0.0	-0.8476	0.0	2								
deepmd-les-freeze-charge_sB	58800	11.3284	0.0	0.6001256307116667	0.4238	0.0	-0.8476	0.0	2								
deepmd-les-freeze-charge_sB	58900	11.61635	0.0	0.6001256307116667	0.4238	0.0	-0.8476	0.0	2								
deepmd-les-freeze-charge_sB	59000	11.221900000000002	0.0	0.6001256307116667	0.4238	0.0	-0.8476	0.0	2								
deepmd-les-freeze-charge_sB	59100	11.31005	0.0	0.6001256307116667	0.4238	0.0	-0.8476	0.0	2								
deepmd-les-freeze-charge_sB	59200	11.5079	0.0	0.6001256307116667	0.4238	0.0	-0.8476	0.0	2								
deepmd-les-freeze-charge_sB	59300	11.75845	0.0	0.6001256307116667	0.4238	0.0	-0.8476	0.0	2								
deepmd-les-freeze-charge_sB	59400	11.527000000000001	0.0	0.6001256307116667	0.4238	0.0	-0.8476	0.0	2								
deepmd-les-freeze-charge_sB	59500	11.5545	0.0	0.6001256307116667	0.4238	0.0	-0.8476	0.0	2								
deepmd-les-freeze-charge_sB	59600	11.55415	0.0	0.6001256307116667	0.4238	0.0	-0.8476	0.0	2								
deepmd-les-freeze-charge_sB	59700	11.7197	0.0	0.6001256307116667	0.4238	0.0	-0.8476	0.0	2								
deepmd-les-freeze-charge_sB	59800	11.741050000000001	0.0	0.6001256307116667	0.4238	0.0	-0.8476	0.0	2								
deepmd-les-freeze-charge_sB	59900	11.68075	0.0	0.6001256307116667	0.4238	0.0	-0.8476	0.0	2								
deepmd-les-freeze-charge_sB	60000	11.4551	0.0	0.6001256307116667	0.4238	0.0	-0.8476	0.0	2								
deepmd-les-freeze-charge_sB	60100	11.87145	0.0	0.6001256307116667	0.4238	0.0	-0.8476	0.0	2								
deepmd-les-freeze-charge_sB	60200	11.70525	0.0	0.6001256307116667	0.4238	0.0	-0.8476	0.0	2								
deepmd-les-freeze-charge_sB	60300	11.32075	0.0	0.6001256307116667	0.4238	0.0	-0.8476	0.0	2								
deepmd-les-freeze-charge_sB	60400	11.56035	0.0	0.6001256307116667	0.4238	0.0	-0.8476	0.0	2								
deepmd-les-freeze-charge_sB	60500	11.54465	0.0	0.6001256307116667	0.4238	0.0	-0.8476	0.0	2								
deepmd-les-freeze-charge_sB	60600	11.39985	0.0	0.6001256307116667	0.4238	0.0	-0.8476	0.0	2								
deepmd-les-freeze-charge_sB	60700	11.6325	0.0	0.6001256307116667	0.4238	0.0	-0.8476	0.0	2								
deepmd-les-freeze-charge_sB	60800	11.9703	0.0	0.6001256307116667	0.4238	0.0	-0.8476	0.0	2								
deepmd-les-freeze-charge_sB	60900	11.629999999999999	0.0	0.6001256307116667	0.4238	0.0	-0.8476	0.0	2								
deepmd-les-freeze-charge_sB	61000	11.2649	0.0	0.6001256307116667	0.4238	0.0	-0.8476	0.0	2								
deepmd-les-freeze-charge_sB	61100	11.00845	0.0	0.6001256307116667	0.4238	0.0	-0.8476	0.0	2								
deepmd-les-freeze-charge_sB	61200	10.87335	0.0	0.6001256307116667	0.4238	0.0	-0.8476	0.0	2								
deepmd-les-freeze-charge_sB	61300	11.1294	0.0	0.6001256307116667	0.4238	0.0	-0.8476	0.0	2								
deepmd-les-freeze-charge_sB	61400	11.8016	0.0	0.6001256307116667	0.4238	0.0	-0.8476	0.0	2								
deepmd-les-freeze-charge_sB	61500	11.5623	0.0	0.6001256307116667	0.4238	0.0	-0.8476	0.0	2								
deepmd-les-freeze-charge_sB	61600	11.84835	0.0	0.6001256307116667	0.4238	0.0	-0.8476	0.0	2								
deepmd-les-freeze-charge_sB	61700	11.65395	0.0	0.6001256307116667	0.4238	0.0	-0.8476	0.0	2								
deepmd-les-freeze-charge_sB	61800	11.08585	0.0	0.6001256307116667	0.4238	0.0	-0.8476	0.0	2								
deepmd-les-freeze-charge_sB	61900	11.59545	0.0	0.6001256307116667	0.4238	0.0	-0.8476	0.0	2								
deepmd-les-freeze-charge_sB	62000	11.506599999999999	0.0	0.6001256307116667	0.4238	0.0	-0.8476	0.0	2								
deepmd-les-freeze-charge_sB	62100	11.6961	0.0	0.6001256307116667	0.4238	0.0	-0.8476	0.0	2								
deepmd-les-freeze-charge_sB	62200	11.453199999999999	0.0	0.6001256307116667	0.4238	0.0	-0.8476	0.0	2								
deepmd-les-freeze-charge_sB	62300	12.00665	0.0	0.6001256307116667	0.4238	0.0	-0.8476	0.0	2								
deepmd-les-freeze-charge_sB	62400	11.60275	0.0	0.6001256307116667	0.4238	0.0	-0.8476	0.0	2								
deepmd-les-freeze-charge_sB	62500	11.45665	0.0	0.6001256307116667	0.4238	0.0	-0.8476	0.0	2								
deepmd-les-freeze-charge_sB	62600	11.6116	0.0	0.6001256307116667	0.4238	0.0	-0.8476	0.0	2								
deepmd-les-freeze-charge_sB	62700	11.5753	0.0	0.6001256307116667	0.4238	0.0	-0.8476	0.0	2								
deepmd-les-freeze-charge_sB	62800	11.083950000000002	0.0	0.6001256307116667	0.4238	0.0	-0.8476	0.0	2								
deepmd-les-freeze-charge_sB	62900	11.727	0.0	0.6001256307116667	0.4238	0.0	-0.8476	0.0	2								
deepmd-les-freeze-charge_sB	63000	11.07215	0.0	0.6001256307116667	0.4238	0.0	-0.8476	0.0	2								
deepmd-les-freeze-charge_sB	63100	11.475	0.0	0.6001256307116667	0.4238	0.0	-0.8476	0.0	2								
deepmd-les-freeze-charge_sB	63200	11.135349999999999	0.0	0.6001256307116667	0.4238	0.0	-0.8476	0.0	2								
deepmd-les-freeze-charge_sB	63300	11.512049999999999	0.0	0.6001256307116667	0.4238	0.0	-0.8476	0.0	2								
deepmd-les-freeze-charge_sB	63400	11.53515	0.0	0.6001256307116667	0.4238	0.0	-0.8476	0.0	2								
deepmd-les-freeze-charge_sB	63500	11.525500000000001	0.0	0.6001256307116667	0.4238	0.0	-0.8476	0.0	2								
deepmd-les-freeze-charge_sB	63600	11.5297	0.0	0.6001256307116667	0.4238	0.0	-0.8476	0.0	2								
deepmd-les-freeze-charge_sB	63700	11.5137	0.0	0.6001256307116667	0.4238	0.0	-0.8476	0.0	2								
deepmd-les-freeze-charge_sB	63800	11.26255	0.0	0.6001256307116667	0.4238	0.0	-0.8476	0.0	2								
deepmd-les-freeze-charge_sB	63900	11.89705	0.0	0.6001256307116667	0.4238	0.0	-0.8476	0.0	2								
deepmd-les-freeze-charge_sB	64000	11.537849999999999	0.0	0.6001256307116667	0.4238	0.0	-0.8476	0.0	2								
deepmd-les-freeze-charge_sB	64100	11.681049999999999	0.0	0.6001256307116667	0.4238	0.0	-0.8476	0.0	2								
deepmd-les-freeze-charge_sB	64200	10.992999999999999	0.0	0.6001256307116667	0.4238	0.0	-0.8476	0.0	2								
deepmd-les-freeze-charge_sB	64300	11.09155	0.0	0.6001256307116667	0.4238	0.0	-0.8476	0.0	2								
deepmd-les-freeze-charge_sB	64400	11.40165	0.0	0.6001256307116667	0.4238	0.0	-0.8476	0.0	2								
deepmd-les-freeze-charge_sB	64500	10.899999999999999	0.0	0.6001256307116667	0.4238	0.0	-0.8476	0.0	2								
deepmd-les-freeze-charge_sB	64600	11.6355	0.0	0.6001256307116667	0.4238	0.0	-0.8476	0.0	2								
deepmd-les-freeze-charge_sB	64700	11.49025	0.0	0.6001256307116667	0.4238	0.0	-0.8476	0.0	2								
deepmd-les-freeze-charge_sB	64800	11.127099999999999	0.0	0.6001256307116667	0.4238	0.0	-0.8476	0.0	2								
deepmd-les-freeze-charge_sB	64900	11.75785	0.0	0.6001256307116667	0.4238	0.0	-0.8476	0.0	2								
deepmd-les-freeze-charge_sB	65000	11.9265	0.0	0.6001256307116667	0.4238	0.0	-0.8476	0.0	2								
deepmd-les-freeze-charge_sB	65100	11.522300000000001	0.0	0.6001256307116667	0.4238	0.0	-0.8476	0.0	2								
deepmd-les-freeze-charge_sB	65200	11.9877	0.0	0.6001256307116667	0.4238	0.0	-0.8476	0.0	2								
deepmd-les-freeze-charge_sB	65300	11.552700000000002	0.0	0.6001256307116667	0.4238	0.0	-0.8476	0.0	2								
deepmd-les-freeze-charge_sB	65400	11.324449999999999	0.0	0.6001256307116667	0.4238	0.0	-0.8476	0.0	2								
deepmd-les-freeze-charge_sB	65500	11.4134	0.0	0.6001256307116667	0.4238	0.0	-0.8476	0.0	2								
deepmd-les-freeze-charge_sB	65600	11.70505	0.0	0.6001256307116667	0.4238	0.0	-0.8476	0.0	2								
deepmd-les-freeze-charge_sB	65700	11.48995	0.0	0.6001256307116667	0.4238	0.0	-0.8476	0.0	2								
deepmd-les-freeze-charge_sB	65800	11.42265	0.0	0.6001256307116667	0.4238	0.0	-0.8476	0.0	2								
deepmd-les-freeze-charge_sB	65900	11.809149999999999	0.0	0.6001256307116667	0.4238	0.0	-0.8476	0.0	2								
deepmd-les-freeze-charge_sB	66000	11.25655	0.0	0.6001256307116667	0.4238	0.0	-0.8476	0.0	2								
deepmd-les-freeze-charge_sB	66100	11.50905	0.0	0.6001256307116667	0.4238	0.0	-0.8476	0.0	2								
deepmd-les-freeze-charge_sB	66200		0.0	0.6009106220618889	0.4238	0.0	-0.8476	0.0									
deepmd-les-freeze-charge_sB	66300	10.90455	0.0	0.6001256307116667	0.4238	0.0	-0.8476	0.0	2								
deepmd-les-freeze-charge_sB	66400	11.82235	0.0	0.6001256307116667	0.4238	0.0	-0.8476	0.0	2								
deepmd-les-freeze-charge_sB	66500	11.65155	0.0	0.6001256307116667	0.4238	0.0	-0.8476	0.0	2								
deepmd-les-freeze-charge_sB	66600	11.24945	0.0	0.6001256307116667	0.4238	0.0	-0.8476	0.0	2								
deepmd-les-freeze-charge_sB	66700	11.532350000000001	0.0	0.6001256307116667	0.4238	0.0	-0.8476	0.0	2								
deepmd-les-freeze-charge_sB	66800	11.629100000000001	0.0	0.6001256307116667	0.4238	0.0	-0.8476	0.0	2								
deepmd-les-freeze-charge_sB	66900	10.9206	0.0	0.6001256307116667	0.4238	0.0	-0.8476	0.0	2								
deepmd-les-freeze-charge_sB	67000	11.300550000000001	0.0	0.6001256307116667	0.4238	0.0	-0.8476	0.0	2								
deepmd-les-freeze-charge_sB	67100	11.678899999999999	0.0	0.6001256307116667	0.4238	0.0	-0.8476	0.0	2								
deepmd-les-freeze-charge_sB	67200	11.564150000000001	0.0	0.6001256307116667	0.4238	0.0	-0.8476	0.0	2								
deepmd-les-freeze-charge_sB	67300	11.614049999999999	0.0	0.6001256307116667	0.4238	0.0	-0.8476	0.0	2								
deepmd-les-freeze-charge_sB	67400	11.674949999999999	0.0	0.6001256307116667	0.4238	0.0	-0.8476	0.0	2								
deepmd-les-freeze-charge_sB	67500	11.59945	0.0	0.6001256307116667	0.4238	0.0	-0.8476	0.0	2								
deepmd-les-freeze-charge_sB	67600	11.46175	0.0	0.6001256307116667	0.4238	0.0	-0.8476	0.0	2								
deepmd-les-freeze-charge_sB	67700	11.6082	0.0	0.6001256307116667	0.4238	0.0	-0.8476	0.0	2								
deepmd-les-freeze-charge_sB	67800	11.03505	0.0	0.6001256307116667	0.4238	0.0	-0.8476	0.0	2								
deepmd-les-freeze-charge_sB	67900	11.204799999999999	0.0	0.6001256307116667	0.4238	0.0	-0.8476	0.0	2								
deepmd-les-freeze-charge_sB	68000	11.06555	0.0	0.6001256307116667	0.4238	0.0	-0.8476	0.0	2								
deepmd-les-freeze-charge_sB	68100	11.90475	0.0	0.6001256307116667	0.4238	0.0	-0.8476	0.0	2								
deepmd-les-freeze-charge_sB	68200	11.26175	0.0	0.6001256307116667	0.4238	0.0	-0.8476	0.0	2								
deepmd-les-freeze-charge_sB	68300	11.00865	0.0	0.6001256307116667	0.4238	0.0	-0.8476	0.0	2								
deepmd-les-freeze-charge_sB	68400	11.506250000000001	0.0	0.6001256307116667	0.4238	0.0	-0.8476	0.0	2								
deepmd-les-freeze-charge_sB	68500	10.97085	0.0	0.6001256307116667	0.4238	0.0	-0.8476	0.0	2								
deepmd-les-freeze-charge_sB	68600	11.799050000000001	0.0	0.6001256307116667	0.4238	0.0	-0.8476	0.0	2								
deepmd-les-freeze-charge_sB	68700	11.36725	0.0	0.6001256307116667	0.4238	0.0	-0.8476	0.0	2								
deepmd-les-freeze-charge_sB	68800	11.5044	0.0	0.6001256307116667	0.4238	0.0	-0.8476	0.0	2								
deepmd-les-freeze-charge_sB	68900	11.0581	0.0	0.6001256307116667	0.4238	0.0	-0.8476	0.0	2								
deepmd-les-freeze-charge_sB	69000	11.7978	0.0	0.6001256307116667	0.4238	0.0	-0.8476	0.0	2								
deepmd-les-freeze-charge_sB	69100	11.6112	0.0	0.6001256307116667	0.4238	0.0	-0.8476	0.0	2								
deepmd-les-freeze-charge_sB	69200	11.680299999999999	0.0	0.6001256307116667	0.4238	0.0	-0.8476	0.0	2								
deepmd-les-freeze-charge_sB	69300	10.98395	0.0	0.6001256307116667	0.4238	0.0	-0.8476	0.0	2								
deepmd-les-freeze-charge_sB	69400	11.7166	0.0	0.6001256307116667	0.4238	0.0	-0.8476	0.0	2								
deepmd-les-freeze-charge_sB	69500	11.1735	0.0	0.6001256307116667	0.4238	0.0	-0.8476	0.0	2								
deepmd-les-freeze-charge_sB	69600	11.36125	0.0	0.6001256307116667	0.4238	0.0	-0.8476	0.0	2								
deepmd-les-freeze-charge_sB	69700	11.29575	0.0	0.6001256307116667	0.4238	0.0	-0.8476	0.0	2								
deepmd-les-freeze-charge_sB	69800	11.55995	0.0	0.6001256307116667	0.4238	0.0	-0.8476	0.0	2								
deepmd-les-freeze-charge_sB	69900	11.09365	0.0	0.6001256307116667	0.4238	0.0	-0.8476	0.0	2								
deepmd-les-freeze-charge_sB	70000	11.31655	0.0	0.6001256307116667	0.4238	0.0	-0.8476	0.0	2								
deepmd-les-freeze-charge_sB	70100	11.16365	0.0	0.6001256307116667	0.4238	0.0	-0.8476	0.0	2								
deepmd-les-freeze-charge_sB	70200	11.2911	0.0	0.6001256307116667	0.4238	0.0	-0.8476	0.0	2								
deepmd-les-freeze-charge_sB	70300	11.485	0.0	0.6001256307116667	0.4238	0.0	-0.8476	0.0	2								
deepmd-les-freeze-charge_sB	70400	11.538	0.0	0.6001256307116667	0.4238	0.0	-0.8476	0.0	2								
deepmd-les-freeze-charge_sB	70500	11.8464	0.0	0.6001256307116667	0.4238	0.0	-0.8476	0.0	2								
deepmd-les-freeze-charge_sB	70600	11.44465	0.0	0.6001256307116667	0.4238	0.0	-0.8476	0.0	2								
deepmd-les-freeze-charge_sB	70700	11.208400000000001	0.0	0.6001256307116667	0.4238	0.0	-0.8476	0.0	2								
deepmd-les-freeze-charge_sB	70800	11.35285	0.0	0.6001256307116667	0.4238	0.0	-0.8476	0.0	2								
deepmd-les-freeze-charge_sB	70900	11.5114	0.0	0.6001256307116667	0.4238	0.0	-0.8476	0.0	2								
deepmd-les-freeze-charge_sB	71000	11.1846	0.0	0.6001256307116667	0.4238	0.0	-0.8476	0.0	2								
deepmd-les-freeze-charge_sB	71100	11.7357	0.0	0.6001256307116667	0.4238	0.0	-0.8476	0.0	2								
deepmd-les-freeze-charge_sB	71200	11.21715	0.0	0.6001256307116667	0.4238	0.0	-0.8476	0.0	2								
deepmd-les-freeze-charge_sB	71300	11.272549999999999	0.0	0.6001256307116667	0.4238	0.0	-0.8476	0.0	2								
deepmd-les-freeze-charge_sB	71400	11.11565	0.0	0.6001256307116667	0.4238	0.0	-0.8476	0.0	2								
deepmd-les-freeze-charge_sB	71500	11.31885	0.0	0.6001256307116667	0.4238	0.0	-0.8476	0.0	2								
deepmd-les-freeze-charge_sB	71600	11.24545	0.0	0.6001256307116667	0.4238	0.0	-0.8476	0.0	2								
deepmd-les-freeze-charge_sB	71700	11.6191	0.0	0.6001256307116667	0.4238	0.0	-0.8476	0.0	2								
deepmd-les-freeze-charge_sB	71800	11.403	0.0	0.6001256307116667	0.4238	0.0	-0.8476	0.0	2								
deepmd-les-freeze-charge_sB	71900	11.49225	0.0	0.6001256307116667	0.4238	0.0	-0.8476	0.0	2								
deepmd-les-freeze-charge_sB	72000	11.19495	0.0	0.6001256307116667	0.4238	0.0	-0.8476	0.0	2								
deepmd-les-freeze-charge_sB	72100	11.76515	0.0	0.6001256307116667	0.4238	0.0	-0.8476	0.0	2								
deepmd-les-freeze-charge_sB	72200	11.803550000000001	0.0	0.6001256307116667	0.4238	0.0	-0.8476	0.0	2								
deepmd-les-freeze-charge_sB	72300	11.20965	0.0	0.6001256307116667	0.4238	0.0	-0.8476	0.0	2								
deepmd-les-freeze-charge_sB	72400	11.26935	0.0	0.6001256307116667	0.4238	0.0	-0.8476	0.0	2								
deepmd-les-freeze-charge_sB	72500	11.291	0.0	0.6001256307116667	0.4238	0.0	-0.8476	0.0	2								
deepmd-les-freeze-charge_sB	72600	10.9204	0.0	0.6001256307116667	0.4238	0.0	-0.8476	0.0	2								
deepmd-les-freeze-charge_sB	72700	10.927700000000002	0.0	0.6001256307116667	0.4238	0.0	-0.8476	0.0	2								
deepmd-les-freeze-charge_sB	72800	11.76355	0.0	0.6001256307116667	0.4238	0.0	-0.8476	0.0	2								
deepmd-les-freeze-charge_sB	72900	12.001000000000001	0.0	0.6001256307116667	0.4238	0.0	-0.8476	0.0	2								
deepmd-les-freeze-charge_sB	73000	11.68065	0.0	0.6001256307116667	0.4238	0.0	-0.8476	0.0	2								
deepmd-les-freeze-charge_sB	73100	11.591750000000001	0.0	0.6001256307116667	0.4238	0.0	-0.8476	0.0	2								
deepmd-les-freeze-charge_sB	73200	11.150549999999999	0.0	0.6001256307116667	0.4238	0.0	-0.8476	0.0	2								
deepmd-les-freeze-charge_sB	73300	11.6417	0.0	0.6001256307116667	0.4238	0.0	-0.8476	0.0	2								
deepmd-les-freeze-charge_sB	73400	11.575800000000001	0.0	0.6001256307116667	0.4238	0.0	-0.8476	0.0	2								
deepmd-les-freeze-charge_sB	73500	12.137250000000002	0.0	0.6001256307116667	0.4238	0.0	-0.8476	0.0	2								
deepmd-les-freeze-charge_sB	73600	11.5272	0.0	0.6001256307116667	0.4238	0.0	-0.8476	0.0	2								
deepmd-les-freeze-charge_sB	73700	11.70525	0.0	0.6001256307116667	0.4238	0.0	-0.8476	0.0	2								
deepmd-les-freeze-charge_sB	73800	10.97415	0.0	0.6001256307116667	0.4238	0.0	-0.8476	0.0	2								
deepmd-les-freeze-charge_sB	73900	11.58775	0.0	0.6001256307116667	0.4238	0.0	-0.8476	0.0	2								
deepmd-les-freeze-charge_sB	74000	10.98215	0.0	0.6001256307116667	0.4238	0.0	-0.8476	0.0	2								
deepmd-les-freeze-charge_sB	74100	11.20595	0.0	0.6001256307116667	0.4238	0.0	-0.8476	0.0	2								
deepmd-les-freeze-charge_sB	74200	11.101700000000001	0.0	0.6001256307116667	0.4238	0.0	-0.8476	0.0	2								
deepmd-les-freeze-charge_sB	74300	11.963550000000001	0.0	0.6001256307116667	0.4238	0.0	-0.8476	0.0	2								
deepmd-les-freeze-charge_sB	74400	11.4093	0.0	0.6001256307116667	0.4238	0.0	-0.8476	0.0	2								
deepmd-les-freeze-charge_sB	74500	11.723600000000001	0.0	0.6001256307116667	0.4238	0.0	-0.8476	0.0	2								
deepmd-les-freeze-charge_sB	74600	11.3081	0.0	0.6001256307116667	0.4238	0.0	-0.8476	0.0	2								
deepmd-les-freeze-charge_sB	74700	11.393	0.0	0.6001256307116667	0.4238	0.0	-0.8476	0.0	2								
deepmd-les-freeze-charge_sB	74800	11.72005	0.0	0.6001256307116667	0.4238	0.0	-0.8476	0.0	2								
deepmd-les-freeze-charge_sB	74900	11.72335	0.0	0.6001256307116667	0.4238	0.0	-0.8476	0.0	2								
deepmd-les-freeze-charge_sB	75000	10.95365	0.0	0.6001256307116667	0.4238	0.0	-0.8476	0.0	2								
deepmd-les-freeze-charge_sB	75100	11.2167	0.0	0.6001256307116667	0.4238	0.0	-0.8476	0.0	2								
deepmd-les-freeze-charge_sB	75200	11.1751	0.0	0.6001256307116667	0.4238	0.0	-0.8476	0.0	2								
deepmd-les-freeze-charge_sB	75300	11.577549999999999	0.0	0.6001256307116667	0.4238	0.0	-0.8476	0.0	2								
deepmd-les-freeze-charge_sB	75400	11.419	0.0	0.6001256307116667	0.4238	0.0	-0.8476	0.0	2								
deepmd-les-freeze-charge_sB	75500	11.5745	0.0	0.6001256307116667	0.4238	0.0	-0.8476	0.0	2								
deepmd-les-freeze-charge_sB	75600	11.26375	0.0	0.6001256307116667	0.4238	0.0	-0.8476	0.0	2								
deepmd-les-freeze-charge_sB	75700	11.3055	0.0	0.6001256307116667	0.4238	0.0	-0.8476	0.0	2								
deepmd-les-freeze-charge_sB	75800	11.6512	0.0	0.6001256307116667	0.4238	0.0	-0.8476	0.0	2								
deepmd-les-freeze-charge_sB	75900	11.46425	0.0	0.6001256307116667	0.4238	0.0	-0.8476	0.0	2								
deepmd-les-freeze-charge_sB	76000	11.3713	0.0	0.6001256307116667	0.4238	0.0	-0.8476	0.0	2								
deepmd-les-freeze-charge_sB	76100	11.241399999999999	0.0	0.6001256307116667	0.4238	0.0	-0.8476	0.0	2								
deepmd-les-freeze-charge_sB	76200	11.6579	0.0	0.6001256307116667	0.4238	0.0	-0.8476	0.0	2								
deepmd-les-freeze-charge_sB	76300	11.51145	0.0	0.6001256307116667	0.4238	0.0	-0.8476	0.0	2								
deepmd-les-freeze-charge_sB	76400	11.829049999999999	0.0	0.6001256307116667	0.4238	0.0	-0.8476	0.0	2								
deepmd-les-freeze-charge_sB	76500	11.8458	0.0	0.6001256307116667	0.4238	0.0	-0.8476	0.0	2								
deepmd-les-freeze-charge_sB	76600	11.209299999999999	0.0	0.6001256307116667	0.4238	0.0	-0.8476	0.0	2								
deepmd-les-freeze-charge_sB	76700	11.325700000000001	0.0	0.6001256307116667	0.4238	0.0	-0.8476	0.0	2								
deepmd-les-freeze-charge_sB	76800	11.682749999999999	0.0	0.6001256307116667	0.4238	0.0	-0.8476	0.0	2								
deepmd-les-freeze-charge_sB	76900	11.117750000000001	0.0	0.6001256307116667	0.4238	0.0	-0.8476	0.0	2								
deepmd-les-freeze-charge_sB	77000	11.946549999999998	0.0	0.6001256307116667	0.4238	0.0	-0.8476	0.0	2								
deepmd-les-freeze-charge_sB	77100	11.4829	0.0	0.6001256307116667	0.4238	0.0	-0.8476	0.0	2								
deepmd-les-freeze-charge_sB	77200	11.1274	0.0	0.6001256307116667	0.4238	0.0	-0.8476	0.0	2								
deepmd-les-freeze-charge_sB	77300	10.9143	0.0	0.6001256307116667	0.4238	0.0	-0.8476	0.0	2								
deepmd-les-freeze-charge_sB	77400	11.1665	0.0	0.6001256307116667	0.4238	0.0	-0.8476	0.0	2								
deepmd-les-freeze-charge_sB	77500	11.385449999999999	0.0	0.6001256307116667	0.4238	0.0	-0.8476	0.0	2								
deepmd-les-freeze-charge_sB	77600	11.6164	0.0	0.6001256307116667	0.4238	0.0	-0.8476	0.0	2								
deepmd-les-freeze-charge_sB	77700	11.289100000000001	0.0	0.6001256307116667	0.4238	0.0	-0.8476	0.0	2								
deepmd-les-freeze-charge_sB	77800	11.8508	0.0	0.6001256307116667	0.4238	0.0	-0.8476	0.0	2								
deepmd-les-freeze-charge_sB	77900	11.550049999999999	0.0	0.6001256307116667	0.4238	0.0	-0.8476	0.0	2								
deepmd-les-freeze-charge_sB	78000	11.495249999999999	0.0	0.6001256307116667	0.4238	0.0	-0.8476	0.0	2								
deepmd-les-freeze-charge_sB	78100	11.83695	0.0	0.6001256307116667	0.4238	0.0	-0.8476	0.0	2								
deepmd-les-freeze-charge_sB	78200	11.03745	0.0	0.6001256307116667	0.4238	0.0	-0.8476	0.0	2								
deepmd-les-freeze-charge_sB	78300	11.96805	0.0	0.6001256307116667	0.4238	0.0	-0.8476	0.0	2								
deepmd-les-freeze-charge_sB	78400	11.1923	0.0	0.6001256307116667	0.4238	0.0	-0.8476	0.0	2								
deepmd-les-freeze-charge_sB	78500	11.487649999999999	0.0	0.6001256307116667	0.4238	0.0	-0.8476	0.0	2								
deepmd-les-freeze-charge_sB	78600	11.51565	0.0	0.6001256307116667	0.4238	0.0	-0.8476	0.0	2								
deepmd-les-freeze-charge_sB	78700	11.5622	0.0	0.6001256307116667	0.4238	0.0	-0.8476	0.0	2								
deepmd-les-freeze-charge_sB	78800	11.35505	0.0	0.6001256307116667	0.4238	0.0	-0.8476	0.0	2								
deepmd-les-freeze-charge_sB	78900	11.372599999999998	0.0	0.6001256307116667	0.4238	0.0	-0.8476	0.0	2								
deepmd-les-freeze-charge_sB	79000	11.355699999999999	0.0	0.6001256307116667	0.4238	0.0	-0.8476	0.0	2								
deepmd-les-freeze-charge_sB	79100	11.29885	0.0	0.6001256307116667	0.4238	0.0	-0.8476	0.0	2								
deepmd-les-freeze-charge_sB	79200	11.4845	0.0	0.6001256307116667	0.4238	0.0	-0.8476	0.0	2								
deepmd-les-freeze-charge_sB	79300	11.19605	0.0	0.6001256307116667	0.4238	0.0	-0.8476	0.0	2								
deepmd-les-freeze-charge_sB	79400	11.603449999999999	0.0	0.6001256307116667	0.4238	0.0	-0.8476	0.0	2								
deepmd-les-freeze-charge_sB	79500	11.210149999999999	0.0	0.6001256307116667	0.4238	0.0	-0.8476	0.0	2								
deepmd-les-freeze-charge_sB	79600	11.501999999999999	0.0	0.6001256307116667	0.4238	0.0	-0.8476	0.0	2								
deepmd-les-freeze-charge_sB	79700	11.17795	0.0	0.6001256307116667	0.4238	0.0	-0.8476	0.0	2								
deepmd-les-freeze-charge_sB	79800	11.329	0.0	0.6001256307116667	0.4238	0.0	-0.8476	0.0	2								
deepmd-les-freeze-charge_sB	79900	11.248999999999999	0.0	0.6001256307116667	0.4238	0.0	-0.8476	0.0	2								
deepmd-les-freeze-charge_sB	80000	11.5481	0.0	0.6001256307116667	0.4238	0.0	-0.8476	0.0	2								
deepmd-les-freeze-charge_sB	80100	11.4911	0.0	0.6001256307116667	0.4238	0.0	-0.8476	0.0	2								
deepmd-les-freeze-charge_sB	80200	11.5561	0.0	0.6001256307116667	0.4238	0.0	-0.8476	0.0	2								
deepmd-les-init0-neutral_sA	1	0.007549999999999999	2.846030702774449e-17	0.002454615746615084	-0.0004	0.0019	0.0008	0.0031	2	3.26091	0.07944037	2.295538	0.3637067	0.4748243	0.0495187	0.566073	0.01669714
deepmd-les-init0-neutral_sA	100	0.6385000000000001	1.491862189340054e-16	0.05105435347154747	-0.0314	0.0302	0.0627	0.0094	2	5.072518	0.1033435	2.353124	0.3749558	0.5014286	0.04951862	0.8954534	0.01669706
deepmd-les-init0-neutral_sA	200	0.6092	3.32488666228888e-18	0.10793554623511666	-0.0746	0.0253	0.1491	0.015	2	5.275505	0.0953353	2.342691	0.3756897	0.4956378	0.04951879	0.9387	0.01669723
deepmd-les-init0-neutral_sA	300	0.7775000000000001	-1.0552901145525576e-17	0.1407756030046396	-0.0984	0.0197	0.1968	0.0204	2	5.27103	0.0920724	2.340008	0.3748316	0.4936458	0.04951874	0.9356577	0.01669718
deepmd-les-init0-neutral_sA	400	0.9003	1.2432184911167116e-17	0.14988517043706395	-0.1052	0.0173	0.2103	0.0168	2	5.227292	0.08979843	2.334258	0.3739935	0.4908124	0.04951874	0.9261187	0.01669717
deepmd-les-init0-neutral_sA	500	0.9262999999999999	4.336808689942018e-18	0.1544922938375306	-0.1084	0.0172	0.2167	0.0198	2	5.164053	0.08710853	2.325633	0.3727908	0.4869086	0.04951874	0.9115283	0.01669718
deepmd-les-init0-neutral_sA	600	0.8471500000000001	-7.950815931560365e-18	0.15062667958778247	-0.1058	0.0142	0.2115	0.0189	2	5.126077	0.08627854	2.320743	0.3718472	0.4847583	0.04951875	0.9030281	0.01669719
deepmd-les-init0-neutral_sA	700	0.78485	1.8648277366750676e-17	0.1521699973259021	-0.1068	0.0145	0.2137	0.0196	2	5.101436	0.08531178	2.316482	0.3704842	0.4829097	0.04951876	0.8971869	0.0166972
deepmd-les-init0-neutral_sA	800	0.83205	6.3606527452482924e-18	0.15079383651394532	-0.1059	0.0131	0.2119	0.0193	2	5.107209	0.08575625	2.31592	0.3693355	0.4825888	0.04951877	0.9006406	0.01669721
deepmd-les-init0-neutral_sA	900	0.8505	5.348730717595155e-18	0.15082086270685327	-0.1059	0.012	0.2118	0.0218	2	5.148108	0.08685008	2.317122	0.3676618	0.4829294	0.04951878	0.9140873	0.01669722
deepmd-les-init0-neutral_sA	1000	0.7705	-7.661695352230897e-18	0.1464899456383428	-0.1029	0.0116	0.2058	0.0197	2	5.203617	0.08790866	2.319142	0.3655415	0.4836598	0.04951879	0.9305492	0.01669723
deepmd-les-init0-neutral_sA	1100	0.6713	2.8912057932946782e-18	0.13526094112292875	-0.0947	0.0137	0.1894	0.0236	2	5.286463	0.0902533	2.323491	0.3632611	0.4854245	0.04951879	0.954657	0.01669723
deepmd-les-init0-neutral_sA	1200	0.66835	5.204170427930421e-18	0.1240667239711145	-0.0866	0.0138	0.1732	0.0265	2	5.362784	0.09235278	2.327343	0.3609024	0.4871036	0.0495188	0.9762509	0.01669724
deepmd-les-init0-neutral_sA	1300	0.54745	9.685539407537172e-18	0.11087717935054017	-0.0774	0.0133	0.1548	0.0222	2	5.404207	0.09297568	2.328208	0.3587577	0.4877116	0.0495188	0.9879107	0.01669724
deepmd-les-init0-neutral_sA	1400	0.4749	-9.25185853854297e-18	0.09438446463708375	-0.0653	0.0138	0.1305	0.027	2	5.466193	0.09418102	2.331345	0.3569009	0.4892144	0.04951881	1.003421	0.01669725
deepmd-les-init0-neutral_sA	1500	0.39080000000000004	5.059610138265687e-18	0.07789808856599215	-0.0533	0.015	0.1066	0.0259	2	5.537168	0.09607382	2.335192	0.3550882	0.4911937	0.04951881	1.02181	0.01669725
deepmd-les-init0-neutral_sA	1600	0.2595	3.32488666228888e-18	0.05542249907309779	-0.037	0.0132	0.0741	0.0248	2	5.630194	0.09899801	2.341799	0.3532909	0.4946288	0.04951881	1.043772	0.01669725
deepmd-les-init0-neutral_sA	1700	0.22585	-9.03501810404587e-18	0.03213280479330312	-0.0179	0.0154	0.0357	0.0265	2	5.762599	0.1036386	2.35302	0.3541927	0.5008584	0.04951881	1.07207	0.01669725
deepmd-les-init0-neutral_sA	1800	0.2405	1.716653439768715e-17	0.02894953235663597	0.0116	0.0193	-0.0232	0.031	2	5.947642	0.1102419	2.369992	0.3754037	0.5121976	0.0495188	1.104262	0.01669724
deepmd-les-init0-neutral_sA	1900	0.52695	1.423918853197629e-17	0.09025879623600146	0.0609	0.0213	-0.1218	0.0352	2	6.330032	0.1327731	2.429802	0.5169173	0.5570887	0.04951879	1.149604	0.01669723
deepmd-les-init0-neutral_sA	2000	1.56715	-4.625929269271485e-18	0.19780261008531994	0.138	0.0242	-0.276	0.0411	2	6.885149	0.1977074	2.523904	0.6412832	0.6196779	0.04951879	1.184552	0.01669723
deepmd-les-init0-neutral_sA	2100	2.91105	1.1275702593849246e-17	0.29259816275578693	0.2052	0.0282	-0.4105	0.0434	2	7.354212	0.2807407	2.588763	0.6865821	0.6508606	0.04951878	1.206082	0.01669722
deepmd-les-init0-neutral_sA	2200	4.337350000000001	-2.284052576702796e-17	0.3593701495280328	0.2528	0.0259	-0.5055	0.0424	2	7.869718	0.362853	2.650581	0.7153215	0.6758835	0.04951878	1.218783	0.01669722
deepmd-les-init0-neutral_sA	2300	5.959849999999999	6.64977332457776e-18	0.4222551896909464	0.2974	0.0249	-0.5948	0.0407	2	8.353357	0.4306784	2.70886	0.7338815	0.697501	0.04951877	1.224904	0.01669721
deepmd-les-init0-neutral_sA	2400	7.0948	-4.625929269271485e-17	0.4657137657750388	0.3282	0.0238	-0.6565	0.0373	2	8.774438	0.4845306	2.758165	0.7479296	0.7163351	0.04951878	1.223774	0.01669722
deepmd-les-init0-neutral_sA	2500	7.782	-4.7415775010032725e-17	0.5122409120660457	0.3613	0.0215	-0.7227	0.0296	2	9.108221	0.5273703	2.793327	0.7600863	0.7332678	0.04951878	1.227099	0.01669722
deepmd-les-init0-neutral_sA	2600	9.8869	-1.1102230246251565e-16	0.5600735736366051	0.3951	0.0191	-0.7903	0.0319	2	9.406376	0.5715701	2.84184	0.7724274	0.7545355	0.04951878	1.229666	0.01669722
deepmd-les-init0-neutral_sA	2700	10.93445	6.534125092845973e-17	0.5916959265181879	0.4175	0.0196	-0.835	0.0323	2	9.659113	0.6016316	2.8674	0.7816877	0.7693627	0.04951878	1.23371	0.01669722
deepmd-les-init0-neutral_sA	2800	12.17475	-2.949029909160572e-17	0.6154287974743532	0.4343	0.0193	-0.8686	0.029	2	9.859034	0.6265946	2.899337	0.7894293	0.7843897	0.04951878	1.236476	0.01669722
deepmd-les-init0-neutral_sA	2900	13.29685	0.0	0.6448092369199029	0.4551	0.0181	-0.9102	0.026	2	10.04675	0.648817	2.928883	0.7965702	0.798601	0.04951878	1.242721	0.01669722
deepmd-les-init0-neutral_sA	3000	14.007950000000001	3.874215763014869e-17	0.6663469377112573	0.4703	0.0179	-0.9407	0.0265	2	10.20037	0.666819	2.955642	0.8024893	0.8108988	0.04951877	1.251574	0.01669721
deepmd-les-init0-neutral_sA	3100	14.2969	7.228014483236696e-17	0.6897439315712178	0.4869	0.0164	-0.9738	0.0251	2	10.3432	0.678893	2.972179	0.8067725	0.8190437	0.04951877	1.260893	0.01669721
deepmd-les-init0-neutral_sA	3200	15.55705	8.095376221225099e-18	0.7049665595265381	0.4977	0.0148	-0.9953	0.0236	2	10.48094	0.6899464	2.988995	0.8107974	0.8271279	0.04951877	1.273366	0.01669721
deepmd-les-init0-neutral_sA	3300	15.761050000000001	5.7824115865893565e-18	0.7227144758501641	0.5102	0.0138	-1.0204	0.0252	2	10.61303	0.6982521	3.002739	0.813892	0.8332323	0.04951876	1.286406	0.0166972
deepmd-les-init0-neutral_sA	3400	15.883399999999998	-9.8879238130678e-17	0.7297452129346064	0.5152	0.0128	-1.0304	0.022	2	10.7095	0.7033519	3.009381	0.8160472	0.8367512	0.04951877	1.295669	0.01669721
deepmd-les-init0-neutral_sA	3500	16.8074	2.833381677428785e-17	0.7380951619232335	0.5211	0.015	-1.0422	0.0221	2	10.83623	0.7101159	3.016746	0.8186208	0.8409794	0.04951877	1.306953	0.01669721
deepmd-les-init0-neutral_sA	3600	17.2378	-4.625929269271485e-17	0.7480462702214317	0.5281	0.0139	-1.0562	0.0247	2	10.90952	0.7135808	3.017257	0.8199804	0.8424895	0.04951877	1.325625	0.0166972
deepmd-les-init0-neutral_sA	3700	18.7271	4.394632805807911e-17	0.7670091475517927	0.5415	0.0122	-1.083	0.0242	2	11.01488	0.7194549	3.029028	0.8222982	0.8471036	0.04951876	1.336884	0.0166972
deepmd-les-init0-neutral_sA	3800	19.0638	3.469446951953614e-18	0.7676814105061962	0.542	0.0139	-1.084	0.0212	2	11.11731	0.7224599	3.034309	0.8237379	0.8495688	0.04951876	1.350054	0.0166972
deepmd-les-init0-neutral_sA	3900	18.842	-6.82324567217544e-17	0.7743379142255881	0.5467	0.0131	-1.0934	0.0224	2	11.21142	0.7240128	3.032017	0.82447	0.8498642	0.04951877	1.363792	0.01669721
deepmd-les-init0-neutral_sA	4000	19.69495	-8.095376221225099e-18	0.776949218884106	0.5485	0.0127	-1.0971	0.0229	2	11.32026	0.7269589	3.039997	0.8258799	0.8526348	0.04951878	1.375678	0.01669722
deepmd-les-init0-neutral_sA	4100	19.502200000000002	6.129356281784718e-17	0.7767382985248751	0.5484	0.0125	-1.0968	0.0211	2	11.41574	0.729039	3.04564	0.8270255	0.8547537	0.04951879	1.386973	0.01669723
deepmd-les-init0-neutral_sA	4200	18.88185	3.469446951953614e-18	0.7865030370803685	0.5553	0.0122	-1.1106	0.0222	2	11.5189	0.7312791	3.052242	0.8281978	0.8569135	0.04951879	1.402866	0.01669723
deepmd-les-init0-neutral_sA	4300	19.02835	6.938893903907228e-18	0.795885132548647	0.5619	0.011	-1.1239	0.0204	2	11.60636	0.7339518	3.057513	0.8292003	0.8587309	0.04951878	1.412621	0.01669722
deepmd-les-init0-neutral_sA	4400	20.4729	-1.0755285551056204e-16	0.8002097342136066	0.565	0.0121	-1.13	0.0202	2	11.69258	0.7347063	3.06134	0.8298501	0.8598593	0.04951879	1.423941	0.01669723
deepmd-les-init0-neutral_sA	4500	19.624299999999998	3.122502256758253e-17	0.7950179254985615	0.5613	0.0108	-1.1227	0.0217	2	11.77971	0.7358596	3.063452	0.8304774	0.8607671	0.04951879	1.432708	0.01669723
deepmd-les-init0-neutral_sA	4600	19.93775	-2.3129646346357426e-17	0.794765634750369	0.5611	0.0106	-1.1223	0.022	2	11.8567	0.7364999	3.066679	0.8309959	0.8616322	0.04951879	1.443143	0.01669723
deepmd-les-init0-neutral_sA	4700	20.566650000000003	2.544261098099317e-17	0.8094549931829781	0.5715	0.0134	-1.143	0.0248	2	11.924	0.7378422	3.070128	0.8314446	0.8625023	0.04951878	1.455711	0.01669722
deepmd-les-init0-neutral_sA	4800	20.765749999999997	-2.7755575615628914e-17	0.8052056305895237	0.5685	0.0111	-1.1371	0.0194	2	12.00126	0.7386206	3.070807	0.8318457	0.86295	0.04951877	1.461323	0.01669721
deepmd-les-init0-neutral_sA	4900	21.247	-2.7755575615628914e-17	0.8126646610515607	0.5738	0.0118	-1.1476	0.022	2	12.06702	0.7404621	3.074545	0.8326531	0.8641485	0.04951876	1.474646	0.0166972
deepmd-les-init0-neutral_sA	5000	19.962600000000002	-8.557969148152248e-17	0.8008367818350597	0.5654	0.0118	-1.1309	0.02	2	12.12598	0.7384465	3.066982	0.8319359	0.8619479	0.04951876	1.47926	0.0166972
deepmd-les-init0-neutral_sA	5100	21.114600000000003	-5.319818659662208e-17	0.8064729225061616	0.5694	0.0112	-1.1388	0.0241	2	12.1645	0.7398159	3.071566	0.8325952	0.8633569	0.04951876	1.485642	0.0166972
deepmd-les-init0-neutral_sA	5200	20.354	-1.850371707708594e-17	0.8109119236490256	0.5725	0.0125	-1.1451	0.0223	2	12.18381	0.7403917	3.073742	0.8328704	0.8639628	0.04951876	1.488315	0.0166972
deepmd-les-init0-neutral_sA	5300	21.13205	-4.625929269271485e-17	0.8080621852171703	0.5705	0.012	-1.1411	0.0205	2	12.20616	0.7401316	3.074286	0.8328685	0.8639878	0.04951876	1.489949	0.0166972
deepmd-les-init0-neutral_sA	5400	20.524549999999998	-5.66676335485757e-17	0.8071248571290601	0.5699	0.0108	-1.1397	0.0251	2	12.22918	0.7405047	3.076534	0.8331097	0.8645409	0.04951876	1.493765	0.0166972
deepmd-les-init0-neutral_sA	5500	20.2074	2.544261098099317e-17	0.8130543801618606	0.574	0.0116	-1.1481	0.024	2	12.2547	0.7404263	3.077705	0.8331985	0.8647737	0.04951876	1.49516	0.0166972
deepmd-les-init0-neutral_sA	5600	20.768050000000002	-8.095376221225099e-17	0.8117549471656187	0.5731	0.0121	-1.1463	0.0232	2	12.27696	0.7409229	3.080222	0.8334382	0.8654043	0.04951876	1.49794	0.0166972
deepmd-les-init0-neutral_sA	5700	19.8258	-7.864079757761525e-17	0.809067800472127	0.5712	0.011	-1.1425	0.0217	2	12.30789	0.7404527	3.080556	0.8334509	0.8654222	0.04951876	1.499042	0.0166972
deepmd-les-init0-neutral_sA	5800	20.216	1.0408340855860843e-16	0.8064060065789883	0.5694	0.0111	-1.1387	0.0233	2	12.33162	0.7402413	3.081422	0.8335352	0.8655821	0.04951876	1.500845	0.0166972
deepmd-les-init0-neutral_sA	5900	20.4845	-6.013708050052931e-17	0.8125465401449667	0.5737	0.0122	-1.1474	0.0236	2	12.34425	0.7401801	3.08261	0.8334884	0.8656145	0.04951876	1.504765	0.0166972
deepmd-les-init0-neutral_sA	6000	21.155450000000002	-9.71445146547012e-17	0.806816762917287	0.5697	0.012	-1.1393	0.0216	2	12.37677	0.7402782	3.084871	0.833669	0.8660673	0.04951876	1.507783	0.0166972
deepmd-les-init0-neutral_sA	6100	19.8754	6.476300976980079e-17	0.8073847716196214	0.5701	0.0103	-1.1401	0.0206	2	12.40025	0.7396338	3.083931	0.8334924	0.8656694	0.04951876	1.508734	0.0166972
deepmd-les-init0-neutral_sA	6200	20.538	-7.632783294297951e-17	0.8098274688653032	0.5718	0.0117	-1.1435	0.0244	2	12.42285	0.7401195	3.085809	0.8337235	0.8661799	0.04951877	1.511123	0.0166972
deepmd-les-init0-neutral_sA	6300	20.72195	-4.163336342344337e-17	0.8096387067511674	0.5716	0.0133	-1.1433	0.0207	2	12.45618	0.7400926	3.087423	0.8338717	0.8665178	0.04951877	1.513788	0.01669721
deepmd-les-init0-neutral_sA	6400	20.34235	4.9728739644668466e-17	0.8112098590864772	0.5728	0.0104	-1.1455	0.0203	2	12.48733	0.7403375	3.089091	0.8340485	0.8669035	0.04951877	1.516664	0.0166972
deepmd-les-init0-neutral_sA	6500	20.9725	8.095376221225099e-18	0.8128009073612358	0.5739	0.011	-1.1478	0.0232	2	12.51319	0.740385	3.090379	0.8341242	0.8671215	0.04951877	1.519504	0.01669721
deepmd-les-init0-neutral_sA	6600	20.50205	-9.945747928933693e-17	0.8127536026054644	0.5738	0.0115	-1.1477	0.0226	2	12.54005	0.7397541	3.091016	0.8340224	0.8669634	0.04951876	1.522172	0.0166972
deepmd-les-init0-neutral_sA	6700	20.1752	2.1973164029039556e-17	0.8092632702272683	0.5714	0.0117	-1.1427	0.023	2	12.57136	0.7391294	3.092211	0.8339857	0.8669253	0.04951876	1.525392	0.0166972
deepmd-les-init0-neutral_sA	6800	20.95145	-1.214306433183765e-16	0.8094298233337295	0.5715	0.0116	-1.143	0.0214	2	12.59357	0.7389435	3.092133	0.8338922	0.8667523	0.04951876	1.526969	0.0166972
deepmd-les-init0-neutral_sA	6900	20.9547	-6.707597440443654e-17	0.8110863184160272	0.5727	0.011	-1.1453	0.0227	2	12.62572	0.7392059	3.093238	0.834099	0.8671035	0.04951877	1.528859	0.0166972
deepmd-les-init0-neutral_sA	7000	20.6984	-1.376213957608267e-16	0.8167628898396724	0.5767	0.0123	-1.1533	0.0219	2	12.65711	0.7396664	3.095101	0.8342732	0.867564	0.04951876	1.530524	0.0166972
deepmd-les-init0-neutral_sA	7100	20.79225	1.1564823173178713e-17	0.8124006615919108	0.5736	0.012	-1.1472	0.02	2	12.68106	0.7395603	3.096151	0.834391	0.8677165	0.04951876	1.534181	0.0166972
deepmd-les-init0-neutral_sA	7200	19.970599999999997	8.326672684688674e-17	0.8132160462344858	0.5742	0.0102	-1.1484	0.0223	2	12.71282	0.7391265	3.096338	0.8342797	0.8674889	0.04951876	1.537174	0.0166972
deepmd-les-init0-neutral_sA	7300	20.44405	1.491862189340054e-16	0.8148162798099507	0.5753	0.0121	-1.1506	0.0237	2	12.7415	0.7389454	3.097137	0.8342932	0.867544	0.04951875	1.538854	0.01669719
deepmd-les-init0-neutral_sA	7400	20.99425	5.4354668913939954e-17	0.8119519798230425	0.5733	0.0104	-1.1465	0.0257	2	12.76862	0.738563	3.097831	0.8342537	0.8674201	0.04951875	1.542933	0.01669719
deepmd-les-init0-neutral_sA	7500	20.6555	3.469446951953614e-17	0.8152766408883397	0.5756	0.0116	-1.1513	0.0223	2	12.78814	0.7384647	3.098474	0.8341756	0.867269	0.04951876	1.546675	0.0166972
deepmd-les-init0-neutral_sA	7600	19.2789	-1.5034270125132327e-17	0.8154871861327356	0.5758	0.0103	-1.1516	0.0212	2	12.82167	0.738033	3.098967	0.83412	0.8671638	0.04951876	1.550013	0.01669719
deepmd-les-init0-neutral_sA	7700	20.97505	-4.5102810375396984e-17	0.8108960045031315	0.5725	0.0112	-1.145	0.0256	2	12.85103	0.7377041	3.100119	0.8340084	0.8670419	0.04951875	1.553962	0.01669719
deepmd-les-init0-neutral_sA	7800	19.8131	3.122502256758253e-17	0.808035590694559	0.5705	0.0123	-1.141	0.0239	2	12.88179	0.7367275	3.097626	0.8336873	0.8661753	0.04951875	1.555888	0.01669719
deepmd-les-init0-neutral_sA	7900	20.796300000000002	1.329954664915552e-16	0.8089572461227351	0.5712	0.0112	-1.1424	0.0198	2	12.91188	0.7367866	3.097643	0.8337751	0.8662193	0.04951875	1.557962	0.01669719
deepmd-les-init0-neutral_sA	8000	20.79105	5.319818659662208e-17	0.8112416134811766	0.5728	0.0105	-1.1456	0.0229	2	12.94509	0.7369603	3.099952	0.8338454	0.8665544	0.04951875	1.5624	0.01669719
deepmd-les-init0-neutral_sA	8100	19.896349999999998	1.3877787807814457e-17	0.8149582316315713	0.5754	0.0125	-1.1508	0.0252	2	12.97871	0.7377267	3.103303	0.8342688	0.867477	0.04951875	1.565929	0.01669718
deepmd-les-init0-neutral_sA	8200	21.49965	1.214306433183765e-16	0.814657208594695	0.5752	0.011	-1.1504	0.024	2	12.9967	0.737409	3.102307	0.8341295	0.8670135	0.04951875	1.56959	0.01669719
deepmd-les-init0-neutral_sA	8300	20.60785	-5.782411586589356e-17	0.8166526026265948	0.5766	0.0111	-1.1532	0.0231	2	13.03118	0.7372012	3.103043	0.8340716	0.8669427	0.04951875	1.572588	0.01669718
deepmd-les-init0-neutral_sA	8400	20.9199	-6.360652745248292e-17	0.8098937151228311	0.5718	0.0123	-1.1437	0.0195	2	13.06321	0.7360215	3.101604	0.8337555	0.8662306	0.04951874	1.574639	0.01669718
deepmd-les-init0-neutral_sA	8500	20.271349999999998	6.476300976980079e-17	0.8117579969793034	0.5731	0.0113	-1.1462	0.025	2	13.09861	0.7364239	3.105335	0.8339892	0.8668695	0.04951874	1.582012	0.01669718
deepmd-les-init0-neutral_sA	8600	19.522	8.557969148152248e-17	0.8094333757009534	0.5715	0.0109	-1.143	0.0202	2	13.1191	0.7357806	3.103827	0.8338158	0.8663212	0.04951874	1.584383	0.01669718
deepmd-les-init0-neutral_sA	8700	21.2972	1.4224732503009818e-16	0.8064015240218643	0.5694	0.0121	-1.1387	0.0217	2	13.15211	0.7354948	3.10435	0.8337298	0.8662127	0.04951874	1.586943	0.01669718
deepmd-les-init0-neutral_sA	8800	21.080199999999998	3.9320398788807623e-17	0.8097146753094755	0.5717	0.013	-1.1434	0.023	2	13.1877	0.7354467	3.106087	0.833825	0.8665047	0.04951874	1.589666	0.01669718
deepmd-les-init0-neutral_sA	8900	20.8761	-1.5034270125132327e-17	0.8099456817842559	0.5719	0.0126	-1.1437	0.0205	2	13.2156	0.734963	3.105182	0.8336253	0.8659792	0.04951874	1.59355	0.01669718
deepmd-les-init0-neutral_sA	9000	20.8071	1.734723475976807e-17	0.8135220748107493	0.5744	0.0112	-1.1488	0.0231	2	13.24439	0.735226	3.105999	0.833726	0.8661745	0.04951874	1.595314	0.01669718
deepmd-les-init0-neutral_sA	9100	21.05845	-6.938893903907228e-18	0.8097719860924227	0.5717	0.0119	-1.1434	0.0258	2	13.27323	0.7351562	3.106989	0.8337499	0.8662209	0.04951874	1.598228	0.01669718
deepmd-les-init0-neutral_sA	9200	20.159750000000003	3.9320398788807623e-17	0.807893869076866	0.5704	0.0107	-1.1408	0.0215	2	13.30906	0.734553	3.106516	0.8336747	0.8659593	0.04951874	1.601357	0.01669718
deepmd-les-init0-neutral_sA	9300	20.62835	1.0755285551056204e-16	0.810888144346265	0.5725	0.0119	-1.145	0.0251	2	13.33629	0.7343003	3.107746	0.8336364	0.8659618	0.04951873	1.605036	0.01669717
deepmd-les-init0-neutral_sA	9400	20.48895	6.938893903907228e-17	0.8020676487650942	0.5663	0.0107	-1.1326	0.0211	2	13.36826	0.7335972	3.107202	0.8333939	0.8654767	0.04951873	1.607933	0.01669717
deepmd-les-init0-neutral_sA	9500	21.136049999999997	-4.625929269271485e-18	0.8096790427718914	0.5716	0.0116	-1.1433	0.0272	2	13.38921	0.733333	3.108449	0.8332753	0.8653623	0.04951873	1.613792	0.01669717
deepmd-les-init0-neutral_sA	9600	21.103250000000003	2.42861286636753e-17	0.8044439687712267	0.568	0.0113	-1.136	0.0219	2	13.41463	0.7327905	3.108301	0.8331268	0.8650333	0.04951873	1.615909	0.01669717
deepmd-les-init0-neutral_sA	9700	20.169150000000002	-9.136210306811184e-17	0.799304015882751	0.5643	0.0119	-1.1286	0.0251	2	13.44509	0.7323441	3.108024	0.8330568	0.8648066	0.04951873	1.619324	0.01669717
deepmd-les-init0-neutral_sA	9800	20.493650000000002	-4.278984574076124e-17	0.8084189597020035	0.5708	0.011	-1.1415	0.0244	2	13.47405	0.7332654	3.109806	0.8333844	0.8654242	0.04951874	1.621575	0.01669718
deepmd-les-init0-neutral_sA	9900	20.5189	6.591949208711867e-17	0.802627940585143	0.5667	0.0118	-1.1333	0.0253	2	13.50895	0.7319019	3.109611	0.8330311	0.864754	0.04951874	1.626664	0.01669718
deepmd-les-init0-neutral_sA	10000	20.4585	-4.0476881106125497e-17	0.8028090140351609	0.5668	0.0114	-1.1336	0.0233	2	13.53664	0.7316272	3.109684	0.8329524	0.864563	0.04951874	1.629743	0.01669718
deepmd-les-init0-neutral_sA	10100	20.2551	-7.28583859910259e-17	0.805822161704162	0.5689	0.0114	-1.1379	0.0236	2	13.55141	0.7318718	3.110629	0.8330704	0.8648384	0.04951874	1.63061	0.01669718
deepmd-les-init0-neutral_sA	10200	20.8896	-1.0292692624129055e-16	0.8010409606233962	0.5656	0.0113	-1.1311	0.0229	2	13.55819	0.7316153	3.110319	0.8329824	0.8646738	0.04951874	1.630922	0.01669718
deepmd-les-init0-neutral_sA	10300	20.0627	5.66676335485757e-17	0.8028277225543354	0.5668	0.0112	-1.1337	0.0218	2	13.5685	0.7317089	3.111507	0.8330945	0.8649443	0.04951874	1.63256	0.01669718
deepmd-les-init0-neutral_sA	10400	20.9159	-8.095376221225099e-18	0.803245010098975	0.5671	0.0112	-1.1343	0.0214	2	13.57957	0.7317875	3.11263	0.8331824	0.8652079	0.04951874	1.633287	0.01669718
deepmd-les-init0-neutral_sA	10500	21.14845	3.122502256758253e-17	0.8015635362570884	0.5659	0.0122	-1.1318	0.0244	2	13.5907	0.7313874	3.112805	0.8330578	0.8650499	0.04951874	1.634095	0.01669718
deepmd-les-init0-neutral_sA	10600	19.89265	9.25185853854297e-18	0.8030985411122881	0.567	0.0107	-1.134	0.0246	2	13.60107	0.7311455	3.112552	0.8330263	0.86495	0.04951874	1.634606	0.01669718
deepmd-les-init0-neutral_sA	10700	20.792949999999998	-8.442320916420461e-17	0.8005496277599997	0.5652	0.0108	-1.1304	0.0235	2	13.60852	0.7309372	3.112979	0.8329745	0.864912	0.04951874	1.635633	0.01669718
deepmd-les-init0-neutral_sA	10800	20.1871	-1.2721305490496585e-17	0.8032673557686889	0.5672	0.0104	-1.1343	0.021	2	13.61972	0.7306998	3.113116	0.8329149	0.8648466	0.04951874	1.635732	0.01669718
deepmd-les-init0-neutral_sA	10900	20.16975	9.25185853854297e-18	0.8005958363387173	0.5653	0.0107	-1.1305	0.0214	2	13.63083	0.7304393	3.113453	0.8328612	0.8647896	0.04951874	1.636614	0.01669718
deepmd-les-init0-neutral_sA	11000	20.143500000000003	1.1911767868374074e-16	0.8069269955396843	0.5697	0.0111	-1.1394	0.0245	2	13.64164	0.7306568	3.114488	0.8330023	0.8650861	0.04951874	1.638265	0.01669718
deepmd-les-init0-neutral_sA	11100	19.3917	2.3129646346357426e-17	0.8026205737230123	0.5667	0.0119	-1.1333	0.0253	2	13.65275	0.7301494	3.114041	0.8328497	0.8647968	0.04951874	1.638322	0.01669718
deepmd-les-init0-neutral_sA	11200	20.8367	-1.0523989087592629e-16	0.7973891491382257	0.563	0.0107	-1.126	0.0228	2	13.66532	0.7295448	3.114075	0.8327005	0.864562	0.04951874	1.638668	0.01669718
deepmd-les-init0-neutral_sA	11300	20.06415	2.3129646346357427e-18	0.7931195611013278	0.56	0.0106	-1.12	0.0216	2	13.67383	0.7288168	3.113112	0.8324354	0.8640294	0.04951874	1.640346	0.01669718
deepmd-les-init0-neutral_sA	11400	20.429650000000002	1.0177044392397268e-16	0.7980890179564445	0.5635	0.0125	-1.1269	0.0248	2	13.68794	0.7287673	3.114079	0.8324496	0.864174	0.04951874	1.64089	0.01669718
deepmd-les-init0-neutral_sA	11500	20.12435	1.5034270125132327e-17	0.7981867545763242	0.5636	0.0103	-1.1271	0.0231	2	13.69857	0.7287301	3.11421	0.8324511	0.8641849	0.04951874	1.641746	0.01669718
deepmd-les-init0-neutral_sA	11600	19.1642	2.3129646346357427e-18	0.7968513672024747	0.5626	0.0107	-1.1252	0.0213	2	13.71256	0.7288548	3.115159	0.8325356	0.8643985	0.04951874	1.642601	0.01669718
deepmd-les-init0-neutral_sA	11700	19.2713	7.054542135639015e-17	0.799712077717253	0.5646	0.0106	-1.1292	0.0249	2	13.7237	0.7285639	3.115805	0.8324751	0.8643521	0.04951874	1.643824	0.01669718
deepmd-les-init0-neutral_sA	11800	19.51765	-2.544261098099317e-17	0.795926404595225	0.562	0.0103	-1.124	0.0208	2	13.73581	0.7280462	3.114779	0.8323195	0.8639924	0.04951874	1.644535	0.01669718
deepmd-les-init0-neutral_sA	11900	20.20215	-8.095376221225099e-17	0.7931341412212357	0.56	0.0113	-1.1199	0.0253	2	13.74757	0.7276583	3.115489	0.8322052	0.8638921	0.04951874	1.645463	0.01669718
deepmd-les-init0-neutral_sA	12000	18.930149999999998	-3.9320398788807623e-17	0.7917327191889711	0.559	0.0109	-1.118	0.0242	2	13.76162	0.7272716	3.114718	0.8320465	0.8635616	0.04951874	1.645756	0.01669718
deepmd-les-init0-neutral_sA	12100	19.564999999999998	-2.3129646346357427e-18	0.7947458962156496	0.5611	0.0102	-1.1222	0.024	2	13.77385	0.7270745	3.115906	0.8320505	0.8636238	0.04951874	1.64866	0.01669718
deepmd-les-init0-neutral_sA	12200	19.845599999999997	-4.625929269271485e-18	0.7895058887660389	0.5574	0.0106	-1.1148	0.0244	2	13.78384	0.7263059	3.115443	0.8318086	0.8631919	0.04951874	1.649659	0.01669718
deepmd-les-init0-neutral_sA	12300	18.67785	-1.1564823173178713e-17	0.7930378355596631	0.5599	0.0105	-1.1198	0.0226	2	13.79997	0.7262723	3.115294	0.831833	0.8631852	0.04951874	1.650008	0.01669718
deepmd-les-init0-neutral_sA	12400	19.7008	1.6190752442450197e-17	0.7897859407343039	0.5576	0.0119	-1.1152	0.0216	2	13.81335	0.7262077	3.11657	0.8318381	0.8633162	0.04951874	1.651278	0.01669718
deepmd-les-init0-neutral_sA	12500	19.3714	-1.16804714049105e-16	0.7946309354461704	0.561	0.0119	-1.1221	0.0238	2	13.82539	0.7263131	3.117506	0.8319075	0.8634795	0.04951874	1.653289	0.01669718
deepmd-les-init0-neutral_sA	12600	18.76325	-2.7755575615628914e-17	0.7908755108983412	0.5584	0.0111	-1.1168	0.0224	2	13.84031	0.7259208	3.117079	0.8317923	0.8632523	0.04951874	1.653436	0.01669718
deepmd-les-init0-neutral_sA	12700	19.791249999999998	-4.0476881106125497e-17	0.7945164760319432	0.5609	0.0121	-1.1218	0.0273	2	13.85055	0.725726	3.118004	0.8317548	0.8632647	0.04951874	1.65514	0.01669718
deepmd-les-init0-neutral_sA	12800	19.2406	4.7415775010032725e-17	0.7918146398941434	0.5591	0.0097	-1.1181	0.0241	2	13.86362	0.7254138	3.117842	0.8316494	0.863062	0.04951874	1.655866	0.01669718
deepmd-les-init0-neutral_sA	12900	19.1552	4.163336342344337e-17	0.791329404434307	0.5587	0.0129	-1.1173	0.0264	2	13.87789	0.7254198	3.118155	0.8316467	0.863094	0.04951874	1.656254	0.01669718
deepmd-les-init0-neutral_sA	13000	19.345100000000002	2.42861286636753e-17	0.7858044221352607	0.5548	0.0114	-1.1096	0.0223	2	13.89198	0.7251939	3.118233	0.831634	0.8630222	0.04951874	1.657162	0.01669718
deepmd-les-init0-neutral_sA	13100	19.909999999999997	1.4224732503009818e-16	0.7929820821051192	0.5599	0.0106	-1.1198	0.0231	2	13.90299	0.7255169	3.119831	0.8318024	0.8634029	0.04951874	1.659863	0.01669718
deepmd-les-init0-neutral_sA	13200	19.688000000000002	3.9320398788807623e-17	0.7876339810918707	0.5561	0.0117	-1.1122	0.0233	2	13.91731	0.7247224	3.119166	0.8315776	0.8629243	0.04951874	1.661875	0.01669718
deepmd-les-init0-neutral_sA	13300	18.72975	-4.7415775010032725e-17	0.7820874999061617	0.5522	0.0101	-1.1043	0.0253	2	13.93001	0.7237995	3.117747	0.8312018	0.8622179	0.04951874	1.661221	0.01669718
deepmd-les-init0-neutral_sA	13400	20.383699999999997	7.401486830834377e-17	0.7865862252175534	0.5553	0.0112	-1.1107	0.0272	2	13.94047	0.7237404	3.118066	0.8311423	0.8621334	0.04951874	1.662567	0.01669718
deepmd-les-init0-neutral_sA	13500	19.10215	-3.8163916471489756e-17	0.7877257835906242	0.5561	0.0109	-1.1123	0.0253	2	13.96196	0.7238499	3.120082	0.8313557	0.8626303	0.04951874	1.664915	0.01669718
deepmd-les-init0-neutral_sA	13600	18.6034	-7.632783294297951e-17	0.783138811271446	0.5529	0.0123	-1.1058	0.0243	2	13.97147	0.7235431	3.118709	0.831174	0.8621731	0.04951874	1.664436	0.01669718
deepmd-les-init0-neutral_sA	13700	18.9147	3.2381504884900395e-17	0.7853382012816235	0.5545	0.0125	-1.1089	0.0227	2	13.97972	0.7232759	3.11817	0.8310219	0.8618341	0.04951874	1.666377	0.01669718
deepmd-les-init0-neutral_sA	13800	19.1879	8.904913843347609e-17	0.77643549846417	0.5482	0.0102	-1.0964	0.0223	2	13.99432	0.7226084	3.118262	0.8308222	0.8615286	0.04951874	1.667625	0.01669718
deepmd-les-init0-neutral_sA	13900	19.985500000000002	-4.7415775010032725e-17	0.7845846827880746	0.5539	0.0113	-1.1079	0.0246	2	14.00906	0.7231071	3.119539	0.8310751	0.8619873	0.04951874	1.668245	0.01669718
deepmd-les-init0-neutral_sA	14000	19.39515	-1.850371707708594e-17	0.7797121968658449	0.5505	0.0111	-1.101	0.0234	2	14.02427	0.7226383	3.119916	0.8309917	0.8618664	0.04951874	1.670913	0.01669718
deepmd-les-init0-neutral_sA	14100	19.7483	3.0068540250264654e-17	0.7849771665883128	0.5542	0.0121	-1.1084	0.0246	2	14.03498	0.7227757	3.120739	0.8309905	0.8619592	0.04951873	1.672648	0.01669717
deepmd-les-init0-neutral_sA	14200	19.81185	-7.864079757761525e-17	0.7824454158003907	0.5524	0.0127	-1.1049	0.0224	2	14.04987	0.7227256	3.120352	0.8310094	0.8618934	0.04951873	1.671856	0.01669717
deepmd-les-init0-neutral_sA	14300	19.0842	1.491862189340054e-16	0.7819836153780869	0.5521	0.012	-1.1042	0.0249	2	14.06558	0.7224994	3.120953	0.8310199	0.8619322	0.04951874	1.673114	0.01669717
deepmd-les-init0-neutral_sA	14400	19.5325	-1.5149918356864114e-16	0.781421615320233	0.5517	0.0116	-1.1033	0.0276	2	14.06974	0.7219582	3.119827	0.8307655	0.8613493	0.04951874	1.674143	0.01669718
deepmd-les-init0-neutral_sA	14500	18.329	-4.163336342344337e-17	0.7803914919634888	0.551	0.0116	-1.1019	0.0252	2	14.09093	0.7219701	3.121204	0.83091	0.8616892	0.04951874	1.675774	0.01669718
deepmd-les-init0-neutral_sA	14600	19.1849	9.25185853854297e-18	0.7826257074511438	0.5526	0.0109	-1.1051	0.0249	2	14.10062	0.7221286	3.123136	0.8310179	0.8620067	0.04951874	1.678999	0.01669718
deepmd-les-init0-neutral_sA	14700	19.175600000000003	3.0068540250264654e-17	0.7771394115321076	0.5487	0.0125	-1.0973	0.0251	2	14.11582	0.7219819	3.122778	0.8309466	0.8618504	0.04951874	1.679669	0.01669718
deepmd-les-init0-neutral_sA	14800	18.8902	-9.598803233738332e-17	0.7751569294641572	0.5473	0.01	-1.0946	0.0231	2	14.13103	0.7214922	3.121902	0.8307962	0.8615004	0.04951874	1.679564	0.01669718
deepmd-les-init0-neutral_sA	14900	19.23385	-2.3129646346357427e-18	0.772900636631271	0.5457	0.0109	-1.0914	0.0233	2	14.15039	0.7217957	3.124103	0.8310673	0.8621091	0.04951874	1.682196	0.01669718
deepmd-les-init0-neutral_sA	15000	19.50585	-8.904913843347609e-17	0.7738722110378428	0.5464	0.0105	-1.0928	0.0228	2	14.1603	0.7217424	3.124483	0.8310626	0.86207	0.04951874	1.684647	0.01669718
deepmd-les-init0-neutral_sA	15100	17.9649	6.013708050052931e-17	0.7778061947301363	0.5491	0.0112	-1.0983	0.0243	2	14.16814	0.721789	3.124872	0.8310858	0.8621377	0.04951874	1.68465	0.01669718
deepmd-les-init0-neutral_sA	15200	18.88945	-5.782411586589356e-17	0.7750110723999722	0.5472	0.0098	-1.0944	0.0221	2	14.17262	0.7215884	3.124649	0.8310222	0.8620298	0.04951874	1.684571	0.01669718
deepmd-les-init0-neutral_sA	15300	19.0352	2.0816681711721685e-17	0.7752646480468982	0.5474	0.0124	-1.0947	0.0222	2	14.17602	0.7215573	3.125035	0.8310487	0.8620893	0.04951874	1.685273	0.01669718
deepmd-les-init0-neutral_sA	15400	19.371450000000003	1.6190752442450197e-17	0.7755086140942079	0.5475	0.0112	-1.095	0.0245	2	14.18105	0.7214467	3.125151	0.831025	0.8620829	0.04951874	1.685197	0.01669718
deepmd-les-init0-neutral_sA	15500	18.904	6.707597440443654e-17	0.7769928351207555	0.5486	0.0105	-1.0972	0.0242	2	14.18583	0.7215153	3.12574	0.831044	0.8621743	0.04951874	1.686068	0.01669718
deepmd-les-init0-neutral_sA	15600	19.42485	-1.5034270125132327e-17	0.7773458138368095	0.5488	0.0127	-1.0976	0.0246	2	14.18911	0.7214448	3.126527	0.8310694	0.8622813	0.04951874	1.687216	0.01669718
deepmd-les-init0-neutral_sA	15700	19.09185	3.122502256758253e-17	0.7743850931867718	0.5467	0.0116	-1.0935	0.0242	2	14.1981	0.7211638	3.126122	0.831076	0.8622232	0.04951874	1.686365	0.01669718
deepmd-les-init0-neutral_sA	15800	18.6745	-5.7824115865893565e-18	0.7736281388338463	0.5462	0.0107	-1.0924	0.0234	2	14.1991	0.721145	3.126365	0.8310326	0.8621886	0.04951874	1.686931	0.01669718
deepmd-les-init0-neutral_sA	15900	18.73375	-3.700743415417188e-17	0.7731130708073435	0.5458	0.0111	-1.0917	0.0228	2	14.20406	0.7208703	3.126025	0.8309241	0.8619896	0.04951874	1.686789	0.01669718
deepmd-les-init0-neutral_sA	16000	18.7965	-1.2721305490496585e-17	0.7756031288155643	0.5476	0.0109	-1.0952	0.0236	2	14.20672	0.7209927	3.12639	0.8309708	0.8620786	0.04951874	1.687894	0.01669718
deepmd-les-init0-neutral_sA	16100	18.6144	-1.5034270125132327e-17	0.7702554967407119	0.5438	0.0112	-1.0876	0.0241	2	14.21301	0.7207766	3.126485	0.8309268	0.862024	0.04951874	1.688076	0.01669718
deepmd-les-init0-neutral_sA	16200	17.726300000000002	-4.9728739644668466e-17	0.7739528453296366	0.5464	0.0106	-1.0929	0.0226	2	14.219	0.7207501	3.127061	0.8309304	0.8621092	0.04951874	1.688608	0.01669718
deepmd-les-init0-neutral_sA	16300	19.1697	-1.2836953722228372e-16	0.774191540935414	0.5466	0.0124	-1.0932	0.0255	2	14.22553	0.7206779	3.127121	0.8309641	0.8621398	0.04951874	1.688302	0.01669718
deepmd-les-init0-neutral_sA	16400	18.368299999999998	-2.659909329831104e-17	0.7750384425062373	0.5472	0.0098	-1.0944	0.0248	2	14.229	0.7206267	3.127837	0.8309488	0.8622049	0.04951874	1.689488	0.01669718
deepmd-les-init0-neutral_sA	16500	18.240499999999997	-2.7755575615628914e-17	0.7771576179259054	0.5487	0.0107	-1.0974	0.023	2	14.23261	0.7207813	3.128311	0.8310167	0.862338	0.04951874	1.6905	0.01669718
deepmd-les-init0-neutral_sA	16600	17.98705	4.5102810375396984e-17	0.7744757985580526	0.5468	0.0111	-1.0936	0.0228	2	14.24002	0.7204739	3.128278	0.8309811	0.8622502	0.04951874	1.690296	0.01669718
deepmd-les-init0-neutral_sA	16700	18.8561	-5.4354668913939954e-17	0.7692699753421204	0.5431	0.0113	-1.0862	0.0265	2	14.24718	0.7202162	3.128391	0.830904	0.8621551	0.04951874	1.690731	0.01669718
deepmd-les-init0-neutral_sA	16800	19.485950000000003	3.585095183685401e-17	0.7707515994725364	0.5442	0.012	-1.0883	0.0252	2	14.25264	0.720161	3.129062	0.8308959	0.8622159	0.04951874	1.692032	0.01669718
deepmd-les-init0-neutral_sA	16900	18.043	-2.42861286636753e-17	0.7697819052386923	0.5435	0.0099	-1.087	0.0211	2	14.26086	0.7199538	3.12932	0.8309158	0.8622288	0.04951874	1.69234	0.01669718
deepmd-les-init0-neutral_sB	1	0.0142	-2.1647903377293904e-17	0.005104651293177479	0.0029	0.0036	-0.0058	0.0012	2	3.265586	0.08702094	2.233464	0.3805711	0.6785189	0.1245688	0.5821549	0.01408295
deepmd-les-init0-neutral_sB	100	0.30384999999999995	7.517135062566164e-18	0.018754774472327946	-0.0017	0.0216	0.0034	0.0105	2	4.505822	0.111714	2.276577	0.356353	0.702703	0.1245687	0.8045565	0.01408302
deepmd-les-init0-neutral_sB	200	0.17020000000000002	-3.469446951953614e-18	0.0198162050685636	-0.0109	0.013	0.0218	0.0111	2	4.412682	0.1030414	2.248627	0.3614546	0.6890945	0.1245687	0.78607	0.014083
deepmd-les-init0-neutral_sB	300	0.15215	1.2757445562912768e-17	0.03477387376919612	-0.0234	0.0111	0.0468	0.0092	2	4.408701	0.1012841	2.2406	0.3630686	0.6853676	0.1245687	0.7943256	0.01408299
deepmd-les-init0-neutral_sB	400	0.10085	1.6046192152785466e-17	0.028789772358728222	-0.0192	0.0105	0.0383	0.0077	2	4.370511	0.09947499	2.233323	0.3647793	0.6821261	0.1245687	0.7925624	0.01408302
deepmd-les-init0-neutral_sB	500	0.06889999999999999	-1.3769367590565906e-17	0.013321029824573047	-0.0072	0.0087	0.0145	0.0082	2	4.349554	0.0980612	2.228547	0.3658225	0.6800794	0.1245687	0.7947276	0.01408302
deepmd-les-init0-neutral_sB	600	0.05685	-5.2403105003466046e-17	0.015030340440807945	0.0093	0.0073	-0.0187	0.007	2	4.336085	0.0969773	2.225338	0.3666297	0.6787798	0.1245687	0.7987476	0.01408301
deepmd-les-init0-neutral_sB	700	0.1043	3.9826359802634194e-17	0.03455860335297129	0.0238	0.0068	-0.0476	0.0088	2	4.324312	0.09614095	2.223286	0.367054	0.6779471	0.1245687	0.7998093	0.014083
deepmd-les-init0-neutral_sB	800	0.1427	6.718439462168509e-17	0.05635209645669649	0.0394	0.0065	-0.0789	0.0095	2	4.312885	0.09525954	2.221669	0.3675653	0.6772751	0.1245687	0.8000277	0.014083
deepmd-les-init0-neutral_sB	900	0.24155	-8.507373046769591e-17	0.07200481211498513	0.0504	0.0083	-0.1008	0.0112	2	4.326424	0.09424667	2.222356	0.3682071	0.6777861	0.1245687	0.8192759	0.01408301
deepmd-les-init0-neutral_sB	1000	0.3486	-2.0599841277224584e-17	0.07107984118003287	0.0488	0.0144	-0.0975	0.0211	2	4.416068	0.09407491	2.230173	0.3721137	0.6815974	0.1245687	0.8789091	0.01408301
deepmd-les-init0-neutral_sB	1100	0.31965	-5.0198560586078855e-17	0.04113416826360543	0.0262	0.0151	-0.0524	0.0222	2	4.494185	0.096841	2.23675	0.3872781	0.6838485	0.1245687	0.9075358	0.01408301
deepmd-les-init0-neutral_sB	1200	0.3173	2.2045444173871922e-18	0.018105789954122084	-0.0022	0.0153	0.0045	0.0221	2	4.581184	0.1063008	2.248542	0.4275825	0.6864406	0.1245687	0.9236402	0.01408301
deepmd-les-init0-neutral_sB	1300	0.3669	5.616167253474913e-17	0.06776778197879524	-0.0459	0.0165	0.0919	0.0233	2	4.764035	0.1344241	2.291305	0.5473351	0.6939377	0.1245687	0.9572116	0.01408301
deepmd-les-init0-neutral_sB	1400	1.00715	2.6165412429316838e-17	0.14227918366213393	-0.0991	0.0207	0.1982	0.028	2	5.075192	0.2098921	2.407801	0.748566	0.7099918	0.1245687	0.9843574	0.01408301
deepmd-les-init0-neutral_sB	1500	1.9661499999999998	3.382710778154774e-17	0.2339184704582197	-0.1638	0.0268	0.3275	0.0375	2	5.570909	0.337855	2.552444	0.9014641	0.7402328	0.1245687	1.0142	0.014083
deepmd-les-init0-neutral_sB	1600	2.7106500000000002	8.673617379884035e-19	0.27801878285525067	-0.1944	0.0335	0.3889	0.0474	2	6.002167	0.4048375	2.62553	0.9511427	0.7597306	0.1245687	1.024018	0.014083
deepmd-les-init0-neutral_sB	1700	3.96185	-1.3588667228484988e-16	0.3348142405732885	-0.2352	0.033	0.4704	0.0368	2	6.423295	0.4052419	2.658401	0.9605839	0.7702227	0.1245687	1.025784	0.01408299
deepmd-les-init0-neutral_sB	1800	5.33905	-2.2956173998759744e-16	0.4113340713527908	-0.2896	0.0258	0.5792	0.0417	2	6.872444	0.4023769	2.688854	0.9606643	0.7825347	0.1245687	1.021289	0.01408299
deepmd-les-init0-neutral_sB	1900	7.2646999999999995	3.122502256758253e-17	0.47085090487650033	-0.3318	0.0263	0.6636	0.039	2	7.346282	0.4121517	2.735999	0.9642479	0.8031489	0.1245687	1.01369	0.014083
deepmd-les-init0-neutral_sB	2000	9.3171	2.8738585585349103e-16	0.5355262161024419	-0.3777	0.0223	0.7555	0.0328	2	7.716102	0.4309688	2.788668	0.9684463	0.8292637	0.1245687	1.018508	0.01408299
deepmd-les-init0-neutral_sB	2100	11.1527	-1.734723475976807e-18	0.5863348216629454	-0.4138	0.0193	0.8275	0.0269	2	7.950006	0.4541722	2.846821	0.9726077	0.8588199	0.1245687	1.020339	0.014083
deepmd-les-init0-neutral_sB	2200	12.9956	-2.058538524825811e-16	0.6288932764912069	-0.4439	0.0193	0.8877	0.0258	2	8.09682	0.4758554	2.898756	0.9762124	0.8855678	0.1245687	1.0239	0.014083
deepmd-les-init0-neutral_sB	2300	14.2195	1.0986582014519777e-16	0.6671153310649374	-0.4709	0.0179	0.9417	0.0268	2	8.254123	0.4930693	2.937155	0.9780196	0.9062495	0.1245687	1.02993	0.01408303
deepmd-les-init0-neutral_sB	2400	16.1003	8.731441495749928e-17	0.7116841516031925	-0.5024	0.015	1.0048	0.024	2	8.377672	0.5075041	2.970622	0.9798645	0.922996	0.1245687	1.040211	0.01408303
deepmd-les-init0-neutral_sB	2500	16.3866	2.0469737016526324e-16	0.7310202720681146	-0.516	0.0177	1.0321	0.0263	2	8.458712	0.520841	3.000051	0.9815027	0.9370615	0.1245687	1.046231	0.01408303
deepmd-les-init0-neutral_sB	2600	17.38655	5.4354668913939954e-17	0.7496476721273907	-0.5292	0.0158	1.0584	0.0277	2	8.57964	0.5317545	3.023992	0.9827607	0.9487414	0.1245687	1.051103	0.01408303
deepmd-les-init0-neutral_sB	2700	19.2575	1.2605657258764797e-16	0.7779356580824304	-0.5492	0.0142	1.0984	0.0259	2	8.695035	0.5412999	3.044731	0.9836746	0.9584461	0.1245687	1.061873	0.01408302
deepmd-les-init0-neutral_sB	2800	18.43205	-2.1047978175185259e-16	0.7751545997384522	-0.5473	0.0141	1.0946	0.0209	2	8.79406	0.546963	3.058651	0.9836531	0.9648823	0.1245687	1.067941	0.01408302
deepmd-les-init0-neutral_sB	2900	18.49575	1.850371707708594e-16	0.7887739035196871	-0.5568	0.0172	1.1137	0.0243	2	8.889058	0.5511791	3.06711	0.9829306	0.9687532	0.1245687	1.075023	0.01408301
deepmd-les-init0-neutral_sB	3000	20.912399999999998	-7.28583859910259e-17	0.8121094498395656	-0.5733	0.0166	1.1467	0.0239	2	8.950876	0.5556505	3.076611	0.9828975	0.9729381	0.1245687	1.08286	0.014083
deepmd-les-init0-neutral_sB	3100	21.197899999999997	4.070817756958907e-16	0.7965719934018418	-0.5624	0.0163	1.1247	0.0238	2	9.04082	0.5579487	3.081861	0.9819052	0.9754917	0.1245687	1.084627	0.014083
deepmd-les-init0-neutral_sB	3200	19.744950000000003	-1.572815951552305e-16	0.8085727521716207	-0.5709	0.0131	1.1418	0.0229	2	9.107013	0.5615678	3.089672	0.9821227	0.9789997	0.1245687	1.091986	0.01408298
deepmd-les-init0-neutral_sB	3300	21.29915	-3.423187659260899e-16	0.8215923482799602	-0.58	0.0121	1.1601	0.0276	2	9.198334	0.5645036	3.096217	0.9817229	0.9816217	0.1245687	1.098042	0.01408297
deepmd-les-init0-neutral_sB	3400	22.3747	-3.585095183685401e-17	0.8295116230285591	-0.5857	0.0143	1.1713	0.0236	2	9.263812	0.5664234	3.099277	0.981084	0.9829737	0.1245687	1.105932	0.01408297
deepmd-les-init0-neutral_sB	3500	21.4833	7.170190367370802e-17	0.8392435340696721	-0.5925	0.0127	1.185	0.0274	2	9.328369	0.5679637	3.102077	0.9806755	0.9840174	0.1245687	1.112074	0.01408298
deepmd-les-init0-neutral_sB	3600	21.904	6.591949208711867e-17	0.8374143739266259	-0.5912	0.0141	1.1825	0.0225	2	9.383708	0.5687745	3.103453	0.9795891	0.9848409	0.1245687	1.115824	0.01408299
deepmd-les-init0-neutral_sB	3700	21.51905	-2.4401776895407085e-16	0.8326129551942212	-0.5878	0.0137	1.1757	0.0244	2	9.468242	0.5703347	3.108064	0.9795818	0.9865438	0.1245687	1.123204	0.01408299
deepmd-les-init0-neutral_sB	3800	22.01575	-1.7809827686695218e-16	0.8314413177891433	-0.587	0.0146	1.174	0.0259	2	9.52007	0.5716561	3.11098	0.9791877	0.9876166	0.1245687	1.127712	0.014083
deepmd-les-init0-neutral_sB	3900	23.94275	-1.1449174941446927e-16	0.8541105845875734	-0.603	0.0139	1.206	0.0265	2	9.548427	0.5732129	3.113979	0.9791233	0.9886801	0.1245687	1.134501	0.014083
deepmd-les-init0-neutral_sB	4000	22.619300000000003	-1.5381214820327688e-16	0.8388639883816152	-0.5923	0.0138	1.1845	0.0222	2	9.629874	0.571919	3.110251	0.978036	0.9874146	0.1245687	1.13792	0.014083
deepmd-les-init0-neutral_sB	4100	23.309350000000002	8.904913843347609e-17	0.8491957521096957	-0.5996	0.0144	1.1991	0.0206	2	9.680021	0.572482	3.111384	0.9772802	0.9878093	0.1245687	1.144478	0.01408301
deepmd-les-init0-neutral_sB	4200	22.34555	1.3877787807814457e-16	0.8524286351504178	-0.6018	0.0126	1.2037	0.0241	2	9.715335	0.5729828	3.113188	0.9767619	0.9880418	0.1245687	1.149472	0.014083
deepmd-les-init0-neutral_sB	4300	22.2805	-4.0476881106125497e-17	0.8479391386191593	-0.5987	0.0118	1.1974	0.024	2	9.77956	0.5736902	3.115246	0.9762759	0.9889405	0.1245687	1.156149	0.014083
deepmd-les-init0-neutral_sB	4400	22.87075	1.2258712563569435e-16	0.8461953973138422	-0.5974	0.014	1.1948	0.0267	2	9.809009	0.5743885	3.117482	0.9762105	0.989482	0.1245687	1.161076	0.014083
deepmd-les-init0-neutral_sB	4500	22.7544	-9.020562075079397e-17	0.8444419499243302	-0.5962	0.0134	1.1924	0.0247	2	9.863815	0.5749933	3.119965	0.9759773	0.9901621	0.1245687	1.165235	0.014083
deepmd-les-init0-neutral_sB	4600	23.49035	-3.2844097811827544e-16	0.8491384177134602	-0.5995	0.0144	1.199	0.024	2	9.901742	0.5755054	3.121394	0.9759012	0.9904997	0.1245687	1.170632	0.014083
deepmd-les-init0-neutral_sB	4700	22.854599999999998	5.782411586589356e-17	0.8435040877203935	-0.5955	0.0136	1.1911	0.0244	2	9.962172	0.5741132	3.117493	0.9749857	0.988841	0.1245687	1.17447	0.01408299
deepmd-les-init0-neutral_sB	4800	23.5624	-2.2320108724234916e-16	0.8432650471928449	-0.5954	0.0124	1.1907	0.0258	2	10.00025	0.5744175	3.118258	0.9744329	0.9889962	0.1245687	1.178847	0.014083
deepmd-les-init0-neutral_sB	4900	22.5045	1.5843807747254837e-16	0.8491151337320529	-0.5995	0.0139	1.199	0.0256	2	10.03759	0.5736913	3.116219	0.9736452	0.9879107	0.1245687	1.187526	0.014083
deepmd-les-init0-neutral_sB	5000	23.6681	6.476300976980079e-17	0.8533076140109367	-0.6024	0.0151	1.2049	0.0263	2	10.08763	0.5740403	3.117977	0.9736446	0.9884355	0.1245687	1.194213	0.01408299
deepmd-les-init0-neutral_sB	5100	22.40905	-4.625929269271485e-17	0.8499748813134499	-0.6001	0.0122	1.2003	0.0219	2	10.1185	0.574254	3.119256	0.9735657	0.9889332	0.1245687	1.195381	0.01408299
deepmd-les-init0-neutral_sB	5200	23.282600000000002	-1.2605657258764797e-16	0.8513623460103431	-0.6011	0.0111	1.2022	0.0234	2	10.12492	0.5745667	3.120111	0.9737864	0.9890759	0.1245687	1.197389	0.01408299
deepmd-les-init0-neutral_sB	5300	23.437150000000003	4.31367904359566e-16	0.8511233389292912	-0.6009	0.0135	1.2019	0.0233	2	10.13135	0.574405	3.120469	0.973719	0.9891499	0.1245687	1.198597	0.01408299
deepmd-les-init0-neutral_sB	5400	22.184399999999997	-6.245004513516506e-17	0.8487633542168074	-0.5992	0.0143	1.1985	0.0248	2	10.14276	0.5745089	3.121018	0.97384	0.9891978	0.1245687	1.199871	0.014083
deepmd-les-init0-neutral_sB	5500	21.8216	-5.597374415818497e-16	0.8454940458057592	-0.5969	0.0129	1.1938	0.029	2	10.15641	0.5742006	3.120908	0.9738094	0.9890587	0.1245687	1.201317	0.01408299
deepmd-les-init0-neutral_sB	5600	23.227899999999998	1.9081958235744878e-16	0.8496283234390701	-0.5999	0.0127	1.1997	0.0262	2	10.16777	0.5745998	3.121718	0.9740319	0.9891291	0.1245687	1.202546	0.01408299
deepmd-les-init0-neutral_sB	5700	22.4636	-2.0122792321330962e-16	0.8470139775768791	-0.598	0.0136	1.196	0.0275	2	10.1784	0.5740125	3.121148	0.9738285	0.9886977	0.1245687	1.205532	0.01408299
deepmd-les-init0-neutral_sB	5800	22.77295	3.457882128780435e-16	0.8458888329195536	-0.5972	0.0126	1.1944	0.0263	2	10.18906	0.5741445	3.121945	0.9739544	0.988933	0.1245687	1.205407	0.01408299
deepmd-les-init0-neutral_sB	5900	22.1393	-6.129356281784718e-17	0.8501441861759707	-0.6002	0.0131	1.2004	0.0288	2	10.20438	0.5742334	3.122445	0.9740765	0.9890356	0.1245687	1.206917	0.01408299
deepmd-les-init0-neutral_sB	6000	23.180500000000002	-3.064678140892359e-16	0.8464584376590135	-0.5976	0.0127	1.1952	0.0302	2	10.21384	0.5738459	3.12216	0.9739828	0.9886344	0.1245687	1.208991	0.01408299
deepmd-les-init0-neutral_sB	6100	22.281950000000002	-9.020562075079397e-17	0.8502916361405942	-0.6003	0.0134	1.2006	0.0285	2	10.22945	0.5737453	3.122549	0.9739434	0.9885237	0.1245687	1.212257	0.01408299
deepmd-les-init0-neutral_sB	6200	22.214750000000002	1.7578531223231644e-16	0.845890495245594	-0.5972	0.0126	1.1944	0.0266	2	10.24298	0.5734664	3.122118	0.9739968	0.9883129	0.1245687	1.212679	0.014083
deepmd-les-init0-neutral_sB	6300	22.3219	-1.5612511283791264e-16	0.8489021870136517	-0.5993	0.0139	1.1987	0.0256	2	10.25222	0.5736499	3.123012	0.9740911	0.9885513	0.1245687	1.216107	0.014083
deepmd-les-init0-neutral_sB	6400	22.4113	1.376213957608267e-16	0.8478146455869946	-0.5986	0.0125	1.1972	0.0249	2	10.26636	0.5735132	3.123006	0.9741726	0.9882136	0.1245687	1.21825	0.014083
deepmd-les-init0-neutral_sB	6500	21.1053	-2.42861286636753e-16	0.8425671559698497	-0.5949	0.0122	1.1898	0.0246	2	10.28415	0.5734826	3.123495	0.9742202	0.9883874	0.1245687	1.217832	0.014083
deepmd-les-init0-neutral_sB	6600	23.09415	-6.591949208711867e-17	0.8434197636767011	-0.5954	0.0151	1.1908	0.0304	2	10.29401	0.5731948	3.123447	0.9740534	0.9881144	0.1245687	1.219695	0.014083
deepmd-les-init0-neutral_sB	6700	22.7399	-2.659909329831104e-17	0.8439196886815512	-0.5958	0.0121	1.1916	0.0279	2	10.31347	0.5733924	3.124564	0.9741398	0.9883829	0.1245687	1.222411	0.014083
deepmd-les-init0-neutral_sB	6800	21.85125	-1.16804714049105e-16	0.8463220972236849	-0.5975	0.0125	1.195	0.0274	2	10.33042	0.5732918	3.124625	0.9743176	0.9882537	0.1245687	1.226518	0.014083
deepmd-les-init0-neutral_sB	6900	22.216099999999997	4.0939474033052647e-16	0.8445127963346776	-0.5962	0.0117	1.1925	0.029	2	10.34997	0.5725515	3.123256	0.9740347	0.9874291	0.1245687	1.228615	0.014083
deepmd-les-init0-neutral_sB	7000	22.2763	-1.3183898417423734e-16	0.8411539690435071	-0.5939	0.014	1.1877	0.0275	2	10.37097	0.5723448	3.123634	0.9741215	0.9874806	0.1245687	1.23149	0.014083
deepmd-les-init0-neutral_sB	7100	21.98115	-4.9728739644668466e-17	0.8524334075095653	-0.6018	0.0125	1.2037	0.0258	2	10.38892	0.5729195	3.125062	0.9745283	0.9878943	0.1245687	1.235623	0.014083
deepmd-les-init0-neutral_sB	7200	22.8567	-6.360652745248292e-17	0.8423772584318093	-0.5947	0.0141	1.1894	0.0296	2	10.41319	0.5720152	3.12351	0.9743356	0.987134	0.1245687	1.236089	0.014083
deepmd-les-init0-neutral_sB	7300	22.44915	2.0701033479989897e-16	0.848222363300023	-0.5988	0.012	1.1977	0.0298	2	10.4345	0.5720905	3.124502	0.9743875	0.9871802	0.1245687	1.241518	0.014083
deepmd-les-init0-neutral_sB	7400	22.19345	6.938893903907228e-17	0.8404295750942096	-0.5934	0.0137	1.1867	0.0234	2	10.45551	0.5718875	3.124729	0.9742584	0.9872225	0.1245687	1.242665	0.014083
deepmd-les-init0-neutral_sB	7500	22.31175	2.706168622523819e-16	0.8396842460722976	-0.5928	0.0139	1.1857	0.0257	2	10.47015	0.5713583	3.123577	0.9740961	0.9864573	0.1245687	1.24565	0.01408301
deepmd-les-init0-neutral_sB	7600	21.62545	-2.2320108724234916e-16	0.8379387340357808	-0.5916	0.0116	1.1832	0.0286	2	10.48745	0.5714046	3.124184	0.9740285	0.9864518	0.1245687	1.24747	0.01408301
deepmd-les-init0-neutral_sB	7700	22.4075	-1.329954664915552e-16	0.8378610130272045	-0.5915	0.0136	1.1831	0.0244	2	10.51382	0.5709661	3.123969	0.9738662	0.9861443	0.1245687	1.249741	0.014083
deepmd-les-init0-neutral_sB	7800	22.62275	1.1564823173178712e-16	0.8399743354524111	-0.593	0.0115	1.1861	0.0271	2	10.53773	0.5715788	3.125541	0.9740826	0.9865039	0.1245687	1.255778	0.01408301
deepmd-les-init0-neutral_sB	7900	22.26465	-1.9891495857867386e-16	0.8376705777802081	-0.5914	0.0139	1.1828	0.0257	2	10.56529	0.5708988	3.124468	0.973879	0.9859181	0.1245687	1.257521	0.014083
deepmd-les-init0-neutral_sB	8000	22.2765	4.868790555908238e-16	0.8422835713118448	-0.5947	0.0132	1.1893	0.0264	2	10.58293	0.5707118	3.124638	0.9736385	0.985493	0.1245687	1.262443	0.014083
deepmd-les-init0-neutral_sB	8100	22.62885	1.3530843112619095e-16	0.842956311802827	-0.5951	0.0134	1.1903	0.0248	2	10.60509	0.5708542	3.126191	0.973561	0.9860164	0.1245687	1.266206	0.014083
deepmd-les-init0-neutral_sB	8200	23.5821	-4.163336342344337e-17	0.8421196756770776	-0.5946	0.0118	1.1892	0.0227	2	10.63317	0.5714081	3.127507	0.9740998	0.9865926	0.1245687	1.268057	0.014083
deepmd-les-init0-neutral_sB	8300	22.148200000000003	1.0292692624129055e-16	0.8479247036127143	-0.5987	0.0119	1.1973	0.0267	2	10.65818	0.5705833	3.126029	0.9739949	0.9857314	0.1245687	1.272434	0.014083
deepmd-les-init0-neutral_sB	8400	22.113500000000002	3.9782991715734773e-16	0.8426725080070161	-0.5949	0.0133	1.1898	0.0284	2	10.6852	0.5703846	3.126268	0.9738963	0.9857167	0.1245687	1.275299	0.014083
deepmd-les-init0-neutral_sB	8500	23.04625	-9.367506770274758e-17	0.8400628793638427	-0.5931	0.0129	1.1862	0.0236	2	10.70446	0.570531	3.12696	0.9739231	0.9858179	0.1245687	1.277973	0.014083
deepmd-les-init0-neutral_sB	8600	21.471899999999998	-1.1911767868374074e-16	0.8397260010041373	-0.5929	0.0131	1.1857	0.0267	2	10.73832	0.5701647	3.12676	0.9737018	0.9853662	0.1245687	1.282569	0.014083
deepmd-les-init0-neutral_sB	8700	22.05135	-4.278984574076124e-17	0.834958007003869	-0.5895	0.013	1.179	0.0249	2	10.76876	0.5693349	3.125617	0.97327	0.9846856	0.1245687	1.286031	0.01408301
deepmd-les-init0-neutral_sB	8800	22.852249999999998	4.394632805807911e-17	0.8409402767147067	-0.5937	0.0135	1.1874	0.0247	2	10.78171	0.5692953	3.125787	0.9729462	0.9844406	0.1245687	1.290517	0.014083
deepmd-les-init0-neutral_sB	8900	22.2606	1.9660199394403812e-17	0.8374946924827136	-0.5913	0.0121	1.1826	0.0248	2	10.80486	0.5692226	3.125684	0.9732505	0.9842736	0.1245687	1.293723	0.01408301
deepmd-les-init0-neutral_sB	9000	22.184849999999997	7.054542135639015e-17	0.8288473859531921	-0.5852	0.0129	1.1704	0.0251	2	10.83968	0.5687338	3.125622	0.9729435	0.9841242	0.1245687	1.296346	0.01408301
deepmd-les-init0-neutral_sB	9100	21.7699	-1.1911767868374074e-16	0.8289239110452834	-0.5852	0.0117	1.1705	0.0258	2	10.8681	0.5682642	3.124633	0.9726861	0.9834457	0.1245687	1.299894	0.01408301
deepmd-les-init0-neutral_sB	9200	22.4985	1.4687325429936965e-16	0.8357610969408528	-0.5901	0.014	1.1801	0.0249	2	10.88958	0.568592	3.126225	0.972654	0.9838698	0.1245687	1.304255	0.01408301
deepmd-les-init0-neutral_sB	9300	21.66155	1.9313254699208451e-16	0.8375406645983079	-0.5913	0.0124	1.1826	0.0269	2	10.91425	0.5686147	3.126476	0.972551	0.9836775	0.1245687	1.307243	0.01408301
deepmd-les-init0-neutral_sB	9400	20.8333	-9.367506770274758e-17	0.8346031590737802	-0.5892	0.0123	1.1785	0.0259	2	10.93838	0.5683247	3.126683	0.9723758	0.9837469	0.1245687	1.310996	0.01408301
deepmd-les-init0-neutral_sB	9500	22.5843	-5.898059818321144e-17	0.8344140042827439	-0.5891	0.0131	1.1783	0.0233	2	10.97258	0.5679507	3.127002	0.9724022	0.9834901	0.1245687	1.315103	0.01408302
deepmd-les-init0-neutral_sB	9600	21.6777	-2.0238440553062748e-16	0.8248979446109206	-0.5824	0.0136	1.1648	0.0263	2	11.00037	0.5673253	3.126279	0.9721657	0.9828938	0.1245687	1.316761	0.01408301
deepmd-les-init0-neutral_sB	9700	22.340850000000003	-3.2381504884900395e-17	0.8250835943090737	-0.5825	0.0143	1.165	0.0243	2	11.02717	0.5669844	3.126138	0.9719384	0.9825872	0.1245687	1.320887	0.01408301
deepmd-les-init0-neutral_sB	9800	21.1657	6.013708050052931e-17	0.8311428826084721	-0.5868	0.0127	1.1736	0.024	2	11.04955	0.5669905	3.126368	0.9719513	0.9825254	0.1245687	1.325901	0.01408301
deepmd-les-init0-neutral_sB	9900	20.9645	-1.0755285551056204e-16	0.8273033981605287	-0.5841	0.0135	1.1681	0.0271	2	11.0776	0.5669449	3.127226	0.9718345	0.9826373	0.1245687	1.330087	0.01408301
deepmd-les-init0-neutral_sB	10000	21.9824	2.5326962749261384e-16	0.8292830556025671	-0.5855	0.0122	1.171	0.0269	2	11.10643	0.5666194	3.126756	0.97163	0.9822499	0.1245687	1.333516	0.01408301
deepmd-les-init0-neutral_sB	10100	21.21275	-1.4687325429936965e-16	0.8251895732376475	-0.5826	0.0125	1.1652	0.0234	2	11.12067	0.5665116	3.126895	0.9715919	0.9821494	0.1245687	1.333216	0.01408301
deepmd-les-init0-neutral_sB	10200	21.808149999999998	1.942890293094024e-16	0.8241060007659499	-0.5818	0.012	1.1637	0.0244	2	11.13055	0.5667049	3.128091	0.9716429	0.9826336	0.1245687	1.335228	0.01408301
deepmd-les-init0-neutral_sB	10300	22.16835	-2.0469737016526324e-16	0.8265653496101887	-0.5836	0.0131	1.1672	0.0239	2	11.13684	0.5669339	3.128928	0.9717829	0.9828798	0.1245687	1.336712	0.01408301
deepmd-les-init0-neutral_sB	10400	21.53565	-2.220446049250313e-16	0.8231662482611897	-0.5812	0.0119	1.1624	0.0233	2	11.14811	0.5668298	3.129279	0.9717781	0.982982	0.1245687	1.3366	0.01408301
deepmd-les-init0-neutral_sB	10500	21.5512	-1.6422048905913772e-16	0.8249944364935181	-0.5824	0.0127	1.1649	0.0272	2	11.15776	0.5667768	3.129524	0.9718462	0.9829924	0.1245687	1.338225	0.01408301
deepmd-les-init0-neutral_sB	10600	21.98185	-4.48715139119334e-16	0.8274454464459406	-0.5842	0.013	1.1684	0.0222	2	11.16314	0.5668177	3.129861	0.9720259	0.9830551	0.1245687	1.33864	0.01408301
deepmd-les-init0-neutral_sB	10700	22.55955	-3.2497153116632183e-16	0.8233964373085084	-0.5813	0.0123	1.1627	0.0261	2	11.17437	0.5668693	3.130648	0.9720545	0.9833378	0.1245687	1.340487	0.01408301
deepmd-les-init0-neutral_sB	10800	22.1405	1.0986582014519777e-16	0.8288721207479076	-0.5852	0.014	1.1704	0.0266	2	11.18132	0.5671939	3.131781	0.9722048	0.9836812	0.1245687	1.341634	0.01408301
deepmd-les-init0-neutral_sB	10900	22.04815	5.7824115865893565e-18	0.8249279740707615	-0.5824	0.0114	1.1649	0.0222	2	11.1896	0.5669191	3.131764	0.9721	0.9835317	0.1245687	1.342911	0.01408301
deepmd-les-init0-neutral_sB	11000	20.986800000000002	-1.2605657258764797e-16	0.8242598520443715	-0.5819	0.0129	1.1639	0.0267	2	11.20357	0.5668444	3.13201	0.9721233	0.9835279	0.1245687	1.344189	0.01408301
deepmd-les-init0-neutral_sB	11100	21.3808	-1.364649134435088e-16	0.8250902998819031	-0.5825	0.0129	1.1651	0.0227	2	11.21045	0.5667602	3.132373	0.9721334	0.9834833	0.1245687	1.344846	0.01408301
deepmd-les-init0-neutral_sB	11200	21.6035	5.66676335485757e-17	0.8250232284289042	-0.5825	0.0123	1.165	0.0244	2	11.22078	0.5667738	3.13271	0.9722472	0.9836068	0.1245687	1.346034	0.01408301
deepmd-les-init0-neutral_sB	11300	21.1189	-1.2374360795301223e-16	0.8255500256097515	-0.5829	0.0131	1.1657	0.0234	2	11.23122	0.5664512	3.132297	0.9722408	0.9833014	0.1245687	1.347638	0.01408301
deepmd-les-init0-neutral_sB	11400	21.67505	-2.659909329831104e-17	0.8189777410788031	-0.5782	0.0127	1.1564	0.0235	2	11.24418	0.5662039	3.13277	0.9721747	0.9834326	0.1245687	1.347911	0.01408301
deepmd-les-init0-neutral_sB	11500	20.847	1.9660199394403812e-17	0.8221264522063181	-0.5804	0.0113	1.1609	0.0271	2	11.25787	0.5659496	3.132642	0.9721891	0.983096	0.1245687	1.350408	0.01408301
deepmd-les-init0-neutral_sB	11600	21.8503	1.607510421071841e-16	0.8219099080276561	-0.5803	0.0127	1.1606	0.0246	2	11.26854	0.5661724	3.133655	0.9723008	0.9834652	0.1245687	1.351818	0.01408301
deepmd-les-init0-neutral_sB	11700	21.42	-1.7115938296304495e-16	0.8207291408646916	-0.5795	0.0113	1.1589	0.0254	2	11.2769	0.5657002	3.133097	0.9721192	0.9829599	0.1245687	1.353045	0.01408301
deepmd-les-init0-neutral_sB	11800	21.8016	8.557969148152248e-17	0.8188029739284307	-0.5781	0.0118	1.1562	0.0229	2	11.29627	0.5657478	3.133929	0.9722825	0.9832569	0.1245687	1.354425	0.01408301
deepmd-les-init0-neutral_sB	11900	21.244750000000003	-2.0469737016526324e-16	0.823715357096139	-0.5816	0.0137	1.1631	0.0248	2	11.30117	0.5655809	3.133743	0.972192	0.9829546	0.1245687	1.355809	0.01408301
deepmd-les-init0-neutral_sB	12000	21.69795	2.1163626406917047e-16	0.8190803798275325	-0.5783	0.0124	1.1566	0.023	2	11.32034	0.565463	3.134084	0.9723715	0.9829618	0.1245687	1.357539	0.01408301
deepmd-les-init0-neutral_sB	12100	21.2566	1.3183898417423734e-16	0.8212556854633568	-0.5798	0.0122	1.1597	0.0242	2	11.33052	0.5653941	3.13424	0.9723558	0.9829535	0.1245687	1.358699	0.01408301
deepmd-les-init0-neutral_sB	12200	21.049799999999998	-1.121787847798335e-16	0.8236599938391395	-0.5815	0.0124	1.1631	0.0234	2	11.34066	0.5655455	3.134955	0.9724331	0.983044	0.1245687	1.361143	0.01408301
deepmd-les-init0-neutral_sB	12300	20.5766	2.2320108724234916e-16	0.8191566659102613	-0.5784	0.0117	1.1567	0.0244	2	11.35569	0.564841	3.134049	0.9720632	0.9824178	0.1245687	1.362871	0.01408301
deepmd-les-init0-neutral_sB	12400	21.240450000000003	5.7824115865893565e-18	0.8200174272375282	-0.579	0.0115	1.158	0.0211	2	11.37579	0.5648116	3.135052	0.9721582	0.9826429	0.1245687	1.363345	0.01408301
deepmd-les-init0-neutral_sB	12500	20.73845	-4.394632805807911e-17	0.8212449251113833	-0.5798	0.0108	1.1597	0.0227	2	11.38446	0.5651112	3.13607	0.9723283	0.9829502	0.1245687	1.365088	0.01408301
deepmd-les-init0-neutral_sB	12600	21.04885	-8.326672684688674e-17	0.812940409190348	-0.5739	0.0114	1.1479	0.0267	2	11.39912	0.5645829	3.135648	0.9721443	0.9827075	0.1245687	1.365914	0.01408301
deepmd-les-init0-neutral_sB	12700	21.622799999999998	6.82324567217544e-17	0.8133547883696063	-0.5743	0.0124	1.1485	0.0238	2	11.415	0.5648207	3.137052	0.9722275	0.9832727	0.1245687	1.369358	0.01408301
deepmd-les-init0-neutral_sB	12800	21.5629	1.2374360795301223e-16	0.8197849820433609	-0.5788	0.0131	1.1575	0.0282	2	11.43077	0.5647031	3.137322	0.9723053	0.9831614	0.1245687	1.370954	0.01408301
deepmd-les-init0-neutral_sB	12900	21.108449999999998	-7.054542135639015e-17	0.8121122805876282	-0.5734	0.012	1.1468	0.0234	2	11.44876	0.5642136	3.136796	0.9721563	0.9826386	0.1245687	1.371941	0.01408301
deepmd-les-init0-neutral_sB	13000	21.435299999999998	6.476300976980079e-17	0.8103939733989132	-0.5721	0.0127	1.1443	0.0256	2	11.46881	0.5636996	3.136399	0.9719521	0.9822198	0.1245687	1.374619	0.01408301
deepmd-les-init0-neutral_sB	13100	21.21415	9.71445146547012e-17	0.8103616249936784	-0.5722	0.012	1.1443	0.0201	2	11.48127	0.5635709	3.136992	0.971824	0.982205	0.1245687	1.375012	0.01408301
deepmd-les-init0-neutral_sB	13200	20.05165	4.163336342344337e-17	0.8096643811934514	-0.5716	0.0118	1.1433	0.024	2	11.50042	0.5636285	3.137886	0.9719501	0.9824781	0.1245687	1.37744	0.01408301
deepmd-les-init0-neutral_sB	13300	21.375700000000002	1.2605657258764797e-16	0.8115636976228195	-0.573	0.0109	1.146	0.0201	2	11.51517	0.5637145	3.139089	0.9719743	0.9827689	0.1245687	1.380069	0.01408301
deepmd-les-init0-neutral_sB	13400	21.121850000000002	-2.729298268870176e-16	0.813925034157238	-0.5746	0.0115	1.1493	0.0263	2	11.52622	0.5636107	3.138608	0.9719537	0.9823912	0.1245687	1.380507	0.01408301
deepmd-les-init0-neutral_sB	13500	20.17405	-1.249000902703301e-16	0.8084043181025274	-0.5708	0.0126	1.1415	0.0239	2	11.54348	0.5630641	3.138065	0.9718346	0.982034	0.1245687	1.382425	0.01408301
deepmd-les-init0-neutral_sB	13600	20.8166	1.0755285551056204e-16	0.8118727187838313	-0.5732	0.0116	1.1465	0.0213	2	11.5622	0.5628742	3.138061	0.971832	0.9817331	0.1245687	1.38413	0.01408301
deepmd-les-init0-neutral_sB	13700	20.68395	2.3129646346357426e-17	0.8118414526789052	-0.5732	0.0118	1.1463	0.0266	2	11.57393	0.5631482	3.139001	0.9719161	0.9820531	0.1245687	1.386845	0.01408301
deepmd-les-init0-neutral_sB	13800	20.2359	5.7824115865893565e-18	0.8127371844421523	-0.5738	0.012	1.1477	0.0223	2	11.5925	0.5627302	3.139113	0.971805	0.9818614	0.1245687	1.387841	0.01408301
deepmd-les-init0-neutral_sB	13900	20.773699999999998	-1.2952601953960158e-16	0.8070152540201837	-0.5698	0.011	1.1396	0.0234	2	11.60758	0.5627949	3.139643	0.9718938	0.9819727	0.1245687	1.389777	0.01408301
deepmd-les-init0-neutral_sB	14000	19.73715	2.42861286636753e-16	0.8077494342625591	-0.5703	0.0115	1.1406	0.0233	2	11.62243	0.562277	3.139092	0.9715496	0.9815166	0.1245687	1.391599	0.01408301
deepmd-les-init0-neutral_sB	14100	20.4987	-1.572815951552305e-16	0.8067480697862536	-0.5696	0.0121	1.1392	0.0216	2	11.63103	0.5621862	3.139088	0.9716235	0.9812994	0.1245687	1.392691	0.01408301
deepmd-les-init0-neutral_sB	14200	20.85125	-1.0755285551056204e-16	0.8032864750033771	-0.5672	0.0102	1.1343	0.0223	2	11.65319	0.5617024	3.139126	0.9713703	0.9811653	0.1245687	1.395024	0.01408301
deepmd-les-init0-neutral_sB	14300	20.103099999999998	3.608224830031759e-16	0.8045268821102083	-0.568	0.0137	1.136	0.0249	2	11.66681	0.5618131	3.13996	0.9714215	0.9812953	0.1245687	1.397598	0.01408301
deepmd-les-init0-neutral_sB	14400	20.53455	1.3530843112619095e-16	0.8077972689603348	-0.5703	0.0118	1.1407	0.0241	2	11.6809	0.5619068	3.14027	0.9715885	0.9812132	0.1245687	1.398317	0.01408301
deepmd-les-init0-neutral_sB	14500	20.775350000000003	-4.649058915617843e-16	0.8030611192490786	-0.567	0.0128	1.134	0.0239	2	11.69476	0.5611614	3.139835	0.9711163	0.9809227	0.1245687	1.400645	0.01408301
deepmd-les-init0-neutral_sB	14600	19.4262	-1.97758476261356e-16	0.801088864794969	-0.5656	0.0126	1.1312	0.0236	2	11.71413	0.5613399	3.141221	0.9711336	0.9814376	0.1245687	1.402054	0.01408301
deepmd-les-init0-neutral_sB	14700	19.35405	-3.631354476378116e-16	0.8016941619345984	-0.566	0.0117	1.1321	0.0229	2	11.728	0.560815	3.13992	0.9711879	0.9806168	0.1245687	1.40246	0.01408301
deepmd-les-init0-neutral_sB	14800	20.982799999999997	3.423187659260899e-16	0.8048761723739478	-0.5683	0.0125	1.1365	0.0228	2	11.74643	0.5608878	3.141109	0.9713057	0.9810197	0.1245687	1.406042	0.01408301
deepmd-les-init0-neutral_sB	14900	20.535800000000002	-2.0469737016526324e-16	0.8058367383944744	-0.569	0.0117	1.1379	0.0231	2	11.76295	0.5605262	3.14036	0.9710548	0.9804473	0.1245687	1.407074	0.01408301
deepmd-les-init0-neutral_sB	15000	19.7497	4.001428817919835e-16	0.8018757986572604	-0.5662	0.0119	1.1323	0.0233	2	11.77559	0.5602131	3.140478	0.9709268	0.9803189	0.1245687	1.408351	0.01408301
deepmd-les-init0-neutral_sB	15100	20.376350000000002	-1.0292692624129055e-16	0.8006992472368261	-0.5653	0.0121	1.1306	0.0235	2	11.78496	0.5600961	3.140584	0.9708753	0.9802226	0.1245687	1.410317	0.014083
deepmd-les-init0-neutral_sB	15200	19.9422	-2.5326962749261384e-16	0.8001417023592892	-0.5649	0.0116	1.1299	0.0238	2	11.78998	0.5600778	3.140667	0.9709442	0.9801851	0.1245687	1.410203	0.014083
deepmd-les-init0-neutral_sB	15300	20.6019	2.69460379935064e-16	0.7988219984716649	-0.564	0.0131	1.128	0.0227	2	11.79382	0.5601472	3.141253	0.9709781	0.9804206	0.1245687	1.41045	0.014083
deepmd-les-init0-neutral_sB	15400	20.14985	4.7415775010032725e-17	0.7987425112136677	-0.5639	0.0111	1.1279	0.0243	2	11.79779	0.5601773	3.141587	0.971016	0.980482	0.1245687	1.410881	0.014083
deepmd-les-init0-neutral_sB	15500	20.1069	-1.4456028966473392e-16	0.8003100467079565	-0.565	0.0128	1.1301	0.0237	2	11.80241	0.5600945	3.141624	0.9709777	0.9804118	0.1245687	1.411347	0.014083
deepmd-les-init0-neutral_sB	15600	20.17475	-2.902770616467857e-16	0.7995748282368876	-0.5645	0.0126	1.1291	0.022	2	11.80987	0.5601507	3.142315	0.9710172	0.9806833	0.1245687	1.411741	0.014083
deepmd-les-init0-neutral_sB	15700	19.8536	-7.748431526029738e-17	0.7969406316260712	-0.5627	0.0111	1.1254	0.0226	2	11.81492	0.5601175	3.142533	0.9710161	0.9807034	0.1245687	1.412646	0.014083
deepmd-les-init0-neutral_sB	15800	20.8497	-1.0292692624129055e-16	0.7979400884000544	-0.5634	0.0125	1.1267	0.0242	2	11.81961	0.5600343	3.142432	0.97113	0.9805739	0.1245687	1.41304	0.01408301
deepmd-les-init0-neutral_sB	15900	19.74755	1.896631000401309e-16	0.8008033242867788	-0.5654	0.0121	1.1308	0.0248	2	11.82439	0.5599682	3.14261	0.9710992	0.9805013	0.1245687	1.413902	0.014083
deepmd-les-init0-neutral_sB	16000	19.8322	-2.7755575615628914e-17	0.7984539249358233	-0.5637	0.0122	1.1275	0.0214	2	11.83136	0.5596922	3.142262	0.9711161	0.9802785	0.1245687	1.414108	0.014083
deepmd-les-init0-neutral_sB	16100	20.484250000000003	-1.5149918356864114e-16	0.7979980834905366	-0.5634	0.0113	1.1269	0.0217	2	11.8369	0.5598987	3.143108	0.9712615	0.9806099	0.1245687	1.41473	0.014083
deepmd-les-init0-neutral_sB	16200	20.5819	3.2844097811827544e-16	0.7947263526291886	-0.5611	0.0115	1.1222	0.0236	2	11.84516	0.5597523	3.143379	0.971196	0.9806883	0.1245687	1.414857	0.014083
deepmd-les-init0-neutral_sB	16300	19.849400000000003	-1.0408340855860843e-17	0.7972007460265804	-0.5629	0.0118	1.1257	0.0224	2	11.85053	0.5596182	3.143128	0.9711855	0.9803905	0.1245687	1.416296	0.014083
deepmd-les-init0-neutral_sB	16400	20.09115	2.463307335887066e-16	0.7977921212582432	-0.5633	0.0107	1.1265	0.0236	2	11.85514	0.5595762	3.143534	0.9711992	0.9804725	0.1245687	1.417083	0.014083
deepmd-les-init0-neutral_sB	16500	20.196649999999998	-1.2374360795301223e-16	0.7995478726894618	-0.5645	0.013	1.129	0.0233	2	11.86174	0.5595323	3.143514	0.9713602	0.980386	0.1245687	1.417415	0.014083
deepmd-les-init0-neutral_sB	16600	20.3404	3.700743415417188e-17	0.7988501489554849	-0.564	0.0111	1.128	0.0246	2	11.86985	0.5594848	3.143906	0.9712784	0.980422	0.1245687	1.417628	0.01408301
deepmd-les-init0-neutral_sB	16700	20.270899999999997	1.2721305490496585e-17	0.79569777727668	-0.5618	0.0112	1.1236	0.0233	2	11.87836	0.5590742	3.143305	0.9712109	0.9800339	0.1245687	1.417962	0.014083
deepmd-les-init0-neutral_sB	16800	19.3857	1.4340380734741604e-16	0.7962074882384171	-0.5622	0.0111	1.1243	0.0218	2	11.88577	0.5590861	3.14377	0.9712932	0.9801851	0.1245687	1.419106	0.014083
deepmd-les-init0-neutral_sB	16900	20.1212	-2.1510571102112408e-16	0.7971911233388176	-0.5629	0.0115	1.1257	0.0225	2	11.89327	0.5591551	3.14442	0.9713477	0.9803643	0.1245687	1.419902	0.014083
deepmd-les_sA	1	15.9388	-0.06302615236625324	0.599539777519953	0.3604	0.0019	-0.9098	0.0031	2	3.26091	0.07944037	2.295538	0.3637067	0.4748243	0.0495187	0.566073	0.01669714
deepmd-les_sA	100	15.7664	-0.02647598078171217	0.6684968068057352	0.4454	0.0168	-0.9702	0.0243	2	5.087615	0.1591704	2.398626	0.3947301	0.5106974	0.02905208	0.8654706	0.003769479
deepmd-les_sA	200	17.057499999999997	-0.0036784108098522695	0.7272466504920998	0.5098	0.0113	-1.0306	0.0171	2	5.380865	0.166114	2.389793	0.3968592	0.5059324	0.02798757	0.8575725	0.00483399
deepmd-les_sA	300	15.86	0.019132369317486422	0.7303094898665247	0.5348	0.0095	-1.0122	0.0188	2	5.570597	0.1918038	2.391685	0.4061544	0.5112552	0.0240235	0.8484934	0.008798056
deepmd-les_sA	400	15.66065	0.035386915765503	0.744835763189792	0.5613	0.0096	-1.0165	0.0141	2	5.944165	0.2195009	2.435185	0.4144418	0.5245351	0.02082104	0.8461251	0.01200052
deepmd-les_sA	500	17.2093	0.04884618451258882	0.7766599379795179	0.5972	0.013	-1.0479	0.0156	2	6.402308	0.2458746	2.513885	0.4206772	0.5459924	0.01852473	0.8593754	0.01429683
deepmd-les_sA	600	18.35025	0.0609103256381971	0.8084881206211633	0.6318	0.013	-1.0808	0.0145	2	6.806281	0.2558833	2.582757	0.4219173	0.5644687	0.01792261	0.8777358	0.01489895
deepmd-les_sA	700	19.273699999999998	0.06040624386047678	0.8425177539605619	0.6553	0.013	-1.1294	0.0166	2	7.19916	0.2643282	2.649101	0.4225561	0.5833331	0.01751813	0.9034568	0.01530343
deepmd-les_sA	800	21.7945	0.05560082126802343	0.8700610721961496	0.6699	0.0153	-1.173	0.0166	2	7.620689	0.2714905	2.722754	0.4223841	0.6037278	0.01729976	0.9296503	0.0155218
deepmd-les_sA	900	22.464399999999998	0.05440710180853443	0.8764463988178524	0.6732	0.0146	-1.1832	0.0242	2	7.994922	0.2746145	2.769643	0.4216872	0.6173402	0.01726016	0.9480926	0.01556141
deepmd-les_sA	1000	22.0118	0.055144721347219094	0.8958410561551114	0.6876	0.0147	-1.2099	0.0231	2	8.294456	0.2824319	2.811455	0.4223694	0.6307841	0.01680503	0.9631246	0.01601653
deepmd-les_sA	1100	21.61425	0.047734034239945856	0.9030684081986605	0.6853	0.0154	-1.2275	0.0239	2	8.520892	0.2841604	2.831885	0.4215285	0.6385874	0.01684002	0.9703372	0.01598154
deepmd-les_sA	1200	22.98425	0.0448906732420755	0.9037814198576292	0.683	0.0153	-1.2313	0.0237	2	8.747138	0.2880133	2.857941	0.4212946	0.6481285	0.0166785	0.9801714	0.01614306
deepmd-les_sA	1300	23.8655	0.04131632322524012	0.8992400124748998	0.6762	0.0158	-1.2285	0.0217	2	8.920686	0.2890345	2.857613	0.420914	0.6508312	0.01664904	0.985709	0.01617252
deepmd-les_sA	1400	23.1962	0.041895252565387654	0.9027911974017669	0.6793	0.014	-1.2329	0.0226	2	9.083789	0.2946272	2.865103	0.4217326	0.6569058	0.01619822	0.9894648	0.01662334
deepmd-les_sA	1500	23.048250000000003	0.04107268595856804	0.905026172808225	0.6801	0.0148	-1.2369	0.0246	2	9.264636	0.2960817	2.877058	0.4211162	0.662636	0.0161738	0.9968332	0.01664776
deepmd-les_sA	1600	24.407049999999998	0.03568068424691088	0.9110235952567998	0.6789	0.0139	-1.2508	0.0226	2	9.426548	0.2991874	2.89314	0.4209884	0.66921	0.01599498	1.005963	0.01682658
deepmd-les_sA	1700	23.827199999999998	0.0313681382305083	0.9089426212529279	0.6731	0.0127	-1.2522	0.0226	2	9.551621	0.3015029	2.895639	0.4210223	0.672964	0.01582186	1.008354	0.0169997
deepmd-les_sA	1800	24.5033	0.03161784114381569	0.9104621854961481	0.6744	0.0141	-1.254	0.0265	2	9.715444	0.3028362	2.910611	0.4205333	0.6787855	0.01579198	1.016039	0.01702958
deepmd-les_sA	1900	24.21885	0.027576428640904538	0.9186110125816398	0.6762	0.0131	-1.2696	0.0227	2	9.837593	0.3048779	2.917582	0.4204861	0.6827358	0.01565015	1.02184	0.01717141
deepmd-les_sA	2000	24.53555	0.03512299458395971	0.908951062959941	0.6769	0.0136	-1.2484	0.0257	2	9.970211	0.3081442	2.917277	0.4212515	0.6852764	0.01524349	1.030077	0.01757807
deepmd-les_sA	2100	23.571649999999998	0.028503131813329585	0.9192949522257841	0.6776	0.0136	-1.2696	0.0241	2	10.07748	0.3119937	2.920864	0.4219702	0.6884036	0.01485661	1.038289	0.01796495
deepmd-les_sA	2200	24.04665	0.029531239035102342	0.9134789124948888	0.6745	0.0127	-1.2604	0.0259	2	10.20193	0.3138135	2.929954	0.4221149	0.692231	0.01465774	1.047489	0.01816383
deepmd-les_sA	2300	25.97135	0.025831942215960454	0.9196569635970127	0.6751	0.0138	-1.2728	0.0271	2	10.31767	0.3145747	2.93489	0.4216394	0.6953284	0.01467841	1.05583	0.01814315
deepmd-les_sA	2400	25.140050000000002	0.026574135426556778	0.9216553018951037	0.6773	0.0142	-1.2749	0.0248	2	10.4226	0.3168049	2.943344	0.4220104	0.6987449	0.01442452	1.064975	0.01839704
deepmd-les_sA	2500	22.7862	0.02683885094574199	0.9239780032411956	0.6792	0.013	-1.278	0.0205	2	10.50677	0.3176875	2.944863	0.4221376	0.6998271	0.01431093	1.073154	0.01851063
deepmd-les_sA	2600	25.354300000000002	0.024865179184736994	0.9286676237797769	0.6806	0.012	-1.2866	0.0229	2	10.61314	0.3173293	2.944503	0.4215038	0.7010436	0.01444349	1.083048	0.01837807
deepmd-les_sA	2700	25.5956	0.02074477595710864	0.933139314358492	0.6796	0.0129	-1.2969	0.0263	2	10.73335	0.3161529	2.948133	0.4200928	0.7034287	0.01480104	1.095634	0.01802052
deepmd-les_sA	2800	26.01475	0.021478888205410503	0.9209688973322957	0.6717	0.0137	-1.279	0.025	2	10.838	0.3174633	2.94583	0.4206321	0.7038334	0.01451341	1.105898	0.01830815
deepmd-les_sA	2900	25.95045	0.024014836811595375	0.9268506406662039	0.6784	0.0131	-1.2848	0.0232	2	10.94792	0.321611	2.95292	0.4216701	0.7075053	0.01396962	1.116682	0.01885194
deepmd-les_sA	3000	25.76455	0.01759431232446818	0.9267884620695164	0.672	0.0135	-1.2912	0.0223	2	11.05319	0.3190839	2.958998	0.4201258	0.709234	0.01446765	1.129165	0.01835391
deepmd-les_sA	3100	24.5897	0.021559074240823123	0.9313495347798687	0.6791	0.0135	-1.2936	0.0237	2	11.15328	0.3201329	2.964227	0.4203124	0.7109528	0.01431314	1.141313	0.01850842
deepmd-les_sA	3200	26.15195	0.016107985288644724	0.9321548432363117	0.6743	0.0129	-1.3002	0.0232	2	11.26749	0.3162183	2.969707	0.4179818	0.7129853	0.01508652	1.153286	0.01773504
deepmd-les_sA	3300	25.22565	0.013256760396137414	0.93249905532836	0.6717	0.0122	-1.3036	0.0243	2	11.37845	0.3152659	2.974594	0.4174306	0.7139617	0.01523426	1.167647	0.0175873
deepmd-les_sA	3400	24.30175	0.02004000922315597	0.9300278921081949	0.6767	0.011	-1.2933	0.0228	2	11.4654	0.316197	2.973365	0.4179789	0.7140666	0.01498215	1.178103	0.01783941
deepmd-les_sA	3500	25.04225	0.021664169139717738	0.9252778741487914	0.675	0.012	-1.285	0.024	2	11.56587	0.3162956	2.975545	0.4179007	0.7151877	0.01493794	1.188568	0.01788362
deepmd-les_sA	3600	25.33115	0.01721632560262997	0.9276105108880458	0.6722	0.0128	-1.2927	0.0236	2	11.65502	0.3144832	2.980757	0.4166617	0.7164573	0.01534204	1.203492	0.01747952
deepmd-les_sA	3700	26.7059	0.015626420748768417	0.932994512333778	0.6744	0.0112	-1.3019	0.027	2	11.74152	0.3141398	2.983913	0.4163663	0.7168331	0.01540456	1.214519	0.017417
deepmd-les_sA	3800	27.161749999999998	0.014177565171456777	0.9314320230355396	0.6718	0.0127	-1.3011	0.0223	2	11.82611	0.3146847	2.983173	0.4164424	0.7174766	0.01529048	1.226191	0.01753108
deepmd-les_sA	3900	26.22965	0.018791809284207123	0.9324434745448631	0.6772	0.0117	-1.298	0.024	2	11.91875	0.3127605	2.979981	0.415632	0.716905	0.01557252	1.239809	0.01724904
deepmd-les_sA	4000	27.491950000000003	0.012898695619141394	0.9298394116277368	0.6694	0.0121	-1.3002	0.0245	2	12.01421	0.3106018	2.986528	0.4144569	0.7181416	0.0159918	1.251671	0.01682976
deepmd-les_sA	4100	26.24325	0.020518813862179245	0.9232833425927938	0.6724	0.0111	-1.2833	0.0222	2	12.10403	0.3112779	2.988703	0.4148581	0.7186957	0.01578103	1.263179	0.01704053
deepmd-les_sA	4200	25.09165	0.017342085250344034	0.9275212267772512	0.6722	0.0108	-1.2924	0.0251	2	12.20087	0.307972	2.994494	0.4131386	0.7198916	0.01641767	1.276523	0.01640389
deepmd-les_sA	4300	24.40365	0.020526271500327993	0.9257860722999209	0.6742	0.0102	-1.2868	0.0224	2	12.28598	0.3101257	2.993099	0.41406	0.7203876	0.01598478	1.28628	0.01683678
deepmd-les_sA	4400	26.299	0.019078037546570902	0.9280094667232864	0.6743	0.0109	-1.2914	0.0228	2	12.3639	0.3079198	2.997274	0.4130515	0.7205954	0.01639155	1.29833	0.01643001
deepmd-les_sA	4500	25.474249999999998	0.015164663326144984	0.9231888085432861	0.667	0.0104	-1.2885	0.0227	2	12.44453	0.3049563	2.994104	0.4118408	0.7200207	0.01689289	1.307994	0.01592867
deepmd-les_sA	4600	25.44075	0.02204203443744824	0.9202090663519154	0.6718	0.0102	-1.2774	0.0235	2	12.51528	0.3059671	2.993965	0.4124061	0.7198896	0.01661148	1.319031	0.01621008
deepmd-les_sA	4700	25.500700000000002	0.02060559030328444	0.9239878683310706	0.673	0.0124	-1.2842	0.0251	2	12.59362	0.3034554	2.997268	0.4112151	0.720121	0.01709015	1.333314	0.01573141
deepmd-les_sA	4800	26.329749999999997	0.01427733260234402	0.9210415591371797	0.6646	0.0106	-1.2864	0.02	2	12.66799	0.3026428	2.992605	0.4110497	0.7187634	0.01716284	1.343964	0.01565872
deepmd-les_sA	4900	25.9542	0.020508434252877013	0.9190112817038406	0.6694	0.0107	-1.2773	0.0224	2	12.74022	0.302261	2.995291	0.4109492	0.7191551	0.01717069	1.355289	0.01565087
deepmd-les_sA	5000	24.7576	0.01799425104104632	0.9123835655577023	0.6622	0.01	-1.2705	0.0208	2	12.82324	0.2989782	2.990829	0.409845	0.7174876	0.01767955	1.365051	0.01514201
deepmd-les_sA	5100	25.87495	0.01981050771365556	0.9132794962767307	0.6646	0.0108	-1.2699	0.0257	2	12.85706	0.2979751	2.994381	0.4091419	0.7187726	0.01792827	1.369516	0.01489329
deepmd-les_sA	5200	24.979950000000002	0.015220402462084257	0.9161518844174642	0.6621	0.0118	-1.2785	0.0232	2	12.87813	0.2972883	2.997578	0.4087328	0.7192912	0.01809116	1.373643	0.0147304
deepmd-les_sA	5300	25.976799999999997	0.016598368808460974	0.9129130555496969	0.6612	0.0113	-1.2726	0.0212	2	12.89735	0.2966588	2.998262	0.4085472	0.7191545	0.01817398	1.376349	0.01464758
deepmd-les_sA	5400	25.19785	0.016024389024114877	0.9118040955802165	0.6598	0.0111	-1.2715	0.0255	2	12.92148	0.2971122	3.00201	0.4086348	0.7200995	0.01809605	1.38014	0.01472551
deepmd-les_sA	5500	24.55565	0.01871710193515258	0.9181933425770537	0.667	0.0109	-1.2779	0.0254	2	12.94622	0.2964319	3.00462	0.4083691	0.7202996	0.01820654	1.383754	0.01461502
deepmd-les_sA	5600	25.65135	0.013851372490084436	0.9165447369692838	0.661	0.0116	-1.2804	0.0235	2	12.97906	0.2951632	3.009647	0.4076147	0.7214125	0.01850039	1.387612	0.01432117
deepmd-les_sA	5700	24.23635	0.016453191117985523	0.9138979421898521	0.6617	0.0103	-1.2741	0.022	2	13.00675	0.2937212	3.01095	0.4070879	0.7215295	0.01872704	1.390421	0.01409452
deepmd-les_sA	5800	24.501350000000002	0.01881758031598226	0.9099999507964152	0.6613	0.0102	-1.2662	0.0243	2	13.03174	0.2929039	3.01217	0.4068649	0.7214702	0.01882628	1.392871	0.01399528
deepmd-les_sA	5900	25.006050000000002	0.015389279320981365	0.9156352430113179	0.6619	0.0113	-1.2776	0.0237	2	13.0532	0.2920293	3.015815	0.4063884	0.7219513	0.0190204	1.397514	0.01380116
deepmd-les_sA	6000	26.24295	0.01145238590471285	0.9121119209563483	0.6555	0.0117	-1.2766	0.0217	2	13.08693	0.2912171	3.020122	0.4060472	0.722444	0.01915854	1.402103	0.01366302
deepmd-les_sA	6100	24.34265	0.014595163762636351	0.9105428118723248	0.6575	0.0099	-1.2713	0.0209	2	13.11024	0.2899018	3.020884	0.4055806	0.7223604	0.0193641	1.40542	0.01345746
deepmd-les_sA	6200	25.16865	0.01330168037071291	0.9109553107993212	0.6565	0.0117	-1.2731	0.0239	2	13.13603	0.2901116	3.022964	0.4056256	0.7228084	0.01932154	1.408301	0.01350002
deepmd-les_sA	6300	25.1539	0.015394296148838086	0.9085828956752312	0.6569	0.0121	-1.2677	0.0211	2	13.17016	0.2888237	3.0247	0.4052053	0.7229028	0.01950287	1.412389	0.01331869
deepmd-les_sA	6400	24.714399999999998	0.0135131362992569	0.9078864948276759	0.6546	0.0103	-1.2686	0.0199	2	13.20743	0.2864607	3.027102	0.4041898	0.7232388	0.01994654	1.416527	0.01287502
deepmd-les_sA	6500	25.476100000000002	0.013745491268127527	0.908143382538137	0.655	0.0102	-1.2687	0.0237	2	13.23995	0.2853709	3.029811	0.403742	0.7235301	0.02013362	1.420626	0.01268794
deepmd-les_sA	6600	24.5612	0.014855148029249365	0.9070616727736699	0.6553	0.0111	-1.2661	0.0228	2	13.26686	0.2849	3.031676	0.4037188	0.7233438	0.02015035	1.42484	0.01267121
deepmd-les_sA	6700	23.89695	0.018567158710549304	0.9024680694783193	0.6558	0.0106	-1.2558	0.0238	2	13.30404	0.2828847	3.033106	0.403018	0.7232863	0.02046413	1.429642	0.01235743
deepmd-les_sA	6800	25.1215	0.014766886353894499	0.9027780621785099	0.6522	0.0109	-1.2601	0.0217	2	13.32993	0.2821373	3.035423	0.4026815	0.7233226	0.02061366	1.433242	0.0122079
deepmd-les_sA	6900	25.01605	0.016211921064023718	0.9027004224351008	0.6536	0.0102	-1.2585	0.0232	2	13.35809	0.2805414	3.034652	0.4021254	0.7228433	0.02087899	1.43586	0.01194257
deepmd-les_sA	7000	24.5295	0.014078153104460065	0.9048624483120881	0.653	0.0111	-1.2637	0.0226	2	13.39054	0.2798057	3.03633	0.4018277	0.7231131	0.02100475	1.439654	0.01181681
deepmd-les_sA	7100	24.6812	0.013566314703486224	0.8997322659180331	0.6489	0.0112	-1.257	0.02	2	13.42748	0.277717	3.037574	0.4010312	0.7231031	0.02136881	1.443277	0.01145275
deepmd-les_sA	7200	23.40835	0.016446146939909066	0.900025555897745	0.6519	0.0093	-1.2545	0.023	2	13.46097	0.2760798	3.037389	0.4004917	0.7227631	0.02162135	1.447052	0.01120021
deepmd-les_sA	7300	23.99755	0.016239519742951663	0.9013087771154454	0.6526	0.0112	-1.2565	0.0237	2	13.49189	0.2759657	3.039956	0.4004088	0.7231531	0.02163964	1.451543	0.01118192
deepmd-les_sA	7400	24.757649999999998	0.013589141980978806	0.8963301772394406	0.6464	0.0102	-1.2521	0.0262	2	13.52549	0.273892	3.0398	0.3996915	0.7226028	0.0219816	1.45619	0.01083996
deepmd-les_sA	7500	24.48895	0.011805990318983337	0.8995920812772713	0.647	0.01	-1.2586	0.0225	2	13.55098	0.2720519	3.040233	0.3991144	0.721873	0.02228655	1.460119	0.01053501
deepmd-les_sA	7600	22.01945	0.019253560897472058	0.8950179491751193	0.6512	0.0094	-1.2447	0.0217	2	13.58939	0.2720497	3.039445	0.3991898	0.7217198	0.02222813	1.463923	0.01059343
deepmd-les_sA	7700	24.47175	0.014321073208279769	0.8901765657663231	0.6428	0.0105	-1.2427	0.0262	2	13.61521	0.2708079	3.038793	0.3988395	0.7207723	0.02241605	1.468471	0.01040551
deepmd-les_sA	7800	22.7742	0.019116924944451344	0.8872158514040872	0.6455	0.0111	-1.2337	0.0243	2	13.646	0.2687053	3.034322	0.3983111	0.7191154	0.02270681	1.472245	0.01011475
deepmd-les_sA	7900	24.13815	0.017037045394725385	0.889444709522954	0.6451	0.0104	-1.239	0.0201	2	13.67614	0.2679502	3.033898	0.3980087	0.7188568	0.02284887	1.475016	0.009972694
deepmd-les_sA	8000	23.7327	0.017202220706003763	0.8865115789472594	0.6431	0.0095	-1.2347	0.0238	2	13.71589	0.2677074	3.035732	0.3979918	0.7188504	0.02284061	1.480767	0.009980954
deepmd-les_sA	8100	22.35105	0.01984441985661206	0.8861480899559931	0.6455	0.0101	-1.2315	0.0267	2	13.75107	0.2665255	3.037638	0.3974771	0.7193619	0.02306262	1.484679	0.009758939
deepmd-les_sA	8200	24.1967	0.019185368906798256	0.8832125050294375	0.6428	0.0102	-1.228	0.025	2	13.76809	0.2659734	3.03381	0.397529	0.7177176	0.02307767	1.488836	0.009743893
deepmd-les_sA	8300	23.13015	0.018661280147938844	0.8865910220855832	0.6447	0.0101	-1.2333	0.0236	2	13.79547	0.2663657	3.035186	0.3977124	0.7176557	0.02298568	1.493825	0.009835882
deepmd-les_sA	8400	23.835050000000003	0.018209219237039307	0.8821976365613792	0.6411	0.0108	-1.2276	0.0206	2	13.83195	0.2633318	3.034991	0.3965659	0.7173097	0.02354496	1.497461	0.0092766
deepmd-les_sA	8500	22.667499999999997	0.019719543294015283	0.8794816620515984	0.6407	0.0104	-1.2222	0.0247	2	13.8673	0.2631192	3.03787	0.3965129	0.7177656	0.02354487	1.503078	0.009276693
deepmd-les_sA	8600	21.874299999999998	0.018001978044547173	0.8782509490690408	0.6381	0.01	-1.2222	0.0211	2	13.89747	0.2612368	3.036276	0.3959096	0.7169082	0.02386257	1.50699	0.008958987
deepmd-les_sA	8700	23.58695	0.020926263073796664	0.8719458517950737	0.6366	0.0111	-1.2104	0.0232	2	13.9299	0.2612139	3.036564	0.3960848	0.7165958	0.02377431	1.510222	0.009047253
deepmd-les_sA	8800	23.6707	0.017785497258919418	0.8757729654476248	0.6361	0.0103	-1.2189	0.0238	2	13.95607	0.2595995	3.0362	0.3955236	0.7159322	0.02406727	1.515093	0.008754294
deepmd-les_sA	8900	23.229	0.018550389417843365	0.8741569195757007	0.6358	0.0107	-1.2159	0.0206	2	13.99294	0.2575084	3.03518	0.3947216	0.7154598	0.02445826	1.519435	0.008363299
deepmd-les_sA	9000	23.00855	0.01727718316752734	0.874362046278702	0.6346	0.01	-1.2175	0.0225	2	14.02107	0.2563775	3.035038	0.3943527	0.7148941	0.0246599	1.522086	0.008161663
deepmd-les_sA	9100	23.08915	0.019552808183797482	0.8679808489820143	0.6324	0.0103	-1.2061	0.0263	2	14.05137	0.2565062	3.032929	0.3945743	0.7143099	0.02454967	1.525735	0.008271886
deepmd-les_sA	9200	21.829749999999997	0.02369851526918431	0.8652351943110134	0.6346	0.0094	-1.1982	0.0222	2	14.08161	0.2557595	3.032087	0.3945366	0.7133792	0.02459003	1.530272	0.008231532
deepmd-les_sA	9300	22.70825	0.019610213036688	0.870388148042978	0.6342	0.0104	-1.2095	0.0245	2	14.11372	0.2527089	3.033088	0.3931621	0.7135443	0.02525901	1.534498	0.007562549
deepmd-les_sA	9400	22.54255	0.019684077363368722	0.8602978974468616	0.6271	0.0099	-1.1952	0.0214	2	14.14176	0.2528811	3.031349	0.3936544	0.7120079	0.02506279	1.539465	0.007758769
deepmd-les_sA	9500	23.08885	0.018821942576855925	0.8657207073560691	0.6301	0.0103	-1.2037	0.0257	2	14.16058	0.2525473	3.0305	0.3936127	0.7114071	0.02508678	1.543549	0.007734778
deepmd-les_sA	9600	22.8898	0.02283250998879587	0.8591952499298193	0.6295	0.0095	-1.1905	0.0213	2	14.20024	0.250742	3.030925	0.3929608	0.7114292	0.02539553	1.54713	0.007426035
deepmd-les_sA	9700	22.14395	0.01941966951831476	0.8573907879885999	0.6248	0.0103	-1.1913	0.0244	2	14.22991	0.2509299	3.031649	0.393181	0.7109445	0.02529894	1.553005	0.007522617
deepmd-les_sA	9800	22.14	0.01940128507672708	0.861705059990025	0.6278	0.01	-1.1974	0.0243	2	14.25368	0.2499547	3.028698	0.3927622	0.7102065	0.0255056	1.554221	0.007315958
deepmd-les_sA	9900	21.9946	0.024090199051731005	0.8560270641753989	0.6285	0.01	-1.1847	0.0247	2	14.28333	0.2490181	3.027851	0.3926631	0.7093312	0.02556669	1.559846	0.007254871
deepmd-les_sA	10000	22.1628	0.02147269208561786	0.856088255006869	0.6259	0.0099	-1.1874	0.0236	2	14.30991	0.2472332	3.026472	0.3920736	0.7082736	0.02588228	1.563404	0.00693928
deepmd-les_sA	10100	21.6864	0.022780312112946927	0.8563721180410561	0.6274	0.0097	-1.1865	0.024	2	14.32604	0.2473978	3.027647	0.3921467	0.7085301	0.02583218	1.565917	0.006989385
deepmd-les_sA	10200	22.57385	0.019828634240330857	0.8527011666874628	0.6219	0.0098	-1.1843	0.0238	2	14.33298	0.2465867	3.027767	0.3918163	0.7083956	0.02600374	1.567005	0.006817823
deepmd-les_sA	10300	21.6226	0.019652212978815416	0.8546196656052218	0.6231	0.0099	-1.1872	0.0218	2	14.34232	0.2461144	3.02905	0.3915809	0.7087311	0.02610943	1.568725	0.006712132
deepmd-les_sA	10400	22.46665	0.02201597364104633	0.8532107468718891	0.6244	0.01	-1.1829	0.0215	2	14.35449	0.2458089	3.030265	0.3914855	0.7090751	0.02614334	1.570018	0.00667822
deepmd-les_sA	10500	22.833399999999997	0.019770035105264656	0.8524492884466784	0.6216	0.0105	-1.184	0.0242	2	14.36422	0.2456158	3.031689	0.391437	0.7092062	0.02616913	1.571506	0.006652434
deepmd-les_sA	10600	21.14745	0.022352618234798925	0.853179551707214	0.6248	0.0093	-1.1824	0.0244	2	14.37108	0.2452667	3.031583	0.3913559	0.7089961	0.02621459	1.572526	0.00660697
deepmd-les_sA	10700	22.4752	0.02092122774789031	0.8514490321422173	0.6221	0.0095	-1.1814	0.0227	2	14.38117	0.245067	3.032635	0.3912875	0.7091569	0.02624519	1.574207	0.006576374
deepmd-les_sA	10800	21.7757	0.018609719620728247	0.8534705605107014	0.6212	0.0094	-1.1866	0.0207	2	14.39055	0.2439628	3.033309	0.39089	0.7089768	0.02645733	1.575854	0.006364228
deepmd-les_sA	10900	21.4954	0.021561779130676632	0.8498270928106484	0.6216	0.0094	-1.1785	0.0207	2	14.40015	0.2442644	3.033757	0.391095	0.709036	0.02635026	1.577815	0.006471305
deepmd-les_sA	11000	21.451900000000002	0.022150473888973222	0.8552516741826769	0.626	0.0097	-1.1856	0.0235	2	14.40996	0.2435234	3.035053	0.3906981	0.7093984	0.02653455	1.579089	0.006287011
deepmd-les_sA	11100	20.76645	0.020251705202299613	0.8533471572020483	0.6228	0.0098	-1.1847	0.0265	2	14.4215	0.2425632	3.034849	0.390427	0.7090693	0.02668418	1.580388	0.00613738
deepmd-les_sA	11200	22.260350000000003	0.02324395747599867	0.8462532959570794	0.6208	0.0095	-1.1718	0.023	2	14.43369	0.242054	3.035172	0.3903355	0.7088991	0.02673483	1.581869	0.006086731
deepmd-les_sA	11300	21.65145	0.020511417024432307	0.8448203627067146	0.617	0.0092	-1.1725	0.0212	2	14.44325	0.2410952	3.034319	0.3900077	0.7084227	0.02691663	1.583079	0.005904926
deepmd-les_sA	11400	21.694000000000003	0.021720517323159362	0.846884437926854	0.6197	0.0106	-1.1742	0.0254	2	14.45484	0.2405854	3.035565	0.3898655	0.708439	0.02699155	1.585027	0.005830014
deepmd-les_sA	11500	21.505650000000003	0.023003806087253276	0.8473926879941192	0.6213	0.0091	-1.1736	0.0237	2	14.46483	0.2407574	3.036031	0.3899695	0.7083851	0.02693881	1.587032	0.005882752
deepmd-les_sA	11600	20.3382	0.019853198828489585	0.8447617827992597	0.6163	0.0092	-1.1731	0.0209	2	14.47993	0.2397696	3.036592	0.3896089	0.7083942	0.02712423	1.588196	0.005697326
deepmd-les_sA	11700	20.3553	0.022292149575135575	0.8471000603350674	0.6204	0.0089	-1.1739	0.0258	2	14.48997	0.2396861	3.037573	0.3896425	0.708442	0.02710488	1.590129	0.005716682
deepmd-les_sA	11800	20.58815	0.02425024947267798	0.843188961928878	0.6196	0.0089	-1.1665	0.0223	2	14.49826	0.2391632	3.036157	0.3895499	0.7077312	0.02717077	1.591768	0.005650786
deepmd-les_sA	11900	21.62735	0.02325232334679073	0.842946288164639	0.6184	0.0103	-1.1671	0.0258	2	14.51282	0.2384634	3.037667	0.3892142	0.7082283	0.02732258	1.592505	0.00549898
deepmd-les_sA	12000	20.2043	0.0223945212392908	0.8407496253955163	0.616	0.0095	-1.1648	0.0247	2	14.52465	0.2376424	3.035942	0.3890504	0.7073303	0.02743316	1.593761	0.005388397
deepmd-les_sA	12100	20.527099999999997	0.02308931179608529	0.840896191067104	0.6168	0.0088	-1.1644	0.0248	2	14.53703	0.2366458	3.037343	0.3886705	0.7073825	0.02762353	1.596494	0.005198032
deepmd-les_sA	12200	21.03895	0.024148698609465696	0.8380424709360258	0.6159	0.0092	-1.1593	0.0248	2	14.54621	0.2358158	3.036367	0.3885121	0.7065625	0.02773359	1.598334	0.005087972
deepmd-les_sA	12300	19.454749999999997	0.025692925888510222	0.8387328680064754	0.6179	0.0088	-1.1587	0.0238	2	14.55927	0.2350627	3.036313	0.3882339	0.7064498	0.02787219	1.599866	0.004949369
deepmd-les_sA	12400	21.06125	0.020767984644741805	0.8373147858146487	0.612	0.0101	-1.1616	0.0216	2	14.57362	0.2338855	3.037279	0.3877779	0.7064508	0.02811547	1.602106	0.004706093
deepmd-les_sA	12500	20.465249999999997	0.022726452266631565	0.8413443823569324	0.6168	0.01	-1.1653	0.0248	2	14.57961	0.2341571	3.036462	0.3878776	0.7061151	0.02806042	1.602779	0.004761136
deepmd-les_sA	12600	19.715049999999998	0.024037847308912987	0.836563878351341	0.6147	0.0096	-1.1573	0.0234	2	14.59358	0.2336069	3.035587	0.3878784	0.7054164	0.02807981	1.604447	0.004741746
deepmd-les_sA	12700	20.693	0.0211131158539929	0.8369448960372349	0.612	0.0104	-1.1607	0.0267	2	14.60502	0.232002	3.035348	0.3872893	0.7050203	0.02839547	1.606439	0.004426089
deepmd-les_sA	12800	20.211	0.02215049974558656	0.8355152336179203	0.6121	0.0088	-1.1577	0.0246	2	14.61649	0.2321161	3.034973	0.3874467	0.7046183	0.02832023	1.608324	0.004501326
deepmd-les_sA	12900	20.20415	0.021096977046337135	0.8355318431990001	0.611	0.011	-1.1587	0.0264	2	14.62631	0.2312601	3.034696	0.387122	0.7042422	0.0284975	1.609942	0.004324065
deepmd-les_sA	13000	20.503700000000002	0.02249047656592716	0.8333239149838446	0.6109	0.0099	-1.1543	0.0225	2	14.64078	0.2307877	3.033945	0.3869448	0.7040847	0.02858687	1.610947	0.00423469
deepmd-les_sA	13100	20.8452	0.02297436189558366	0.836230113778616	0.6134	0.0085	-1.1579	0.024	2	14.65268	0.2301339	3.035804	0.3867011	0.7044792	0.02870349	1.613343	0.004118067
deepmd-les_sA	13200	20.7743	0.020820035132239324	0.8308685372667473	0.6075	0.0103	-1.1525	0.0229	2	14.66328	0.2287566	3.033529	0.3862839	0.7031887	0.02894978	1.615932	0.003871777
deepmd-les_sA	13300	19.736449999999998	0.022304595483749124	0.8287685678159445	0.6075	0.0087	-1.148	0.0251	2	14.67634	0.2283924	3.03376	0.3863072	0.7027524	0.02894973	1.617853	0.00387183
deepmd-les_sA	13400	21.31975	0.024859578493060024	0.828356326789913	0.6097	0.0097	-1.1448	0.0271	2	14.68246	0.2284558	3.032132	0.3864728	0.7018651	0.02888213	1.619008	0.003939435
deepmd-les_sA	13500	20.025399999999998	0.021788459297867702	0.8291097077543351	0.6072	0.0096	-1.149	0.0254	2	14.70144	0.2266504	3.033012	0.3857462	0.7019212	0.02926358	1.621258	0.003557979
deepmd-les_sA	13600	19.43705	0.02244204589969472	0.8263328681000813	0.6059	0.0109	-1.1444	0.0255	2	14.71163	0.2259856	3.031563	0.3855597	0.7011914	0.02936991	1.622745	0.003451649
deepmd-les_sA	13700	19.6824	0.02295797523509341	0.8267033900104755	0.6067	0.0105	-1.1444	0.0236	2	14.72265	0.2254592	3.030164	0.3854684	0.7002713	0.02943768	1.624217	0.003383879
deepmd-les_sA	13800	20.2222	0.0254940193829448	0.8216196069070578	0.6056	0.0088	-1.1347	0.0234	2	14.73652	0.2257952	3.031448	0.3857463	0.7004022	0.02928292	1.627486	0.003538641
deepmd-les_sA	13900	20.72035	0.026556352725472913	0.8259926742007605	0.6097	0.0096	-1.1398	0.0246	2	14.74723	0.2245809	3.030898	0.3852276	0.700153	0.0295593	1.628375	0.003262256
deepmd-les_sA	14000	20.376350000000002	0.024514852158056995	0.8223060624304815	0.6051	0.0094	-1.1367	0.0247	2	14.75879	0.2235353	3.030836	0.3849555	0.6995706	0.02972349	1.632089	0.00309807
deepmd-les_sA	14100	20.60185	0.024039733287688575	0.8250656865297535	0.6066	0.0106	-1.141	0.0252	2	14.76963	0.2235013	3.030772	0.3849078	0.6994569	0.02974057	1.632745	0.00308099
deepmd-les_sA	14200	20.671750000000003	0.02466027343544594	0.8243446596221412	0.6067	0.0101	-1.1394	0.0237	2	14.78248	0.2223776	3.029187	0.3845617	0.6985771	0.02994109	1.633921	0.002880467
deepmd-les_sA	14300	19.886499999999998	0.025533684637977942	0.824192154953199	0.6074	0.0099	-1.1383	0.026	2	14.79649	0.2217021	3.029365	0.3843121	0.6985233	0.03006442	1.637118	0.002757141
deepmd-les_sA	14400	20.5081	0.02299230754026369	0.8238608368099974	0.6046	0.0097	-1.1403	0.0294	2	14.80776	0.2206557	3.028855	0.383973	0.6979645	0.03026046	1.638522	0.002561104
deepmd-les_sA	14500	18.90615	0.026280066905215095	0.8213091781809155	0.6062	0.0096	-1.1335	0.0262	2	14.8245	0.2206168	3.029184	0.3840616	0.6979091	0.03020605	1.640734	0.002615508
deepmd-les_sA	14600	19.972900000000003	0.0251508294671349	0.8230748141704848	0.6063	0.0093	-1.1371	0.0269	2	14.83696	0.2201798	3.030326	0.3838525	0.6981954	0.03030216	1.643421	0.002519401
deepmd-les_sA	14700	20.01515	0.023387383104213268	0.8187712469514933	0.6015	0.0101	-1.1328	0.0269	2	14.84724	0.2195397	3.028603	0.383742	0.6971518	0.03038721	1.644781	0.002434345
deepmd-les_sA	14800	19.57795	0.026112405752559662	0.8173819374398863	0.6032	0.008	-1.1281	0.0238	2	14.85954	0.2189109	3.027585	0.3835886	0.6965379	0.0304727	1.646219	0.002348861
deepmd-les_sA	14900	20.16055	0.02457598420506891	0.8165572246154358	0.6011	0.0091	-1.1285	0.0232	2	14.87609	0.2177089	3.029158	0.3830521	0.6969429	0.03073822	1.649288	0.002083337
deepmd-les_sA	15000	20.3955	0.024976249393766	0.8144836321212318	0.6001	0.0086	-1.1252	0.0234	2	14.8883	0.2171615	3.028218	0.3829511	0.6963144	0.03080313	1.651729	0.002018425
deepmd-les_sA	15100	18.5412	0.024602278387143756	0.8179453429014061	0.6021	0.0093	-1.1304	0.026	2	14.89923	0.2169522	3.028967	0.3828413	0.6964988	0.03085187	1.65293	0.001969688
deepmd-les_sA	15200	19.7468	0.02346373999241597	0.8161824768863535	0.5997	0.0087	-1.1291	0.0227	2	14.9011	0.2163721	3.028733	0.3826529	0.6962012	0.0309652	1.653139	0.001856365
deepmd-les_sA	15300	19.64795	0.025079564776817193	0.8140783623933137	0.5999	0.0103	-1.1245	0.0234	2	14.90502	0.216321	3.028607	0.3826432	0.6962212	0.03096469	1.653752	0.001856871
deepmd-les_sA	15400	20.1208	0.025844112078572904	0.8149869817076411	0.6013	0.0097	-1.125	0.0252	2	14.91001	0.2163499	3.029449	0.3826658	0.6964299	0.03095107	1.654467	0.001870492
deepmd-les_sA	15500	19.6178	0.0234316375831327	0.8172510929928044	0.6005	0.0091	-1.1306	0.0246	2	14.91533	0.2160987	3.030533	0.382519	0.6967694	0.03102054	1.655439	0.001801024
deepmd-les_sA	15600	20.0548	0.02427099078783848	0.8160731099337534	0.6004	0.0106	-1.1281	0.0252	2	14.91981	0.216076	3.03141	0.3825255	0.6969847	0.03101038	1.656625	0.001811183
deepmd-les_sA	15700	19.787399999999998	0.024209525325923954	0.8147311162135304	0.5994	0.0099	-1.1263	0.025	2	14.92536	0.2150402	3.030398	0.3821743	0.6965661	0.03120995	1.65673	0.001611615
deepmd-les_sA	15800	19.36985	0.024824101346435867	0.8135202839711657	0.5992	0.0091	-1.124	0.0237	2	14.92854	0.2149266	3.030753	0.3821768	0.6965444	0.0312129	1.657196	0.001608663
deepmd-les_sA	15900	19.60315	0.020853318921737713	0.8140459840418732	0.5956	0.0093	-1.1287	0.0238	2	14.931	0.2141615	3.031077	0.3818222	0.6965239	0.03140614	1.657686	0.001415422
deepmd-les_sA	16000	19.539	0.021818429008934482	0.8149770932151199	0.5972	0.009	-1.129	0.0242	2	14.93431	0.214075	3.030698	0.3818368	0.696252	0.03140682	1.658512	0.001414745
deepmd-les_sA	16100	19.47685	0.02330857018159052	0.8113182711375981	0.5961	0.0095	-1.1223	0.0262	2	14.93931	0.21427	3.030986	0.3819669	0.6963043	0.03133008	1.659663	0.001491477
deepmd-les_sA	16200	18.4157	0.020896207920613204	0.8137867390421393	0.5955	0.0095	-1.1283	0.0234	2	14.94375	0.2135018	3.03164	0.3816733	0.6962285	0.03149822	1.66023	0.00132334
deepmd-les_sA	16300	19.8367	0.024217610243778998	0.8138643968058937	0.5988	0.0103	-1.125	0.0273	2	14.94954	0.2131124	3.031371	0.3815423	0.6962082	0.03156588	1.660447	0.001255683
deepmd-les_sA	16400	18.919249999999998	0.024109514180783206	0.8136580907092771	0.5986	0.0086	-1.1249	0.0244	2	14.95498	0.2130563	3.032315	0.381501	0.6965674	0.03157358	1.661277	0.001247982
deepmd-les_sA	16500	18.894750000000002	0.021449698544048386	0.8150252008758601	0.5969	0.0092	-1.1295	0.0234	2	14.95963	0.2128487	3.032578	0.3814075	0.6964862	0.03162812	1.662587	0.001193438
deepmd-les_sA	16600	18.593249999999998	0.022632660628985633	0.8143683705438527	0.5976	0.0097	-1.1273	0.025	2	14.96446	0.2124003	3.032516	0.3812931	0.6962217	0.03169979	1.663536	0.001121772
deepmd-les_sA	16700	19.5948	0.024933802058161293	0.8087315816147396	0.5959	0.0095	-1.117	0.0274	2	14.9696	0.2122202	3.031924	0.3813086	0.6959426	0.03169353	1.664295	0.001128034
deepmd-les_sA	16800	20.1376	0.024951013181675797	0.8085929958589196	0.5958	0.0098	-1.1168	0.0256	2	14.97363	0.2120953	3.032389	0.3813012	0.6958307	0.03170134	1.665696	0.00112022
deepmd-les_sA	16900	18.601599999999998	0.02360074744290775	0.8089527661436221	0.5948	0.0087	-1.1188	0.0216	2	14.97888	0.2110705	3.032058	0.3809454	0.6954763	0.0319045	1.665923	0.0009170623
deepmd-les_sA	17000	18.80365	0.0230755060326421	0.8113415581199684	0.5959	0.01	-1.1226	0.024	2	14.98723	0.2110799	3.033523	0.3809189	0.6959516	0.03190793	1.667436	0.000913626
deepmd-les_sA	17100	19.21045	0.022370878996117338	0.8128866001176919	0.5963	0.009	-1.1254	0.0287	2	14.9939	0.2105841	3.034371	0.3806638	0.6963524	0.03203055	1.66818	0.0007910111
deepmd-les_sA	17200	19.6246	0.02286709230674086	0.8110384322976314	0.5955	0.0104	-1.1223	0.0291	2	14.99584	0.2097792	3.032774	0.380474	0.69535	0.03216433	1.668638	0.0006572263
deepmd-les_sA	17300	19.52615	0.025773650218122897	0.8087644480203634	0.5968	0.009	-1.1163	0.0256	2	15.00231	0.2100843	3.033487	0.3805988	0.6956948	0.03207933	1.670168	0.0007422262
deepmd-les_sA	17400	19.8686	0.025549919712560744	0.8068781898846543	0.5953	0.0086	-1.1139	0.0228	2	15.00611	0.2096109	3.032507	0.3804477	0.6952152	0.0321735	1.670131	0.000648059
deepmd-les_sA	17500	19.119950000000003	0.025226803402870968	0.8084137892096345	0.596	0.0093	-1.1163	0.0253	2	15.01288	0.2088192	3.032867	0.380169	0.6951435	0.03232591	1.671021	0.0004956511
deepmd-les_sA	17600	19.5601	0.02646683506589204	0.8086595036298396	0.5974	0.0096	-1.1154	0.0245	2	15.02056	0.2084498	3.034506	0.3800596	0.6954768	0.03238028	1.672736	0.0004412765
deepmd-les_sA	17700	19.62595	0.026344783871855088	0.8070647977274208	0.5961	0.0098	-1.1132	0.0287	2	15.02709	0.208651	3.034348	0.3801184	0.6954982	0.03233993	1.673995	0.0004816259
deepmd-les_sA	17800	18.79925	0.024458345592456205	0.806493036260513	0.5939	0.0092	-1.1144	0.0254	2	15.03129	0.2075961	3.033871	0.379777	0.6949407	0.0325435	1.674373	0.0002780578
deepmd-les_sA	17900	18.35395	0.02418075326583563	0.8051430184947548	0.5927	0.0092	-1.1128	0.0236	2	15.03506	0.2077293	3.033537	0.379895	0.694622	0.0324856	1.675719	0.0003359631
deepmd-les_sA	18000	18.37025	0.02355525107455536	0.804834345654896	0.5918	0.009	-1.113	0.0228	2	15.03693	0.2070321	3.031926	0.3796972	0.6937626	0.0326148	1.675631	0.0002067627
deepmd-les_sA	18100	18.72045	0.02180264189593934	0.807570821355087	0.592	0.0095	-1.1186	0.0245	2	15.04495	0.2066601	3.033388	0.3794924	0.6942682	0.0327191	1.676653	0.0001024602
deepmd-les_sA	18200	18.7699	0.023818720546942757	0.8044034774254407	0.5917	0.0102	-1.112	0.0275	2	15.05064	0.2064176	3.033231	0.3794738	0.6940285	0.03272821	1.678382	9.334814e-05
deepmd-les_sA	18300	18.87725	0.02542884115770317	0.8025311266761891	0.5921	0.0093	-1.1078	0.0226	2	15.05543	0.2058032	3.032696	0.3793081	0.6935865	0.03282782	1.679011	6.261367e-06
deepmd-les_sA	18400	18.99475	0.02381075440855013	0.8052852474933979	0.5924	0.0096	-1.1133	0.0268	2	15.06221	0.2048154	3.032759	0.3788912	0.6936071	0.03305977	1.679393	0.0002382127
deepmd-les_sA	18500	19.21	0.022038246486171476	0.8042373936112488	0.5899	0.0097	-1.1136	0.0247	2	15.06843	0.2048247	3.032785	0.3789201	0.6934513	0.03304655	1.680693	0.0002249857
deepmd-les_sA	18600	19.381700000000002	0.023631342952843793	0.803053358773745	0.5906	0.0095	-1.1104	0.0236	2	15.07958	0.2045653	3.035133	0.3787645	0.6943825	0.03310449	1.682582	0.0002829307
deepmd-les_sA	18700	19.0642	0.022147056270173805	0.804759363473508	0.5903	0.0096	-1.1142	0.026	2	15.08564	0.2038896	3.034838	0.3785497	0.6940199	0.03323513	1.683307	0.0004135723
deepmd-les_sA	18800	19.49515	0.023357700098037094	0.8031910279463581	0.5904	0.0102	-1.1107	0.0285	2	15.08989	0.2035026	3.034331	0.3784466	0.6937061	0.03329486	1.683894	0.0004733041
deepmd-les_sA	18900	19.340049999999998	0.02420716255683485	0.8032002908807746	0.5913	0.0097	-1.11	0.0263	2	15.09699	0.2032962	3.035301	0.3784186	0.6937918	0.03331084	1.685371	0.000489278
deepmd-les_sA	19000	18.7303	0.02291631811642659	0.8044252712215177	0.5909	0.0102	-1.113	0.025	2	15.10281	0.2025902	3.035256	0.3781224	0.6937401	0.03347146	1.68644	0.0006499033
deepmd-les_sA	19100	19.58685	0.02415334744009017	0.8017850030035728	0.5902	0.0097	-1.108	0.0247	2	15.10683	0.202136	3.034018	0.3780242	0.6930383	0.03354033	1.68696	0.0007187648
deepmd-les_sA	19200	18.4711	0.02319714262589201	0.8016333433170367	0.5892	0.009	-1.1088	0.0249	2	15.11317	0.202015	3.03488	0.3779924	0.6931881	0.03355422	1.688467	0.0007326612
deepmd-les_sA	19300	19.78375	0.023492713208976532	0.8019914407544114	0.5897	0.009	-1.109	0.0244	2	15.12544	0.2016124	3.036368	0.3777857	0.6937637	0.03365433	1.689944	0.0008327727
deepmd-les_sA	19400	17.73705	0.02183189918677514	0.8004238295746238	0.587	0.0098	-1.1084	0.025	2	15.12954	0.2011948	3.035484	0.3777331	0.6930766	0.03369939	1.691311	0.0008778266
deepmd-les_sA	19500	18.127299999999998	0.0251234527050757	0.7992009909495874	0.5894	0.0095	-1.1034	0.0261	2	15.1374	0.201005	3.035681	0.3776747	0.6932726	0.03371594	1.692242	0.0008943776
deepmd-les_sA	19600	18.4275	0.02630271365720785	0.8002033789501497	0.5913	0.0095	-1.1036	0.0258	2	15.14432	0.2007497	3.03613	0.3775583	0.6935087	0.03377146	1.693035	0.0009498969
deepmd-les_sA	19700	18.7942	0.024920603697268014	0.8007347899966749	0.5903	0.0098	-1.1058	0.0245	2	15.14869	0.2003716	3.036166	0.3774272	0.6931431	0.03385511	1.694292	0.001033547
deepmd-les_sA	19800	19.98585	0.02164466333993806	0.7999878532540488	0.5864	0.0104	-1.108	0.0275	2	15.15417	0.199488	3.036068	0.3770969	0.6928573	0.03405267	1.695197	0.001231113
deepmd-les_sA	19900	18.3614	0.02363477922911761	0.8009636716863653	0.5891	0.0095	-1.1074	0.0253	2	15.16255	0.1989208	3.036309	0.3768849	0.6930836	0.0341593	1.695429	0.001337739
deepmd-les_sA	20000	18.55885	0.022845435431164525	0.7970821194022133	0.5856	0.0084	-1.1027	0.0283	2	15.1695	0.1984395	3.036173	0.3767549	0.6928027	0.03423715	1.69697	0.001415593
deepmd-les_sA	20100	19.59735	0.022885281384346673	0.7982281806677337	0.5865	0.01	-1.1043	0.0255	2	15.17297	0.1983459	3.036394	0.3767012	0.6928129	0.03426573	1.697742	0.00144417
deepmd-les_sA	20200	17.945	0.02136947523806821	0.8015314524958851	0.5873	0.0099	-1.1105	0.0226	2	15.17519	0.1981804	3.036825	0.3766018	0.693049	0.03431624	1.698023	0.001494683
deepmd-les_sA	20300	18.746699999999997	0.022628544490609127	0.7999250875748636	0.5874	0.0099	-1.1069	0.0266	2	15.1767	0.1982109	3.036949	0.3766354	0.6930471	0.03429611	1.698538	0.001474549
deepmd-les_sA	20400	19.519199999999998	0.024305797323325027	0.8001011277695701	0.5892	0.0103	-1.1055	0.027	2	15.17777	0.1981063	3.03686	0.3766513	0.6928486	0.03429429	1.698648	0.001472729
deepmd-les_sA	20500	18.566499999999998	0.023947631689399916	0.7992227832660126	0.5882	0.0093	-1.1046	0.0257	2	15.17954	0.1977542	3.036808	0.3765135	0.692786	0.03437264	1.698962	0.00155108
deepmd-les_sA	20600	19.347250000000003	0.022207136366189307	0.7996605782970733	0.5868	0.0101	-1.107	0.0242	2	15.18296	0.1975257	3.037581	0.3764014	0.6930428	0.0344341	1.69937	0.001612543
deepmd-les_sA	20700	19.322400000000002	0.023779013895012496	0.7965798435766857	0.5862	0.0096	-1.1011	0.0242	2	15.18521	0.1975715	3.037631	0.3764621	0.6930148	0.03439978	1.699946	0.001578219
deepmd-les_sA	20800	19.17095	0.023869998522700282	0.7979468184841212	0.5872	0.0095	-1.1029	0.027	2	15.18855	0.1973183	3.037618	0.3763377	0.6931468	0.03446336	1.699949	0.001641798
deepmd-les_sA	20900	19.0367	0.02265987598790775	0.7979720681990963	0.586	0.0107	-1.1041	0.0284	2	15.19015	0.197046	3.037921	0.3762265	0.6931556	0.03452718	1.700504	0.001705616
deepmd-les_sA	21000	18.8181	0.023109345295227117	0.7968059824459057	0.5857	0.0102	-1.102	0.0253	2	15.19372	0.1969348	3.038671	0.3762061	0.6933619	0.03453578	1.701507	0.001714221
deepmd-les_sA	21100	18.4363	0.024184377461151794	0.7968348754020549	0.5868	0.0098	-1.101	0.0262	2	15.19551	0.1968931	3.038359	0.3762205	0.6932137	0.03452962	1.701542	0.001708063
deepmd-les_sA	21200	18.56095	0.022392883233786593	0.798040035031785	0.5858	0.0103	-1.1045	0.0248	2	15.19697	0.1964479	3.038216	0.3760638	0.6929805	0.03462792	1.701953	0.001806355
deepmd-les_sA	21300	19.2515	0.022665919166878108	0.7982059064919574	0.5862	0.01	-1.1045	0.0232	2	15.19896	0.19627	3.038591	0.3759719	0.6930862	0.03467873	1.702363	0.001857174
deepmd-les_sA	21400	18.29455	0.02277741846874705	0.7985165204198058	0.5866	0.0098	-1.1048	0.0239	2	15.20256	0.1964262	3.039256	0.3760235	0.6934241	0.03463839	1.703135	0.001816828
deepmd-les_sA	21500	18.853299999999997	0.02333823157465177	0.797171149374328	0.5862	0.0096	-1.1023	0.025	2	15.20566	0.1960058	3.039538	0.3758929	0.6933943	0.03471554	1.703518	0.001893976
deepmd-les_sA	21600	19.86735	0.023363377585881036	0.7955386451225879	0.585	0.01	-1.1	0.0244	2	15.2087	0.1959968	3.039477	0.3759128	0.6933213	0.0347059	1.703986	0.001884342
deepmd-les_sA	21700	18.3595	0.023523954714286255	0.7972268864705412	0.5864	0.0101	-1.1022	0.0253	2	15.20973	0.1957866	3.039268	0.3758609	0.6930803	0.03474113	1.70447	0.001919569
deepmd-les_sA	21800	19.03805	0.023553170377417488	0.7966368041113076	0.586	0.0103	-1.1013	0.0256	2	15.21441	0.1957605	3.039844	0.3758367	0.6933506	0.03474631	1.705089	0.001924753
deepmd-les_sA	21900	18.6902	0.02177795162071049	0.79672133391199	0.5843	0.0099	-1.1033	0.0233	2	15.21882	0.1949297	3.040429	0.3755051	0.6935019	0.03493345	1.705477	0.002111893
deepmd-les_sA	22000	18.094749999999998	0.02203697761129817	0.7958609058704756	0.5839	0.0098	-1.1018	0.0242	2	15.22066	0.1951071	3.040522	0.3755911	0.6934479	0.03488691	1.706176	0.002065355
deepmd-les_sA	22100	18.439700000000002	0.022787306024833996	0.7975252573005954	0.5859	0.0087	-1.1034	0.0243	2	15.22268	0.1946612	3.039944	0.3754514	0.6931234	0.03497563	1.706035	0.002154067
deepmd-les_sA	22200	18.9786	0.024779790990661663	0.7959303906661037	0.5867	0.0086	-1.0991	0.0265	2	15.22776	0.1948518	3.041239	0.3754872	0.6937597	0.03493519	1.706974	0.002113633
deepmd-les_sA	22300	19.016350000000003	0.022750267243702927	0.7961347009973341	0.5849	0.0102	-1.1015	0.0244	2	15.23055	0.1945272	3.041693	0.3753722	0.6937768	0.03500283	1.70786	0.002181271
deepmd-les_sA	22400	18.827150000000003	0.024551727622582897	0.7954682164008559	0.5862	0.0104	-1.0987	0.0266	2	15.23333	0.1945031	3.041269	0.3754337	0.6934361	0.03497655	1.708206	0.002154995
deepmd-les_sA	22500	18.835	0.022280526463315842	0.7956345659816801	0.584	0.0092	-1.1012	0.0252	2	15.23515	0.1941273	3.04104	0.3752853	0.6932295	0.03506448	1.708725	0.002242921
deepmd-les_sA	22600	19.6489	0.02414158054030251	0.7973337110693515	0.587	0.0102	-1.1017	0.0294	2	15.2392	0.1938861	3.041744	0.3752136	0.6934632	0.03509693	1.709655	0.002275368
deepmd-les_sA	22700	17.8966	0.021760692188501025	0.7979635556334032	0.5851	0.0095	-1.105	0.0274	2	15.24409	0.1936055	3.04218	0.3751111	0.6935202	0.03515905	1.710078	0.002337485
deepmd-les_sA	22800	19.63805	0.022942515998556363	0.7958361399694566	0.5848	0.0101	-1.1008	0.0265	2	15.24695	0.1936701	3.042924	0.3751318	0.693751	0.03514155	1.711105	0.002319993
deepmd-les_sA	22900	18.31195	0.02380084648411488	0.793961095507751	0.5844	0.0098	-1.0973	0.026	2	15.24937	0.1934397	3.042574	0.3750757	0.6935179	0.0351779	1.711468	0.002356335
deepmd-les_sA	23000	19.153599999999997	0.022596010888660922	0.7956425828857504	0.5843	0.0103	-1.1009	0.0265	2	15.25119	0.1929356	3.042004	0.374893	0.6932092	0.03529456	1.711088	0.002473002
deepmd-les_sA	23100	18.320999999999998	0.021640789303492454	0.7957400348085489	0.5835	0.0102	-1.102	0.0248	2	15.25692	0.192366	3.043254	0.3746343	0.6937357	0.03542823	1.711912	0.002606667
deepmd-les_sA	23200	18.4298	0.02317187779278711	0.7926570802286009	0.5828	0.0092	-1.0961	0.0253	2	15.25723	0.1924762	3.042206	0.3747578	0.6930898	0.03537287	1.712586	0.002551312
deepmd-les_sA	23300	18.52635	0.022080614358642326	0.7944342111500018	0.583	0.0096	-1.0997	0.027	2	15.26032	0.1921762	3.042957	0.3745928	0.693401	0.03545741	1.713335	0.002635855
deepmd-les_sA	23400	18.69475	0.02406644626489258	0.7926851266597906	0.5837	0.009	-1.0952	0.0264	2	15.26491	0.192009	3.042994	0.3745812	0.6932998	0.03546607	1.713539	0.002644506
deepmd-les_sA	23500	17.967399999999998	0.022793124098831587	0.7939744137623065	0.5834	0.0098	-1.0983	0.0255	2	15.2682	0.1922557	3.043473	0.3746477	0.6935291	0.03542403	1.714109	0.002602471
deepmd-les_sA	23600	18.9765	0.02260833977178167	0.7923316993434878	0.582	0.011	-1.0962	0.0235	2	15.27088	0.1916518	3.04347	0.3744492	0.6933653	0.03554373	1.714511	0.002722166
deepmd-les_sA	23700	19.04635	0.021755682207990644	0.7924012752417318	0.5812	0.0097	-1.0971	0.0279	2	15.27627	0.1912455	3.044533	0.3742725	0.6937156	0.03563836	1.715503	0.002816801
deepmd-les_sA	23800	18.6069	0.023050543417341546	0.7923912526503647	0.5825	0.009	-1.0958	0.0271	2	15.27846	0.1912853	3.043931	0.374317	0.6934282	0.03561712	1.715649	0.002795557
deepmd-les_sA	23900	18.7112	0.02200220970309271	0.7944534187043475	0.5829	0.0105	-1.0998	0.026	2	15.28121	0.1906702	3.044701	0.374085	0.6935629	0.03575283	1.716482	0.002931265
deepmd-les_sA	24000	17.94175	0.022394978900458447	0.7926516188189392	0.582	0.0096	-1.0969	0.0249	2	15.28447	0.1906368	3.044935	0.3740962	0.6935572	0.03574301	1.717113	0.002921449
deepmd-les_sA	24100	18.66485	0.02438092200403118	0.78938006017483	0.5817	0.009	-1.0903	0.0258	2	15.28671	0.1907437	3.043749	0.3741949	0.6930531	0.03569503	1.717389	0.002873473
deepmd-les_sA	24200	18.209600000000002	0.022954233265135487	0.792457448468704	0.5825	0.0098	-1.096	0.0253	2	15.29238	0.1907035	3.045109	0.3741368	0.693573	0.03571796	1.71834	0.002896395
deepmd-les_sA	24300	18.44055	0.022550710535552722	0.7915178986894381	0.5814	0.0099	-1.0951	0.0263	2	15.29594	0.1901542	3.045273	0.373938	0.6935224	0.035834	1.71868	0.003012438
deepmd-les_sA	24400	18.51145	0.02331922966378622	0.7921827570970883	0.5826	0.01	-1.0953	0.0239	2	15.29919	0.189732	3.045762	0.3737952	0.6935652	0.03591749	1.719405	0.00309593
deepmd-les_sA	24500	18.0505	0.02468253664578872	0.792195231008063	0.584	0.0094	-1.0939	0.0273	2	15.30122	0.1897093	3.045223	0.3737926	0.6934092	0.03592058	1.719595	0.003099018
deepmd-les_sA	24600	18.4007	0.021570274725478795	0.7902562016109244	0.5795	0.0086	-1.0943	0.0246	2	15.30516	0.189442	3.045816	0.3737137	0.6933661	0.03597374	1.72056	0.003152184
deepmd-les_sA	24700	18.989800000000002	0.021195677689863055	0.7900472473854747	0.579	0.0099	-1.0944	0.0253	2	15.30871	0.1892398	3.045971	0.373633	0.6934472	0.03601842	1.720961	0.003196856
deepmd-les_sA	24800	18.386000000000003	0.021384871035178693	0.789948680461733	0.5791	0.0096	-1.0941	0.0254	2	15.31255	0.1886668	3.046275	0.3734219	0.6934443	0.03614275	1.721444	0.003321194
deepmd-les_sA	24900	17.63515	0.02167554196740009	0.7887689185297915	0.5786	0.0096	-1.0922	0.0224	2	15.31729	0.1887652	3.047244	0.373464	0.693757	0.0361073	1.722591	0.003285739
deepmd-les_sA	25000	18.5858	0.021738880094232943	0.7918564129943312	0.5808	0.0097	-1.0965	0.0223	2	15.31968	0.1883281	3.04746	0.3733145	0.69369	0.03619664	1.723316	0.003375079
deepmd-les_sA	25100	18.13295	0.023446474927318828	0.7884864827562976	0.5802	0.0092	-1.09	0.0217	2	15.3229	0.1887064	3.047645	0.3734894	0.6937176	0.03609004	1.724125	0.003268476
deepmd-les_sA	25200	18.425150000000002	0.022446297458236404	0.7900589497860768	0.5802	0.0095	-1.0931	0.0267	2	15.32311	0.1885219	3.047596	0.3734207	0.693637	0.03613386	1.724091	0.003312296
deepmd-les_sA	25300	18.94525	0.023407597524168173	0.7885360043653402	0.5801	0.01	-1.0901	0.0235	2	15.32461	0.1883174	3.047805	0.3733396	0.6937179	0.03617858	1.724203	0.003357024
deepmd-les_sA	25400	18.528399999999998	0.022276731476178452	0.7917398857497141	0.5812	0.0102	-1.0956	0.029	2	15.32525	0.1883788	3.047915	0.3733599	0.6937297	0.03616798	1.724376	0.003346415
deepmd-les_sA	25500	18.470100000000002	0.022320178981658573	0.7920929678414993	0.5816	0.0099	-1.0962	0.0244	2	15.3269	0.1882249	3.048227	0.3732969	0.6938393	0.036202	1.724691	0.003380435
deepmd-les_sA	25600	19.141550000000002	0.02251014625022848	0.7908009212907208	0.5808	0.0102	-1.0941	0.0276	2	15.32822	0.1881129	3.048381	0.3732736	0.6938074	0.03621936	1.725015	0.003397801
deepmd-les_sA	25700	18.6723	0.021680886046736115	0.789898022803161	0.5794	0.0094	-1.0937	0.0264	2	15.32914	0.1880094	3.048654	0.3732281	0.6938869	0.03624385	1.725214	0.003422286
deepmd-les_sA	25800	19.175449999999998	0.023945752200053357	0.7902285957148312	0.5818	0.0101	-1.0918	0.0287	2	15.33084	0.1878914	3.048363	0.3732103	0.6937765	0.03625427	1.725274	0.003432709
deepmd-les_sA	25900	18.77675	0.021264887871619266	0.7902903285337245	0.5792	0.0096	-1.0947	0.0261	2	15.33157	0.1876934	3.048481	0.3731207	0.693749	0.03631331	1.725415	0.003491748
deepmd-les_sA	26000	18.31225	0.022666699033462655	0.7884004834407153	0.5793	0.0102	-1.0906	0.0271	2	15.33197	0.1878438	3.048407	0.3732184	0.6936412	0.03625497	1.72578	0.003433411
deepmd-les_sA	26100	18.6764	0.022904646465800794	0.7898990483742614	0.5806	0.0096	-1.0924	0.0275	2	15.33333	0.1877734	3.048744	0.3731539	0.6938767	0.03628702	1.725864	0.003465461
deepmd-les_sA	26200	17.8818	0.022955227752014785	0.7888860558095468	0.5799	0.0084	-1.091	0.024	2	15.33604	0.1873838	3.049045	0.3730084	0.6939436	0.03637192	1.726009	0.003550355
deepmd-les_sA	26300	17.92675	0.02217815015776037	0.7890124451091041	0.5792	0.0094	-1.0919	0.0261	2	15.33689	0.1874704	3.049198	0.3730628	0.6939427	0.03634182	1.726285	0.003520257
deepmd-les_sA	26400	18.62715	0.02330037792598836	0.7882158347277152	0.5798	0.0103	-1.0897	0.0253	2	15.33827	0.1872721	3.048938	0.3730054	0.6937973	0.03637792	1.726448	0.003556364
deepmd-les_sA	26500	18.440849999999998	0.023248603424589828	0.7874017565857557	0.5792	0.0096	-1.0886	0.0258	2	15.3389	0.1874362	3.049149	0.3730853	0.6937757	0.0363342	1.726735	0.003512641
deepmd-les_sA	26600	19.40985	0.022241440807306185	0.7875341532426228	0.5783	0.0099	-1.0898	0.0258	2	15.34037	0.1871131	3.048988	0.3729481	0.6937239	0.03641545	1.726893	0.00359389
deepmd-les_sA	26700	18.58625	0.02186838350352075	0.7884387156188191	0.5785	0.01	-1.0914	0.0271	2	15.34183	0.1869465	3.049374	0.3728802	0.6938281	0.03645195	1.727315	0.003630391
deepmd-les_sA	26800	18.81725	0.020734576376066776	0.7884478122646713	0.5774	0.0096	-1.0926	0.0232	2	15.34378	0.1869779	3.049932	0.3728763	0.6940397	0.03645257	1.727611	0.003631006
deepmd-les_sA	26900	17.89885	0.023166496841317483	0.7883483199603492	0.5798	0.01	-1.09	0.026	2	15.34586	0.187105	3.05034	0.3729368	0.6941966	0.03641058	1.728101	0.003589015
deepmd-les_sA	27000	18.51495	0.022267455925253456	0.7898156992397227	0.5799	0.0103	-1.093	0.0229	2	15.34646	0.1869185	3.049931	0.3728918	0.6939059	0.0364474	1.728104	0.003625839
deepmd-les_sA	27100	18.982950000000002	0.022681816971258553	0.788177085847424	0.5792	0.0104	-1.0903	0.0254	2	15.34848	0.186799	3.050485	0.372833	0.6941148	0.0364755	1.728521	0.003653943
deepmd-les_sA	27200	19.365650000000002	0.022246604845161562	0.7887112156931171	0.5791	0.0099	-1.0914	0.0275	2	15.35129	0.1866387	3.051034	0.3727676	0.6942902	0.03651053	1.728975	0.003688974
deepmd-les_sA	27300	17.9247	0.02249719437092576	0.7884535307857713	0.5792	0.009	-1.0908	0.0264	2	15.35296	0.1865422	3.051146	0.3727581	0.6942952	0.03651491	1.729349	0.00369335
deepmd-les_sA	27400	17.851799999999997	0.021646100100663375	0.789024713797197	0.5787	0.0093	-1.0925	0.0225	2	15.35472	0.1862953	3.051377	0.3726418	0.6943774	0.03658335	1.729572	0.003761792
deepmd-les_sA	27500	17.79205	0.02217741371015805	0.7879384132668575	0.5785	0.0094	-1.0905	0.0245	2	15.35599	0.1861866	3.051141	0.372633	0.6942024	0.03659131	1.729658	0.003769751
deepmd-les_sA	27600	18.7684	0.02247030553547565	0.7869744660557	0.5781	0.0103	-1.0888	0.0262	2	15.35769	0.1861288	3.051605	0.3726188	0.6942986	0.03660168	1.729955	0.003780117
deepmd-les_sA	27700	17.99455	0.0225539187541818	0.7871630984650212	0.5783	0.0094	-1.089	0.0251	2	15.35938	0.1859381	3.051397	0.3725466	0.69424	0.03664245	1.730107	0.003820894
deepmd-les_sA	27800	18.244500000000002	0.021751605243105154	0.7893999568332107	0.5791	0.0101	-1.0929	0.0261	2	15.36135	0.1859544	3.051778	0.3725505	0.694319	0.03663986	1.73068	0.003818301
deepmd-les_sA	27900	18.334000000000003	0.02223269234543649	0.7873225295154938	0.5781	0.0099	-1.0895	0.0272	2	15.36386	0.1858062	3.052065	0.3725279	0.6943235	0.03665142	1.731011	0.00382986
deepmd-les_sA	28000	17.6233	0.02367034437712165	0.786881287629423	0.5792	0.0101	-1.0874	0.0252	2	15.36492	0.1858583	3.051656	0.3725723	0.6941326	0.03662933	1.731224	0.003807767
deepmd-les_sA	28100	18.0854	0.02147687934577345	0.7868499447824495	0.577	0.0098	-1.0896	0.0265	2	15.36562	0.1856857	3.052083	0.3724941	0.6942224	0.03667746	1.731494	0.003855896
deepmd-les_sA	28200	18.2083	0.02339264074491517	0.7876462056118834	0.5795	0.0103	-1.0888	0.0246	2	15.3677	0.185848	3.052851	0.3725616	0.6945153	0.03662983	1.73202	0.003808265
deepmd-les_sA	28300	17.96475	0.022005976615159434	0.7864260296737605	0.5773	0.0088	-1.0885	0.025	2	15.3689	0.1855632	3.052318	0.3724587	0.6942435	0.03669621	1.732054	0.003874648
deepmd-les_sA	28400	17.9978	0.02169471411550611	0.7873536019213712	0.5776	0.0093	-1.09	0.0283	2	15.37089	0.1853079	3.05265	0.3723581	0.6943236	0.03675493	1.732299	0.003933374
deepmd-les_sA	28500	18.30135	0.022597972903855002	0.7871573576467918	0.5784	0.0099	-1.0889	0.0248	2	15.37288	0.1853403	3.052549	0.3724149	0.6942155	0.03672435	1.732717	0.003902788
deepmd-les_sA	28600	18.85455	0.022642576799092963	0.7873822938850865	0.5785	0.0103	-1.0891	0.0273	2	15.37376	0.1852024	3.052939	0.3723662	0.6942546	0.03675518	1.733154	0.003933616
deepmd-les_sA	28700	18.70675	0.023296685318856748	0.7846784274777467	0.5773	0.0096	-1.0847	0.0266	2	15.3758	0.1849383	3.052837	0.372289	0.6941082	0.03679969	1.733603	0.00397813
deepmd-les_sA	28800	18.3925	0.022063222005478257	0.7861269473997972	0.5771	0.0096	-1.088	0.0267	2	15.37826	0.1848639	3.053899	0.3722252	0.694538	0.03683491	1.733985	0.004013346
deepmd-les_sA	28900	18.7308	0.021788518863279916	0.7834561367601127	0.575	0.009	-1.0846	0.0211	2	15.37982	0.1843567	3.053256	0.3720585	0.694158	0.03694294	1.733901	0.004121376
deepmd-les_sA	29000	17.94265	0.020840494321241167	0.7859103805663243	0.5757	0.0098	-1.0889	0.0284	2	15.38088	0.1842098	3.053082	0.3720057	0.6941064	0.0369723	1.734188	0.004150743
deepmd-les_sA	29100	18.542299999999997	0.02190687433028704	0.785854846487673	0.5767	0.0095	-1.0878	0.0246	2	15.38222	0.1842226	3.053396	0.3720307	0.6941235	0.03695977	1.734544	0.004138206
deepmd-les_sA	29200	17.808999999999997	0.022644046143905076	0.7859192824342005	0.5775	0.0095	-1.0872	0.0227	2	15.38477	0.184123	3.053975	0.371976	0.6943856	0.03698261	1.735046	0.004161049
deepmd-les_sA	29300	17.43675	0.021748779082031256	0.7856761650452981	0.5764	0.0093	-1.0877	0.0269	2	15.38588	0.1839048	3.053973	0.3719048	0.6942886	0.03703217	1.735007	0.00421061
deepmd-les_sA	29400	18.2403	0.02103617606339695	0.7853560093797312	0.5755	0.0095	-1.088	0.0237	2	15.3877	0.1837988	3.053948	0.3718655	0.6942461	0.03705786	1.735273	0.004236304
deepmd-les_sA	29500	18.36935	0.021877757490060105	0.7831042517829243	0.5748	0.009	-1.0839	0.0255	2	15.39075	0.1839579	3.054717	0.3719447	0.6945027	0.03700165	1.735966	0.004180087
deepmd-les_sA	29600	18.8547	0.023266257771725342	0.783643306145362	0.5765	0.0098	-1.0833	0.027	2	15.39199	0.1840678	3.054855	0.3720078	0.6944863	0.03696427	1.73612	0.004142707
deepmd-les_sA	29700	17.8216	0.021661344398546223	0.7863394752922013	0.5769	0.0096	-1.0887	0.0234	2	15.3935	0.1835954	3.054919	0.3718117	0.6944674	0.03708104	1.736398	0.004259479
deepmd-les_sA	29800	18.4699	0.021537903171261703	0.7859095255523382	0.5764	0.0101	-1.0882	0.0276	2	15.39529	0.1838758	3.055549	0.3719137	0.6946934	0.03701409	1.736999	0.004192525
deepmd-les_sA	29900	18.7924	0.024326872885881066	0.7851836229465267	0.5787	0.0096	-1.0844	0.026	2	15.39862	0.1838128	3.055932	0.3719244	0.6947722	0.03700521	1.737454	0.004183653
deepmd-les_sA	30000	17.1602	0.0215125348767839	0.7860563915108709	0.5765	0.0092	-1.0884	0.0253	2	15.40005	0.1834545	3.055847	0.3717806	0.6946999	0.03709556	1.737623	0.004274
deepmd-les_sA	30100	18.842399999999998	0.021925293294439936	0.7846189283413934	0.5759	0.0095	-1.086	0.0256	2	15.40123	0.1833733	3.056123	0.3717628	0.6947072	0.0371117	1.737845	0.004290137
deepmd-les_sA	30200	18.13335	0.021825054827145685	0.7831320359256356	0.5747	0.0096	-1.084	0.025	2	15.40154	0.183228	3.055822	0.3717119	0.6946021	0.03714163	1.73788	0.004320066
deepmd-les_sA	30300	18.31435	0.021956066900424332	0.7841782029405242	0.5756	0.0095	-1.0853	0.0259	2	15.40164	0.1831781	3.055763	0.3716938	0.6945704	0.03715269	1.737844	0.00433113
deepmd-les_sA	30400	18.91285	0.021713140573368185	0.7828270597798376	0.5744	0.0094	-1.0837	0.0268	2	15.40248	0.1832294	3.056121	0.3717051	0.694714	0.03714301	1.738113	0.00432145
deepmd-les_sA	30500	18.90715	0.02178518672080657	0.7856408345342781	0.5764	0.01	-1.0875	0.029	2	15.40322	0.1832626	3.056233	0.3717228	0.6947436	0.03713149	1.738195	0.004309931
deepmd-les_sA	30600	17.44755	0.022237988649200464	0.7845740733199391	0.5762	0.0085	-1.0857	0.0226	2	15.40386	0.1832565	3.056307	0.3717185	0.6947777	0.03713262	1.738239	0.004311056
deepmd-les_sA	30700	18.399749999999997	0.022317678583452478	0.7844303334565318	0.5761	0.0097	-1.0853	0.0272	2	15.40434	0.183236	3.056296	0.3717198	0.6947522	0.03713248	1.738359	0.004310915
deepmd-les_sA	30800	18.7745	0.022817167684436493	0.7831601092933703	0.5757	0.0105	-1.083	0.0256	2	15.40482	0.1830845	3.056283	0.3716646	0.6947091	0.03716775	1.738484	0.004346192
deepmd-les_sA	30900	19.09635	0.022138499158828113	0.7825451744339283	0.5746	0.0097	-1.0829	0.0235	2	15.40555	0.1830043	3.056259	0.3716439	0.6946681	0.03718157	1.738557	0.004360011
deepmd-les_sA	31000	18.15195	0.02193744191870634	0.7846408955480173	0.5759	0.0099	-1.086	0.0294	2	15.40647	0.1828914	3.056432	0.3715982	0.6947353	0.03720801	1.738635	0.004386451
deepmd-les_sA	31100	17.886499999999998	0.021809398766479242	0.785060663764032	0.5761	0.0095	-1.0867	0.0265	2	15.40742	0.1829495	3.056798	0.3716195	0.6948533	0.03719198	1.738996	0.004370424
deepmd-les_sA	31200	18.21305	0.02256456537856042	0.7841600818233924	0.5762	0.0093	-1.0847	0.0262	2	15.40758	0.1828341	3.056665	0.3715759	0.694806	0.0372185	1.738916	0.004396938
deepmd-les_sA	31300	18.22325	0.022108308820666146	0.7844938324388157	0.576	0.0102	-1.0856	0.0255	2	15.40797	0.183009	3.056757	0.3716417	0.6948058	0.03717923	1.739137	0.004357673
deepmd-les_sA	31400	18.61425	0.022690887485632617	0.7837718782540408	0.5761	0.0104	-1.084	0.0249	2	15.40831	0.1827476	3.056768	0.3715676	0.6947144	0.03722539	1.739202	0.004403834
deepmd-les_sA	31500	18.14915	0.022497557414442582	0.7867672932990774	0.578	0.0099	-1.0884	0.0263	2	15.40929	0.1828074	3.057027	0.3715874	0.6948118	0.03721313	1.739327	0.004391569
deepmd-les_sA	31600	18.23125	0.022723128985683842	0.7836356095340276	0.576	0.0104	-1.0838	0.0262	2	15.40997	0.1827276	3.057131	0.3715664	0.6948011	0.03722699	1.739609	0.004405425
deepmd-les_sA	31700	17.92155	0.022633244169397188	0.7853985581876398	0.5771	0.0103	-1.0864	0.0252	2	15.41083	0.1826458	3.057266	0.3715338	0.6948386	0.03724539	1.739767	0.004423828
deepmd-les_sA	31800	18.86655	0.02221815221354736	0.7805507730700855	0.5733	0.0094	-1.08	0.0223	2	15.41147	0.1823811	3.057087	0.3714532	0.694705	0.03729736	1.739817	0.004475803
deepmd-les_sA	31900	17.59505	0.02237353233121668	0.784013951083041	0.5759	0.0093	-1.0847	0.0273	2	15.41252	0.1824176	3.05727	0.3714637	0.6947847	0.03728999	1.739863	0.004468426
deepmd-les_sA	32000	18.3566	0.022187420067432996	0.7832288277326345	0.5752	0.0087	-1.0837	0.0277	2	15.41317	0.1825193	3.057361	0.371491	0.6948421	0.03726857	1.740122	0.004447013
deepmd-les_sA	32100	17.5913	0.022455555448000902	0.7844939125994496	0.5763	0.0094	-1.0853	0.0246	2	15.41382	0.1825124	3.057303	0.3715005	0.6948041	0.03726493	1.74015	0.004443373
deepmd-les_sA	32200	17.890700000000002	0.022587132325182238	0.7829448405492423	0.5754	0.0088	-1.083	0.0238	2	15.41482	0.1824699	3.057617	0.3714955	0.6948693	0.03726674	1.740389	0.004445175
deepmd-les_sA	32300	18.085	0.021905803273732833	0.7846224638619479	0.5759	0.0101	-1.086	0.0271	2	15.41536	0.1824764	3.057865	0.3714944	0.6948986	0.0372693	1.740628	0.00444774
deepmd-les_sA	32400	18.2439	0.0222809822404355	0.7821044706812565	0.5745	0.0095	-1.0821	0.0238	2	15.41593	0.1822571	3.057705	0.371423	0.6948183	0.03731471	1.740567	0.004493149
deepmd-les_sA	32500	17.69545	0.02202242183443372	0.7831642708933249	0.575	0.0091	-1.0839	0.0237	2	15.41687	0.182259	3.05786	0.3714211	0.6948754	0.03731279	1.740813	0.004491225
deepmd-les_sA	32600	18.0649	0.021798671785118424	0.7839635633393606	0.5753	0.0101	-1.0851	0.0285	2	15.4182	0.1820956	3.058058	0.3713756	0.694892	0.03734009	1.740921	0.004518535
deepmd-les_sA	32700	17.98125	0.021727529647842476	0.7829610950725571	0.5745	0.0096	-1.0839	0.0234	2	15.4194	0.1820313	3.058401	0.3713306	0.695055	0.03736475	1.741169	0.004543193
deepmd-les_sA	32800	17.25625	0.021049766083471186	0.7840796969651035	0.5747	0.0093	-1.0862	0.023	2	15.42012	0.1819331	3.058385	0.371309	0.6949862	0.03738275	1.741224	0.004561191
deepmd-les_sA	32900	19.3667	0.02197380648347876	0.7828241332568323	0.5746	0.0109	-1.0834	0.0282	2	15.42102	0.1820545	3.058554	0.3713522	0.6950506	0.0373535	1.741421	0.004531943
deepmd-les_sA	33000	18.158	0.022312786387383446	0.7846847789401876	0.5763	0.0096	-1.0857	0.0283	2	15.42146	0.1818685	3.058582	0.3712768	0.6950459	0.03739723	1.741515	0.004575665
deepmd-les_sA	33100		0.021564630089027904	0.7840484381209487	0.5744	0.0102	-1.0841	0.0275		15.42303	0.1818679	3.058831	0.3712695	0.6951492	0.03740154	1.741813	0.004579977
deepmd-les_sA	33200	18.757350000000002	0.02317978577198538	0.7828438013266877	0.5759	0.0103	-1.0822	0.0259	2	15.42407	0.1817404	3.058801	0.3712606	0.6950543	0.03740737	1.741807	0.004585807
deepmd-les_sA	33300	18.3535	0.023147904206958038	0.7826182410981584	0.5757	0.0092	-1.082	0.0254	2	15.42394	0.1816091	3.058966	0.3712184	0.6950361	0.03743352	1.742027	0.004611959
deepmd-les_sA	33400	17.55205	0.02312637112337236	0.7846227987396863	0.5771	0.0096	-1.0848	0.0278	2	15.42491	0.1817537	3.058892	0.3712648	0.6950354	0.03740371	1.742238	0.004582149
deepmd-les_sA	33500	18.70145	0.022652774100411728	0.7819220970239048	0.5747	0.0096	-1.0814	0.0279	2	15.42606	0.1815825	3.059078	0.3712262	0.6949973	0.03743218	1.742465	0.004610618
deepmd-les_sA	33600	18.42795	0.021428513354166873	0.7840543316880529	0.575	0.0092	-1.0857	0.0264	2	15.42741	0.1816476	3.059491	0.3712355	0.6951455	0.03742244	1.742739	0.004600882
deepmd-les_sA	33700	17.760199999999998	0.02219506479234955	0.7835479931981172	0.5754	0.0093	-1.0842	0.0269	2	15.42785	0.1815706	3.059432	0.3712196	0.6950976	0.03743334	1.742784	0.004611777
deepmd-les_sA	33800	17.2852	0.02216396820720501	0.783280880316102	0.5752	0.0084	-1.0839	0.024	2	15.42848	0.1813901	3.059288	0.3711719	0.694983	0.03746534	1.742771	0.004643782
deepmd-les_sA	33900	17.53435	0.02214119330534333	0.7826402113316415	0.5747	0.0096	-1.083	0.0258	2	15.42965	0.1812672	3.059608	0.3711354	0.6950735	0.03748566	1.742905	0.004664104
deepmd-les_sA	34000	18.64685	0.02325463479124585	0.7829829936016636	0.576	0.0102	-1.0823	0.0292	2	15.4305	0.1812927	3.059568	0.3711409	0.6950605	0.03748249	1.74302	0.004660929
deepmd-les_sA	34100	17.64815	0.022629732396167352	0.7837925798117019	0.576	0.0093	-1.0841	0.0267	2	15.43143	0.1814201	3.059879	0.3711812	0.6951468	0.03745617	1.743428	0.004634608
deepmd-les_sA	34200	18.5333	0.023299222591160133	0.7814475645282669	0.575	0.0095	-1.0802	0.0243	2	15.43297	0.1813755	3.060083	0.3711584	0.695261	0.03746589	1.743609	0.004644333
deepmd-les_sA	34300	18.56155	0.021520359389114264	0.7825349959767844	0.574	0.0094	-1.0835	0.0261	2	15.43381	0.1811408	3.060174	0.3710869	0.6951905	0.03751258	1.743816	0.00469102
deepmd-les_sA	34400	17.291249999999998	0.022750334019316372	0.7832919278841426	0.5758	0.009	-1.0833	0.0236	2	15.43439	0.1810937	3.060312	0.37108	0.6952171	0.03751558	1.743846	0.004694019
deepmd-les_sA	34500	18.955350000000003	0.022145640374255985	0.7811838636815936	0.5737	0.0093	-1.0809	0.0255	2	15.43468	0.1807495	3.060251	0.3709473	0.6951535	0.03759913	1.743876	0.004777567
deepmd-les_sA	34600	18.72625	0.02275346187200771	0.7824419201028224	0.5752	0.0098	-1.0821	0.0253	2	15.43618	0.1810579	3.060651	0.3710572	0.6953425	0.03752903	1.744129	0.004707474
deepmd-les_sA	34700	17.9424	0.022189110343559776	0.7823890692603632	0.5746	0.0103	-1.0825	0.0279	2	15.43738	0.1809184	3.060884	0.3710056	0.6953786	0.0375584	1.744326	0.004736843
deepmd-les_sA	34800	17.26925	0.02215177596697327	0.7827131295062486	0.5748	0.0095	-1.0831	0.0249	2	15.43893	0.1806804	3.061064	0.370915	0.69545	0.03761087	1.744464	0.004789305
deepmd-les_sA	34900	17.461550000000003	0.02203129504637484	0.7820265741528217	0.5742	0.0093	-1.0823	0.024	2	15.43966	0.180817	3.061164	0.3709732	0.6954584	0.03757665	1.744663	0.004755091
deepmd-les_sA	35000	18.123	0.023023611025290287	0.7803350703931999	0.574	0.01	-1.0788	0.0259	2	15.44006	0.1807512	3.061153	0.37097	0.6953887	0.0375812	1.744806	0.004759636
deepmd-les_sA	35100	18.59205	0.021441663277020673	0.783317202335742	0.5745	0.0107	-1.0846	0.0268	2	15.44108	0.1804566	3.061212	0.3708499	0.6953871	0.0376553	1.744877	0.004833737
deepmd-les_sA	35200	18.830750000000002	0.02226038544862386	0.781125385256932	0.5737	0.0091	-1.0807	0.0269	2	15.44108	0.180518	3.061101	0.3708871	0.6953168	0.03763499	1.744872	0.004813426
deepmd-les_sA	35300	18.3243	0.02227341134779859	0.7812755710480015	0.5739	0.0096	-1.0809	0.0252	2	15.44143	0.1805687	3.061224	0.3709072	0.6953607	0.03762059	1.74502	0.004799026
deepmd-les_sA	35400	17.63075	0.021496892875529867	0.7821733257480845	0.5737	0.0108	-1.083	0.0248	2	15.44195	0.1805434	3.061354	0.3708976	0.6954009	0.03762683	1.745064	0.004805273
deepmd-les_sA	35500	18.839550000000003	0.022267042863435286	0.7802088343329568	0.5731	0.01	-1.0794	0.0251	2	15.44249	0.1805006	3.061504	0.3708847	0.6954547	0.03763278	1.74513	0.004811223
deepmd-les_sA	35600	18.452550000000002	0.021871450946727045	0.7807239111660532	0.5731	0.0096	-1.0805	0.0279	2	15.44254	0.1805756	3.061517	0.3709088	0.6954509	0.03761878	1.745196	0.004797223
deepmd-les_sA	35700	18.07895	0.02239928762109509	0.7810120822220754	0.5738	0.0094	-1.0804	0.0262	2	15.44266	0.1806079	3.061454	0.3709292	0.6954123	0.03760679	1.745232	0.004785225
deepmd-les_sA	35800	18.11	0.022607817001819935	0.7828321611265884	0.5753	0.0097	-1.0828	0.0273	2	15.44318	0.1805729	3.061632	0.3709022	0.6955036	0.03762101	1.745277	0.004799448
deepmd-les_sA	35900	17.734949999999998	0.022470955672266056	0.7807307072078091	0.5737	0.0089	-1.08	0.024	2	15.44355	0.1804516	3.06157	0.370876	0.695432	0.03763828	1.74534	0.00481672
deepmd-les_sA	36000	18.493499999999997	0.02246371191586623	0.78163746482129	0.5743	0.01	-1.0812	0.0279	2	15.44393	0.1804573	3.061688	0.3708692	0.6954806	0.03764148	1.745427	0.004819916
deepmd-les_sA	36100	18.14705	0.022182668002496915	0.7817237706912195	0.5741	0.0098	-1.0816	0.0256	2	15.44462	0.1803699	3.061908	0.3708397	0.6955467	0.03765859	1.745471	0.004837028
deepmd-les_sA	36200	18.771900000000002	0.022176842930994926	0.7806583190342	0.5733	0.01	-1.0801	0.0259	2	15.44436	0.1803116	3.061743	0.3708239	0.6954483	0.0376706	1.745553	0.004849042
deepmd-les_sA	36300	18.2113	0.021244799247733943	0.7832873156522894	0.5742	0.0105	-1.0847	0.0295	2	15.44451	0.1803757	3.061725	0.3708492	0.6954334	0.03765562	1.745657	0.004834064
deepmd-les_sA	36400	18.531750000000002	0.022490054988082573	0.7814886244741291	0.5742	0.0094	-1.081	0.0268	2	15.44517	0.1803838	3.061949	0.3708493	0.6955261	0.03765258	1.745719	0.004831022
deepmd-les_sA	36500	17.725450000000002	0.02243426847613063	0.7818832351653328	0.5744	0.01	-1.0816	0.0284	2	15.44553	0.1803654	3.061912	0.3708533	0.6954997	0.0376509	1.74579	0.004829343
deepmd-les_sA	36600	17.7253	0.022043366818875854	0.7833997205928654	0.5751	0.01	-1.0841	0.0258	2	15.44574	0.1803918	3.062014	0.3708595	0.6955005	0.03764751	1.745892	0.004825951
deepmd-les_sA	36700	18.506999999999998	0.022126091212649513	0.7822091451947876	0.5744	0.0103	-1.0824	0.0274	2	15.44642	0.1803315	3.062165	0.3708398	0.6955514	0.03765879	1.745952	0.004837229
deepmd-les_sA	36800	17.752249999999997	0.021777963937159563	0.7818900838328848	0.5738	0.0092	-1.0822	0.0286	2	15.44653	0.1802992	3.062242	0.370828	0.6955681	0.03766563	1.745967	0.004844065
deepmd-les_sA	36900	18.79975	0.022756672639078563	0.779900877820503	0.5734	0.0094	-1.0785	0.0247	2	15.44681	0.1803302	3.062082	0.3708475	0.6955046	0.03765502	1.745941	0.004833458
deepmd-les_sA	37000	18.3602	0.02293486411127609	0.7806689474399037	0.5741	0.009	-1.0794	0.0241	2	15.44775	0.1801883	3.062144	0.370801	0.6955158	0.03768204	1.745981	0.004860482
deepmd-les_sA	37100	18.31035	0.022381203330221547	0.7809669943312579	0.5738	0.0095	-1.0804	0.0269	2	15.44785	0.1802857	3.062418	0.37083	0.6955934	0.03766423	1.746248	0.004842669
deepmd-les_sA	37200	17.84715	0.02226590990083352	0.7830529874357883	0.5751	0.0093	-1.0834	0.026	2	15.44836	0.1802265	3.06258	0.3708059	0.695647	0.0376768	1.746367	0.004855243
deepmd-les_sA	37300	17.74765	0.021948245125191758	0.7819738456662844	0.574	0.0093	-1.0822	0.0266	2	15.44881	0.1801348	3.062561	0.3707757	0.6956217	0.03769592	1.746431	0.004874358
deepmd-les_sA	37400	17.79135	0.021868964632270727	0.7808740638347247	0.5732	0.0096	-1.0808	0.0245	2	15.4495	0.1800977	3.06263	0.3707663	0.6956315	0.03770296	1.746482	0.004881398
deepmd-les_sA	37500	17.7396	0.02181025180422015	0.7819454399931843	0.5739	0.0093	-1.0823	0.0251	2	15.44959	0.1800337	3.062705	0.3707594	0.6955931	0.03770807	1.746582	0.004886505
deepmd-les_sA	37600	17.72835	0.02204042330262664	0.7816800602541983	0.5739	0.0087	-1.0817	0.0261	2	15.45014	0.1801504	3.062848	0.3707899	0.6956771	0.03768794	1.746673	0.004866381
deepmd-les_sA	37700	18.6507	0.022501817000459612	0.7826858597137959	0.5751	0.0099	-1.0826	0.0286	2	15.45067	0.1801053	3.062946	0.3707749	0.6957049	0.03769672	1.74674	0.004875161
deepmd-les_sA	37800	17.25965	0.022520767983187834	0.7810945101779748	0.574	0.009	-1.0804	0.0253	2	15.45075	0.1800396	3.062816	0.3707678	0.6956004	0.03770317	1.746763	0.004881609
deepmd-les_sA	37900	17.8119	0.021672188081608736	0.779940492523896	0.5723	0.0089	-1.0797	0.0233	2	15.45123	0.1799431	3.062841	0.3707321	0.6955979	0.03772499	1.746858	0.004903431
deepmd-les_sA	38000	17.4473	0.022973388779336752	0.7823521713896048	0.5753	0.0098	-1.0817	0.0263	2	15.45162	0.1800955	3.062966	0.3707794	0.6956691	0.03769359	1.746914	0.004872027
deepmd-les_sA	38100	17.2449	0.021681218668901384	0.7828818110174093	0.5744	0.0096	-1.0838	0.0277	2	15.4523	0.1799075	3.063095	0.3707147	0.6957023	0.03773268	1.747023	0.004911122
deepmd-les_sA	38200	17.22205	0.021889017482841795	0.7814912972080542	0.5736	0.0098	-1.0816	0.0289	2	15.45234	0.1799555	3.063069	0.3707417	0.6956405	0.03771855	1.747135	0.00489699
deepmd-les_sA	38300	18.25745	0.021519899770088502	0.7821847305651711	0.5737	0.0102	-1.0829	0.0278	2	15.45314	0.179821	3.063185	0.3706956	0.6956751	0.03774631	1.74713	0.004924751
deepmd-les_sA	38400	17.8437	0.022470896202668043	0.7813869031097166	0.5741	0.0096	-1.0809	0.0259	2	15.45365	0.1797787	3.063277	0.3706877	0.6956885	0.03774967	1.747156	0.004928111
deepmd-les_sA	38500	17.8196	0.02228253760206752	0.7809879844681082	0.5737	0.0095	-1.0805	0.0271	2	15.45408	0.1798599	3.063356	0.3707151	0.6957014	0.03773395	1.747312	0.004912388
deepmd-les_sA	38600	18.076549999999997	0.022623495265112592	0.7800538575209089	0.5734	0.0091	-1.0789	0.0239	2	15.45433	0.1798152	3.06343	0.3707058	0.6956892	0.03774002	1.747432	0.004918462
deepmd-les_sA	38700	17.6682	0.022145276457698454	0.7809594376872415	0.5735	0.0102	-1.0806	0.0249	2	15.45471	0.1798668	3.063514	0.3707193	0.6957326	0.03773021	1.747505	0.004908646
deepmd-les_sA	38800	18.8639	0.022461691238082095	0.7814870966723317	0.5742	0.0094	-1.081	0.0279	2	15.45527	0.1797853	3.063625	0.3706881	0.695773	0.03774896	1.747517	0.004927397
deepmd-les_sA	38900	18.40865	0.022944063277964714	0.7806713694926853	0.5741	0.0095	-1.0794	0.0272	2	15.45549	0.1798881	3.063614	0.3707169	0.6957856	0.03772985	1.747589	0.004908286
deepmd-les_sA	39000	19.03155	0.02222563182822392	0.7812601150756031	0.5738	0.0099	-1.0809	0.0282	2	15.45632	0.1797932	3.063839	0.3706935	0.6958215	0.03774537	1.747734	0.004923813
deepmd-les_sA	39100	17.565150000000003	0.022370608617081945	0.7818749060327346	0.5744	0.0099	-1.0817	0.0254	2	15.45676	0.179718	3.063777	0.3706734	0.695789	0.03775756	1.74779	0.004935998
deepmd-les_sA	39200	18.15915	0.02180059808339298	0.7811428358736121	0.5733	0.0089	-1.0812	0.0242	2	15.45724	0.1795589	3.063909	0.3706141	0.6958203	0.03779461	1.747852	0.004973048
deepmd-les_sA	39300	17.61495	0.02171039015573465	0.7815613386773406	0.5735	0.0099	-1.0819	0.0241	2	15.45793	0.1795894	3.063971	0.3706325	0.6958252	0.03778322	1.747919	0.004961663
deepmd-les_sA	39400	17.9943	0.021810253154359045	0.7810452238358684	0.5732	0.0093	-1.0811	0.0255	2	15.45796	0.1795334	3.064061	0.3706236	0.6958019	0.03778996	1.748034	0.004968395
deepmd-les_sA	39500	17.73955	0.022814528767548366	0.7813178945362733	0.5744	0.0096	-1.0804	0.0281	2	15.45859	0.1795648	3.0642	0.3706374	0.6958414	0.03777835	1.748237	0.004956787
deepmd-les_sA	39600	17.24455	0.0225547865194205	0.7815442863752354	0.5743	0.0093	-1.081	0.0252	2	15.4588	0.1797061	3.064256	0.3706753	0.6958892	0.03775382	1.748283	0.004932257
deepmd-les_sA	39700	17.687649999999998	0.022479924122035873	0.7804664622655861	0.5735	0.0098	-1.0796	0.026	2	15.45919	0.1795736	3.064217	0.3706481	0.6958124	0.03777284	1.748259	0.004951278
deepmd-les_sA	39800	17.988599999999998	0.021602868332095647	0.7807053036432843	0.5728	0.01	-1.0807	0.028	2	15.45954	0.1794308	3.064207	0.370596	0.6957843	0.03780619	1.748375	0.004984632
deepmd-les_sA	39900	18.5628	0.02177232900955502	0.7796508503532529	0.5722	0.0101	-1.0791	0.0271	2	15.46012	0.1793447	3.064293	0.3705656	0.6958235	0.03782533	1.748321	0.005003774
deepmd-les_sA	40000	17.69685	0.022339776429671977	0.7805726877240564	0.5735	0.0094	-1.0799	0.0238	2	15.46013	0.1793592	3.064277	0.3705747	0.6957989	0.03781801	1.748426	0.004996448
deepmd-les_sA	40100	17.728650000000002	0.022007965104649335	0.7804813835618201	0.573	0.0102	-1.0801	0.0252	2	15.46085	0.1793607	3.0644	0.3705784	0.6958372	0.03781609	1.748533	0.004994525
deepmd-les_sA	40200	18.0582	0.021927403530151997	0.7826579994703429	0.5745	0.0105	-1.0831	0.0304	2	15.46121	0.1793514	3.064504	0.370576	0.6958635	0.03781778	1.748548	0.004996223
deepmd-les_sA	40300	18.59375	0.02203258827966577	0.7803755939001816	0.573	0.0101	-1.0799	0.0254	2	15.46142	0.1793526	3.064561	0.3705735	0.6958866	0.03781814	1.748593	0.004996584
deepmd-les_sA	40400	18.48635	0.021534104577018865	0.7805456354029146	0.5726	0.0107	-1.0806	0.024	2	15.46156	0.1792991	3.064546	0.3705601	0.6958592	0.03782744	1.748592	0.005005883
deepmd-les_sA	40500	18.01745	0.02176689972985882	0.7801140793189915	0.5726	0.0087	-1.0798	0.0256	2	15.46174	0.1792908	3.064515	0.3705644	0.6958341	0.03782539	1.748617	0.005003834
deepmd-les_sA	40600	18.222949999999997	0.022405217692911518	0.7808257562239144	0.5737	0.0104	-1.0801	0.0274	2	15.46164	0.1793423	3.06452	0.3705742	0.695855	0.03781861	1.748626	0.004997048
deepmd-les_sA	40700	17.68405	0.02232126887603581	0.780926012367135	0.5737	0.0086	-1.0804	0.0262	2	15.46183	0.1792533	3.064538	0.3705512	0.6958364	0.03783301	1.74861	0.005011455
deepmd-les_sA	40800	18.53745	0.02265554381824153	0.7795946877877802	0.5731	0.0096	-1.0782	0.025	2	15.46199	0.1792304	3.064522	0.370549	0.6958181	0.03783465	1.748638	0.005013088
deepmd-les_sA	40900	18.3215	0.022202605143622257	0.780531815162448	0.5733	0.0099	-1.0799	0.0282	2	15.46206	0.179312	3.064526	0.3705707	0.6958271	0.03782147	1.748694	0.004999911
deepmd-les_sA	41000	17.39125	0.021629207808412244	0.7819228170675977	0.5737	0.0091	-1.0825	0.0268	2	15.46251	0.1792652	3.064653	0.3705584	0.6958548	0.03782808	1.748736	0.005006517
deepmd-les_sA	41100	18.0807	0.021562273235446214	0.7812374638664544	0.5731	0.0106	-1.0815	0.0309	2	15.46267	0.17928	3.064708	0.3705569	0.6958831	0.03782926	1.748792	0.005007702
deepmd-les_sA	41200	18.963549999999998	0.022180145102462773	0.779608112233403	0.5726	0.0092	-1.0786	0.028	2	15.46272	0.1792919	3.064636	0.3705599	0.6958581	0.03782746	1.748841	0.005005898
deepmd-les_sA	41300	17.11655	0.021744060657566334	0.7816201916183265	0.5736	0.0098	-1.0819	0.0262	2	15.46292	0.1792293	3.064702	0.3705446	0.6958645	0.03783691	1.748845	0.005015351
deepmd-les_sA	41400	17.8579	0.021302357579521647	0.780604525236612	0.5724	0.0101	-1.0809	0.0257	2	15.46334	0.1792079	3.064811	0.3705417	0.6958906	0.03783867	1.748875	0.005017107
deepmd-les_sA	41500	19.026049999999998	0.022449581293376254	0.7796294479335775	0.5729	0.01	-1.0784	0.0259	2	15.46346	0.1792328	3.064876	0.3705473	0.6959117	0.03783469	1.748899	0.005013127
deepmd-les_sA	41600	18.719450000000002	0.022047147204710932	0.7818285978820899	0.574	0.0099	-1.0819	0.0288	2	15.46366	0.1792296	3.064914	0.3705505	0.69591	0.03783221	1.74894	0.005010646
deepmd-les_sA	41700	17.91525	0.02220188095469371	0.7799333928048992	0.5729	0.0089	-1.0791	0.0232	2	15.46364	0.1792673	3.064939	0.3705562	0.6959287	0.03782863	1.748972	0.005007071
deepmd-les_sA	41800	17.7337	0.02219145759249744	0.7808366999427695	0.5735	0.009	-1.0804	0.028	2	15.46392	0.1792718	3.065003	0.370561	0.6959386	0.03782548	1.74901	0.005003924
deepmd-les_sA	41900	17.752299999999998	0.022362486101604424	0.7802685146593374	0.5732	0.0088	-1.0794	0.0271	2	15.46418	0.1792102	3.065061	0.3705468	0.6959341	0.03783452	1.749062	0.00501296
deepmd-les_sA	42000	17.99155	0.021680821439505754	0.7805014693101103	0.5727	0.0101	-1.0804	0.0265	2	15.46441	0.1791667	3.065106	0.3705331	0.6959389	0.03784296	1.749131	0.005021396
deepmd-les_sA	42100	18.06555	0.022584619981358984	0.779776069017354	0.5731	0.0093	-1.0785	0.0264	2	15.46462	0.1792256	3.065182	0.3705491	0.6959722	0.03783232	1.74918	0.005010759
deepmd-les_sA	42200	17.61405	0.022596166030674297	0.7802223209267497	0.5735	0.0103	-1.0791	0.0249	2	15.46485	0.1791663	3.06517	0.3705348	0.6959621	0.03784128	1.749172	0.005019718
deepmd-les_sA	42300	18.729300000000002	0.022420888424611544	0.7813394010149242	0.574	0.0103	-1.0808	0.0304	2	15.46493	0.1791187	3.065103	0.3705256	0.6959145	0.03784761	1.749196	0.005026045
deepmd-les_sA	42400	17.23005	0.021584473677487316	0.7794683737372422	0.5719	0.0094	-1.0791	0.0255	2	15.46507	0.1790317	3.065108	0.3704966	0.6959207	0.03786588	1.749134	0.005044319
deepmd-les_sA	42500	17.29625	0.021790992803818816	0.782046384252223	0.5739	0.0094	-1.0824	0.0296	2	15.4652	0.1790525	3.06506	0.3705136	0.6958776	0.0378562	1.749173	0.005034637
deepmd-les_sA	42600	18.304250000000003	0.02217782284414234	0.7804957155965614	0.5732	0.0081	-1.0799	0.0255	2	15.46537	0.1790619	3.065195	0.370515	0.6959068	0.03785514	1.74926	0.005033581
deepmd-les_sA	42700	18.31025	0.022149060345161946	0.7805104727992034	0.5732	0.0099	-1.08	0.0239	2	15.46542	0.1789611	3.065251	0.3704809	0.6959123	0.03787629	1.749263	0.005054726
deepmd-les_sA	42800	17.8561	0.02238970599835129	0.7811805677953503	0.5739	0.0095	-1.0807	0.0235	2	15.46583	0.1789698	3.065303	0.3704829	0.6959453	0.03787438	1.749301	0.005052816
deepmd-les_sA	42900	18.02675	0.022618382248736763	0.7791528452084587	0.5727	0.0096	-1.0776	0.0255	2	15.4659	0.1790844	3.065294	0.3705186	0.6959466	0.03785144	1.749369	0.005029877
deepmd-les_sA	43000	18.52365	0.022359073158929134	0.7800329408077405	0.5731	0.0098	-1.0791	0.0271	2	15.46628	0.1790595	3.065336	0.3705093	0.6959616	0.03785745	1.749409	0.005035891
deepmd-les_sA	43100	18.9661	0.022730459376187208	0.7810466555138893	0.5741	0.0103	-1.0801	0.0285	2	15.46658	0.1789854	3.065471	0.3704856	0.696001	0.03787074	1.749438	0.005049182
deepmd-les_sA	43200	18.248350000000002	0.022584757060743494	0.7817492734761275	0.5745	0.0103	-1.0813	0.0259	2	15.4667	0.1790567	3.06547	0.3705045	0.6960063	0.03785971	1.74949	0.005038145
deepmd-les_sA	43300	17.294800000000002	0.022087704372835977	0.7800796357462014	0.5728	0.0089	-1.0794	0.0282	2	15.46701	0.178972	3.065549	0.370491	0.6959932	0.03786865	1.74955	0.005047089
deepmd-les_sA	43400	17.98205	0.02207269974119189	0.7803793134391261	0.573	0.01	-1.0798	0.0271	2	15.46707	0.1789179	3.065487	0.3704777	0.6959613	0.03787701	1.749492	0.005055449
deepmd-les_sA	43500	18.22615	0.022736355892038825	0.7795589084992965	0.5731	0.0109	-1.078	0.0238	2	15.4674	0.1789779	3.065572	0.3704956	0.6959853	0.03786466	1.749604	0.005043097
deepmd-les_sA	43600	17.901249999999997	0.022094606948749575	0.7798088664816639	0.5727	0.0095	-1.079	0.0251	2	15.46746	0.1789401	3.065598	0.3704805	0.6959929	0.03787449	1.749643	0.005052935
deepmd-les_sA	43700	17.62345	0.022117284861204407	0.77986311651808	0.5727	0.0094	-1.0791	0.0241	2	15.46785	0.1789017	3.065676	0.3704748	0.6960002	0.0378787	1.74966	0.005057142
deepmd-les_sA	43800	17.8163	0.021951869632699298	0.7806286664507139	0.5731	0.0102	-1.0803	0.0257	2	15.46812	0.1788922	3.065773	0.3704796	0.6959873	0.03787609	1.749764	0.005054533
deepmd-les_sA	43900	17.5312	0.022102260364251353	0.7806024923746347	0.5732	0.0096	-1.0801	0.0269	2	15.46805	0.178994	3.065752	0.3705053	0.6959917	0.03786075	1.749781	0.00503919
deepmd-les_sA	44000	18.96445	0.021797771165796398	0.7802296247025484	0.5726	0.009	-1.0799	0.0275	2	15.46847	0.1788786	3.065882	0.3704582	0.6960637	0.03788784	1.74979	0.005066285
deepmd-les_sA	44100	18.24585	0.022264889921539632	0.779815507080966	0.5729	0.0095	-1.0789	0.0226	2	15.46852	0.1788445	3.065794	0.3704603	0.6959971	0.03788707	1.749807	0.005065512
deepmd-les_sA	44200	17.860950000000003	0.02262434374252949	0.7798985646492828	0.5733	0.0099	-1.0786	0.0243	2	15.46874	0.1789298	3.065796	0.3704892	0.6959965	0.03786852	1.749905	0.005046962
deepmd-les_sA	44300	18.31845	0.02252604271671435	0.779150002087954	0.5726	0.0099	-1.0777	0.0236	2	15.4688	0.1789729	3.065869	0.3704918	0.6960568	0.03786677	1.749946	0.005045206
deepmd-les_sA	44400	17.201500000000003	0.021769664262074873	0.7801114088677785	0.5725	0.01	-1.0798	0.0255	2	15.46922	0.1788229	3.06594	0.3704522	0.6960503	0.03789134	1.74991	0.005069778
deepmd-les_sA	44500	18.31785	0.02242069721081856	0.7781779717331901	0.5718	0.0101	-1.0764	0.025	2	15.46969	0.1788379	3.065991	0.3704609	0.6960569	0.03788638	1.750019	0.005064817
deepmd-les_sA	44600	18.4745	0.021915750678887652	0.7809919390666227	0.5733	0.0094	-1.0809	0.0261	2	15.46978	0.1787889	3.066075	0.370439	0.6960866	0.03789952	1.750006	0.005077962
deepmd-les_sA	44700	18.3374	0.021783584866112888	0.7801228003578147	0.5725	0.0097	-1.0797	0.029	2	15.46987	0.1787169	3.066013	0.3704261	0.6960319	0.03790823	1.75	0.005086672
deepmd-les_sA	44800	17.7244	0.0226553363691962	0.7799941733295411	0.5733	0.0087	-1.0787	0.0274	2	15.4699	0.1787793	3.065989	0.3704526	0.6960041	0.03789194	1.750079	0.00507038
deepmd-les_sA	44900	17.648	0.02182863807999786	0.7809133890988079	0.5732	0.0091	-1.0809	0.0238	2	15.47035	0.1787287	3.066076	0.3704406	0.6960199	0.0378992	1.750103	0.005077639
deepmd-les_sA	45000	17.179650000000002	0.022560897744309517	0.7796022155658215	0.573	0.0091	-1.0783	0.0228	2	15.47065	0.1787391	3.066251	0.3704421	0.6960704	0.03789737	1.750148	0.005075814
deepmd-les_sA	45100	17.88725	0.02195450065031772	0.7785694490454699	0.5717	0.0104	-1.0774	0.0239	2	15.47087	0.1787195	3.066205	0.3704398	0.696053	0.03789908	1.75017	0.005077524
deepmd-les_sA	45200	17.43845	0.022105561828794446	0.7794838234188787	0.5725	0.0088	-1.0786	0.0238	2	15.47098	0.1786951	3.066203	0.3704319	0.6960556	0.03790422	1.750154	0.005082664
deepmd-les_sA	45300	17.1414	0.0222450528777245	0.7802747464395536	0.5732	0.0085	-1.0796	0.0247	2	15.47102	0.1786716	3.066208	0.3704259	0.6960456	0.03790794	1.75019	0.005086384
deepmd-les_sA	45400	18.1104	0.022235579212504675	0.7794355222882431	0.5725	0.0099	-1.0784	0.0246	2	15.47112	0.1786689	3.066237	0.3704259	0.6960467	0.03790796	1.750226	0.005086395
deepmd-les_sA	45500	17.67355	0.022164915516906664	0.7798646445053219	0.5728	0.0094	-1.079	0.0267	2	15.47119	0.1787059	3.066264	0.3704357	0.6960634	0.0379017	1.750238	0.005080139
deepmd-les_sA	45600	18.103099999999998	0.022577165200278096	0.7803077183099465	0.5735	0.0099	-1.0792	0.0269	2	15.47119	0.1787255	3.066256	0.3704412	0.6960621	0.03789846	1.750246	0.005076901
deepmd-les_sA	45700	17.92875	0.022147790802076243	0.7807519251764173	0.5734	0.0096	-1.0803	0.0265	2	15.47126	0.1787455	3.066305	0.3704463	0.6960765	0.03789465	1.750293	0.005073092
deepmd-les_sA	45800	18.25065	0.02234502675967644	0.7808471887704025	0.5736	0.0107	-1.0802	0.0263	2	15.47138	0.1786622	3.066297	0.370424	0.6960596	0.03790903	1.750278	0.005087468
deepmd-les_sA	45900	17.970950000000002	0.02167465954976147	0.779539741413448	0.5721	0.0094	-1.0791	0.0239	2	15.47142	0.1786612	3.066277	0.3704243	0.6960489	0.03790924	1.75029	0.005087678
deepmd-les_sA	46000	18.2053	0.022505349082295886	0.7809109821645387	0.5739	0.0096	-1.0802	0.0241	2	15.47158	0.1786508	3.066327	0.3704208	0.696063	0.03791125	1.750316	0.005089685
deepmd-les_sA	46100	18.2528	0.02231017448672819	0.7785491744228721	0.572	0.0099	-1.0771	0.0235	2	15.47171	0.1786568	3.066383	0.3704235	0.6960824	0.03790901	1.750319	0.005087452
deepmd-les_sA	46200	18.7367	0.022405680142466584	0.7816667716464575	0.5743	0.0105	-1.0813	0.0281	2	15.4717	0.1786829	3.066374	0.3704307	0.6960798	0.03790464	1.750333	0.005083082
deepmd-les_sA	46300	17.759349999999998	0.02230194293547357	0.7808482719746076	0.5736	0.0098	-1.0802	0.0285	2	15.47172	0.1786815	3.066399	0.3704284	0.6960904	0.0379058	1.750352	0.005084243
deepmd-les_sA	46400	18.356749999999998	0.022444148715201055	0.7799473081479901	0.5731	0.0096	-1.0789	0.0252	2	15.47178	0.1786446	3.066388	0.3704192	0.6960768	0.03791208	1.750367	0.005090523
deepmd-les_sA	46500	18.07835	0.021882657613296823	0.781966077636551	0.5739	0.0105	-1.0822	0.0287	2	15.47189	0.1786516	3.066382	0.3704254	0.6960625	0.03790834	1.750375	0.005086779
deepmd-les_sA	46600	18.709049999999998	0.02236066777922361	0.7789546217277501	0.5723	0.0101	-1.0775	0.0268	2	15.47199	0.178572	3.06643	0.3704065	0.6960607	0.03792023	1.750341	0.005098669
deepmd-les_sA	46700	18.3417	0.0226180449625168	0.7798171933580216	0.5732	0.01	-1.0785	0.0241	2	15.47197	0.1786375	3.066444	0.3704212	0.6960733	0.03791026	1.750394	0.005088698
deepmd-les_sA	46800	17.82175	0.02232720798456636	0.7800052838307124	0.573	0.011	-1.0791	0.0254	2	15.47223	0.178573	3.066467	0.3704068	0.6960747	0.03791932	1.750399	0.005097759
deepmd-les_sA	46900	18.7095	0.022747011663690288	0.7794373343910894	0.573	0.0095	-1.0779	0.026	2	15.47224	0.1786229	3.066448	0.37042	0.6960704	0.03791141	1.750426	0.005089848
deepmd-les_sA	47000	16.41195	0.02210694885454495	0.781366113051929	0.5738	0.0093	-1.0812	0.024	2	15.47238	0.1785776	3.066476	0.3704071	0.6960762	0.03791911	1.750433	0.005097553
deepmd-les_sA	47100	18.2119	0.022417555665260602	0.7790703524532514	0.5725	0.0086	-1.0777	0.0237	2	15.47242	0.178563	3.066487	0.3704035	0.696074	0.03792122	1.750424	0.005099655
deepmd-les_sA	47200	17.75555	0.022389474886366282	0.779597581290342	0.5728	0.0098	-1.0785	0.0247	2	15.47254	0.1785663	3.06653	0.3704042	0.6960883	0.03792108	1.750433	0.005099516
deepmd-les_sA	47300	18.18675	0.02203487433485045	0.7792214676761422	0.5722	0.0099	-1.0783	0.0242	2	15.47259	0.1785942	3.066543	0.3704112	0.6960907	0.03791671	1.750463	0.005095154
deepmd-les_sA	47400	18.240949999999998	0.022589523093446993	0.778225723373073	0.572	0.0098	-1.0763	0.0245	2	15.47273	0.1785936	3.066564	0.3704105	0.6960958	0.03791687	1.750517	0.005095314
deepmd-les_sA	47500	18.633200000000002	0.022817669544402636	0.7789170623750424	0.5728	0.0101	-1.0771	0.0249	2	15.47282	0.1785492	3.066534	0.3704039	0.6960741	0.03792148	1.75048	0.005099924
deepmd-les_sA	47600	18.2637	0.022236051808020893	0.7801314274659681	0.573	0.0098	-1.0793	0.0265	2	15.47291	0.178565	3.066572	0.3704056	0.6960826	0.03791998	1.750542	0.005098423
deepmd-les_sA	47700	17.83685	0.022055127239703074	0.780695727923637	0.5732	0.0095	-1.0803	0.0261	2	15.47307	0.178511	3.066564	0.370395	0.6960705	0.03792714	1.750495	0.005105581
deepmd-les_sA	47800	18.350749999999998	0.022766050528214017	0.7801097886396916	0.5735	0.0098	-1.0788	0.0266	2	15.47316	0.1785641	3.06663	0.3704096	0.6960894	0.03791764	1.750544	0.005096081
deepmd-les_sA	47900	18.43955	0.022426723287772267	0.7801111865067852	0.5732	0.0093	-1.0791	0.0265	2	15.47316	0.1785691	3.066666	0.37041	0.6960997	0.03791718	1.750575	0.005095622
deepmd-les_sA	48000	17.92805	0.02252389198090758	0.7797994985290556	0.5731	0.0098	-1.0786	0.0255	2	15.47323	0.1785352	3.066664	0.3704035	0.6960924	0.03792132	1.75058	0.005099763
deepmd-les_sA	48100	18.1161	0.022231556948910675	0.7804681712796373	0.5732	0.0094	-1.0798	0.0277	2	15.47322	0.1784878	3.066612	0.3703908	0.6960711	0.03793007	1.750557	0.005108508
deepmd-les_sA	48200	17.585700000000003	0.021739901854806527	0.7802212296890012	0.5726	0.0099	-1.08	0.0259	2	15.47329	0.1785154	3.06664	0.3703976	0.696078	0.03792568	1.750574	0.005104122
deepmd-les_sA	48300	17.83115	0.021863332927538455	0.7799410699440313	0.5725	0.0093	-1.0794	0.0269	2	15.47347	0.1784848	3.066666	0.3703897	0.6960852	0.03793036	1.75059	0.005108801
deepmd-les_sA	48400	17.811100000000003	0.02236666839899231	0.7802459270956184	0.5732	0.0091	-1.0794	0.0266	2	15.47357	0.1784782	3.066681	0.3703884	0.6960866	0.03793089	1.750611	0.005109326
deepmd-les_sA	48500	17.2445	0.021749928475602687	0.7807830990447913	0.573	0.0093	-1.0808	0.0255	2	15.47354	0.1784992	3.066668	0.3703939	0.6960778	0.03792793	1.750612	0.00510637
deepmd-les_sA	48600	18.0327	0.02225073625793889	0.7799691019774957	0.5729	0.0101	-1.0791	0.0266	2	15.47369	0.1784426	3.06667	0.3703842	0.6960557	0.03793409	1.75065	0.005112525
deepmd-les_sA	48700	18.59015	0.02250372565174375	0.7804108487990566	0.5735	0.0103	-1.0795	0.0265	2	15.47373	0.1784992	3.066733	0.3703953	0.6960925	0.03792647	1.750691	0.005104911
deepmd-les_sA	48800	18.56225	0.022721332916782456	0.7787334141952579	0.5725	0.0096	-1.0769	0.0265	2	15.47395	0.1784858	3.066733	0.3703971	0.6960783	0.03792599	1.750671	0.005104426
deepmd-les_sA	48900	17.87415	0.021913626764233425	0.7790227375974922	0.5719	0.0091	-1.0781	0.0228	2	15.47416	0.1784287	3.066751	0.3703843	0.696074	0.03793421	1.750677	0.005112647
deepmd-les_sA	49000	18.0034	0.02203372221551012	0.7795214497587517	0.5724	0.009	-1.0787	0.0244	2	15.47419	0.1784799	3.066775	0.3703936	0.6960944	0.03792788	1.750732	0.005106318
deepmd-les_sA	49100	18.35545	0.022252596286322274	0.7787407496774955	0.5721	0.0101	-1.0773	0.0264	2	15.47416	0.1784687	3.066795	0.3703906	0.6960921	0.03792951	1.750725	0.005107952
deepmd-les_sA	49200	18.5006	0.02280278823288024	0.7795947062246666	0.5732	0.0097	-1.078	0.0265	2	15.47419	0.1784865	3.066814	0.370397	0.6960899	0.03792609	1.750762	0.005104525
deepmd-les_sA	49300	17.1663	0.021545291596089172	0.7803433720556074	0.5725	0.0092	-1.0804	0.0249	2	15.47436	0.1784216	3.066837	0.3703847	0.6960814	0.03793348	1.750757	0.005111925
deepmd-les_sA	49400	18.427799999999998	0.022398032001491104	0.7800812764575744	0.5732	0.0103	-1.0791	0.0242	2	15.47449	0.1784093	3.066866	0.3703805	0.6960863	0.03793613	1.75077	0.005114571
deepmd-les_sA	49500	17.86525	0.02250608767746938	0.7792996796051687	0.5727	0.0084	-1.0779	0.0253	2	15.47468	0.1784083	3.066899	0.3703813	0.6960956	0.03793535	1.750805	0.005113794
deepmd-les_sA	49600	17.79625	0.021652371074046363	0.7813444572533854	0.5733	0.0097	-1.0816	0.0275	2	15.47474	0.1783875	3.066923	0.3703746	0.6960986	0.03793926	1.750802	0.005117702
deepmd-les_sA	49700	17.48195	0.02234805785246164	0.7794556525037398	0.5727	0.0098	-1.0783	0.0247	2	15.47467	0.1784305	3.06693	0.370384	0.6960967	0.03793366	1.75085	0.0051121
deepmd-les_sA	49800	18.5556	0.022298879365043156	0.7796303043836907	0.5727	0.0092	-1.0786	0.0249	2	15.47476	0.1784383	3.066952	0.3703854	0.6961084	0.03793245	1.750896	0.005110891
deepmd-les_sA	49900	18.538600000000002	0.022808894055233737	0.7777044252941798	0.5719	0.0093	-1.0754	0.0242	2	15.47497	0.1783345	3.066974	0.3703593	0.6961119	0.0379486	1.750856	0.005127036
deepmd-les_sA	50000	17.707549999999998	0.02228129853612141	0.7804809131631651	0.5733	0.0089	-1.0798	0.0232	2	15.47499	0.1784041	3.06697	0.3703783	0.6961042	0.03793719	1.750892	0.005115625
deepmd-les_sA	50100	18.7284	0.0226134912995052	0.7792064484005061	0.5727	0.0095	-1.0776	0.0269	2	15.47518	0.1783721	3.066983	0.3703739	0.6961047	0.03793998	1.750874	0.005118423
deepmd-les_sA	50200	18.6393	0.022179262936347883	0.7791403349895928	0.5723	0.0098	-1.078	0.0262	2	15.47518	0.1783751	3.066968	0.370375	0.6960922	0.03794001	1.750909	0.00511845
deepmd-les_sA	50300	17.369549999999997	0.022053593781625386	0.7807263917707113	0.5733	0.0097	-1.0804	0.0257	2	15.47523	0.1783487	3.066974	0.3703708	0.6960846	0.03794261	1.75091	0.005121046
deepmd-les_sA	50400	17.89875	0.02222377652548007	0.7800872925069439	0.573	0.0102	-1.0793	0.0251	2	15.47531	0.1783408	3.06701	0.3703675	0.696099	0.03794424	1.750908	0.00512268
deepmd-les_sA	50500	17.64645	0.022316749153971305	0.7802128909718761	0.5732	0.0089	-1.0794	0.0269	2	15.47533	0.1783438	3.067008	0.3703695	0.6960941	0.03794319	1.750915	0.005121627
deepmd-les_sA	50600	17.9559	0.021954918468833618	0.7796383365781999	0.5724	0.0107	-1.0789	0.0262	2	15.47537	0.1783559	3.067013	0.3703715	0.6960996	0.03794185	1.75093	0.005120293
deepmd-les_sA	50700	17.27805	0.022423614277661198	0.779869488535936	0.573	0.0103	-1.0788	0.024	2	15.47535	0.178355	3.067028	0.3703703	0.696105	0.03794231	1.750936	0.005120754
deepmd-les_sA	50800	17.7505	0.021996538974134495	0.7794750720253536	0.5723	0.0099	-1.0787	0.0252	2	15.47538	0.1783441	3.067032	0.3703689	0.6960986	0.03794344	1.75095	0.005121881
deepmd-les_sA	50900	18.6393	0.022935453586282246	0.7775205821321746	0.5719	0.0101	-1.0749	0.0259	2	15.47543	0.1783432	3.067026	0.3703683	0.6960987	0.03794375	1.750943	0.005122187
deepmd-les_sA	51000	18.8327	0.022429390710376855	0.7796748201354383	0.5729	0.0096	-1.0785	0.0273	2	15.47546	0.1783177	3.067066	0.3703612	0.6961109	0.03794782	1.750942	0.005126264
deepmd-les_sA	51100	18.0302	0.02212756291764272	0.7801499642008807	0.5729	0.0098	-1.0795	0.025	2	15.47547	0.1783347	3.067042	0.3703664	0.6960997	0.03794492	1.750958	0.005123358
deepmd-les_sA	51200	18.480249999999998	0.022723006814118697	0.7782948437302665	0.5722	0.0084	-1.0763	0.0254	2	15.47548	0.1783278	3.067053	0.370366	0.6960971	0.03794515	1.750962	0.005123592
deepmd-les_sA	51300	17.585749999999997	0.022041231280076512	0.7804668419186777	0.5731	0.0101	-1.08	0.023	2	15.47559	0.1783112	3.06705	0.3703622	0.6960982	0.0379476	1.750949	0.005126041
deepmd-les_sA	51400	17.44095	0.022110139473989467	0.7807799917902034	0.5733	0.0106	-1.0803	0.0281	2	15.47565	0.1783028	3.067064	0.3703608	0.6960992	0.03794849	1.750947	0.00512693
deepmd-les_sA	51500	18.1755	0.022249034142179647	0.779337729698447	0.5725	0.0096	-1.0782	0.0269	2	15.47567	0.1783624	3.067059	0.3703768	0.6961005	0.03793841	1.750981	0.005116849
deepmd-les_sA	51600	17.4084	0.02215014092390713	0.7797183198309432	0.5727	0.009	-1.0789	0.0255	2	15.47573	0.1782979	3.067066	0.3703628	0.6960941	0.03794719	1.750948	0.00512563
deepmd-les_sA	51700	18.3902	0.022631718595360353	0.7782033275229164	0.5721	0.01	-1.0762	0.0254	2	15.47574	0.1783137	3.06706	0.3703651	0.6960939	0.03794583	1.750973	0.005124265
deepmd-les_sA	51800	17.69765	0.02246747787642388	0.7794481437157229	0.5728	0.0094	-1.0781	0.027	2	15.47578	0.1782801	3.067071	0.3703563	0.696088	0.03795143	1.75097	0.005129873
deepmd-les_sA	51900	18.36605	0.022549644269559993	0.7792586172351064	0.5727	0.0091	-1.0778	0.025	2	15.47586	0.1782908	3.067103	0.3703594	0.6961028	0.0379491	1.750988	0.005127537
deepmd-les_sA	52000	18.757800000000003	0.02228407849922863	0.7786000073625702	0.572	0.0101	-1.0771	0.0267	2	15.47585	0.1782833	3.067095	0.3703591	0.6960907	0.03794951	1.751004	0.005127951
deepmd-les_sA	52100	16.9232	0.021937400182797995	0.7798829476496452	0.5725	0.0098	-1.0793	0.0272	2	15.4759	0.1782834	3.067099	0.3703591	0.6960896	0.0379498	1.751015	0.005128242
deepmd-les_sA	52200	17.749200000000002	0.022412845303091	0.7780912493816083	0.5718	0.0097	-1.0763	0.0262	2	15.47586	0.1783055	3.067116	0.370365	0.6960935	0.03794598	1.751039	0.005124422
deepmd-les_sA	52300	17.610950000000003	0.021945984777283913	0.7804257033082729	0.5729	0.0099	-1.0801	0.0252	2	15.47596	0.1782293	3.06711	0.3703475	0.6960879	0.03795695	1.750997	0.005135387
deepmd-les_sA	52400	17.281950000000002	0.02224139690293378	0.7797947854618459	0.5728	0.0103	-1.0789	0.024	2	15.47599	0.1782254	3.067118	0.3703478	0.6960821	0.03795691	1.750999	0.005135345
deepmd-les_sA	52500	17.62345	0.022152974749569926	0.779755864102473	0.5727	0.01	-1.0789	0.0253	2	15.47604	0.1782704	3.067154	0.3703569	0.6960985	0.03795076	1.751036	0.0051292
deepmd-les_sA	52600	17.640500000000003	0.02224610261030447	0.7798785827235032	0.5729	0.0087	-1.079	0.0261	2	15.47605	0.1782627	3.067137	0.3703544	0.6960932	0.03795249	1.751042	0.005130931
deepmd-les_sA	52700	18.03765	0.021641212795643718	0.7808849350398708	0.573	0.0095	-1.081	0.0269	2	15.47612	0.1782704	3.067161	0.3703584	0.6960949	0.03794981	1.751063	0.005128255
deepmd-les_sA	52800	18.9907	0.021962391807319116	0.7795751396403392	0.5724	0.0111	-1.0788	0.0245	2	15.47613	0.17825	3.067146	0.3703538	0.6960852	0.03795307	1.751063	0.005131506
deepmd-les_sA	52900	18.274	0.02190195223330584	0.7793436647835809	0.5721	0.0094	-1.0785	0.0273	2	15.47614	0.1782696	3.067147	0.3703581	0.6960859	0.03795041	1.751082	0.005128852
deepmd-les_sA	53000	17.4541	0.02220099064228665	0.7802164762683663	0.5731	0.0095	-1.0795	0.0259	2	15.47621	0.1782417	3.067172	0.3703507	0.6960961	0.03795477	1.751057	0.005133213
deepmd-les_sA	53100	18.539	0.022138873495169388	0.779293718743572	0.5723	0.0101	-1.0783	0.0253	2	15.47624	0.1782378	3.067187	0.3703505	0.696096	0.03795494	1.751074	0.005133382
deepmd-les_sA	53200	17.48035	0.02208708438093671	0.7789553104087735	0.572	0.0094	-1.0778	0.0266	2	15.47636	0.1782429	3.067189	0.3703535	0.6960937	0.03795297	1.751086	0.005131411
deepmd-les_sA	53300	18.1547	0.022879296582335666	0.7796462646761644	0.5733	0.01	-1.078	0.0251	2	15.47639	0.1782537	3.067219	0.3703538	0.696112	0.03795245	1.751078	0.005130891
deepmd-les_sA	53400	17.7106	0.021926505849430053	0.7802254079904019	0.5728	0.0103	-1.0798	0.0272	2	15.47638	0.1782535	3.067233	0.3703542	0.6961125	0.03795214	1.751097	0.00513058
deepmd-les_sA	53500	17.54295	0.021834602002827237	0.7800496702239663	0.5726	0.0095	-1.0796	0.0256	2	15.47644	0.1782434	3.067223	0.370352	0.696107	0.03795381	1.751101	0.005132249
deepmd-les_sA	53600	17.608449999999998	0.021653325941296195	0.779757799871133	0.5722	0.0088	-1.0794	0.0231	2	15.47647	0.1782573	3.067222	0.3703534	0.6961128	0.03795298	1.751106	0.005131418
deepmd-les_sA	53700	17.856250000000003	0.022233768808385113	0.7799560124001914	0.5729	0.0091	-1.0791	0.0248	2	15.47655	0.1782645	3.067234	0.3703573	0.6961096	0.03795052	1.751112	0.00512896
deepmd-les_sA	53800	18.20045	0.022652715008574093	0.7786504903853138	0.5724	0.0097	-1.0768	0.025	2	15.47662	0.1782527	3.067277	0.3703542	0.6961227	0.03795209	1.751121	0.005130526
deepmd-les_sA	53900	18.0229	0.02226373811475977	0.7786550740086112	0.572	0.0105	-1.0772	0.0281	2	15.47666	0.1782447	3.067277	0.3703536	0.6961143	0.03795275	1.751141	0.005131191
deepmd-les_sA	54000	17.890900000000002	0.021944517873455017	0.7799359418371353	0.5726	0.01	-1.0794	0.0258	2	15.47672	0.1782153	3.067295	0.3703476	0.6961133	0.03795656	1.751145	0.005135002
deepmd-les_sA	54100	18.4376	0.022424190957607157	0.7796026563422895	0.5728	0.0102	-1.0784	0.0255	2	15.47673	0.1782176	3.067294	0.3703484	0.6961128	0.03795607	1.751141	0.005134506
deepmd-les_sA	54200	18.19855	0.02239270551661456	0.7793299030832515	0.5726	0.0097	-1.0781	0.0251	2	15.47676	0.1782216	3.067294	0.3703508	0.6961072	0.03795471	1.75115	0.005133151
deepmd-les_sA	54300	18.2631	0.02229312463001626	0.7804559147005097	0.5733	0.0102	-1.0797	0.0254	2	15.47684	0.1782302	3.067329	0.3703519	0.6961177	0.03795368	1.751169	0.005132121
deepmd-les_sA	54400	18.56995	0.0219065499794051	0.7803939907751001	0.5729	0.0096	-1.08	0.0271	2	15.47679	0.178231	3.067306	0.3703524	0.6961082	0.03795338	1.751183	0.00513182
deepmd-les_sA	54500	18.63575	0.022354328009773994	0.7802599706013865	0.5732	0.0104	-1.0794	0.0287	2	15.47686	0.1782061	3.06732	0.370348	0.6961049	0.03795618	1.751178	0.005134619
deepmd-les_sA	54600	17.9931	0.02216101958303915	0.7792410189396749	0.5723	0.0092	-1.0781	0.0279	2	15.47686	0.1782261	3.067321	0.3703517	0.696112	0.03795388	1.751185	0.005132323
deepmd-les_sA	54700	18.3893	0.02263104757536072	0.7790260629268779	0.5726	0.0101	-1.0774	0.0266	2	15.4769	0.1782422	3.067351	0.3703542	0.6961235	0.03795194	1.751209	0.005130381
deepmd-les_sA	54800	18.608	0.022149239300073537	0.7814528911711022	0.5738	0.0105	-1.0812	0.0292	2	15.47696	0.1782115	3.067372	0.3703482	0.6961237	0.03795558	1.751212	0.00513402
deepmd-les_sA	54900	17.79795	0.022437319686855507	0.7787883308869276	0.5723	0.0097	-1.0773	0.0241	2	15.47696	0.1782502	3.067369	0.3703563	0.6961271	0.03795057	1.751223	0.005129014
deepmd-les_sA	55000	18.4777	0.022236225964749515	0.7784949018678867	0.5719	0.0089	-1.077	0.0269	2	15.47701	0.1781979	3.067337	0.3703453	0.6961113	0.03795792	1.75119	0.005136358
deepmd-les_sA	55100	18.313699999999997	0.02215057991558785	0.7786636145362122	0.5719	0.0097	-1.0774	0.0254	2	15.47709	0.1782144	3.067365	0.3703491	0.6961203	0.0379555	1.751224	0.005133942
deepmd-les_sA	55200	18.36405	0.022421615966675475	0.7794657552404258	0.5727	0.0094	-1.0782	0.0258	2	15.47717	0.178199	3.067371	0.3703462	0.6961189	0.0379574	1.751214	0.005135838
deepmd-les_sA	55300	17.89405	0.02220834478528156	0.7791688417906467	0.5723	0.0098	-1.078	0.0258	2	15.47721	0.1781712	3.067364	0.3703418	0.6961092	0.0379603	1.751208	0.005138737
deepmd-les_sA	55400	17.699550000000002	0.022074114886275982	0.7806540023757191	0.5732	0.0101	-1.0803	0.0247	2	15.47721	0.1781981	3.067372	0.3703482	0.6961138	0.03795617	1.751221	0.005134608
deepmd-les_sA	55500	17.72795	0.022126153124577774	0.7793647626445953	0.5724	0.0091	-1.0784	0.0249	2	15.47721	0.1781926	3.067377	0.3703471	0.6961139	0.03795691	1.751221	0.005135352
deepmd-les_sA	55600	18.7242	0.022558729101308163	0.7792922588576771	0.5728	0.0101	-1.0779	0.0237	2	15.47722	0.1782005	3.067385	0.3703478	0.6961192	0.03795634	1.751227	0.005134781
deepmd-les_sA	55700	17.87265	0.021867934240704212	0.7814342340726295	0.5736	0.0097	-1.0815	0.0285	2	15.47723	0.1781929	3.067387	0.3703465	0.6961182	0.03795716	1.751219	0.005135604
deepmd-les_sA	55800	18.3913	0.02252282617936348	0.779381480580849	0.5728	0.0106	-1.0779	0.0281	2	15.47725	0.1781932	3.067386	0.3703483	0.6961114	0.03795616	1.751232	0.005134597
deepmd-les_sA	55900	17.49785	0.021723308412815452	0.780555388116018	0.5728	0.0103	-1.0804	0.0295	2	15.47729	0.1781797	3.067397	0.3703443	0.6961146	0.03795866	1.751236	0.005137098
deepmd-les_sA	56000	17.62505	0.022063928143089703	0.7800021020684722	0.5728	0.0097	-1.0793	0.027	2	15.4773	0.1781728	3.067395	0.3703432	0.6961124	0.03795941	1.751236	0.005137851
deepmd-les_sA	56100	18.2868	0.021973291952241868	0.7792272550101156	0.5721	0.0106	-1.0783	0.0262	2	15.4773	0.1781873	3.067393	0.370347	0.6961122	0.03795698	1.751245	0.005135418
deepmd-les_sA	56200	17.5043	0.02223381217439165	0.7791514014535679	0.5724	0.0093	-1.078	0.023	2	15.47731	0.1781686	3.067402	0.3703439	0.6961086	0.03795885	1.751245	0.00513729
deepmd-les_sA	56300	18.67055	0.022258916200441726	0.7793361500102312	0.5725	0.0102	-1.0782	0.0273	2	15.4773	0.1781938	3.067419	0.3703471	0.6961218	0.03795665	1.75126	0.005135092
deepmd-les_sA	56400	18.313499999999998	0.022177368547025594	0.7788731042735031	0.5721	0.0092	-1.0777	0.0239	2	15.47736	0.1781673	3.067412	0.3703424	0.6961149	0.03795976	1.751251	0.005138203
deepmd-les_sA	56500	18.5437	0.022671995093862425	0.7786230300271624	0.5724	0.0091	-1.0768	0.0266	2	15.47737	0.1781839	3.067411	0.3703473	0.6961129	0.03795669	1.751255	0.005135134
deepmd-les_sA	56600	17.147399999999998	0.021796858357121723	0.7796829462893576	0.5723	0.009	-1.0792	0.0254	2	15.4774	0.178173	3.067412	0.3703441	0.696114	0.03795863	1.751254	0.005137071
deepmd-les_sA	56700	17.852899999999998	0.02236565310666428	0.780692660120221	0.5735	0.0097	-1.08	0.0264	2	15.47738	0.1781821	3.067407	0.3703468	0.6961102	0.03795705	1.751262	0.005135487
deepmd-les_sA	56800	18.36285	0.022620837585427156	0.7771834669454871	0.5713	0.0096	-1.0748	0.0259	2	15.47742	0.178184	3.067414	0.3703477	0.6961105	0.03795652	1.751277	0.005134963
deepmd-les_sA	56900	17.70845	0.022320373663696845	0.7800487956798667	0.573	0.0098	-1.0791	0.0261	2	15.47746	0.1781641	3.067418	0.3703442	0.6961078	0.03795869	1.751266	0.005137133
deepmd-les_sA	57000	18.29515	0.022321660754089367	0.7798524608420871	0.5729	0.011	-1.0788	0.0268	2	15.47747	0.1781578	3.067429	0.3703416	0.6961134	0.03796029	1.75126	0.005138732
deepmd-les_sA	57100	18.3268	0.021856752740559683	0.7793638521676787	0.5721	0.0099	-1.0786	0.0279	2	15.47751	0.1781747	3.067442	0.370346	0.6961179	0.0379574	1.751277	0.005135839
deepmd-les_sA	57200	17.8097	0.022355330993209653	0.7788646031874001	0.5723	0.0092	-1.0775	0.0243	2	15.47751	0.1781775	3.06744	0.3703467	0.6961163	0.03795695	1.751286	0.005135393
deepmd-les_sA	57300	17.6658	0.021797775096178324	0.779766452208722	0.5723	0.0101	-1.0792	0.0278	2	15.47754	0.178171	3.06745	0.370345	0.6961193	0.03795806	1.751289	0.005136498
deepmd-les_sA	57400	18.118949999999998	0.021747882365651318	0.7793153441841334	0.572	0.0098	-1.0787	0.027	2	15.47756	0.1781611	3.067445	0.3703433	0.6961165	0.03795921	1.751282	0.00513765
deepmd-les_sA	57500	18.1555	0.021968246576345447	0.7808937788986315	0.5733	0.0101	-1.0806	0.0284	2	15.47758	0.178167	3.067454	0.3703448	0.6961151	0.03795823	1.751295	0.005136672
deepmd-les_sA	57600	18.77015	0.022522354540517958	0.7776239223655697	0.5716	0.0091	-1.0756	0.0219	2	15.47763	0.1781642	3.06745	0.3703447	0.6961137	0.03795832	1.751297	0.005136764
deepmd-les_sA	57700	18.82915	0.022657327671975095	0.7791512749834075	0.5727	0.0105	-1.0775	0.0293	2	15.4776	0.1781463	3.067449	0.370341	0.6961102	0.03796067	1.751285	0.005139115
deepmd-les_sA	57800	16.92435	0.021743460727346998	0.7797698574613862	0.5723	0.0097	-1.0793	0.0249	2	15.47761	0.178148	3.067457	0.3703411	0.6961128	0.03796056	1.751287	0.005138997
deepmd-les_sA	57900	17.541	0.02216906855908406	0.7796958472383045	0.5727	0.0097	-1.0788	0.0253	2	15.47763	0.1781527	3.067457	0.3703424	0.6961127	0.03795973	1.751292	0.005138168
deepmd-les_sA	58000	18.6084	0.022238447126773062	0.7794693063644396	0.5725	0.0103	-1.0784	0.0273	2	15.47762	0.1781634	3.067453	0.3703444	0.6961127	0.03795853	1.7513	0.005136965
deepmd-les_sA	58100	18.63835	0.022360625314308963	0.7781608799074915	0.5717	0.0097	-1.0764	0.027	2	15.47764	0.1781429	3.067463	0.37034	0.6961138	0.03796123	1.751297	0.005139673
deepmd-les_sA	58200	17.57435	0.022072554077313712	0.7785031284420626	0.5717	0.0095	-1.0773	0.0227	2	15.47765	0.1781355	3.067455	0.3703385	0.69611	0.03796227	1.751292	0.005140714
deepmd-les_sA	58300	18.6003	0.022328005675746672	0.7787674715477924	0.5721	0.0111	-1.0773	0.0261	2	15.47767	0.178138	3.067464	0.3703398	0.6961102	0.03796142	1.751291	0.005139862
deepmd-les_sA	58400	17.61385	0.022089485599833914	0.7800226206621035	0.5728	0.0091	-1.0793	0.0264	2	15.4777	0.1781453	3.067473	0.3703416	0.6961098	0.0379603	1.751313	0.005138741
deepmd-les_sA	58500	18.0061	0.02260178486398321	0.7798524860424748	0.5732	0.0091	-1.0786	0.0265	2	15.47772	0.1781477	3.067472	0.3703439	0.6961049	0.03795892	1.75132	0.005137358
deepmd-les_sA	58600	18.20465	0.02250832415337144	0.7795443861225024	0.5729	0.0093	-1.0782	0.0259	2	15.47772	0.1781533	3.06748	0.3703441	0.6961101	0.03795872	1.75133	0.00513716
deepmd-les_sA	58700	17.7941	0.02195129411123019	0.7795818108453149	0.5723	0.0095	-1.0788	0.0282	2	15.47778	0.1781451	3.067491	0.3703418	0.6961136	0.03796006	1.751328	0.005138498
deepmd-les_sA	58800	17.901200000000003	0.02196722209269584	0.7796496008685677	0.5724	0.0099	-1.0789	0.0247	2	15.47779	0.1781589	3.067494	0.3703443	0.6961186	0.03795844	1.751329	0.005136884
deepmd-les_sA	58900	17.4126	0.022264433785789482	0.7792079427899813	0.5724	0.0092	-1.078	0.0236	2	15.4778	0.1781355	3.067495	0.3703401	0.6961125	0.03796119	1.751325	0.005139632
deepmd-les_sA	59000	17.4052	0.022355002117575885	0.7805881021367673	0.5735	0.0106	-1.0798	0.0264	2	15.47783	0.1781316	3.067497	0.3703401	0.6961121	0.03796109	1.751317	0.005139528
deepmd-les_sA	59100	17.94725	0.022259578517819303	0.7803721227442788	0.5732	0.01	-1.0796	0.0266	2	15.47788	0.1781261	3.067502	0.3703391	0.6961121	0.03796175	1.751318	0.005140187
deepmd-les_sA	59200	17.636850000000003	0.02205324590905447	0.7784607702838818	0.5717	0.0094	-1.0772	0.0225	2	15.47787	0.178149	3.067506	0.3703436	0.6961145	0.03795889	1.751328	0.005137326
deepmd-les_sA	59300	18.01225	0.02286099850208377	0.7773418798282106	0.5717	0.0083	-1.0748	0.0228	2	15.47789	0.1781451	3.067504	0.3703439	0.6961124	0.03795878	1.751328	0.005137215
deepmd-les_sA	59400	18.0218	0.022078221475515695	0.7793075279164116	0.5723	0.0096	-1.0783	0.0273	2	15.4779	0.1781256	3.067507	0.3703397	0.6961107	0.03796139	1.751331	0.005139834
deepmd-les_sA	59500	18.0163	0.021936290472442374	0.7807192894340047	0.5732	0.0094	-1.0805	0.0226	2	15.4779	0.1781379	3.067522	0.3703407	0.6961183	0.03796062	1.751344	0.005139064
deepmd-les_sA	59600	18.4662	0.022368664643787856	0.7801544247202955	0.5732	0.01	-1.0792	0.0283	2	15.47791	0.1781529	3.067519	0.3703452	0.6961143	0.0379579	1.751359	0.005136335
deepmd-les_sA	59700	18.353749999999998	0.021799940352041504	0.7802409623313626	0.5726	0.0105	-1.0799	0.0273	2	15.47794	0.1781257	3.067524	0.3703392	0.6961146	0.03796168	1.751342	0.005140124
deepmd-les_sA	59800	18.929299999999998	0.02234371674365821	0.779833001078268	0.5729	0.0096	-1.0788	0.0275	2	15.47797	0.1781262	3.067527	0.3703403	0.696113	0.03796103	1.751352	0.005139467
deepmd-les_sA	59900	17.56695	0.022052227286552418	0.7789414574849982	0.572	0.0096	-1.0778	0.0277	2	15.478	0.1781205	3.067527	0.3703396	0.6961117	0.03796146	1.751355	0.005139901
deepmd-les_sA	60000	18.2575	0.02209038880300496	0.7780125787701816	0.5714	0.0101	-1.0765	0.0246	2	15.47803	0.1781302	3.067533	0.3703414	0.6961141	0.03796031	1.751361	0.005138747
deepmd-les_sA	60100	17.77955	0.02231492238692623	0.7789512235443314	0.5723	0.0094	-1.0776	0.0256	2	15.47805	0.178134	3.067546	0.3703422	0.6961189	0.0379597	1.75137	0.005138137
deepmd-les_sA	60200	17.9983	0.022043319131151387	0.7797732810647214	0.5726	0.0103	-1.079	0.0275	2	15.47805	0.1781267	3.067544	0.3703407	0.6961141	0.03796078	1.751372	0.005139223
deepmd-les_sA	60300	17.71105	0.022184290394964563	0.7794245563347652	0.5725	0.0096	-1.0784	0.0247	2	15.47806	0.1781213	3.067547	0.3703401	0.6961134	0.03796112	1.751368	0.00513956
deepmd-les_sA	60400	17.850450000000002	0.022134963728715235	0.7798498436033757	0.5727	0.0095	-1.079	0.0274	2	15.47807	0.1781207	3.067542	0.3703408	0.6961103	0.03796074	1.751366	0.005139183
deepmd-les_sA	60500	17.372799999999998	0.022183395048760383	0.7793849997837334	0.5725	0.009	-1.0784	0.0237	2	15.47808	0.1781229	3.06755	0.3703413	0.6961116	0.03796041	1.751372	0.005138855
deepmd-les_sA	60600	17.7877	0.02206931841977714	0.7796210033446055	0.5725	0.0099	-1.0788	0.0276	2	15.47809	0.1781218	3.067553	0.3703409	0.6961111	0.03796067	1.751378	0.005139109
deepmd-les_sA	60700	17.83605	0.022005431158018146	0.7792645484871886	0.5722	0.0093	-1.0784	0.0251	2	15.4781	0.1781232	3.06756	0.3703411	0.6961141	0.03796051	1.751378	0.005138953
deepmd-les_sA	60800	17.855150000000002	0.02221973604766875	0.7799465322119844	0.5729	0.0091	-1.0791	0.0284	2	15.47809	0.1781261	3.067552	0.3703424	0.6961108	0.03795973	1.751377	0.005138165
deepmd-les_sA	60900	17.91585	0.02229304943413524	0.77931919069286	0.5725	0.0102	-1.0781	0.028	2	15.4781	0.1781279	3.067555	0.3703419	0.6961145	0.03796	1.751372	0.005138437
deepmd-les_sA	61000	17.85215	0.02189304733773926	0.7804064515938779	0.5729	0.0098	-1.08	0.0283	2	15.47811	0.1781223	3.067548	0.3703414	0.6961102	0.03796037	1.751372	0.005138813
deepmd-les_sA	61100	17.87335	0.02235240182882774	0.7794338259043447	0.5727	0.0097	-1.0783	0.024	2	15.47812	0.178116	3.067546	0.3703409	0.6961078	0.03796066	1.751366	0.005139104
deepmd-les_sA	61200	17.6884	0.02221562837155557	0.7794801515487398	0.5725	0.01	-1.0784	0.0268	2	15.47813	0.1781113	3.067548	0.3703403	0.6961066	0.03796112	1.751367	0.005139557
deepmd-les_sA	61300	17.89025	0.022231843603718576	0.7783492442707453	0.5718	0.0098	-1.0768	0.0255	2	15.47815	0.1781071	3.067554	0.3703391	0.6961088	0.03796185	1.751365	0.005140295
deepmd-les_sA	61400	17.8988	0.022448784606532452	0.7791255046582093	0.5725	0.0092	-1.0777	0.0243	2	15.47816	0.1781041	3.067554	0.3703391	0.6961069	0.03796188	1.751367	0.005140323
deepmd-les_sA	61500	18.330599999999997	0.02233221095080165	0.7788901919905337	0.5723	0.01	-1.0775	0.0241	2	15.47816	0.1781251	3.067559	0.3703426	0.6961114	0.03795966	1.75138	0.005138103
deepmd-les_sA	61600	18.2088	0.022106069312038363	0.7798959940171413	0.5727	0.0098	-1.0791	0.0272	2	15.47815	0.1781193	3.067559	0.3703411	0.6961097	0.03796062	1.751384	0.005139055
deepmd-les_sA	61700	18.00025	0.022364675618236497	0.7795150749301675	0.5727	0.0094	-1.0783	0.028	2	15.47817	0.1781186	3.06756	0.3703415	0.6961087	0.03796032	1.751383	0.005138761
deepmd-les_sA	61800	17.8127	0.02206356660602248	0.7798407015864603	0.5726	0.0096	-1.0791	0.0276	2	15.47818	0.1781103	3.067556	0.3703403	0.6961062	0.03796112	1.751378	0.005139556
deepmd-les_sA	61900	18.96575	0.02291051870220412	0.7776036509416949	0.5719	0.0092	-1.0751	0.0241	2	15.47818	0.1781087	3.067562	0.3703392	0.6961094	0.03796177	1.751383	0.005140207
deepmd-les_sA	62000	18.94165	0.02266993046460198	0.7794315404206456	0.573	0.0104	-1.0779	0.0271	2	15.47817	0.1781302	3.067559	0.3703444	0.6961078	0.03795854	1.751395	0.005136982
deepmd-les_sA	62100	18.087400000000002	0.022125679338260984	0.7794765674894277	0.5725	0.0094	-1.0785	0.0262	2	15.47819	0.1781251	3.067565	0.3703426	0.6961104	0.03795966	1.751393	0.005138099
deepmd-les_sA	62200	17.6941	0.021589004698017722	0.7808392061960999	0.5729	0.0108	-1.081	0.0257	2	15.47821	0.1781026	3.06757	0.3703387	0.6961075	0.03796211	1.751388	0.005140548
deepmd-les_sA	62300	17.7489	0.022648416819420793	0.7788689420213916	0.5726	0.0095	-1.0772	0.0233	2	15.47822	0.1781042	3.067574	0.3703393	0.6961082	0.0379617	1.751391	0.005140144
deepmd-les_sA	62400	17.71395	0.022088624287038217	0.7789661351202584	0.572	0.0093	-1.0778	0.0293	2	15.47822	0.1781057	3.067574	0.3703402	0.6961066	0.0379612	1.751389	0.005139644
deepmd-les_sA	62500	18.89725	0.022650926667192182	0.7775925733286126	0.5717	0.0099	-1.0754	0.0249	2	15.47825	0.1780976	3.067577	0.3703385	0.6961079	0.0379623	1.751388	0.005140741
deepmd-les_sA	62600	18.09865	0.02202857481058207	0.7795059594391516	0.5724	0.0109	-1.0787	0.025	2	15.47824	0.1781131	3.067575	0.370342	0.6961069	0.03796011	1.751394	0.005138545
deepmd-les_sA	62700	17.4831	0.02197235526966241	0.7805694961306475	0.5731	0.0098	-1.0802	0.0243	2	15.47825	0.1781068	3.06758	0.3703407	0.6961068	0.03796093	1.751399	0.005139368
deepmd-les_sA	62800	17.7817	0.02226156831082206	0.7796111908698771	0.5727	0.0095	-1.0786	0.0258	2	15.47826	0.1780993	3.067578	0.3703387	0.6961057	0.03796222	1.751399	0.005140657
deepmd-les_sA	62900	17.7817	0.022187878417942626	0.7804508857432787	0.5732	0.0104	-1.0798	0.0265	2	15.47825	0.1781083	3.067582	0.370341	0.6961063	0.03796069	1.751406	0.005139132
deepmd-les_sA	63000	17.955	0.021830596096037082	0.77986973594902	0.5724	0.0095	-1.0794	0.026	2	15.47828	0.1780993	3.067585	0.3703393	0.6961067	0.0379618	1.751404	0.005140236
deepmd-les_sA	63100	17.910600000000002	0.021892158944404914	0.780168806470363	0.5727	0.0101	-1.0797	0.0254	2	15.47829	0.17811	3.067586	0.3703414	0.6961071	0.03796051	1.751414	0.005138947
deepmd-les_sA	63200	18.51765	0.022349075426909733	0.7804369281005029	0.5733	0.0098	-1.0796	0.0281	2	15.47828	0.178111	3.06759	0.370341	0.696109	0.03796066	1.751413	0.0051391
deepmd-les_sA	63300	17.49975	0.022242740628252954	0.7792311415290617	0.5724	0.0095	-1.0781	0.024	2	15.4783	0.1781148	3.067594	0.370342	0.6961107	0.03796002	1.751415	0.00513846
deepmd-les_sA	63400	17.56645	0.021887392186935157	0.7795065981326904	0.5722	0.0096	-1.0788	0.0268	2	15.4783	0.1781007	3.06759	0.3703398	0.6961062	0.03796151	1.751411	0.005139949
deepmd-les_sA	63500	17.321649999999998	0.022382918018307014	0.7797850898303154	0.5729	0.0094	-1.0787	0.0252	2	15.4783	0.1781057	3.067587	0.3703409	0.6961058	0.03796081	1.751413	0.005139251
deepmd-les_sA	63600	17.89505	0.022318407626838815	0.7803806892644194	0.5733	0.0094	-1.0797	0.0214	2	15.47833	0.1780963	3.067597	0.3703388	0.696109	0.03796201	1.751414	0.005140453
deepmd-les_sA	63700	17.7763	0.022459952627042597	0.7788655740309008	0.5724	0.0098	-1.0774	0.0235	2	15.47834	0.1780879	3.067598	0.3703377	0.6961066	0.0379627	1.751411	0.00514114
deepmd-les_sA	63800	17.47205	0.021977556808152304	0.7800050227726377	0.5727	0.0101	-1.0794	0.026	2	15.47832	0.1780902	3.067598	0.3703381	0.696106	0.03796248	1.751414	0.00514092
deepmd-les_sA	63900	18.4381	0.02247740217251536	0.778467496807026	0.5721	0.0093	-1.0768	0.0243	2	15.47833	0.1780975	3.067598	0.3703394	0.6961074	0.0379617	1.751416	0.005140138
deepmd-les_sA	64000	18.451549999999997	0.022198340427143404	0.7793573083044554	0.5724	0.0108	-1.0782	0.0274	2	15.47834	0.1780987	3.067598	0.3703404	0.696105	0.03796107	1.751421	0.005139508
deepmd-les_sA	64100	17.47885	0.022111204455444636	0.7789753710919282	0.5721	0.0087	-1.0779	0.0231	2	15.47834	0.1781025	3.067604	0.3703399	0.6961088	0.0379614	1.751426	0.005139837
deepmd-les_sA	64200	18.9294	0.02225715672794807	0.7787264566040876	0.572	0.0098	-1.0773	0.0286	2	15.47835	0.1781032	3.067602	0.3703404	0.6961081	0.03796109	1.751426	0.005139533
deepmd-les_sA	64300	17.5855	0.022187981072929037	0.7799760801612181	0.5729	0.0097	-1.0792	0.0264	2	15.47836	0.1781128	3.067603	0.3703426	0.6961094	0.03795968	1.751429	0.005138115
deepmd-les_sA	64400	18.78485	0.022449174805738513	0.7785613633348676	0.5721	0.0103	-1.0769	0.0261	2	15.47836	0.1781038	3.067601	0.3703408	0.696107	0.03796088	1.751422	0.005139325
deepmd-les_sA	64500	18.07565	0.022004567092882406	0.778928786951914	0.5719	0.0098	-1.0779	0.0257	2	15.47836	0.1780971	3.067599	0.3703394	0.6961047	0.03796183	1.751423	0.005140267
deepmd-les_sA	64600	17.3217	0.021790064933284593	0.7803988312256016	0.5728	0.0103	-1.0802	0.0264	2	15.47837	0.1781012	3.067606	0.3703403	0.6961071	0.03796116	1.751428	0.005139595
deepmd-les_sA	64700	18.996299999999998	0.022777493880073503	0.778021623152194	0.5721	0.0101	-1.0758	0.0244	2	15.47838	0.178097	3.067608	0.3703397	0.6961066	0.03796151	1.751428	0.005139947
deepmd-les_sA	64800	18.24915	0.021937200478139997	0.7789827404039317	0.5719	0.0102	-1.078	0.0274	2	15.4784	0.1780863	3.067611	0.3703381	0.6961047	0.03796256	1.75143	0.005141
deepmd-les_sA	64900	17.3477	0.021516067507202686	0.7786004305450318	0.5713	0.0094	-1.078	0.0223	2	15.47841	0.1780909	3.067614	0.3703387	0.6961059	0.03796221	1.751433	0.005140651
deepmd-les_sA	65000	17.9619	0.02232774782703001	0.7790024941239068	0.5723	0.0095	-1.0777	0.0231	2	15.47838	0.1780989	3.06761	0.3703403	0.6961029	0.0379612	1.751442	0.005139642
deepmd-les_sA	65100	18.08495	0.02239083657868542	0.7790742342562988	0.5724	0.0101	-1.0777	0.027	2	15.47841	0.1781042	3.067615	0.3703412	0.6961071	0.03796062	1.75144	0.005139062
deepmd-les_sA	65200	18.498649999999998	0.022617529855672808	0.7782008694248923	0.5721	0.009	-1.0763	0.0241	2	15.47844	0.1780931	3.067613	0.3703404	0.696103	0.03796119	1.751439	0.00513963
deepmd-les_sA	65300	19.04535	0.021882670006860828	0.7799439501566853	0.5725	0.0094	-1.0794	0.0284	2	15.47843	0.1780935	3.067615	0.3703403	0.6961026	0.0379612	1.75144	0.005139637
deepmd-les_sA	65400	18.171	0.022304829621685895	0.7783140109063089	0.5718	0.0104	-1.0767	0.0268	2	15.47844	0.178089	3.067618	0.3703391	0.6961043	0.03796194	1.751438	0.005140385
deepmd-les_sA	65500	17.674599999999998	0.0218480778240356	0.7807637450082343	0.5731	0.0097	-1.0806	0.0265	2	15.47846	0.1780733	3.067617	0.3703367	0.696101	0.03796345	1.751433	0.005141891
deepmd-les_sA	65600	18.287799999999997	0.022539717099874103	0.7805609236892659	0.5736	0.0103	-1.0796	0.0256	2	15.47846	0.1780815	3.067618	0.3703382	0.6961023	0.03796251	1.751438	0.005140952
deepmd-les_sA	65700	18.283	0.022425851139895966	0.7786096447175697	0.5722	0.0105	-1.077	0.0228	2	15.47846	0.1780801	3.06762	0.3703377	0.6961029	0.0379628	1.75144	0.005141237
deepmd-les_sA	65800	18.175	0.02247923209480588	0.7786927521163733	0.5723	0.0098	-1.0771	0.0252	2	15.47846	0.1780869	3.067624	0.3703388	0.6961048	0.03796208	1.751446	0.005140523
deepmd-les_sA	65900	18.39985	0.022293367348085808	0.7802324808744687	0.5731	0.0108	-1.0794	0.028	2	15.47847	0.1780869	3.067625	0.3703391	0.6961044	0.03796193	1.751445	0.005140367
deepmd-les_sA	66000	17.39915	0.021941553131072964	0.7801105778945927	0.5727	0.0101	-1.0796	0.0258	2	15.47847	0.1780839	3.067621	0.3703388	0.6961022	0.03796214	1.751441	0.00514058
deepmd-les_sA	66100	17.690199999999997	0.021885377075192204	0.7791518395637885	0.572	0.0092	-1.0783	0.0258	2	15.47847	0.1780787	3.067623	0.3703378	0.6961027	0.03796274	1.751438	0.005141183
deepmd-les_sA	66200		0.02197978485520661	0.7805580527426839	0.5723	0.0113	-1.0787	0.0259		15.47848	0.1780823	3.067625	0.3703383	0.6961037	0.03796245	1.751442	0.005140893
deepmd-les_sA	66300	17.92175	0.022006202496662762	0.7792373767231022	0.5722	0.0097	-1.0783	0.0254	2	15.47848	0.1780789	3.067623	0.3703383	0.6961012	0.03796251	1.75144	0.005140953
deepmd-les_sA	66400	18.1851	0.022296921807460686	0.7783484157682277	0.5718	0.0089	-1.0768	0.0265	2	15.47849	0.178079	3.067625	0.3703379	0.6961031	0.03796273	1.751441	0.005141167
deepmd-les_sA	66500	17.219250000000002	0.02208118701602176	0.7799781212661899	0.5728	0.009	-1.0793	0.0262	2	15.4785	0.178075	3.067624	0.3703375	0.696101	0.037963	1.751441	0.00514144
deepmd-les_sA	66600	18.3209	0.022481322153096298	0.7793255276765853	0.5727	0.01	-1.078	0.025	2	15.47849	0.178079	3.067628	0.3703386	0.6961013	0.0379623	1.751444	0.005140738
deepmd-les_sA	66700	17.55065	0.02209058586679874	0.7793011310501455	0.5723	0.0089	-1.0784	0.0239	2	15.47849	0.178078	3.067628	0.3703381	0.6961022	0.03796258	1.751442	0.005141021
deepmd-les_sA	66800	17.94105	0.02213484802026529	0.7801049160561068	0.5729	0.0088	-1.0795	0.0204	2	15.4785	0.1780769	3.067627	0.3703383	0.6961008	0.03796248	1.751444	0.00514092
deepmd-les_sA	66900	17.67925	0.022224674345242605	0.7791417957173085	0.5723	0.0095	-1.078	0.0248	2	15.47849	0.1780739	3.067627	0.3703372	0.6961017	0.03796313	1.751444	0.00514157
deepmd-les_sA	67000	18.0306	0.021927155189752554	0.7798328939722534	0.5725	0.01	-1.0792	0.0278	2	15.4785	0.1780702	3.067629	0.3703369	0.6961003	0.03796339	1.751444	0.005141829
deepmd-les_sA	67100	19.260199999999998	0.021978762335981967	0.7792297548951121	0.5721	0.0097	-1.0783	0.0299	2	15.47851	0.1780761	3.067631	0.3703381	0.6961013	0.03796262	1.751449	0.005141058
deepmd-les_sA	67200	17.898400000000002	0.02230499758507006	0.7811590037922084	0.5738	0.0101	-1.0807	0.0269	2	15.47851	0.1780772	3.067631	0.3703384	0.6961009	0.03796242	1.751449	0.005140859
deepmd-les_sA	67300	18.445749999999997	0.022134932702160333	0.7790744796800009	0.5722	0.0105	-1.0779	0.0262	2	15.47852	0.178071	3.067628	0.3703379	0.6960978	0.03796276	1.751446	0.005141199
deepmd-les_sA	67400	18.4313	0.022444785138829554	0.7785596946397237	0.5721	0.0101	-1.0769	0.0252	2	15.47853	0.1780785	3.067633	0.370339	0.6961006	0.03796206	1.751451	0.005140504
deepmd-les_sA	67500	17.9882	0.02249334929977448	0.7782442287573554	0.572	0.0089	-1.0764	0.0256	2	15.47853	0.1780739	3.06763	0.3703386	0.6960982	0.0379623	1.751449	0.005140735
deepmd-les_sA	67600	18.59935	0.022037392625229413	0.7791117791649887	0.5721	0.0104	-1.0781	0.0277	2	15.47854	0.1780749	3.067634	0.3703386	0.6960991	0.03796231	1.751451	0.005140747
deepmd-les_sA	67700	17.6893	0.022301490071610898	0.780248862390025	0.5732	0.0096	-1.0794	0.0267	2	15.47854	0.178075	3.067637	0.3703383	0.6961004	0.03796249	1.751453	0.005140931
deepmd-les_sA	67800	17.369500000000002	0.022061722893025233	0.7806948730518225	0.5733	0.0091	-1.0804	0.0236	2	15.47854	0.1780745	3.067635	0.3703388	0.6960988	0.03796215	1.751452	0.005140593
deepmd-les_sA	67900	17.6712	0.02228115070575369	0.7784027645493308	0.5719	0.0097	-1.0769	0.0244	2	15.47854	0.1780722	3.067634	0.3703384	0.696098	0.03796246	1.751452	0.005140896
deepmd-les_sA	68000	18.65925	0.022223037663194046	0.7804306322094359	0.5732	0.0097	-1.0798	0.0261	2	15.47855	0.1780737	3.067632	0.3703386	0.6960977	0.03796237	1.751453	0.005140806
deepmd-les_sA	68100	17.88835	0.022157723877268796	0.7807622730163591	0.5734	0.01	-1.0803	0.0278	2	15.47856	0.1780676	3.067635	0.3703372	0.696099	0.03796322	1.751451	0.005141656
deepmd-les_sA	68200	17.5349	0.022106746771687946	0.7796067895686063	0.5725	0.0096	-1.0787	0.0255	2	15.47857	0.178065	3.067639	0.3703371	0.6960993	0.03796328	1.75145	0.005141721
deepmd-les_sA	68300	18.30205	0.0223154624309293	0.7776472160597365	0.5714	0.0086	-1.0758	0.023	2	15.47856	0.1780643	3.067641	0.3703369	0.6960995	0.03796339	1.751451	0.00514183
deepmd-les_sA	68400	17.95625	0.02219895441169028	0.778843572456971	0.5721	0.0094	-1.0776	0.0241	2	15.47857	0.1780702	3.067642	0.3703379	0.6961008	0.03796277	1.751456	0.005141208
deepmd-les_sA	68500	17.4662	0.02248496509671555	0.7790515390181791	0.5725	0.0101	-1.0776	0.026	2	15.47857	0.178066	3.067643	0.3703372	0.6960994	0.03796321	1.751456	0.005141647
deepmd-les_sA	68600	18.2008	0.022385212400488574	0.7800041052841818	0.5731	0.0103	-1.079	0.0285	2	15.47858	0.1780655	3.067642	0.3703368	0.6961004	0.03796342	1.751453	0.00514186
deepmd-les_sA	68700	18.4472	0.022768425523444324	0.7782049890235667	0.5722	0.0096	-1.0761	0.0233	2	15.47858	0.1780771	3.06764	0.3703393	0.6960991	0.03796191	1.75146	0.005140348
deepmd-les_sA	68800	18.74125	0.022391475436188232	0.779726777905669	0.5729	0.0098	-1.0786	0.0275	2	15.47858	0.1780752	3.067646	0.3703385	0.6961013	0.03796236	1.751462	0.005140798
deepmd-les_sA	68900	18.518349999999998	0.022287880724976422	0.7778543372790786	0.5715	0.0089	-1.0761	0.0253	2	15.47859	0.1780662	3.067646	0.370337	0.6960999	0.03796333	1.751458	0.005141765
deepmd-les_sA	69000	18.4141	0.022535462322688424	0.7785102804553182	0.5722	0.0101	-1.0768	0.0234	2	15.47859	0.1780748	3.067646	0.3703383	0.6961016	0.03796249	1.751462	0.00514093
deepmd-les_sA	69100	17.518250000000002	0.0220024926193789	0.7798849655464002	0.5726	0.0098	-1.0792	0.0263	2	15.47859	0.1780703	3.067643	0.3703377	0.6960996	0.0379629	1.751461	0.005141339
deepmd-les_sA	69200	17.77785	0.022447470540131353	0.7806061593496514	0.5736	0.0102	-1.0798	0.0261	2	15.47861	0.1780704	3.067648	0.3703378	0.6961006	0.03796281	1.751462	0.005141245
deepmd-les_sA	69300	18.027050000000003	0.021914758079508448	0.7795248828975122	0.5723	0.0114	-1.0788	0.0261	2	15.4786	0.1780725	3.067645	0.3703387	0.6960986	0.03796229	1.751462	0.005140729
deepmd-les_sA	69400	18.34475	0.021925733577705227	0.7800825216784066	0.5727	0.0092	-1.0796	0.0262	2	15.47861	0.1780713	3.067651	0.3703382	0.6961011	0.03796258	1.751462	0.005141022
deepmd-les_sA	69500	18.359900000000003	0.021902133568740025	0.7788302252484616	0.5718	0.0099	-1.0778	0.026	2	15.47862	0.178068	3.067649	0.3703378	0.6960993	0.03796282	1.75146	0.005141261
deepmd-les_sA	69600	17.98395	0.021962106269330876	0.7811777273477476	0.5735	0.0104	-1.081	0.0301	2	15.47862	0.1780704	3.067649	0.3703382	0.6960998	0.03796261	1.751461	0.005141049
deepmd-les_sA	69700	18.5901	0.02246225690815304	0.7773953591945514	0.5713	0.0088	-1.0753	0.0239	2	15.47862	0.1780713	3.067648	0.3703383	0.6960996	0.03796254	1.751463	0.005140981
deepmd-les_sA	69800	18.94525	0.022526505054538022	0.7786374237294797	0.5722	0.011	-1.0769	0.0262	2	15.47862	0.1780671	3.067648	0.3703376	0.6960986	0.03796297	1.751465	0.005141413
deepmd-les_sA	69900	17.9672	0.021990440725784058	0.7800033232758274	0.5727	0.01	-1.0794	0.0254	2	15.47863	0.178058	3.067649	0.3703361	0.6960969	0.03796394	1.751464	0.005142379
deepmd-les_sA	70000	17.678350000000002	0.021980447489044458	0.7799251094701415	0.5726	0.0101	-1.0793	0.0242	2	15.47863	0.1780646	3.067654	0.3703369	0.6960998	0.03796336	1.751466	0.005141796
deepmd-les_sA	70100	17.726	0.02219650660928383	0.7795478239315813	0.5726	0.0097	-1.0785	0.0272	2	15.47864	0.1780615	3.067648	0.370337	0.6960965	0.03796337	1.751465	0.005141806
deepmd-les_sA	70200	18.34565	0.022314130626748214	0.7786219020986892	0.572	0.0093	-1.0771	0.0254	2	15.47865	0.1780542	3.067654	0.3703353	0.696098	0.03796441	1.751465	0.005142853
deepmd-les_sA	70300	17.5312	0.021986921568539465	0.7797552265392297	0.5725	0.0102	-1.079	0.0264	2	15.47865	0.1780556	3.067651	0.370336	0.6960965	0.03796402	1.751465	0.00514246
deepmd-les_sA	70400	17.1891	0.022382260153741607	0.7789340483624821	0.5723	0.0095	-1.0775	0.0254	2	15.47865	0.1780583	3.067655	0.3703363	0.696098	0.03796378	1.751467	0.005142219
deepmd-les_sA	70500	18.5306	0.022649130376527667	0.7784417557370361	0.5722	0.0097	-1.0765	0.0282	2	15.47865	0.1780611	3.067656	0.3703367	0.6960989	0.03796353	1.751469	0.005141973
deepmd-les_sA	70600	18.5232	0.022576410321852248	0.7783971096699902	0.5722	0.0098	-1.0766	0.0234	2	15.47865	0.1780581	3.067656	0.3703363	0.6960977	0.03796377	1.751468	0.005142207
deepmd-les_sA	70700	17.71665	0.022156426546839775	0.7794749192655941	0.5725	0.0095	-1.0785	0.0255	2	15.47865	0.1780595	3.067655	0.3703367	0.6960976	0.03796354	1.751468	0.005141979
deepmd-les_sA	70800	17.05065	0.021967642168385183	0.7804181880907044	0.573	0.0098	-1.08	0.0262	2	15.47865	0.1780605	3.067657	0.3703367	0.6960985	0.0379635	1.75147	0.005141943
deepmd-les_sA	70900	18.6177	0.022612284233204903	0.7794658778450587	0.5729	0.0106	-1.078	0.0266	2	15.47865	0.1780588	3.067658	0.3703364	0.6960987	0.03796369	1.75147	0.005142133
deepmd-les_sA	71000	17.482799999999997	0.02231124767925114	0.7805080175095208	0.5734	0.0095	-1.0798	0.0263	2	15.47866	0.1780561	3.067659	0.370336	0.6960986	0.03796395	1.751468	0.005142389
deepmd-les_sA	71100	18.5938	0.022829373353193072	0.7774523238321561	0.5717	0.0096	-1.075	0.0254	2	15.47866	0.1780554	3.067657	0.3703363	0.696097	0.03796379	1.751468	0.005142234
deepmd-les_sA	71200	18.0276	0.022484856027071346	0.7798044371041652	0.5731	0.0105	-1.0787	0.0234	2	15.47867	0.1780577	3.067661	0.3703362	0.6960993	0.03796383	1.751471	0.005142266
deepmd-les_sA	71300	17.499200000000002	0.02205484527076969	0.7793673662249309	0.5723	0.0099	-1.0785	0.0247	2	15.47867	0.178058	3.06766	0.3703366	0.6960979	0.03796361	1.751471	0.005142049
deepmd-les_sA	71400	18.8491	0.022405405930912697	0.7798741029628901	0.573	0.01	-1.0788	0.0278	2	15.47867	0.1780563	3.067662	0.370336	0.6960987	0.03796398	1.751471	0.005142424
deepmd-les_sA	71500	17.4745	0.021909921559779888	0.7793089744789209	0.5721	0.0096	-1.0785	0.0248	2	15.47867	0.1780577	3.067662	0.3703365	0.6960982	0.03796369	1.751472	0.00514213
deepmd-les_sA	71600	17.53955	0.022458763084333394	0.7788105197892274	0.5723	0.0101	-1.0773	0.0236	2	15.47867	0.1780579	3.067661	0.3703367	0.6960974	0.03796358	1.751472	0.005142023
deepmd-les_sA	71700	17.701500000000003	0.02227418163284544	0.7790526602367003	0.5723	0.0092	-1.0778	0.0248	2	15.47868	0.178056	3.067662	0.3703362	0.6960979	0.03796388	1.751471	0.005142319
deepmd-les_sA	71800	18.02295	0.022236883210929554	0.7795818925472702	0.5726	0.01	-1.0785	0.027	2	15.47867	0.1780557	3.067662	0.3703362	0.6960976	0.03796386	1.751471	0.005142303
deepmd-les_sA	71900	18.21835	0.022724456640199404	0.7780594792987521	0.5721	0.0089	-1.0759	0.0249	2	15.47867	0.17806	3.06766	0.3703373	0.6960965	0.03796318	1.751474	0.005141624
deepmd-les_sA	72000	17.54435	0.02228324353770027	0.779245121309302	0.5724	0.0096	-1.078	0.0275	2	15.47867	0.1780579	3.067662	0.3703363	0.6960981	0.03796381	1.751473	0.005142252
deepmd-les_sA	72100	17.651	0.02202602131572668	0.7798671579140996	0.5726	0.0103	-1.0791	0.0286	2	15.47867	0.1780618	3.06766	0.3703373	0.6960973	0.03796316	1.751474	0.005141596
deepmd-les_sA	72200	18.290399999999998	0.022219041704471525	0.7785496657492978	0.5719	0.0101	-1.0771	0.0283	2	15.47868	0.1780608	3.06766	0.3703374	0.6960968	0.0379631	1.751475	0.005141543
deepmd-les_sA	72300	18.11155	0.022566868397331852	0.7783312588097726	0.5721	0.0103	-1.0765	0.0257	2	15.47868	0.178057	3.067662	0.3703366	0.6960967	0.03796361	1.751474	0.005142048
deepmd-les_sA	72400	18.01075	0.022251388856455404	0.778538170049296	0.5719	0.0097	-1.0771	0.0239	2	15.47868	0.1780576	3.067661	0.370337	0.6960956	0.03796338	1.751475	0.00514182
deepmd-les_sA	72500	18.076050000000002	0.021969480240754465	0.7794053162009866	0.5722	0.0108	-1.0785	0.0282	2	15.47868	0.1780559	3.067663	0.3703365	0.6960965	0.0379637	1.751475	0.00514214
deepmd-les_sA	72600	18.19045	0.022005299934050954	0.7795113013937838	0.5723	0.0096	-1.0787	0.0273	2	15.47868	0.1780555	3.067662	0.3703365	0.6960961	0.03796371	1.751475	0.005142148
deepmd-les_sA	72700	17.853250000000003	0.02203665068638333	0.7780264800083521	0.5713	0.0098	-1.0766	0.0264	2	15.47869	0.1780531	3.067663	0.3703361	0.6960962	0.03796398	1.751473	0.005142417
deepmd-les_sA	72800	17.7289	0.022491683003757715	0.779380868530024	0.5728	0.0094	-1.0781	0.0243	2	15.4787	0.1780512	3.067661	0.370336	0.6960947	0.03796406	1.751473	0.005142496
deepmd-les_sA	72900	16.836100000000002	0.021673682592420696	0.7808061828557287	0.5729	0.0098	-1.0808	0.0275	2	15.4787	0.178054	3.067663	0.3703363	0.6960958	0.03796383	1.751475	0.005142271
deepmd-les_sA	73000	17.61395	0.022120183381464077	0.7792080122743315	0.5722	0.0101	-1.0781	0.0274	2	15.4787	0.1780549	3.067665	0.3703366	0.6960962	0.03796364	1.751476	0.005142079
deepmd-les_sA	73100	18.27345	0.022395195381423372	0.7799418520227359	0.5731	0.0099	-1.0789	0.0257	2	15.47869	0.1780551	3.067664	0.3703366	0.6960955	0.03796364	1.751477	0.005142076
deepmd-les_sA	73200	17.31845	0.022059815253064892	0.7805856537298949	0.5732	0.0095	-1.0802	0.0239	2	15.4787	0.1780536	3.067665	0.3703363	0.696096	0.03796384	1.751477	0.005142284
deepmd-les_sA	73300	17.80755	0.022672676305503514	0.778844289967674	0.5725	0.0096	-1.0771	0.0267	2	15.4787	0.1780545	3.067666	0.3703364	0.6960961	0.03796375	1.751479	0.005142192
deepmd-les_sA	73400	18.272550000000003	0.02217007813777741	0.7788389854745691	0.572	0.0094	-1.0776	0.0279	2	15.4787	0.1780535	3.067665	0.3703364	0.696095	0.03796379	1.751479	0.005142229
deepmd-les_sA	73500	17.08265	0.021745271181280827	0.7793166826684219	0.572	0.0099	-1.0787	0.0263	2	15.4787	0.178053	3.067666	0.3703363	0.6960951	0.03796382	1.751479	0.005142256
deepmd-les_sA	73600	17.7515	0.022113008337402887	0.7796087254413071	0.5725	0.0102	-1.0787	0.026	2	15.47871	0.1780521	3.067668	0.3703356	0.696097	0.03796425	1.751479	0.005142689
deepmd-les_sA	73700	18.0064	0.02237016702787884	0.780690192927724	0.5736	0.0101	-1.08	0.0245	2	15.47871	0.1780516	3.067668	0.3703359	0.6960961	0.03796408	1.751479	0.00514252
deepmd-les_sA	73800	17.619950000000003	0.022088761657809576	0.7797551033550965	0.5726	0.0096	-1.079	0.026	2	15.47871	0.1780527	3.067667	0.3703361	0.6960958	0.03796395	1.75148	0.005142392
deepmd-les_sA	73900	17.9043	0.022300759663331938	0.7796619815504569	0.5727	0.0105	-1.0786	0.0285	2	15.47871	0.1780553	3.067668	0.3703367	0.696096	0.03796356	1.751482	0.005142003
deepmd-les_sA	74000	17.92675	0.021856897128199593	0.7792390215254642	0.572	0.0101	-1.0784	0.0263	2	15.47871	0.1780562	3.067669	0.3703368	0.6960968	0.03796348	1.751481	0.005141916
deepmd-les_sA	74100	18.236150000000002	0.022695766789416212	0.7780393296139697	0.572	0.0095	-1.076	0.0229	2	15.47871	0.1780587	3.067667	0.3703377	0.6960954	0.03796292	1.751482	0.005141358
deepmd-les_sA	74200	18.5611	0.022707861627247267	0.7788629700076567	0.5726	0.0092	-1.077	0.0282	2	15.47872	0.1780501	3.067667	0.370336	0.6960951	0.03796404	1.751479	0.005142481
deepmd-les_sA	74300	18.749000000000002	0.022368322241848017	0.7789107580774578	0.5723	0.0095	-1.0775	0.027	2	15.47872	0.1780501	3.067669	0.3703359	0.6960957	0.03796404	1.75148	0.00514248
deepmd-les_sA	74400	18.30685	0.022379647859007163	0.7788337178273624	0.5723	0.0109	-1.0774	0.0242	2	15.47872	0.178048	3.06767	0.3703355	0.6960951	0.03796432	1.75148	0.005142759
deepmd-les_sA	74500	18.81665	0.022953168877467362	0.7769346754999839	0.5715	0.0092	-1.0741	0.0252	2	15.47872	0.1780535	3.067671	0.3703365	0.6960961	0.03796371	1.751482	0.005142152
deepmd-les_sA	74600	18.0661	0.02244147146443573	0.7787849669365161	0.5723	0.0096	-1.0773	0.0244	2	15.47872	0.1780509	3.067671	0.3703358	0.6960959	0.03796411	1.751482	0.005142551
deepmd-les_sA	74700	17.46925	0.022095034454212254	0.778429293009392	0.5717	0.0094	-1.0771	0.0238	2	15.47872	0.1780502	3.067671	0.3703361	0.6960948	0.03796393	1.751481	0.005142371
deepmd-les_sA	74800	17.65465	0.021614679092610768	0.7796729452326554	0.5721	0.0096	-1.0793	0.0259	2	15.47873	0.1780517	3.067671	0.3703363	0.6960953	0.03796383	1.751482	0.005142268
deepmd-les_sA	74900	18.2604	0.022144963711706822	0.7795843591126327	0.5725	0.0112	-1.0787	0.0246	2	15.47873	0.1780514	3.06767	0.3703367	0.6960939	0.03796358	1.751482	0.005142019
deepmd-les_sA	75000	17.53645	0.02168323987989965	0.7804288509948414	0.5727	0.0098	-1.0803	0.0284	2	15.47873	0.1780506	3.067669	0.3703367	0.6960935	0.03796363	1.751483	0.005142067
deepmd-les_sA	75100	18.1736	0.022251840560144974	0.7802201840059096	0.5731	0.0093	-1.0795	0.0238	2	15.47873	0.1780504	3.067671	0.3703365	0.6960943	0.03796373	1.751482	0.005142167
deepmd-les_sA	75200	18.5137	0.022199858866782773	0.7794370329225109	0.5725	0.0095	-1.0784	0.0267	2	15.47874	0.1780523	3.067672	0.3703368	0.6960948	0.03796355	1.751484	0.005141992
deepmd-les_sA	75300	17.792749999999998	0.02239232939297907	0.7787699007468897	0.5722	0.01	-1.0772	0.0269	2	15.47874	0.1780533	3.067673	0.3703369	0.6960951	0.03796343	1.751485	0.005141871
deepmd-les_sA	75400	17.8694	0.022068621440037774	0.7785899300966367	0.5718	0.0094	-1.0774	0.0228	2	15.47874	0.1780492	3.067673	0.3703361	0.6960948	0.03796397	1.751484	0.005142409
deepmd-les_sA	75500	18.3842	0.022596242220769225	0.7789795971574245	0.5726	0.0103	-1.0774	0.0238	2	15.47874	0.1780495	3.067673	0.3703362	0.6960945	0.03796387	1.751485	0.005142315
deepmd-les_sA	75600	18.16385	0.022494147565949314	0.7783412697442212	0.572	0.01	-1.0766	0.0257	2	15.47874	0.178049	3.067673	0.3703363	0.6960942	0.03796385	1.751484	0.00514229
deepmd-les_sA	75700	17.53845	0.02247014442133154	0.7785214933810477	0.5721	0.0098	-1.0769	0.022	2	15.47874	0.1780497	3.067673	0.3703365	0.696094	0.03796371	1.751484	0.005142152
deepmd-les_sA	75800	17.21095	0.022067842788214043	0.7787875610787098	0.5719	0.0098	-1.0776	0.0236	2	15.47874	0.1780497	3.067674	0.3703364	0.6960946	0.0379638	1.751485	0.005142236
deepmd-les_sA	75900	17.92615	0.02231013232859911	0.7792013438747438	0.5725	0.0092	-1.078	0.0246	2	15.47874	0.1780514	3.067675	0.3703364	0.6960956	0.03796373	1.751486	0.005142168
deepmd-les_sA	76000	18.0798	0.022199044588242234	0.7794071004233815	0.5725	0.0098	-1.0784	0.0246	2	15.47875	0.1780501	3.067675	0.3703363	0.696095	0.0379638	1.751486	0.005142244
deepmd-les_sA	76100	18.20995	0.021956705026730756	0.780014621813172	0.5727	0.0089	-1.0795	0.0253	2	15.47875	0.1780499	3.067675	0.3703365	0.6960946	0.03796373	1.751485	0.005142173
deepmd-les_sA	76200	17.803649999999998	0.02238799663680644	0.7792530878956714	0.5726	0.0095	-1.0779	0.0264	2	15.47875	0.1780485	3.067675	0.3703363	0.6960941	0.03796382	1.751485	0.005142258
deepmd-les_sA	76300	19.124299999999998	0.022470207293910312	0.777318103419649	0.5713	0.0095	-1.0752	0.0244	2	15.47875	0.1780493	3.067677	0.3703362	0.6960952	0.03796389	1.751486	0.005142325
deepmd-les_sA	76400	17.44405	0.022196193798935882	0.7789812171286704	0.5722	0.0097	-1.0778	0.0239	2	15.47875	0.178048	3.067676	0.3703361	0.6960945	0.03796397	1.751486	0.005142412
deepmd-les_sA	76500	17.639400000000002	0.021661541888972055	0.7816890692741588	0.5735	0.009	-1.0821	0.029	2	15.47875	0.1780467	3.067675	0.3703358	0.6960942	0.03796415	1.751485	0.005142591
deepmd-les_sA	76600	18.4815	0.022396528849567155	0.7785746197506614	0.5721	0.0093	-1.077	0.0227	2	15.47875	0.1780478	3.067676	0.3703361	0.6960942	0.03796396	1.751486	0.005142399
deepmd-les_sA	76700	18.7378	0.02246467181243251	0.7786247999409881	0.5722	0.0097	-1.077	0.0246	2	15.47875	0.1780481	3.067677	0.370336	0.6960948	0.03796399	1.751486	0.005142425
deepmd-les_sA	76800	18.258650000000003	0.02209986237846353	0.77922247244716	0.5723	0.0093	-1.0782	0.0257	2	15.47876	0.1780467	3.067677	0.3703358	0.6960947	0.03796417	1.751486	0.005142609
deepmd-les_sA	76900	18.08635	0.022246456814133724	0.7779222568698627	0.5715	0.0093	-1.0763	0.0231	2	15.47876	0.1780455	3.067677	0.3703358	0.6960938	0.03796416	1.751486	0.005142602
deepmd-les_sA	77000	18.41515	0.022280957866008463	0.7794789303882896	0.5726	0.0093	-1.0784	0.0264	2	15.47876	0.1780474	3.067678	0.3703361	0.6960942	0.03796395	1.751487	0.005142394
deepmd-les_sA	77100	17.478099999999998	0.022102851550143278	0.7795112867075613	0.5725	0.0102	-1.0786	0.0243	2	15.47876	0.1780472	3.067677	0.3703361	0.6960938	0.03796394	1.751487	0.005142382
deepmd-les_sA	77200	17.426299999999998	0.021613425847331037	0.7786916036638497	0.5714	0.0103	-1.078	0.0237	2	15.47876	0.1780467	3.067678	0.370336	0.6960942	0.03796406	1.751487	0.005142497
deepmd-les_sA	77300	17.003349999999998	0.022090334122356836	0.7794453864029979	0.5724	0.0098	-1.0785	0.0242	2	15.47876	0.1780493	3.067679	0.3703363	0.696095	0.03796384	1.751488	0.005142279
deepmd-les_sA	77400	18.1832	0.022333896827940805	0.778990542673976	0.5723	0.0098	-1.0776	0.0248	2	15.47876	0.1780459	3.067679	0.3703355	0.6960953	0.03796431	1.751487	0.00514275
deepmd-les_sA	77500	18.24775	0.022088097887343304	0.7797565458053773	0.5726	0.0105	-1.0789	0.0259	2	15.47876	0.178049	3.067678	0.3703364	0.6960943	0.03796378	1.751488	0.005142219
deepmd-les_sA	77600	18.5544	0.02276016175947832	0.7788761259171275	0.5727	0.0099	-1.0771	0.0247	2	15.47877	0.1780455	3.067679	0.3703355	0.6960948	0.03796431	1.751488	0.005142754
deepmd-les_sA	77700	18.546349999999997	0.022023679951353736	0.7814259265193587	0.5737	0.0099	-1.0813	0.0294	2	15.47877	0.1780444	3.067678	0.3703355	0.6960939	0.03796432	1.751487	0.005142755
deepmd-les_sA	77800	17.814549999999997	0.022155120843292096	0.7800139310400848	0.5729	0.0105	-1.0793	0.0242	2	15.47876	0.1780456	3.067679	0.3703356	0.6960943	0.03796425	1.751488	0.005142685
deepmd-les_sA	77900	18.086199999999998	0.022238127009703852	0.7792799906208503	0.5724	0.01	-1.0781	0.0262	2	15.47876	0.1780462	3.067679	0.370336	0.6960937	0.03796402	1.751488	0.005142455
deepmd-les_sA	78000	17.9831	0.02197663143354491	0.7798270264947925	0.5725	0.0101	-1.0791	0.0285	2	15.47877	0.1780452	3.06768	0.3703357	0.6960945	0.03796418	1.751488	0.005142615
deepmd-les_sA	78100	17.5089	0.021815057221946273	0.7791142707397205	0.5719	0.0085	-1.0784	0.0238	2	15.47877	0.178045	3.067681	0.3703355	0.6960949	0.03796431	1.751488	0.005142749
deepmd-les_sA	78200	18.1851	0.022488001391366048	0.7792803224737367	0.5727	0.0101	-1.0778	0.0282	2	15.47877	0.1780447	3.06768	0.3703357	0.6960938	0.0379642	1.751488	0.005142644
deepmd-les_sA	78300	18.2297	0.02211571802478506	0.7789765400217604	0.5721	0.0094	-1.0779	0.0246	2	15.47877	0.1780439	3.06768	0.3703356	0.6960936	0.03796428	1.751489	0.00514272
deepmd-les_sA	78400	18.31005	0.021838741234406996	0.7796256289058753	0.5722	0.0102	-1.079	0.0295	2	15.47877	0.1780445	3.06768	0.3703356	0.6960939	0.03796426	1.751489	0.005142698
deepmd-les_sA	78500	17.5571	0.02198941910385338	0.7792363183095705	0.5722	0.0091	-1.0783	0.025	2	15.47878	0.1780424	3.067682	0.3703351	0.6960944	0.03796455	1.751489	0.005142994
deepmd-les_sA	78600	19.163600000000002	0.022372453041427348	0.7798383808528323	0.573	0.0099	-1.0788	0.026	2	15.47878	0.1780436	3.067681	0.3703355	0.696094	0.03796432	1.751489	0.005142763
deepmd-les_sA	78700	17.92325	0.02204451291121335	0.7795309555477304	0.5724	0.0094	-1.0787	0.0242	2	15.47878	0.1780434	3.067681	0.3703355	0.6960939	0.03796432	1.75149	0.005142758
deepmd-les_sA	78800	17.60465	0.02256140542486646	0.7790692359895662	0.5726	0.0093	-1.0775	0.0257	2	15.47878	0.1780431	3.067681	0.3703355	0.6960936	0.03796433	1.75149	0.005142767
deepmd-les_sA	78900	18.02035	0.022446649603952318	0.7777207568028132	0.5716	0.0102	-1.0758	0.0231	2	15.47878	0.1780422	3.06768	0.3703356	0.6960927	0.0379643	1.75149	0.005142741
deepmd-les_sA	79000	17.66255	0.02230733652214691	0.7795399318591587	0.5727	0.0096	-1.0784	0.0281	2	15.47878	0.1780428	3.067681	0.3703355	0.6960933	0.03796436	1.75149	0.005142803
deepmd-les_sA	79100	17.6387	0.022171233101717706	0.7800394776510045	0.5729	0.0093	-1.0793	0.025	2	15.47878	0.1780467	3.067683	0.370336	0.6960946	0.03796403	1.751492	0.005142468
deepmd-les_sA	79200	17.495649999999998	0.02204228051422103	0.7801089477210261	0.5728	0.0093	-1.0795	0.027	2	15.47878	0.1780443	3.067682	0.3703356	0.6960942	0.03796431	1.751491	0.005142748
deepmd-les_sA	79300	18.03315	0.022476100361001634	0.7785466215971265	0.5722	0.0101	-1.0769	0.0246	2	15.47878	0.1780442	3.067682	0.3703357	0.6960938	0.03796423	1.751491	0.005142674
deepmd-les_sA	79400	18.47155	0.022155240297946584	0.7792336668201892	0.5723	0.0104	-1.0782	0.0249	2	15.47878	0.1780441	3.067682	0.3703358	0.6960934	0.03796418	1.751492	0.005142617
deepmd-les_sA	79500	18.01155	0.022389874088257523	0.7789220822460946	0.5723	0.0092	-1.0775	0.0253	2	15.47879	0.1780412	3.067682	0.3703353	0.6960928	0.03796446	1.751491	0.005142902
deepmd-les_sA	79600	17.874	0.022542856583543814	0.7797311574336463	0.573	0.0099	-1.0785	0.0262	2	15.47879	0.178042	3.067681	0.3703356	0.6960924	0.03796429	1.751491	0.005142725
deepmd-les_sA	79700	17.21545	0.022097988265147056	0.7799159614665246	0.5727	0.0089	-1.0792	0.0262	2	15.47879	0.1780408	3.067681	0.3703355	0.6960919	0.03796435	1.751491	0.005142795
deepmd-les_sA	79800	17.4951	0.021854875316608964	0.7800506798655025	0.5726	0.0107	-1.0796	0.027	2	15.47879	0.1780396	3.067682	0.3703351	0.6960924	0.03796464	1.751492	0.005143084
deepmd-les_sA	79900	17.33775	0.021913311155031007	0.7796518950725824	0.5724	0.0095	-1.079	0.0244	2	15.47879	0.1780408	3.067682	0.3703354	0.6960924	0.03796442	1.751491	0.005142856
deepmd-les_sA	80000	18.471249999999998	0.021862369004325727	0.7808487422703101	0.5731	0.0114	-1.0807	0.0288	2	15.47879	0.1780414	3.067684	0.3703354	0.6960932	0.0379644	1.751492	0.005142841
deepmd-les_sA	80100	17.70495	0.022053926934422624	0.7797011806566868	0.5725	0.0103	-1.0789	0.028	2	15.47879	0.17804	3.067685	0.3703348	0.6960942	0.03796476	1.751492	0.0051432
deepmd-les_sA	80200	17.09255	0.022017770774247353	0.7801817816417295	0.5728	0.0095	-1.0796	0.0266	2	15.47879	0.178043	3.067684	0.3703357	0.6960937	0.03796424	1.751493	0.005142678
deepmd-les_sB	1	22.7136	-0.12169862506091406	0.604266771202593	0.305	0.0036	-0.9751	0.0012	2	3.265586	0.08702094	2.233464	0.3805711	0.6785189	0.1245688	0.5821549	0.01408295
deepmd-les_sB	100	12.4331	0.004328733508729134	0.6297566216739608	0.449	0.0128	-0.8849	0.0121	2	4.702865	0.1669464	2.204528	0.4031302	0.6537449	0.1024663	0.8100724	0.03618539
deepmd-les_sB	200	17.13115	0.03173513183306262	0.7612632227586877	0.5692	0.0164	-1.0432	0.0197	2	4.929217	0.1866797	2.221126	0.4126594	0.6619571	0.0969612	0.9083895	0.04169052
deepmd-les_sB	300	21.23775	0.03444855891923779	0.8694670380177378	0.6483	0.0196	-1.1932	0.0228	2	5.159551	0.208717	2.258865	0.4227274	0.6773436	0.09200741	0.9622942	0.0466443
deepmd-les_sB	400	23.66585	0.036798773120183356	0.9079087857938365	0.6778	0.0181	-1.2452	0.023	2	5.454276	0.2278098	2.29753	0.4308592	0.6932886	0.08836097	0.9939891	0.05029075
deepmd-les_sB	500	23.74455	0.04329020931449199	0.9268307698517554	0.6976	0.0195	-1.2654	0.0251	2	5.802668	0.242766	2.334348	0.4364266	0.7078734	0.08595129	1.017792	0.05270043
deepmd-les_sB	600	24.2932	0.043452805450947	0.925238220357805	0.6967	0.0207	-1.263	0.0248	2	6.169093	0.2523995	2.364802	0.439805	0.7189567	0.08442933	1.040424	0.05422238
deepmd-les_sB	700	25.5542	0.04683533715359121	0.9274883867878726	0.7016	0.0194	-1.2627	0.0274	2	6.553209	0.2619082	2.399047	0.4427436	0.7312125	0.08310051	1.061637	0.05555121
deepmd-les_sB	800	24.309199999999997	0.04095089395889221	0.9351773910627139	0.7012	0.0182	-1.2795	0.0264	2	6.911056	0.2671721	2.429259	0.4439834	0.7413642	0.08242961	1.082441	0.0562221
deepmd-les_sB	900	23.9561	0.053024580024901805	0.9169028351818439	0.7004	0.0167	-1.2417	0.0207	2	7.251654	0.2750359	2.455167	0.4462937	0.7508895	0.08132751	1.091055	0.0573242
deepmd-les_sB	1000	25.157649999999997	0.044113929743079296	0.9290710349979094	0.7001	0.0177	-1.2678	0.0247	2	7.58753	0.2815791	2.493366	0.4474554	0.7648114	0.08061848	1.111207	0.05803323
deepmd-les_sB	1100	24.1812	0.05392683147825381	0.9295725437536949	0.7103	0.0155	-1.2587	0.0226	2	7.870416	0.2911517	2.523302	0.4502455	0.776605	0.07931154	1.127738	0.05934018
deepmd-les_sB	1200	25.3338	0.05393464208146268	0.9271175792572648	0.7085	0.0154	-1.2553	0.0194	2	8.142836	0.2977924	2.548215	0.4519224	0.7865954	0.07847553	1.141829	0.06017619
deepmd-les_sB	1300	24.0788	0.05406544731969293	0.94012078910424	0.7179	0.0142	-1.2735	0.0219	2	8.334655	0.308053	2.568036	0.4549773	0.7954179	0.0771265	1.154562	0.06152521
deepmd-les_sB	1400	25.8186	0.045824261099864164	0.940261611263329	0.7097	0.0134	-1.282	0.023	2	8.528905	0.3131026	2.578344	0.4563808	0.8001887	0.07645463	1.167599	0.06219709
deepmd-les_sB	1500	24.8998	0.05122868516568294	0.9432984649361289	0.7173	0.0129	-1.2808	0.0251	2	8.662001	0.321595	2.588412	0.4593558	0.8056498	0.07521438	1.171272	0.06343733
deepmd-les_sB	1600	25.636400000000002	0.044787815858171875	0.9361025919309051	0.7057	0.014	-1.277	0.0304	2	8.800213	0.3243585	2.584727	0.460244	0.8042992	0.07483981	1.183046	0.0638119
deepmd-les_sB	1700	25.77985	0.04214732458804413	0.94042157725073	0.7061	0.0143	-1.2858	0.0233	2	8.906184	0.3293028	2.592818	0.4616649	0.8087894	0.0741753	1.18631	0.06447641
deepmd-les_sB	1800	24.82915	0.04264790672155845	0.9425036115863484	0.7081	0.0141	-1.2882	0.0282	2	9.000429	0.336782	2.600031	0.4640701	0.8130526	0.07312143	1.190665	0.06553028
deepmd-les_sB	1900	26.3599	0.04049396960353248	0.9458977634016478	0.7083	0.0161	-1.2952	0.0273	2	9.118635	0.3396247	2.607938	0.4645839	0.8167266	0.07277035	1.199805	0.06588136
deepmd-les_sB	2000	26.58055	0.03676506490298497	0.9493466448800019	0.707	0.0144	-1.3038	0.0263	2	9.220795	0.343262	2.611922	0.4656399	0.8189571	0.0722889	1.205726	0.06636281
deepmd-les_sB	2100	26.613999999999997	0.04140512041882757	0.9514244234373628	0.7132	0.0134	-1.3021	0.0273	2	9.307034	0.3474492	2.618042	0.4670552	0.822328	0.07164815	1.209449	0.06700356
deepmd-les_sB	2200	27.8216	0.028739504282576045	0.9507206682724407	0.7	0.0147	-1.3137	0.0268	2	9.391863	0.3480281	2.620531	0.4668862	0.8235694	0.07166168	1.213444	0.06699003
deepmd-les_sB	2300	26.05955	0.03893439455940574	0.9450824613130274	0.7062	0.0144	-1.2956	0.0286	2	9.46728	0.3520642	2.619186	0.4688438	0.8235813	0.07090021	1.214564	0.0677515
deepmd-les_sB	2400	25.9277	0.040922499082631764	0.9492120135587614	0.7111	0.0142	-1.2994	0.0288	2	9.542864	0.3528215	2.619471	0.4692332	0.8235196	0.07070592	1.218846	0.06794579
deepmd-les_sB	2500	24.60415	0.03871283423391145	0.939317558479224	0.7019	0.0164	-1.2876	0.0311	2	9.613006	0.3540291	2.618887	0.4699074	0.8234219	0.07043641	1.221746	0.0682153
deepmd-les_sB	2600	25.883249999999997	0.03097685484100267	0.9503647282690049	0.702	0.0146	-1.311	0.0292	2	9.67627	0.3553952	2.619859	0.4703311	0.8234204	0.0702527	1.225429	0.06839901
deepmd-les_sB	2700	26.46085	0.030412262126527714	0.9457945247860597	0.6982	0.0145	-1.3051	0.0286	2	9.759394	0.3568686	2.62402	0.4705577	0.8259574	0.07006225	1.226713	0.06858946
deepmd-les_sB	2800	24.836100000000002	0.03627832435918012	0.9404495204408626	0.7003	0.0142	-1.2917	0.0252	2	9.826066	0.358488	2.622615	0.4719605	0.8251158	0.06954904	1.231741	0.06910267
deepmd-les_sB	2900	24.1313	0.03247521194534662	0.9406653544499766	0.6966	0.0147	-1.2958	0.0281	2	9.924672	0.3582101	2.62328	0.4718719	0.8245931	0.06957174	1.237808	0.06907997
deepmd-les_sB	3000	26.10145	0.03429221525685749	0.948595973898169	0.704	0.0141	-1.3052	0.0298	2	9.980585	0.3605986	2.623365	0.4731004	0.8243741	0.06908298	1.244214	0.06956873
deepmd-les_sB	3100	27.0835	0.03368562559812862	0.9335073766232854	0.6928	0.015	-1.2845	0.0261	2	10.04264	0.3598568	2.622909	0.4728851	0.823981	0.06915125	1.247009	0.06950046
deepmd-les_sB	3200	24.381	0.028880420885356167	0.9334826698781161	0.688	0.0131	-1.2893	0.0254	2	10.13374	0.3591498	2.622609	0.4722566	0.8236833	0.06935764	1.249048	0.06929407
deepmd-les_sB	3300	25.818800000000003	0.029046697396102147	0.9372524478265329	0.6908	0.0131	-1.2944	0.0283	2	10.2018	0.3595671	2.623616	0.4723101	0.8235884	0.06927791	1.256828	0.0693738
deepmd-les_sB	3400	26.3549	0.028320568916677464	0.9327615480755985	0.6869	0.0144	-1.2888	0.0273	2	10.3048	0.3595805	2.625604	0.472357	0.8239571	0.06923286	1.266333	0.06941885
deepmd-les_sB	3500	24.7609	0.031270511312906535	0.9364996571374818	0.6925	0.0125	-1.2911	0.0291	2	10.38883	0.3589001	2.624976	0.4722664	0.8228476	0.06925695	1.274591	0.06939476
deepmd-les_sB	3600	25.5122	0.029838229239325657	0.939522639259154	0.6932	0.0124	-1.2969	0.0252	2	10.43669	0.3601195	2.624656	0.4727987	0.8225373	0.06903084	1.276301	0.06962087
deepmd-les_sB	3700	24.55175	0.03393348657886684	0.9277020855463178	0.6889	0.0129	-1.2761	0.0258	2	10.5296	0.3600791	2.62539	0.4729386	0.8225786	0.06894536	1.282097	0.06970635
deepmd-les_sB	3800	25.4458	0.026426110656373646	0.9255364867250923	0.6799	0.0135	-1.2805	0.0276	2	10.59862	0.3595637	2.626591	0.472528	0.8222017	0.06907271	1.289588	0.06957901
deepmd-les_sB	3900	25.9495	0.03301968917237172	0.9244576104097049	0.6857	0.0122	-1.2724	0.0296	2	10.65661	0.361251	2.625703	0.4737304	0.8214562	0.06860838	1.296106	0.07004333
deepmd-les_sB	4000	25.2609	0.028971850488029166	0.9197110205934702	0.6783	0.0127	-1.2697	0.0262	2	10.75123	0.3594374	2.624333	0.4730963	0.8195391	0.06887421	1.304619	0.0697775
deepmd-les_sB	4100	25.68065	0.02826448552305566	0.9235643831188599	0.6804	0.012	-1.2759	0.024	2	10.80727	0.35925	2.623446	0.4730883	0.8183997	0.06887502	1.310687	0.0697767
deepmd-les_sB	4200	24.69525	0.023580357440757805	0.924097745385088	0.676	0.0125	-1.2813	0.0268	2	10.87063	0.3578014	2.623611	0.4723225	0.8181133	0.06915473	1.318313	0.06949698
deepmd-les_sB	4300	24.79775	0.021178809500852804	0.9194169284296452	0.6703	0.0119	-1.2771	0.0267	2	10.94504	0.3564607	2.625053	0.4713935	0.8186292	0.06944983	1.324005	0.06920189
deepmd-les_sB	4400	25.7119	0.017797374295938237	0.9181731195369096	0.6661	0.0131	-1.2787	0.027	2	11.01309	0.3566254	2.627273	0.4712884	0.8189636	0.06944544	1.332157	0.06920628
deepmd-les_sB	4500	25.35265	0.01905128659403517	0.9145036878603796	0.6647	0.0129	-1.2723	0.0263	2	11.07285	0.3548346	2.62618	0.4705587	0.8176184	0.06973835	1.340955	0.06891337
deepmd-les_sB	4600	25.55135	0.01974796563733952	0.9068232312341084	0.66	0.0136	-1.2607	0.0263	2	11.15338	0.354795	2.625758	0.4707295	0.8170817	0.06966122	1.348638	0.06899049
deepmd-les_sB	4700	24.61535	0.024759591954372502	0.9033957106133967	0.6626	0.0128	-1.2509	0.0267	2	11.23862	0.3526176	2.623609	0.4701154	0.8150979	0.06991921	1.356592	0.06873251
deepmd-les_sB	4800	25.90415	0.01965790136896322	0.9039233748280942	0.6579	0.012	-1.2568	0.0254	2	11.29689	0.353763	2.623968	0.4707524	0.8147964	0.06965969	1.359675	0.06899202
deepmd-les_sB	4900	24.6542	0.017034522039108296	0.9094581132089343	0.6591	0.0135	-1.2672	0.0266	2	11.35905	0.352372	2.623553	0.4702602	0.8133241	0.06985719	1.371035	0.06879452
deepmd-les_sB	5000	25.036749999999998	0.021289398874260585	0.9009123381728541	0.6574	0.0131	-1.2508	0.0285	2	11.43955	0.3512841	2.624335	0.4698825	0.8132888	0.06998761	1.378404	0.06866411
deepmd-les_sB	5100	23.833849999999998	0.0226727986957862	0.9034407999797229	0.6606	0.0115	-1.2531	0.0234	2	11.47047	0.3511471	2.625405	0.4697304	0.8135272	0.07002264	1.383942	0.06862907
deepmd-les_sB	5200	24.8169	0.02270801753800706	0.9029416266221223	0.6602	0.0109	-1.2524	0.0245	2	11.48509	0.3509621	2.626591	0.4696129	0.8140547	0.07005641	1.386249	0.0685953
deepmd-les_sB	5300	25.057699999999997	0.02064496355200079	0.9034461424714405	0.6585	0.0124	-1.2551	0.0247	2	11.49911	0.3505118	2.627305	0.4693571	0.8142964	0.07015319	1.385591	0.06849853
deepmd-les_sB	5400	23.71575	0.021037433995145717	0.9030513762447049	0.6586	0.0133	-1.2541	0.0269	2	11.52018	0.3495643	2.628863	0.4687703	0.8150275	0.07036266	1.388545	0.06828905
deepmd-les_sB	5500	23.78085	0.015365589794773241	0.9010859015114756	0.6515	0.0121	-1.257	0.0292	2	11.5439	0.3481513	2.629646	0.4680071	0.8149683	0.07067923	1.390309	0.06797248
deepmd-les_sB	5600	24.89415	0.01782301669633778	0.898568623134532	0.6522	0.012	-1.251	0.0282	2	11.56555	0.3479247	2.630936	0.4680181	0.8154346	0.07066453	1.39458	0.06798718
deepmd-les_sB	5700	24.41995	0.013418511421045196	0.8979995959631761	0.6474	0.0131	-1.2546	0.029	2	11.57881	0.3470401	2.631444	0.4675249	0.8154438	0.07086405	1.396683	0.06778766
deepmd-les_sB	5800	24.35585	0.017878593245895892	0.8945604710083819	0.6495	0.0123	-1.2453	0.0267	2	11.60357	0.3466012	2.632324	0.467498	0.8156843	0.07086966	1.398999	0.06778205
deepmd-les_sB	5900	24.0232	0.012692269873191941	0.8996103695351191	0.6478	0.0134	-1.2576	0.0286	2	11.62611	0.3458606	2.633454	0.467003	0.8156916	0.07107262	1.40116	0.0675791
deepmd-les_sB	6000	24.721249999999998	0.017044464089272585	0.89267719824137	0.6473	0.0121	-1.2434	0.0309	2	11.64666	0.3449957	2.633438	0.4668463	0.8157828	0.07113477	1.404819	0.06751694
deepmd-les_sB	6100	23.99445	0.014281915212017562	0.8986020384370704	0.6487	0.0125	-1.2546	0.0278	2	11.66702	0.3448196	2.634983	0.4666907	0.8160542	0.07119009	1.407971	0.06746162
deepmd-les_sB	6200	23.686700000000002	0.01646488094695756	0.8926981778370445	0.6467	0.0123	-1.2441	0.0268	2	11.69271	0.3440111	2.635233	0.466473	0.8159708	0.07128054	1.409857	0.06737118
deepmd-les_sB	6300	23.719299999999997	0.014397609293112727	0.8921099774034146	0.6443	0.0133	-1.2453	0.0257	2	11.71962	0.3434028	2.636638	0.4661648	0.8162401	0.07139761	1.413529	0.0672541
deepmd-les_sB	6400	23.89215	0.014117802920715575	0.8917694976472377	0.6437	0.0125	-1.2451	0.0254	2	11.74599	0.341534	2.638103	0.4651957	0.8165398	0.07179093	1.418324	0.06686078
deepmd-les_sB	6500	22.5622	0.014378551693074622	0.8889521408084576	0.642	0.0116	-1.2409	0.0238	2	11.76308	0.3408635	2.638225	0.4650383	0.8160941	0.07186757	1.419949	0.06678414
deepmd-les_sB	6600	24.4672	0.015787257081024457	0.8855668906777073	0.641	0.0141	-1.2346	0.0308	2	11.78714	0.3403099	2.638394	0.4648559	0.8161188	0.07193457	1.42437	0.06671714
deepmd-les_sB	6700	24.6581	0.011186098869496614	0.8903826594597809	0.6398	0.0124	-1.2461	0.0258	2	11.81408	0.3399906	2.64046	0.4645481	0.8165126	0.07204791	1.428785	0.0666038
deepmd-les_sB	6800	23.39495	0.011828758642308819	0.8891757374948366	0.6396	0.0121	-1.2438	0.0263	2	11.84262	0.3390282	2.641579	0.4641582	0.8168608	0.07219709	1.431999	0.06645462
deepmd-les_sB	6900	24.27595	0.00663135624484871	0.8903826331335569	0.6353	0.0124	-1.2506	0.027	2	11.87064	0.3370295	2.641463	0.463284	0.8159172	0.07259983	1.435977	0.06605188
deepmd-les_sB	7000	23.72255	0.014183311865071416	0.8838822947344048	0.6382	0.0133	-1.2339	0.0282	2	11.90346	0.3364542	2.642796	0.4631227	0.8166206	0.07263748	1.439489	0.06601423
deepmd-les_sB	7100	23.1881	0.012361979363910683	0.8899142928988368	0.6407	0.0124	-1.2443	0.0252	2	11.93896	0.3364834	2.644013	0.463267	0.8163455	0.07258609	1.444909	0.06606562
deepmd-les_sB	7200	24.37795	0.012427989639755332	0.8833132506126455	0.6361	0.0134	-1.2348	0.0286	2	11.97131	0.3347331	2.644284	0.4625675	0.8161026	0.07288999	1.446578	0.06576172
deepmd-les_sB	7300	23.860950000000003	0.011513986155586423	0.8875303572183327	0.6381	0.0117	-1.2417	0.0287	2	12.01317	0.3332579	2.646127	0.4618752	0.8163939	0.0731688	1.454222	0.06548292
deepmd-les_sB	7400	23.8069	0.009800187551341277	0.8815134628533656	0.6322	0.0138	-1.235	0.0236	2	12.03265	0.3327785	2.645576	0.461821	0.8157295	0.07320655	1.455757	0.06544516
deepmd-les_sB	7500	23.830350000000003	0.011030854336207641	0.8800561291783185	0.6324	0.0134	-1.2317	0.0259	2	12.05938	0.3314947	2.645612	0.4613293	0.8150833	0.07342918	1.459678	0.06522253
deepmd-les_sB	7600	23.2089	0.010871419480758657	0.8788955355925081	0.6314	0.0118	-1.2302	0.0274	2	12.0807	0.331158	2.644694	0.4614121	0.8138941	0.07342262	1.464066	0.06522909
deepmd-les_sB	7700	23.6466	0.01326973507702878	0.8758102335929233	0.6316	0.013	-1.2235	0.0241	2	12.11372	0.3298715	2.644474	0.4610364	0.8134477	0.07358463	1.469586	0.06506709
deepmd-les_sB	7800	24.20275	0.010407940064718364	0.8788873584178453	0.6309	0.0117	-1.2307	0.0261	2	12.14608	0.328828	2.646896	0.460331	0.8144219	0.07385733	1.475241	0.06479439
deepmd-les_sB	7900	23.36665	0.014445777417097388	0.8739474047825629	0.6315	0.0141	-1.2196	0.0266	2	12.18062	0.3280388	2.645171	0.4604962	0.8126605	0.07382562	1.478691	0.06482609
deepmd-les_sB	8000	22.964550000000003	0.016303887221869432	0.8729624331835278	0.6326	0.0131	-1.2164	0.026	2	12.20456	0.3270074	2.645465	0.4602254	0.812611	0.07394034	1.48358	0.06471137
deepmd-les_sB	8100	23.4155	0.014743900246868129	0.8733643636359336	0.6314	0.0125	-1.2185	0.0254	2	12.23219	0.3262256	2.64565	0.4599122	0.8120738	0.07407244	1.48813	0.06457927
deepmd-les_sB	8200	24.81285	0.011341042270182154	0.874397223592481	0.6287	0.0119	-1.2234	0.023	2	12.275	0.325467	2.648248	0.4592349	0.8128056	0.07433157	1.49189	0.06432014
deepmd-les_sB	8300	22.7035	0.015713947828789772	0.8758875275631692	0.6341	0.0117	-1.2211	0.0283	2	12.30583	0.3242234	2.646541	0.4590864	0.8112757	0.07442458	1.498243	0.06422713
deepmd-les_sB	8400	23.145850000000003	0.009744718214857935	0.8732498288829146	0.6263	0.0127	-1.2233	0.0285	2	12.34057	0.3228456	2.648309	0.4583116	0.8114101	0.07475781	1.500637	0.0638939
deepmd-les_sB	8500	24.1714	0.009898331122382455	0.8697855180779291	0.624	0.0132	-1.2183	0.0243	2	12.36338	0.3221563	2.648827	0.4578503	0.8112416	0.07493214	1.503525	0.06371958
deepmd-les_sB	8600	22.4831	0.012755714729582968	0.8730751998483046	0.6292	0.0132	-1.2201	0.0258	2	12.39446	0.3214515	2.649187	0.4578078	0.8109541	0.07495983	1.511107	0.06369188
deepmd-les_sB	8700	23.123350000000002	0.01265118349413552	0.8694754941895665	0.6265	0.013	-1.2151	0.0255	2	12.43334	0.3196545	2.649483	0.4571269	0.8107193	0.07525782	1.513516	0.0633939
deepmd-les_sB	8800	24.06325	0.008558346418313928	0.871801954736627	0.6241	0.0136	-1.2225	0.0247	2	12.45644	0.3195456	2.648038	0.4574515	0.808676	0.07517427	1.51871	0.06347745
deepmd-les_sB	8900	23.06505	0.013117427517248332	0.8653092306073421	0.6241	0.0118	-1.2088	0.0242	2	12.4986	0.31755	2.649113	0.4566523	0.8089043	0.07549619	1.524016	0.06315552
deepmd-les_sB	9000	23.09135	0.013218974960229675	0.8585963872816849	0.6194	0.0126	-1.1992	0.0253	2	12.54254	0.3166983	2.649605	0.4563644	0.8085556	0.07562876	1.528101	0.06302295
deepmd-les_sB	9100	22.6948	0.01299361405605819	0.8603606982651225	0.6204	0.0124	-1.2019	0.0247	2	12.57358	0.3164264	2.649397	0.4563753	0.8076952	0.07563033	1.532581	0.06302138
deepmd-les_sB	9200	23.3754	0.010165098593979776	0.8625765205983817	0.6192	0.014	-1.2078	0.0251	2	12.60383	0.3150511	2.650265	0.455583	0.8074051	0.07596584	1.536869	0.06268587
deepmd-les_sB	9300	22.20845	0.013658120046341935	0.8639722640005923	0.6236	0.0122	-1.2063	0.0274	2	12.63033	0.3136575	2.648955	0.4551696	0.8062349	0.0761513	1.541166	0.06250042
deepmd-les_sB	9400	21.53805	0.011278483634630413	0.8621552841015534	0.62	0.0122	-1.2062	0.025	2	12.66148	0.3134618	2.649292	0.4551392	0.8056141	0.07618213	1.544136	0.06246958
deepmd-les_sB	9500	23.2593	0.012446975388146814	0.8589737012957042	0.6189	0.0133	-1.2005	0.0247	2	12.69991	0.3120346	2.651049	0.4545497	0.8066732	0.07640745	1.550035	0.06224427
deepmd-les_sB	9600	22.3643	0.01571512817126051	0.8544640044263376	0.619	0.0126	-1.1908	0.0273	2	12.73495	0.3102169	2.649659	0.4541647	0.8047711	0.07661303	1.55426	0.06203868
deepmd-les_sB	9700	23.23455	0.012523902169004524	0.8543485805292355	0.6157	0.0137	-1.1938	0.0257	2	12.76756	0.3091534	2.649942	0.4537778	0.8040249	0.07680457	1.558844	0.06184714
deepmd-les_sB	9800	21.3909	0.015159570194134464	0.8531449893260591	0.6175	0.012	-1.1895	0.0251	2	12.79946	0.3088272	2.64948	0.4537795	0.8034412	0.07680233	1.563805	0.06184938
deepmd-les_sB	9900	21.36445	0.015099064799696001	0.8528381967923736	0.6172	0.013	-1.1891	0.0279	2	12.83424	0.3085986	2.651236	0.4535772	0.8041128	0.07685501	1.567236	0.06179671
deepmd-les_sB	10000	22.52415	0.013452744337978443	0.8540637907910559	0.6164	0.0111	-1.1925	0.0282	2	12.87043	0.3069867	2.651293	0.4528725	0.8033947	0.07716414	1.572105	0.06148757
deepmd-les_sB	10100	21.6353	0.014789836136283336	0.8505832202223998	0.6153	0.0126	-1.1863	0.0234	2	12.88437	0.3071712	2.650667	0.4532108	0.8025165	0.07703558	1.574845	0.06161613
deepmd-les_sB	10200	22.591050000000003	0.011580524800749123	0.851617249487195	0.6129	0.0122	-1.191	0.0251	2	12.89695	0.3063543	2.652751	0.4525185	0.8036691	0.07731256	1.575817	0.06133915
deepmd-les_sB	10300	22.849200000000003	0.012213771802138205	0.8517064435211943	0.6135	0.0127	-1.1905	0.0247	2	12.9079	0.3060901	2.654119	0.4523957	0.804296	0.07735396	1.577645	0.06129775
deepmd-les_sB	10400	22.29455	0.011930594377513055	0.8507888162996811	0.6126	0.012	-1.1895	0.0241	2	12.92301	0.3057782	2.655434	0.4522241	0.8046713	0.07742061	1.578916	0.0612311
deepmd-les_sB	10500	22.066699999999997	0.014417063710239507	0.8499344915336615	0.6145	0.0124	-1.1857	0.0285	2	12.93298	0.3058717	2.655863	0.4523869	0.8050503	0.07733798	1.581109	0.06131373
deepmd-les_sB	10600	22.197400000000002	0.015541885348354267	0.8490476433773412	0.615	0.0127	-1.1834	0.024	2	12.94338	0.30551	2.656244	0.4523013	0.8048623	0.07738067	1.582235	0.06127105
deepmd-les_sB	10700	23.224	0.012987132846363561	0.8479774724171109	0.6117	0.0125	-1.1844	0.0268	2	12.95572	0.3052298	2.65785	0.4520135	0.8055869	0.07749409	1.583152	0.06115762
deepmd-les_sB	10800	22.551000000000002	0.014172693323444592	0.8521169573313143	0.6158	0.0137	-1.189	0.0283	2	12.96225	0.3050559	2.658976	0.451952	0.8063036	0.07749961	1.586272	0.0611521
deepmd-les_sB	10900	22.6236	0.012343397498525444	0.8490130735770814	0.6118	0.0117	-1.1866	0.0224	2	12.97315	0.3048842	2.659734	0.4518925	0.806264	0.07753137	1.587457	0.06112035
deepmd-les_sB	11000	21.519	0.012646080994756136	0.8487024978793649	0.6118	0.0131	-1.1857	0.0282	2	12.99083	0.3042021	2.660671	0.451586	0.806345	0.07766377	1.589861	0.06098795
deepmd-les_sB	11100	21.7907	0.014261655313244076	0.849079047314025	0.6137	0.0129	-1.1847	0.0239	2	12.99655	0.3037495	2.660675	0.4515125	0.8062169	0.07771043	1.591148	0.06094128
deepmd-les_sB	11200	21.96235	0.013933885038006489	0.8476569778293314	0.6124	0.0123	-1.183	0.026	2	13.01228	0.3028526	2.661734	0.4510815	0.8065977	0.07788783	1.592394	0.06076388
deepmd-les_sB	11300	21.49025	0.01329861897968699	0.8477608909847841	0.6118	0.013	-1.1838	0.025	2	13.02266	0.3025434	2.662214	0.4510013	0.8065183	0.07793112	1.594373	0.0607206
deepmd-les_sB	11400	22.0689	0.014603050154840244	0.8423863959491996	0.6094	0.0125	-1.1749	0.0246	2	13.04176	0.3024082	2.663431	0.4509534	0.8070359	0.07794052	1.595394	0.06071119
deepmd-les_sB	11500	21.5275	0.009393275760100604	0.8464308928083317	0.607	0.0118	-1.1858	0.0273	2	13.0595	0.3007155	2.664572	0.4501563	0.8067373	0.07830942	1.599466	0.06034229
deepmd-les_sB	11600	22.2309	0.012947606625928388	0.842811079029447	0.608	0.0131	-1.1771	0.0258	2	13.07436	0.3007111	2.665305	0.4502038	0.807307	0.07826659	1.601108	0.06038512
deepmd-les_sB	11700	22.0054	0.011790768080255965	0.8438330481171412	0.6076	0.0118	-1.1797	0.0265	2	13.0858	0.3010123	2.665771	0.4504819	0.8069567	0.07816017	1.602486	0.06049154
deepmd-les_sB	11800	22.050150000000002	0.016812451865239542	0.8401435919617327	0.61	0.0124	-1.1695	0.0237	2	13.10655	0.2998549	2.666304	0.4500306	0.8069562	0.07835667	1.605132	0.06029504
deepmd-les_sB	11900	21.3124	0.014789763488434126	0.8433001798084909	0.6102	0.0136	-1.176	0.0269	2	13.11314	0.2992847	2.666777	0.4498595	0.8070512	0.07843883	1.606442	0.06021288
deepmd-les_sB	12000	21.94595	0.014296976754053493	0.8401322967893016	0.6075	0.0127	-1.172	0.0243	2	13.14141	0.2982756	2.668415	0.4493414	0.8074545	0.07866299	1.609797	0.05998872
deepmd-les_sB	12100	21.21835	0.01611054635481557	0.8387219399608659	0.6083	0.0124	-1.1682	0.0266	2	13.15107	0.297593	2.668077	0.4491107	0.8071954	0.07876523	1.611566	0.05988648
deepmd-les_sB	12200	21.238300000000002	0.01243852529849969	0.8422284204341428	0.6071	0.0126	-1.1768	0.0246	2	13.16728	0.2979838	2.670644	0.4492057	0.8077724	0.07870761	1.614737	0.0599441
deepmd-les_sB	12300	20.697200000000002	0.01439654243573397	0.8375666301383735	0.6057	0.0123	-1.1683	0.0259	2	13.18109	0.2964588	2.669384	0.4487271	0.8068173	0.07895108	1.616364	0.05970063
deepmd-les_sB	12400	21.13715	0.017513813001103523	0.8371234998945762	0.6086	0.0118	-1.1646	0.0228	2	13.19998	0.2963828	2.669747	0.448891	0.8070361	0.07887718	1.619431	0.05977454
deepmd-les_sB	12500	20.7976	0.014485429948547946	0.8387786509318391	0.6067	0.0109	-1.1699	0.0249	2	13.21767	0.2948813	2.672107	0.4479374	0.8078295	0.07929163	1.621257	0.05936008
deepmd-les_sB	12600	21.578400000000002	0.012463991504881325	0.8354157209804065	0.6023	0.0122	-1.1671	0.0284	2	13.22633	0.2946328	2.672275	0.4479155	0.8073441	0.07930836	1.622437	0.05934335
deepmd-les_sB	12700	21.905450000000002	0.014579850007106295	0.8334497159042126	0.603	0.0127	-1.1623	0.0252	2	13.25118	0.2945686	2.67442	0.447825	0.8085474	0.07931768	1.625243	0.05933404
deepmd-les_sB	12800	21.691450000000003	0.014799158990072865	0.8380766536738391	0.6065	0.0131	-1.1685	0.0298	2	13.26761	0.2940216	2.674949	0.4477503	0.8080267	0.07936368	1.628293	0.05928803
deepmd-les_sB	12900	21.142249999999997	0.0183636025953295	0.832914054039015	0.6064	0.0117	-1.1578	0.0245	2	13.28582	0.2932516	2.674965	0.4475779	0.8076791	0.07944912	1.631516	0.05920259
deepmd-les_sB	13000	21.877699999999997	0.01335955405206084	0.833384108147162	0.6017	0.0127	-1.1634	0.0272	2	13.30839	0.2918309	2.676129	0.4469099	0.8076701	0.07976144	1.634453	0.05889027
deepmd-les_sB	13100	20.9742	0.021652803734221314	0.829063014412952	0.607	0.0119	-1.1491	0.0233	2	13.32488	0.2921142	2.675876	0.4472864	0.8078982	0.07957946	1.635624	0.05907225
deepmd-les_sB	13200	20.01715	0.016831352151092223	0.8292725829219267	0.6023	0.012	-1.1541	0.0252	2	13.34748	0.2908665	2.677618	0.4465767	0.8082388	0.07989607	1.638155	0.05875565
deepmd-les_sB	13300	21.6042	0.014110726130670409	0.8303590252671341	0.6004	0.0117	-1.1585	0.0216	2	13.36258	0.2906278	2.679192	0.4464043	0.8087074	0.07996304	1.640733	0.05868867
deepmd-les_sB	13400	21.0644	0.016759302264889607	0.8304065211317186	0.603	0.0121	-1.1558	0.0275	2	13.37397	0.289993	2.679151	0.446258	0.8082782	0.08002347	1.644295	0.05862825
deepmd-les_sB	13500	20.14125	0.015712349484338986	0.8256721014447	0.5986	0.013	-1.1501	0.0266	2	13.39342	0.2892947	2.679653	0.4459858	0.807712	0.08016177	1.646008	0.05848995
deepmd-les_sB	13600	20.7561	0.015344146215085439	0.8283971555065384	0.6002	0.0123	-1.1544	0.0228	2	13.40865	0.2883186	2.679551	0.4456752	0.8073928	0.08031425	1.648785	0.05833747
deepmd-les_sB	13700	20.4951	0.017593315368169705	0.8272078246817135	0.6016	0.0121	-1.1504	0.0279	2	13.42873	0.2878229	2.681043	0.4454251	0.8080824	0.08040202	1.651191	0.05824969
deepmd-les_sB	13800	19.9556	0.017315048593328317	0.8271806486596187	0.6013	0.0122	-1.1507	0.024	2	13.44878	0.2873388	2.681475	0.4453721	0.8080109	0.08044597	1.653706	0.05820575
deepmd-les_sB	13900	20.83905	0.015069116197634055	0.8244275686678404	0.5971	0.0116	-1.1491	0.0243	2	13.47596	0.2852467	2.684106	0.444184	0.8090074	0.08096704	1.656651	0.05768467
deepmd-les_sB	14000	19.71045	0.014557940757859713	0.8247006997970271	0.5968	0.0122	-1.15	0.0245	2	13.48395	0.2857753	2.684343	0.4445933	0.8085975	0.08078185	1.659438	0.05786986
deepmd-les_sB	14100	20.404899999999998	0.0178229337299825	0.8242419046930278	0.5998	0.0127	-1.1461	0.0242	2	13.5026	0.2857571	2.68551	0.4445856	0.8090932	0.08076763	1.661514	0.05788408
deepmd-les_sB	14200	20.9213	0.01683838999366114	0.8206939113435133	0.5963	0.0109	-1.1421	0.0232	2	13.5186	0.2844144	2.685105	0.4441742	0.8081336	0.08098132	1.663829	0.05767039
deepmd-les_sB	14300	19.6937	0.020528170626838888	0.8193841996547334	0.599	0.0135	-1.1364	0.028	2	13.5399	0.2844475	2.686534	0.4442597	0.8088966	0.08091398	1.668256	0.05773773
deepmd-les_sB	14400	20.2412	0.018427347316703667	0.8209662433198736	0.598	0.0125	-1.1408	0.0262	2	13.55429	0.2834413	2.687799	0.4437529	0.8091788	0.08114663	1.670023	0.05750508
deepmd-les_sB	14500	20.316499999999998	0.021093446007053557	0.8165749772232118	0.5976	0.0124	-1.1319	0.0276	2	13.57369	0.2829622	2.687707	0.443645	0.8089094	0.08119999	1.671699	0.05745172
deepmd-les_sB	14600	19.23335	0.01697608795051985	0.816627910486414	0.5935	0.0129	-1.1361	0.0266	2	13.59102	0.2819603	2.68906	0.4430347	0.8091701	0.0814708	1.673906	0.05718091
deepmd-les_sB	14700	19.05735	0.01870768200994665	0.8166090195281251	0.5953	0.0122	-1.1344	0.0239	2	13.60418	0.2818923	2.689094	0.4431505	0.8081924	0.08143524	1.676042	0.05721648
deepmd-les_sB	14800	20.7267	0.019169253513759348	0.8188741268780321	0.5973	0.0129	-1.1371	0.0257	2	13.62503	0.2810093	2.690759	0.442747	0.8089649	0.08160897	1.678979	0.05704274
deepmd-les_sB	14900	20.510849999999998	0.013236299896469347	0.8207543845931956	0.5927	0.0125	-1.1457	0.0262	2	13.64313	0.279546	2.691652	0.4420373	0.8088595	0.08194994	1.6805	0.05670178
deepmd-les_sB	15000	19.4257	0.0185617025351085	0.8168684778990966	0.5953	0.0123	-1.1349	0.0263	2	13.65973	0.2796241	2.691279	0.4423472	0.8079381	0.08182119	1.682449	0.05683053
deepmd-les_sB	15100	20.24875	0.01750133537344634	0.8166742071330386	0.5941	0.0127	-1.1357	0.0261	2	13.66996	0.2787925	2.692145	0.4418896	0.8082234	0.08202324	1.684109	0.05662847
deepmd-les_sB	15200	19.75305	0.01780435643827504	0.8156029400627893	0.5936	0.0122	-1.1338	0.0267	2	13.67539	0.2786178	2.692748	0.4418157	0.8083888	0.08205441	1.684954	0.0565973
deepmd-les_sB	15300	20.22595	0.01955648529031651	0.81280121438139	0.5934	0.0135	-1.1281	0.0256	2	13.68115	0.2786008	2.693349	0.4418271	0.8089236	0.08203535	1.685632	0.05661637
deepmd-les_sB	15400	19.8585	0.01819931144601148	0.8127644173687293	0.592	0.0115	-1.1294	0.0279	2	13.68519	0.2784302	2.694194	0.4417073	0.8092352	0.08208446	1.686858	0.05656726
deepmd-les_sB	15500	19.799599999999998	0.018281625853892314	0.8141952199986835	0.5931	0.0133	-1.1314	0.0262	2	13.68954	0.2782254	2.694444	0.4416341	0.8090774	0.08212346	1.68736	0.05652825
deepmd-les_sB	15600	19.66505	0.02077608316945165	0.8132738861021799	0.595	0.0127	-1.1276	0.0249	2	13.69622	0.2780642	2.694996	0.4416034	0.8097471	0.08212275	1.688423	0.05652896
deepmd-les_sB	15700	19.5053	0.01982748480657205	0.8113537931806686	0.5927	0.0115	-1.1258	0.0252	2	13.70235	0.2779839	2.696099	0.44148	0.8102607	0.08216911	1.689126	0.05648261
deepmd-les_sB	15800	20.6958	0.017319624474733192	0.8121865934652588	0.5907	0.0129	-1.1295	0.0272	2	13.70771	0.27751	2.696818	0.4412264	0.8100128	0.08229495	1.689592	0.05635676
deepmd-les_sB	15900	19.33235	0.01809034050543172	0.8135250395114262	0.5924	0.0125	-1.1306	0.0288	2	13.71203	0.277598	2.697495	0.4413273	0.8104749	0.08224103	1.690595	0.05641068
deepmd-les_sB	16000	19.4559	0.018154992660867484	0.8122546189582381	0.5916	0.0127	-1.1288	0.0241	2	13.72101	0.2767918	2.698018	0.4410093	0.8105084	0.08239399	1.692164	0.05625773
deepmd-les_sB	16100	20.1532	0.018788034610508018	0.8102390369926773	0.5908	0.0119	-1.1253	0.024	2	13.72974	0.2767624	2.69901	0.4409769	0.811095	0.08239605	1.692634	0.05625566
deepmd-les_sB	16200	20.3395	0.018383293056248192	0.8075586892253732	0.5885	0.0123	-1.1219	0.0269	2	13.73641	0.2762328	2.699534	0.4407192	0.8110876	0.08252088	1.693424	0.05613084
deepmd-les_sB	16300	19.43045	0.01970739291049645	0.8096460672970749	0.5913	0.0126	-1.1235	0.0262	2	13.7425	0.276102	2.700076	0.4407438	0.8112745	0.08250562	1.695145	0.05614609
deepmd-les_sB	16400	19.6363	0.018584023664372423	0.8099487180503917	0.5904	0.0115	-1.1251	0.0259	2	13.74932	0.2759628	2.701102	0.4406112	0.811467	0.08256098	1.695881	0.05609074
deepmd-les_sB	16500	19.91105	0.01788832495276578	0.812488359026488	0.5915	0.0138	-1.1293	0.0264	2	13.75694	0.2756191	2.702101	0.4404473	0.811914	0.08263396	1.697201	0.05601775
deepmd-les_sB	16600	19.89795	0.01955794370093234	0.8101717318131118	0.5915	0.0114	-1.1244	0.0271	2	13.76156	0.2751536	2.70159	0.4403559	0.8115176	0.08268941	1.698492	0.0559623
deepmd-les_sB	16700	19.896749999999997	0.01856539856192838	0.8076554578394803	0.5888	0.012	-1.1219	0.0261	2	13.76681	0.2749357	2.701524	0.4403276	0.8110716	0.08271686	1.699121	0.05593486
deepmd-les_sB	16800	18.9544	0.019922481149603904	0.8093183386506951	0.5913	0.0117	-1.1229	0.0247	2	13.77503	0.2743615	2.702047	0.4400504	0.8112963	0.08284519	1.70043	0.05580652
deepmd-les_sB	16900	19.5514	0.0207182072850884	0.8078051108971326	0.591	0.0115	-1.1199	0.0258	2	13.78228	0.2743756	2.702905	0.4400945	0.811491	0.08281911	1.701661	0.0558326
deepmd-les_sB	17000	18.987099999999998	0.01652571249995343	0.8070334192579268	0.5863	0.0123	-1.123	0.0259	2	13.78832	0.2735932	2.703517	0.4396874	0.8114835	0.0830177	1.702123	0.05563402
deepmd-les_sB	17100	19.34905	0.01783059667376359	0.8072714279440211	0.5878	0.0124	-1.1221	0.0246	2	13.79553	0.2737992	2.704101	0.439832	0.8116096	0.08294418	1.703546	0.05570753
deepmd-les_sB	17200	18.80355	0.018827977837414592	0.8079086195109474	0.5892	0.0115	-1.122	0.0264	2	13.80213	0.2733715	2.704993	0.4396857	0.812072	0.0830068	1.705027	0.05564491
deepmd-les_sB	17300	19.92025	0.02169365268556424	0.8044960131586091	0.5897	0.0128	-1.1142	0.0278	2	13.80802	0.2730779	2.70505	0.4395598	0.8121162	0.08306043	1.70548	0.05559129
deepmd-les_sB	17400	20.43085	0.017311307650585382	0.8073704912263462	0.5873	0.013	-1.1227	0.0287	2	13.81486	0.272505	2.706362	0.4392102	0.812141	0.08322818	1.706574	0.05542353
deepmd-les_sB	17500	19.053649999999998	0.018707208263137074	0.805515598205823	0.5874	0.0127	-1.1187	0.0249	2	13.82344	0.2719269	2.706014	0.4390542	0.8120251	0.08331167	1.707823	0.05534004
deepmd-les_sB	17600	18.9139	0.020340702574483407	0.8011670096009162	0.586	0.0114	-1.111	0.0235	2	13.83226	0.2719496	2.706579	0.4391388	0.8121876	0.08326685	1.708847	0.05538486
deepmd-les_sB	17700	19.3568	0.01953239210122496	0.8037457539173186	0.587	0.0127	-1.1153	0.0292	2	13.84119	0.2716471	2.707974	0.4389559	0.8124858	0.08335229	1.710157	0.05529943
deepmd-les_sB	17800	20.5229	0.019090313232998774	0.803117741930335	0.5861	0.0136	-1.1149	0.0267	2	13.85112	0.2710402	2.708548	0.4387368	0.8123833	0.08345886	1.712346	0.05519286
deepmd-les_sB	17900	20.0975	0.019211961993082227	0.8033188362432655	0.5864	0.013	-1.1151	0.0251	2	13.8531	0.2709348	2.708915	0.4386806	0.8126121	0.08348389	1.712872	0.05516782
deepmd-les_sB	18000	19.456899999999997	0.019558431254218803	0.8023732987540276	0.586	0.0117	-1.1134	0.0277	2	13.86065	0.2704269	2.709462	0.4384936	0.812814	0.08356531	1.714193	0.05508641
deepmd-les_sB	18100	18.62325	0.020488894572730145	0.8008162075876772	0.5859	0.0129	-1.1103	0.0265	2	13.87533	0.2702631	2.710743	0.4384009	0.8133417	0.08359939	1.716001	0.05505233
deepmd-les_sB	18200	19.847	0.01932819944509737	0.8034567196359308	0.5865	0.0137	-1.1151	0.0292	2	13.8835	0.2695524	2.711447	0.4381228	0.8135214	0.08373506	1.717104	0.05491666
deepmd-les_sB	18300	19.54375	0.017836042700624034	0.8018505117417964	0.5839	0.0124	-1.1144	0.0281	2	13.88943	0.2695114	2.71191	0.4380983	0.8133328	0.08375358	1.717959	0.05489813
deepmd-les_sB	18400	18.70075	0.019562988786098082	0.8022497515879032	0.586	0.0122	-1.1132	0.0256	2	13.89701	0.2690713	2.711515	0.4380612	0.8126258	0.0837906	1.720106	0.05486111
deepmd-les_sB	18500	19.6538	0.017885063167057947	0.8020483751864023	0.5841	0.0139	-1.1146	0.0251	2	13.90866	0.2684297	2.712611	0.4376682	0.81294	0.08397118	1.720845	0.05468053
deepmd-les_sB	18600	18.789	0.020692092270294126	0.7993443050179759	0.585	0.0129	-1.108	0.0274	2	13.90897	0.268219	2.71201	0.4377265	0.8124906	0.08394953	1.722276	0.05470218
deepmd-les_sB	18700	18.53035	0.01977334594643354	0.7991513978791795	0.584	0.0129	-1.1086	0.0272	2	13.91618	0.2675782	2.71243	0.4374243	0.812732	0.08409372	1.72331	0.05455799
deepmd-les_sB	18800	18.674300000000002	0.020171379918427455	0.796721488894603	0.5827	0.0111	-1.1049	0.0234	2	13.91916	0.2680017	2.712025	0.4377481	0.8120853	0.08395281	1.722783	0.0546989
deepmd-les_sB	18900	19.3509	0.018484190214449477	0.800762550126647	0.5838	0.014	-1.1122	0.0266	2	13.92762	0.2671468	2.713241	0.4372986	0.8124055	0.08416638	1.725097	0.05448533
deepmd-les_sB	19000	18.9388	0.021158031943869643	0.7972792394201196	0.5841	0.0121	-1.1046	0.0236	2	13.9358	0.2671823	2.713231	0.4374358	0.8121817	0.08410476	1.726182	0.05454695
deepmd-les_sB	19100	19.24315	0.01961177876597196	0.7992867409231741	0.5839	0.013	-1.109	0.027	2	13.94382	0.2665423	2.714044	0.4370932	0.8126871	0.08426538	1.727272	0.05438633
deepmd-les_sB	19200	18.9299	0.019372153806153026	0.7980522884152892	0.5828	0.0136	-1.1075	0.0241	2	13.95524	0.2663233	2.715348	0.4369935	0.8129995	0.08430132	1.728986	0.05435039
deepmd-les_sB	19300	19.72875	0.017778256328154357	0.7962259695628133	0.5799	0.0139	-1.1065	0.0261	2	13.96089	0.2659133	2.715945	0.4367591	0.8127596	0.08442394	1.729652	0.05422777
deepmd-les_sB	19400	18.83415	0.019733945151725465	0.7988603574812803	0.5838	0.0122	-1.1083	0.0239	2	13.97022	0.265308	2.715977	0.4366047	0.8127307	0.0844941	1.732015	0.05415762
deepmd-les_sB	19500	19.12145	0.02301492494846945	0.7935907096216056	0.5833	0.0124	-1.0975	0.0254	2	13.97755	0.2650143	2.716069	0.436638	0.8129283	0.08447686	1.733142	0.05417486
deepmd-les_sB	19600	18.81925	0.01929723835027954	0.7937939955597119	0.5797	0.0129	-1.1015	0.0261	2	13.98853	0.2644885	2.717875	0.436214	0.8135389	0.08466525	1.733718	0.05398647
deepmd-les_sB	19700	18.587850000000003	0.022351059317013207	0.7939308128587834	0.5829	0.0138	-1.0987	0.0252	2	13.99438	0.2641207	2.717509	0.43617	0.8126511	0.08470228	1.735765	0.05394943
deepmd-les_sB	19800	18.990850000000002	0.01830246992105954	0.7956681622510898	0.58	0.0132	-1.1052	0.027	2	13.9991	0.2635859	2.717716	0.4359179	0.8125166	0.0848377	1.736177	0.05381401
deepmd-les_sB	19900	18.7377	0.021792576261259064	0.7923812357902754	0.5812	0.0121	-1.0971	0.026	2	14.00737	0.2635467	2.717635	0.4359238	0.8124501	0.08482488	1.737537	0.05382683
deepmd-les_sB	20000	18.5514	0.0183995115063095	0.7953301628181829	0.5799	0.0119	-1.1046	0.0264	2	14.01516	0.2627194	2.718927	0.4355175	0.8128599	0.08502238	1.738511	0.05362933
deepmd-les_sB	20100	18.667099999999998	0.020544447148813035	0.7941644652661998	0.5812	0.0134	-1.1007	0.0296	2	14.01929	0.2628641	2.718783	0.4356785	0.8126438	0.08494439	1.739822	0.05370732
deepmd-les_sB	20200	19.183	0.019812623928148178	0.7939986690024213	0.5804	0.0125	-1.1013	0.0262	2	14.02065	0.2627168	2.719198	0.4355833	0.812813	0.08498847	1.740116	0.05366324
deepmd-les_sB	20300	19.03605	0.020286421407306	0.7937233058367256	0.5806	0.013	-1.1004	0.0275	2	14.02419	0.2625895	2.719343	0.4355438	0.8128485	0.08500618	1.740605	0.05364553
deepmd-les_sB	20400	19.012999999999998	0.020692717516778012	0.7930194003476599	0.5806	0.0126	-1.0991	0.0252	2	14.02535	0.2625795	2.719534	0.4355588	0.8129278	0.08499895	1.741142	0.05365276
deepmd-les_sB	20500	18.7667	0.019856327931372448	0.793328937408993	0.58	0.0114	-1.1004	0.0229	2	14.02735	0.2624438	2.719948	0.4354907	0.8130136	0.08503111	1.7412	0.0536206
deepmd-les_sB	20600	19.1484	0.020183767660554283	0.7936120110808018	0.5805	0.0126	-1.1004	0.0268	2	14.03146	0.2623255	2.720616	0.4353945	0.8134598	0.08506704	1.741966	0.05358468
deepmd-les_sB	20700	18.93455	0.02163152056682071	0.7924130419791026	0.5811	0.0132	-1.0972	0.0275	2	14.03477	0.2624414	2.720852	0.4354845	0.8134215	0.08502244	1.742351	0.05362927
deepmd-les_sB	20800	18.56945	0.01810728095673004	0.7931896327243897	0.5781	0.0122	-1.1019	0.0264	2	14.03768	0.2620196	2.721438	0.4352103	0.8133401	0.08516119	1.742516	0.05349052
deepmd-les_sB	20900	18.86575	0.020800856543664394	0.7921843688318677	0.5801	0.0125	-1.0978	0.0246	2	14.03839	0.2619804	2.721209	0.4352727	0.8134215	0.08513111	1.742803	0.0535206
deepmd-les_sB	21000	17.652749999999997	0.019344185760193526	0.7931067139359832	0.5793	0.0119	-1.1005	0.0259	2	14.04202	0.261738	2.721754	0.4351559	0.8136163	0.08518699	1.74327	0.05346472
deepmd-les_sB	21100	18.814799999999998	0.01847714410115387	0.7934114855783124	0.5787	0.0116	-1.1019	0.0232	2	14.04328	0.2615715	2.72227	0.4350374	0.8137525	0.08524133	1.74395	0.05341038
deepmd-les_sB	21200	19.1813	0.01992789795161278	0.7915629817063718	0.5788	0.0126	-1.0978	0.025	2	14.04532	0.2613922	2.722352	0.4350104	0.8138198	0.08525551	1.744433	0.0533962
deepmd-les_sB	21300	18.314700000000002	0.020031100131791692	0.7904973487659577	0.5781	0.0104	-1.0962	0.0273	2	14.04857	0.2609558	2.722279	0.4348697	0.8136999	0.08532933	1.744776	0.05332238
deepmd-les_sB	21400	18.855	0.01945624779287467	0.7923505042166821	0.5788	0.0133	-1.0993	0.0295	2	14.05333	0.2610301	2.723121	0.4348408	0.8140443	0.08533443	1.745686	0.05331728
deepmd-les_sB	21500	18.761049999999997	0.02089877159904363	0.7911206890413183	0.5794	0.0127	-1.0962	0.0257	2	14.0545	0.2610855	2.722967	0.4349555	0.8137864	0.08528444	1.745919	0.05336727
deepmd-les_sB	21600	18.88085	0.019470942691383518	0.7922202881695475	0.5787	0.0131	-1.0991	0.0299	2	14.05708	0.2605626	2.723161	0.4347301	0.8136735	0.08540379	1.74661	0.05324792
deepmd-les_sB	21700	18.356299999999997	0.02024764380175734	0.7904561877438813	0.5783	0.0119	-1.0959	0.0269	2	14.06194	0.2606262	2.723735	0.4347441	0.8140835	0.08538839	1.747369	0.05326333
deepmd-les_sB	21800	19.0038	0.018145900713064572	0.7906374311277053	0.5763	0.0127	-1.0982	0.0287	2	14.06292	0.2604114	2.724296	0.4345918	0.8141694	0.08546152	1.747481	0.0531902
deepmd-les_sB	21900	18.319699999999997	0.02062773147881234	0.7911054703379705	0.5792	0.0112	-1.0965	0.0235	2	14.06786	0.2600241	2.724519	0.4344427	0.8142576	0.08553414	1.748171	0.05311757
deepmd-les_sB	22000	18.88965	0.01926223939787437	0.7914348208168998	0.578	0.0123	-1.0982	0.0285	2	14.06905	0.2600138	2.724591	0.4344682	0.8139563	0.08552811	1.748799	0.0531236
deepmd-les_sB	22100	18.2502	0.021083737853180552	0.7877878529725868	0.5772	0.0122	-1.0912	0.0289	2	14.07465	0.2592255	2.724592	0.4341679	0.8141688	0.0856789	1.749205	0.05297281
deepmd-les_sB	22200	18.806449999999998	0.01911354021158887	0.7903100570209008	0.5771	0.0127	-1.0968	0.0244	2	14.07741	0.2595418	2.725721	0.4342439	0.8145008	0.08563046	1.750131	0.05302126
deepmd-les_sB	22300	18.538449999999997	0.0216927457957315	0.7891156298007251	0.5788	0.0119	-1.0925	0.0264	2	14.08103	0.2595377	2.725644	0.4342889	0.8144216	0.08560738	1.750513	0.05304433
deepmd-les_sB	22400	19.7656	0.01970798353025978	0.790037366257242	0.5775	0.0137	-1.0958	0.0265	2	14.08242	0.2593639	2.726014	0.4342199	0.8142153	0.08565258	1.750918	0.05299913
deepmd-les_sB	22500	18.628999999999998	0.01886924539920829	0.7908986427898392	0.5772	0.0134	-1.0979	0.025	2	14.08272	0.2593677	2.72595	0.4342429	0.8140622	0.08564336	1.751643	0.05300836
deepmd-les_sB	22600	19.15045	0.020171001299012063	0.7883014986901392	0.5767	0.011	-1.093	0.0234	2	14.08739	0.2591277	2.726135	0.4342047	0.8140571	0.08566597	1.752108	0.05298575
deepmd-les_sB	22700	18.8386	0.018892334582391496	0.7882592383525016	0.5754	0.0123	-1.0941	0.0261	2	14.09119	0.2585504	2.726523	0.4339152	0.8139503	0.08581452	1.753004	0.0528372
deepmd-les_sB	22800	19.1319	0.02032545756272862	0.7866850466647485	0.5757	0.0115	-1.0905	0.025	2	14.09395	0.2580244	2.726672	0.4336982	0.8141899	0.0859199	1.753271	0.05273182
deepmd-les_sB	22900	19.22835	0.020071198583288725	0.7894027849389342	0.5774	0.0131	-1.0945	0.0291	2	14.09713	0.2585421	2.727082	0.4339685	0.8143491	0.08578082	1.754187	0.05287089
deepmd-les_sB	23000	18.7742	0.01973658309432033	0.7909146556444036	0.5781	0.0133	-1.097	0.0286	2	14.0994	0.2581334	2.727126	0.4338301	0.8138573	0.08586317	1.755036	0.05278854
deepmd-les_sB	23100	18.15515	0.022332552534245126	0.7874032798422633	0.5782	0.0114	-1.0895	0.0267	2	14.10712	0.2583538	2.728187	0.4339015	0.8146884	0.08580385	1.755972	0.05284786
deepmd-les_sB	23200	18.16115	0.021485035639756168	0.7885316609671967	0.5782	0.0129	-1.0919	0.0249	2	14.10476	0.2577161	2.727153	0.4337043	0.81386	0.08592754	1.756041	0.05272417
deepmd-les_sB	23300	18.329050000000002	0.02208963163157219	0.7867449248168535	0.5775	0.0131	-1.0888	0.0276	2	14.10946	0.2574551	2.72761	0.4336222	0.8140227	0.08596749	1.756658	0.05268422
deepmd-les_sB	23400	18.753999999999998	0.019830196132894516	0.7879673723567961	0.5761	0.0127	-1.0928	0.0266	2	14.11044	0.25751	2.728202	0.4335817	0.8141193	0.08598458	1.756995	0.05266714
deepmd-les_sB	23500	18.5779	0.022172722975076338	0.7844594450466397	0.576	0.0115	-1.0854	0.0289	2	14.11684	0.257362	2.728553	0.4335979	0.8143145	0.08597476	1.757583	0.05267695
deepmd-les_sB	23600	18.80985	0.02043812470207146	0.7860623609398527	0.5754	0.0117	-1.0895	0.0246	2	14.12063	0.2572017	2.729088	0.4334898	0.8143238	0.08602538	1.758768	0.05262634
deepmd-les_sB	23700	18.7753	0.022695442093243395	0.7858883430088395	0.5775	0.012	-1.0869	0.0298	2	14.1246	0.2566992	2.729358	0.433321	0.8144754	0.08610755	1.759926	0.05254416
deepmd-les_sB	23800	19.6764	0.01961701856135109	0.7849421796395706	0.5738	0.014	-1.0887	0.027	2	14.12878	0.2564391	2.730091	0.4331175	0.8145398	0.08621315	1.759868	0.05243856
deepmd-les_sB	23900	18.927950000000003	0.020141398718101857	0.7877104895277004	0.5762	0.0131	-1.092	0.0291	2	14.12913	0.2563748	2.729861	0.4331541	0.8142168	0.08620233	1.760649	0.05244938
deepmd-les_sB	24000	19.02655	0.022404955921585902	0.7838349373332972	0.5758	0.0136	-1.0843	0.0267	2	14.13454	0.2564486	2.730538	0.4332505	0.8147081	0.08613849	1.761531	0.05251322
deepmd-les_sB	24100	18.6262	0.021119799283307962	0.7846258280874482	0.575	0.0126	-1.0867	0.029	2	14.14101	0.2560369	2.731032	0.432992	0.8148501	0.08627032	1.761855	0.0523814
deepmd-les_sB	24200	18.560299999999998	0.021057087223508214	0.7877957241391158	0.5773	0.0117	-1.0913	0.024	2	14.14288	0.2557245	2.731226	0.4329438	0.8146497	0.08630223	1.762933	0.05234948
deepmd-les_sB	24300	18.886499999999998	0.018051653237650286	0.7879331199036983	0.5743	0.0127	-1.0945	0.0281	2	14.14395	0.2554934	2.731621	0.432752	0.8144464	0.08640214	1.763728	0.05224958
deepmd-les_sB	24400	18.455849999999998	0.02067022912337909	0.786870811623915	0.5762	0.0127	-1.0904	0.0274	2	14.15021	0.2554388	2.732368	0.4327243	0.8151398	0.08639674	1.764159	0.05225497
deepmd-les_sB	24500	17.77075	0.017660182968731702	0.7850670969617496	0.5719	0.0127	-1.0908	0.0284	2	14.15218	0.2547794	2.732535	0.4324257	0.8149258	0.08655567	1.764686	0.05209604
deepmd-les_sB	24600	18.502499999999998	0.02190241183544667	0.7839131044796638	0.5753	0.0125	-1.085	0.0262	2	14.15598	0.2551382	2.732475	0.432674	0.8147448	0.08643373	1.765115	0.05221799
deepmd-les_sB	24700	18.75055	0.01874245452314615	0.7836803226118326	0.572	0.0131	-1.0878	0.0272	2	14.15705	0.2546975	2.7323	0.4325045	0.8142663	0.08653315	1.765557	0.05211857
deepmd-les_sB	24800	18.210250000000002	0.02099510188214157	0.7836390149949791	0.5742	0.0129	-1.0854	0.0288	2	14.16135	0.2546863	2.732569	0.4325658	0.8146069	0.08649765	1.76679	0.05215406
deepmd-les_sB	24900	17.738500000000002	0.020932953180754586	0.786691331102163	0.5763	0.0122	-1.0898	0.0282	2	14.16627	0.2540859	2.733466	0.4323001	0.8150695	0.08662026	1.768059	0.05203145
deepmd-les_sB	25000	18.30265	0.021581547375203743	0.78297103649927	0.5743	0.0127	-1.0839	0.027	2	14.17017	0.254237	2.733645	0.4323807	0.8150633	0.08658052	1.768406	0.0520712
deepmd-les_sB	25100	18.47755	0.020139410406696746	0.7824560998263946	0.5725	0.0131	-1.0847	0.0258	2	14.17396	0.2540107	2.734249	0.4322006	0.8149592	0.08667057	1.768828	0.05198115
deepmd-les_sB	25200	18.5972	0.0203596911726686	0.7836556098236158	0.5736	0.0117	-1.0862	0.0271	2	14.17377	0.2538317	2.73425	0.4321262	0.8149862	0.08670772	1.76881	0.051944
deepmd-les_sB	25300	18.02285	0.020397281012129405	0.7842644313038122	0.574	0.0145	-1.0868	0.0321	2	14.17512	0.2537138	2.734267	0.4320971	0.8150885	0.08672217	1.76897	0.05192954
deepmd-les_sB	25400	18.325699999999998	0.02042086723011298	0.7831426970167813	0.5733	0.0119	-1.0854	0.0252	2	14.17527	0.2537446	2.734446	0.4321135	0.815121	0.0867134	1.76932	0.05193832
deepmd-les_sB	25500	18.6774	0.021237444230370734	0.7839906943446977	0.5747	0.0129	-1.0857	0.0289	2	14.1766	0.253639	2.73443	0.4321022	0.8151592	0.08671778	1.769496	0.05193393
deepmd-les_sB	25600	18.326999999999998	0.021910060166496177	0.7825033350190639	0.5743	0.0121	-1.083	0.0274	2	14.1793	0.2536021	2.734759	0.4320582	0.8154201	0.08673371	1.769905	0.051918
deepmd-les_sB	25700	18.716250000000002	0.020810007788606255	0.7843075894686108	0.5745	0.0119	-1.0866	0.0274	2	14.17971	0.2535745	2.735061	0.4320421	0.8153553	0.08674154	1.770366	0.05191018
deepmd-les_sB	25800	19.16535	0.021026002165768415	0.7827881538923998	0.5737	0.0135	-1.0842	0.027	2	14.18188	0.2533681	2.735056	0.431976	0.8154154	0.08677809	1.770271	0.05187362
deepmd-les_sB	25900	18.36365	0.019702293574892508	0.7833032302083818	0.5727	0.0134	-1.0863	0.0285	2	14.18414	0.253215	2.735639	0.4318428	0.8154913	0.08684316	1.770676	0.05180855
deepmd-les_sB	26000	18.217399999999998	0.02040933577439022	0.7847172428939441	0.5744	0.0124	-1.0876	0.0295	2	14.1849	0.2531331	2.73568	0.4318228	0.8155028	0.08685019	1.771076	0.05180152
deepmd-les_sB	26100	18.3579	0.020130408798018407	0.7840958012698156	0.5737	0.0135	-1.0869	0.0287	2	14.18637	0.2529693	2.735954	0.4317458	0.8157098	0.08688758	1.77121	0.05176413
deepmd-les_sB	26200	18.9339	0.02142972043196404	0.783046346316695	0.5742	0.0137	-1.0842	0.0289	2	14.18709	0.2532639	2.73589	0.4319392	0.8155977	0.08679196	1.771543	0.05185975
deepmd-les_sB	26300	18.657899999999998	0.0213958836194072	0.7816114699024869	0.5732	0.013	-1.0822	0.0248	2	14.18647	0.2530236	2.735752	0.4318627	0.8155047	0.08683451	1.771676	0.0518172
deepmd-les_sB	26400	18.424149999999997	0.021177041107297158	0.7830777595749281	0.574	0.0129	-1.0845	0.0266	2	14.18741	0.2531008	2.73606	0.4318579	0.8156409	0.0868313	1.771771	0.05182042
deepmd-les_sB	26500	19.349249999999998	0.02274444863308938	0.7811007388759267	0.5742	0.0123	-1.0801	0.0279	2	14.18957	0.2529745	2.735926	0.4318699	0.815592	0.08682914	1.771961	0.05182257
deepmd-les_sB	26600	18.328699999999998	0.019284070830818466	0.7834898306114066	0.5724	0.0139	-1.087	0.0262	2	14.18941	0.2527995	2.736304	0.4317444	0.815485	0.08689521	1.772483	0.05175651
deepmd-les_sB	26700	19.2562	0.01923162479079548	0.7831375511504506	0.5721	0.0125	-1.0864	0.0328	2	14.19226	0.2524795	2.736398	0.4316146	0.8154368	0.08696493	1.772967	0.05168679
deepmd-les_sB	26800	18.2564	0.022423370047165565	0.7799894192822245	0.5731	0.0114	-1.0789	0.0299	2	14.19431	0.2525327	2.736393	0.4317072	0.8156334	0.08690972	1.773009	0.051742
deepmd-les_sB	26900	18.1446	0.018797238951188643	0.7826717038042681	0.5714	0.0121	-1.0863	0.0268	2	14.19601	0.2524403	2.737314	0.4315494	0.8157737	0.08698888	1.773597	0.05166284
deepmd-les_sB	27000	18.501800000000003	0.021798878487299795	0.7809262087770626	0.5731	0.0124	-1.0808	0.029	2	14.19869	0.2526686	2.737314	0.4316892	0.815894	0.08691116	1.773709	0.05174055
deepmd-les_sB	27100	17.76165	0.02075414851694609	0.7819897877737868	0.5728	0.0124	-1.0834	0.0259	2	14.19901	0.2525376	2.7373	0.4316364	0.8157146	0.0869437	1.773927	0.05170801
deepmd-les_sB	27200	17.59075	0.02141419795970354	0.781917856357961	0.5734	0.0121	-1.0827	0.0258	2	14.20152	0.2523213	2.737586	0.4315524	0.8159084	0.08698279	1.774384	0.05166892
deepmd-les_sB	27300	18.0835	0.02060626528585575	0.7826842116849984	0.5731	0.0141	-1.0844	0.032	2	14.20352	0.2520763	2.738058	0.4314537	0.8161724	0.08702692	1.77495	0.05162479
deepmd-les_sB	27400	17.3715	0.019899748607665576	0.7813456803243573	0.5715	0.0114	-1.0833	0.03	2	14.20482	0.251702	2.737852	0.4313158	0.8159632	0.08710722	1.775071	0.05154449
deepmd-les_sB	27500	17.6373	0.019040500769397603	0.7834697034547671	0.5722	0.0115	-1.0872	0.0273	2	14.2076	0.2516941	2.738401	0.4312653	0.8160072	0.08713086	1.775473	0.05152085
deepmd-les_sB	27600	18.11985	0.021112436522827824	0.7807928262660633	0.5724	0.0128	-1.0814	0.0253	2	14.20839	0.2516149	2.738317	0.4312732	0.815989	0.08712643	1.775944	0.05152529
deepmd-les_sB	27700	19.23705	0.02197412844706767	0.7819987594663207	0.574	0.013	-1.0822	0.0275	2	14.20945	0.2517137	2.738187	0.4313457	0.8158923	0.08709281	1.776241	0.05155891
deepmd-les_sB	27800	18.0809	0.020577635970213597	0.7812347197680586	0.5721	0.0129	-1.0825	0.029	2	14.21074	0.2516361	2.738702	0.4313063	0.8160373	0.08711005	1.776479	0.05154166
deepmd-les_sB	27900	18.08945	0.021355608693235245	0.7804448926144865	0.5723	0.013	-1.0806	0.0282	2	14.2129	0.251536	2.738922	0.4312595	0.8161013	0.08713317	1.776734	0.05151854
deepmd-les_sB	28000	17.7536	0.02058941623668481	0.7798764609196301	0.5712	0.0119	-1.0806	0.0254	2	14.21385	0.2512981	2.738866	0.4312042	0.815959	0.08716527	1.777127	0.05148644
deepmd-les_sB	28100	18.32215	0.019861288101462586	0.782048492696485	0.572	0.0121	-1.0844	0.0267	2	14.21714	0.251131	2.739506	0.4310441	0.8161902	0.08723993	1.777335	0.05141178
deepmd-les_sB	28200	18.168	0.020440664395665737	0.7818131386473925	0.5724	0.0128	-1.0835	0.0268	2	14.21768	0.2510755	2.7394	0.4310633	0.8161887	0.08723029	1.778271	0.05142142
deepmd-les_sB	28300	19.123849999999997	0.01925746752004913	0.7825341231457167	0.5717	0.014	-1.0856	0.0285	2	14.21873	0.2508422	2.739547	0.4309751	0.8160983	0.08727994	1.778585	0.05137178
deepmd-les_sB	28400	18.26965	0.02016299365373928	0.78136910481078	0.5717	0.0151	-1.083	0.0315	2	14.22195	0.2508746	2.739709	0.4310092	0.8161373	0.08726093	1.779309	0.05139078
deepmd-les_sB	28500	18.1233	0.02029889369542796	0.781532449607088	0.572	0.0129	-1.0831	0.0301	2	14.221	0.2507243	2.739785	0.4309486	0.8160225	0.08729544	1.779542	0.05135627
deepmd-les_sB	28600	17.10265	0.020162888073119743	0.7825737141491104	0.5727	0.0124	-1.0848	0.0246	2	14.22324	0.250534	2.740191	0.4308585	0.8162617	0.08733594	1.77981	0.05131577
deepmd-les_sB	28700	18.30415	0.02101760928250182	0.7813936024810569	0.5727	0.0129	-1.0823	0.0275	2	14.22576	0.250537	2.740349	0.4308592	0.8163662	0.08733233	1.780245	0.05131938
deepmd-les_sB	28800	18.6178	0.022091534580955644	0.7804442082525783	0.5731	0.0132	-1.0799	0.0261	2	14.22732	0.2507749	2.740615	0.4309862	0.816454	0.08726262	1.780522	0.05138909
deepmd-les_sB	28900	17.76885	0.022896048780228932	0.7779584794970879	0.5721	0.0114	-1.0756	0.027	2	14.23176	0.2504738	2.74072	0.4308982	0.8166002	0.08730709	1.780661	0.05134463
deepmd-les_sB	29000	18.26065	0.020765216099336	0.7793062379480936	0.5709	0.0116	-1.0796	0.027	2	14.23301	0.2502256	2.74124	0.4307513	0.8167394	0.08737975	1.781083	0.05127196
deepmd-les_sB	29100	18.3545	0.02077715936402289	0.778130623186221	0.5702	0.0117	-1.078	0.0241	2	14.23475	0.250218	2.741479	0.4307357	0.8166834	0.08738806	1.781585	0.05126365
deepmd-les_sB	29200	18.831249999999997	0.020289954754653575	0.7803958789225388	0.5712	0.0134	-1.0816	0.0268	2	14.23702	0.2501497	2.741983	0.4306789	0.816912	0.0874113	1.782078	0.05124041
deepmd-les_sB	29300	18.9355	0.020084659075398015	0.7801568049679063	0.5708	0.0143	-1.0814	0.0276	2	14.23732	0.2500484	2.742031	0.4306573	0.8168874	0.0874237	1.782219	0.05122802
deepmd-les_sB	29400	18.901200000000003	0.021765542325475108	0.7807507742738529	0.573	0.0129	-1.0806	0.028	2	14.23844	0.249801	2.741913	0.4306021	0.8167612	0.0874571	1.782487	0.05119461
deepmd-les_sB	29500	18.028750000000002	0.020411607911380955	0.7814597650933311	0.5721	0.013	-1.083	0.0273	2	14.24217	0.2496785	2.742413	0.4304742	0.816762	0.08751747	1.783127	0.05113424
deepmd-les_sB	29600	18.81135	0.020945798354499893	0.7793908657336013	0.5712	0.0121	-1.0795	0.0301	2	14.24295	0.2496884	2.74247	0.4305159	0.8168248	0.0874962	1.783189	0.05115552
deepmd-les_sB	29700	18.1919	0.020138309943682875	0.7783992516642555	0.5697	0.0123	-1.079	0.026	2	14.24481	0.2495537	2.742891	0.4304501	0.81688	0.08752995	1.783784	0.05112176
deepmd-les_sB	29800	17.662550000000003	0.02151622196902489	0.7787714999176995	0.5713	0.0127	-1.0781	0.026	2	14.2466	0.2494815	2.742942	0.4304617	0.8170773	0.08751998	1.784087	0.05113173
deepmd-les_sB	29900	18.433149999999998	0.02156276899790076	0.7802165715387109	0.5724	0.0128	-1.08	0.0288	2	14.24981	0.2492871	2.743069	0.4303767	0.8169668	0.08756626	1.78456	0.05108545
deepmd-les_sB	30000	18.4518	0.019563358485748847	0.7815753430832312	0.5713	0.0125	-1.084	0.0294	2	14.2499	0.2491828	2.743202	0.4303336	0.8168658	0.08759491	1.784689	0.0510568
deepmd-les_sB	30100	17.84015	0.02166123542131649	0.7792908303494818	0.5718	0.0133	-1.0787	0.0262	2	14.25243	0.2490518	2.743299	0.4303294	0.8170015	0.08759218	1.785358	0.05105954
deepmd-les_sB	30200	18.68055	0.020725953199352547	0.7793769767301556	0.571	0.0122	-1.0797	0.0266	2	14.25252	0.2489757	2.743582	0.430248	0.8170339	0.08763153	1.785507	0.05102019
deepmd-les_sB	30300	18.78985	0.02029230309888374	0.7793897250446167	0.5705	0.0134	-1.0802	0.0267	2	14.25295	0.2487681	2.743659	0.4301551	0.8171251	0.08767857	1.785537	0.05097314
deepmd-les_sB	30400	17.8918	0.020923431958767422	0.7805659013471251	0.572	0.0127	-1.0812	0.0298	2	14.254	0.2488357	2.743722	0.4301945	0.8171659	0.08765627	1.785675	0.05099544
deepmd-les_sB	30500	17.5231	0.020353083866258434	0.7789570108854065	0.5703	0.012	-1.0795	0.0285	2	14.25457	0.2488944	2.743838	0.4302201	0.8171701	0.08764276	1.785583	0.05100895
deepmd-les_sB	30600	17.9806	0.020556861910754603	0.7788711165757735	0.5704	0.0128	-1.0792	0.0264	2	14.25576	0.2487685	2.743991	0.4301542	0.8172456	0.08767468	1.785902	0.05097703
deepmd-les_sB	30700	17.47515	0.02175297859785355	0.7782254267066431	0.5711	0.0133	-1.077	0.0289	2	14.25692	0.2487555	2.744052	0.4301724	0.8173606	0.08766305	1.786071	0.05098866
deepmd-les_sB	30800	17.884900000000002	0.020606817193315436	0.7790507852755603	0.5706	0.0135	-1.0794	0.0273	2	14.257	0.2487371	2.744224	0.4301422	0.8172652	0.08767984	1.786246	0.05097188
deepmd-les_sB	30900	18.57045	0.020707711667428498	0.7786237249477815	0.5704	0.013	-1.0787	0.027	2	14.25784	0.2488056	2.744271	0.4301852	0.8172928	0.08765722	1.7862	0.05099449
deepmd-les_sB	31000	18.570149999999998	0.022097855193902345	0.7780762816591575	0.5714	0.0129	-1.0765	0.0265	2	14.25893	0.2485663	2.744217	0.4300928	0.817354	0.0877037	1.786326	0.05094801
deepmd-les_sB	31100	18.40435	0.020468193655128766	0.7791600595174142	0.5705	0.0119	-1.0797	0.0269	2	14.25903	0.2485273	2.744392	0.4300754	0.8172905	0.08771757	1.786492	0.05093414
deepmd-les_sB	31200	18.4012	0.021048900664960797	0.7792524186167588	0.5712	0.0134	-1.0792	0.027	2	14.25966	0.2484957	2.744488	0.4300697	0.8173155	0.08771668	1.786795	0.05093503
deepmd-les_sB	31300	18.38015	0.020474967285607482	0.7794701114172264	0.5708	0.0128	-1.0801	0.0287	2	14.26064	0.2483296	2.744618	0.4299759	0.8173697	0.08776653	1.786919	0.05088518
deepmd-les_sB	31400	18.662399999999998	0.02061341855386995	0.778682542069889	0.5703	0.0122	-1.0788	0.0288	2	14.26189	0.2484693	2.744907	0.4300228	0.8175221	0.08773634	1.787096	0.05091537
deepmd-les_sB	31500	17.791449999999998	0.02072963021103952	0.7771818213457397	0.5694	0.0135	-1.0766	0.0261	2	14.2627	0.2483975	2.745012	0.429994	0.8176743	0.08774572	1.787182	0.05090599
deepmd-les_sB	31600	17.60925	0.021926906830976717	0.7790650236397848	0.5719	0.0131	-1.078	0.0316	2	14.26298	0.2484485	2.744932	0.4300596	0.8176023	0.08771341	1.787471	0.0509383
deepmd-les_sB	31700	18.643349999999998	0.01949491461534762	0.7790748821332982	0.5695	0.012	-1.0805	0.027	2	14.26324	0.2482361	2.745127	0.4299123	0.817482	0.08779423	1.787503	0.05085748
deepmd-les_sB	31800	18.29625	0.0206830239953087	0.7778526245797154	0.5698	0.014	-1.0776	0.0291	2	14.26428	0.2482162	2.74514	0.4299292	0.817628	0.08778353	1.787531	0.05086819
deepmd-les_sB	31900	17.6617	0.020443755403288064	0.7787458843543108	0.5702	0.0124	-1.0791	0.0257	2	14.26545	0.2482093	2.745498	0.4299169	0.8176931	0.08778729	1.7878	0.05086442
deepmd-les_sB	32000	18.711	0.02124223307450345	0.778341023635289	0.5707	0.0124	-1.0777	0.0305	2	14.26723	0.2481168	2.745604	0.4298781	0.8178925	0.08780071	1.787991	0.05085101
deepmd-les_sB	32100	17.7437	0.019545262970911793	0.779976345141825	0.5702	0.0141	-1.0817	0.0269	2	14.26744	0.2482869	2.746013	0.4299028	0.8178699	0.08778923	1.788265	0.05086248
deepmd-les_sB	32200	18.3661	0.021672936395184597	0.7784482927562189	0.5712	0.0129	-1.0774	0.0281	2	14.26864	0.2482055	2.745758	0.4299349	0.8178677	0.08777148	1.788436	0.05088023
deepmd-les_sB	32300	17.30685	0.02181688516212484	0.7784335946021015	0.5714	0.0126	-1.0773	0.0297	2	14.26973	0.2480678	2.745871	0.42988	0.8179275	0.0877992	1.788612	0.05085251
deepmd-les_sB	32400	19.0297	0.02044343572979372	0.7782446413639824	0.5698	0.0133	-1.0784	0.0298	2	14.26976	0.2479511	2.746232	0.4298093	0.8180424	0.08783394	1.78871	0.05081777
deepmd-les_sB	32500	17.69235	0.02088135589135443	0.779424287741263	0.5711	0.0143	-1.0796	0.0276	2	14.27125	0.2477617	2.746287	0.4297396	0.8180691	0.08786905	1.78896	0.05078266
deepmd-les_sB	32600	19.5578	0.020303364562339048	0.7795237233544341	0.5706	0.0132	-1.0803	0.0291	2	14.27276	0.2477965	2.746602	0.429713	0.8181096	0.08787903	1.789338	0.05077269
deepmd-les_sB	32700	17.8305	0.019993009366823675	0.7772516014206974	0.5687	0.0134	-1.0775	0.0253	2	14.27271	0.2477715	2.746561	0.4297147	0.8180373	0.08788046	1.789363	0.05077125
deepmd-les_sB	32800	18.11475	0.019979025247740274	0.7786547390698594	0.5697	0.0125	-1.0794	0.0297	2	14.27369	0.2478114	2.746543	0.429758	0.8180307	0.08785972	1.789333	0.050792
deepmd-les_sB	32900	18.474249999999998	0.021500164882851384	0.7779382719761864	0.5707	0.0131	-1.0769	0.0299	2	14.2751	0.2475933	2.746555	0.4296937	0.8180658	0.08789372	1.789625	0.050758
deepmd-les_sB	33000	17.29485	0.020999244900380153	0.7777156855246349	0.5701	0.0132	-1.0771	0.0264	2	14.2756	0.2477599	2.746603	0.4297754	0.8179631	0.08785286	1.789889	0.05079886
deepmd-les_sB	33100		0.02091684726497352	0.7786546435286452	0.5699	0.013	-1.0771	0.0265		14.27647	0.2476465	2.746859	0.4297176	0.8181165	0.08787942	1.790151	0.05077229
deepmd-les_sB	33200	17.50725	0.021755087750819763	0.7779664442498291	0.571	0.0126	-1.0767	0.0291	2	14.27803	0.247356	2.747175	0.4295907	0.8183495	0.08793659	1.790519	0.05071513
deepmd-les_sB	33300	18.03115	0.02075496521627926	0.7767530655352595	0.5691	0.0127	-1.076	0.026	2	14.27942	0.2474395	2.747324	0.4296165	0.8183199	0.08792448	1.79052	0.05072723
deepmd-les_sB	33400	18.2316	0.02008020799136103	0.7772252878330416	0.5688	0.0127	-1.0773	0.0275	2	14.27959	0.2472411	2.747302	0.4295407	0.8183063	0.08796771	1.790535	0.05068401
deepmd-les_sB	33500	17.8685	0.021337518854900102	0.7774882946464777	0.5702	0.0139	-1.0764	0.0303	2	14.28156	0.247354	2.747404	0.4296097	0.8184004	0.08792774	1.790879	0.05072397
deepmd-les_sB	33600	18.234299999999998	0.020451848494742502	0.7779263216105844	0.5696	0.0128	-1.0779	0.0299	2	14.28217	0.2472546	2.747685	0.4295424	0.8184155	0.08796219	1.791113	0.05068953
deepmd-les_sB	33700	18.15625	0.020313491275778018	0.7778317279172341	0.5694	0.0122	-1.0779	0.0292	2	14.28239	0.2473218	2.747673	0.4295674	0.8183284	0.0879522	1.791068	0.05069952
deepmd-les_sB	33800	18.295650000000002	0.021313511987874227	0.7777432026018534	0.5704	0.013	-1.0768	0.0266	2	14.28355	0.2471365	2.747877	0.4294931	0.8184805	0.08798376	1.791599	0.05066795
deepmd-les_sB	33900	18.54465	0.020674566091099866	0.7770556018363239	0.5693	0.0141	-1.0765	0.0259	2	14.28322	0.2470154	2.747764	0.4294949	0.8183349	0.0879907	1.791588	0.05066101
deepmd-les_sB	34000	18.446550000000002	0.021756571390649588	0.7787468824119919	0.5715	0.0137	-1.0777	0.0304	2	14.28566	0.2469952	2.747972	0.4294806	0.8184705	0.08799254	1.792002	0.05065917
deepmd-les_sB	34100	18.344450000000002	0.02014749534711189	0.7777389863120772	0.5692	0.0119	-1.078	0.0258	2	14.28687	0.2469083	2.748316	0.4294057	0.8185789	0.08802741	1.792273	0.05062431
deepmd-les_sB	34200	18.57045	0.02194150625043867	0.7768782251140101	0.5704	0.0137	-1.0749	0.0288	2	14.28782	0.2470021	2.748382	0.4294702	0.8185515	0.08799327	1.79236	0.05065844
deepmd-les_sB	34300	18.07565	0.020739422512394842	0.7793158817201566	0.5709	0.013	-1.0795	0.0318	2	14.28873	0.2469486	2.748699	0.4294148	0.8187353	0.08801915	1.792683	0.05063256
deepmd-les_sB	34400	18.5367	0.02042595577832746	0.777477651560298	0.5693	0.0114	-1.0774	0.0254	2	14.28933	0.2466412	2.74863	0.4292951	0.8187047	0.08808267	1.792846	0.05056905
deepmd-les_sB	34500	18.0419	0.01983785174746552	0.77777196117539	0.5689	0.0123	-1.0784	0.0264	2	14.2897	0.2466168	2.74866	0.429289	0.8186384	0.08808925	1.79291	0.05056246
deepmd-les_sB	34600	18.8476	0.021806937797531196	0.7767227174381742	0.5702	0.0132	-1.0749	0.0254	2	14.29124	0.2465626	2.748649	0.4292953	0.8186833	0.08808402	1.793043	0.0505677
deepmd-les_sB	34700	18.5121	0.02093273921417001	0.777747644960642	0.57	0.0119	-1.0772	0.0272	2	14.29169	0.2465934	2.748913	0.4293048	0.8186864	0.08807783	1.793427	0.05057388
deepmd-les_sB	34800	17.608	0.020778791338462957	0.7768928757106394	0.5693	0.0126	-1.0762	0.0262	2	14.29218	0.2463663	2.748743	0.4292504	0.8186553	0.0881084	1.793395	0.05054331
deepmd-les_sB	34900	17.9565	0.01980717035454571	0.7792644042172997	0.5699	0.0127	-1.0805	0.0283	2	14.29262	0.2462956	2.748957	0.4291963	0.818571	0.08814003	1.793519	0.05051168
deepmd-les_sB	35000	18.024900000000002	0.021050344486662584	0.7779279635467278	0.5702	0.0134	-1.0773	0.0271	2	14.29454	0.2461012	2.748848	0.4291395	0.818607	0.08817003	1.793707	0.05048169
deepmd-les_sB	35100	18.10255	0.0218978441037598	0.7769495585471886	0.5704	0.0115	-1.0751	0.0278	2	14.29622	0.2461728	2.749123	0.4291757	0.8187758	0.08814561	1.794058	0.05050611
deepmd-les_sB	35200	17.3534	0.02153670373636596	0.7776983872592208	0.5705	0.0137	-1.0765	0.0297	2	14.29652	0.246272	2.749321	0.4291884	0.8188771	0.08813374	1.794213	0.05051798
deepmd-les_sB	35300	18.2549	0.02152049086887567	0.7769250191182492	0.57	0.0122	-1.0754	0.0289	2	14.29683	0.2462028	2.749319	0.4291777	0.8188685	0.08814022	1.794252	0.0505115
deepmd-les_sB	35400	17.789	0.02120093292747723	0.776745744491451	0.5696	0.0133	-1.0755	0.0262	2	14.29706	0.2460739	2.749372	0.4291154	0.8189296	0.08817123	1.794295	0.05048049
deepmd-les_sB	35500	18.13395	0.021668690826824433	0.777342700165543	0.5705	0.0125	-1.0759	0.0261	2	14.29723	0.2461787	2.749445	0.4291563	0.8189394	0.08814926	1.794341	0.05050245
deepmd-les_sB	35600	17.54205	0.020900607789538207	0.7763017833467764	0.569	0.0129	-1.0752	0.0267	2	14.29745	0.2461944	2.749578	0.4291551	0.8189155	0.08815003	1.794488	0.05050169
deepmd-les_sB	35700	18.334899999999998	0.02108201657572137	0.7758433421489165	0.5688	0.0123	-1.0744	0.0271	2	14.29769	0.246066	2.749533	0.4291152	0.818911	0.0881722	1.794468	0.05047952
deepmd-les_sB	35800	17.95395	0.020703686595784202	0.7774451179376791	0.5696	0.0113	-1.077	0.0281	2	14.29812	0.2461012	2.749619	0.4291146	0.8189466	0.08817145	1.79451	0.05048026
deepmd-les_sB	35900	17.639499999999998	0.021152341458522954	0.7775688747340819	0.5701	0.0133	-1.0767	0.0303	2	14.29877	0.2461455	2.74969	0.4291398	0.8189519	0.08815793	1.794671	0.05049378
deepmd-les_sB	36000	17.92385	0.021021577944881603	0.777676086114283	0.57	0.0146	-1.0769	0.0324	2	14.29917	0.246103	2.749717	0.4291286	0.8189374	0.08816439	1.794734	0.05048733
deepmd-les_sB	36100	19.1508	0.020787477115607	0.7779232448951188	0.57	0.0132	-1.0775	0.0304	2	14.29923	0.2460529	2.749725	0.4291056	0.8189245	0.08817664	1.794834	0.05047507
deepmd-les_sB	36200	17.6968	0.02057714526845079	0.7769813330822419	0.5691	0.0122	-1.0765	0.0277	2	14.29913	0.2460284	2.749742	0.4291014	0.8188914	0.08817949	1.794874	0.05047222
deepmd-les_sB	36300	17.070149999999998	0.020351673119029877	0.7770261575640196	0.5689	0.0119	-1.0767	0.0296	2	14.29942	0.2459315	2.749693	0.4290814	0.8189336	0.08818964	1.794902	0.05046207
deepmd-les_sB	36400	18.140900000000002	0.020987329627632438	0.775496622447977	0.5685	0.0127	-1.074	0.0271	2	14.30034	0.2459256	2.749979	0.4290439	0.8190395	0.08820516	1.795092	0.05044656
deepmd-les_sB	36500	18.002049999999997	0.020772834604637046	0.7765034250791334	0.569	0.0136	-1.0756	0.0261	2	14.30083	0.2458664	2.74996	0.4290408	0.8190454	0.08820768	1.795163	0.05044404
deepmd-les_sB	36600	18.00215	0.020648316447524573	0.7765371438798471	0.5689	0.0121	-1.0758	0.0268	2	14.30082	0.2458565	2.749969	0.4290393	0.8190404	0.08820842	1.79518	0.0504433
deepmd-les_sB	36700	18.14375	0.021061192061680712	0.7771097453839527	0.5697	0.0122	-1.0761	0.0311	2	14.30144	0.2457313	2.749946	0.4290034	0.8190315	0.08822677	1.795321	0.05042495
deepmd-les_sB	36800	18.1652	0.02095577207129633	0.7753718102364137	0.5684	0.0133	-1.0739	0.0254	2	14.30198	0.2458236	2.750152	0.4290198	0.819137	0.08821488	1.795367	0.05043683
deepmd-les_sB	36900	18.88925	0.021299139575674468	0.7753456480600402	0.5687	0.012	-1.0735	0.0256	2	14.30235	0.2457453	2.750285	0.428976	0.8191734	0.08823802	1.795466	0.0504137
deepmd-les_sB	37000	17.1145	0.02021828132157067	0.7778500622571123	0.5694	0.0129	-1.078	0.0287	2	14.3027	0.2457487	2.750264	0.4289903	0.8191711	0.08823108	1.795507	0.05042063
deepmd-les_sB	37100	18.095100000000002	0.020414491359768	0.7754551164791896	0.5679	0.0126	-1.0745	0.026	2	14.30358	0.2458029	2.750332	0.4290119	0.8191515	0.0882205	1.795607	0.05043122
deepmd-les_sB	37200	18.76565	0.020966237474199612	0.7780475502177416	0.5702	0.0137	-1.0775	0.0307	2	14.30326	0.2457275	2.750247	0.4289995	0.8191148	0.08822746	1.795656	0.05042425
deepmd-les_sB	37300	17.3348	0.0205247799731313	0.7773668347872	0.5693	0.0127	-1.0771	0.0286	2	14.30415	0.2457649	2.75046	0.4290016	0.8191629	0.08822535	1.795788	0.05042637
deepmd-les_sB	37400	17.21385	0.02057728073343377	0.7766684996172245	0.5689	0.0123	-1.076	0.0288	2	14.30512	0.2456953	2.750542	0.4289762	0.8192366	0.08823627	1.795907	0.05041544
deepmd-les_sB	37500	18.3401	0.021051517629159078	0.7772274902484765	0.5697	0.0133	-1.0763	0.0288	2	14.3051	0.2456852	2.750554	0.4289777	0.8192174	0.08823527	1.796002	0.05041645
deepmd-les_sB	37600	17.7697	0.020992764855039564	0.7754438377199361	0.5684	0.0132	-1.0739	0.0276	2	14.30576	0.2455933	2.75057	0.4289423	0.8192366	0.08825317	1.796067	0.05039855
deepmd-les_sB	37700	18.6941	0.020862560853302237	0.7742174626156164	0.5674	0.0118	-1.0723	0.0276	2	14.30608	0.2456009	2.750599	0.4289576	0.8192395	0.08824574	1.796146	0.05040597
deepmd-les_sB	37800	18.3593	0.02060554502819605	0.7786161505429424	0.5703	0.0137	-1.0787	0.0311	2	14.30636	0.2456352	2.750751	0.4289608	0.8192916	0.08824207	1.796293	0.05040964
deepmd-les_sB	37900	17.4214	0.020360305120430532	0.7770435974566298	0.5689	0.0123	-1.0768	0.0283	2	14.30706	0.2453942	2.750802	0.4288649	0.8193166	0.08829239	1.796431	0.05035932
deepmd-les_sB	38000	17.60855	0.020789323990170836	0.7781085526700194	0.5701	0.0127	-1.0779	0.0262	2	14.30762	0.2454637	2.750887	0.4289008	0.8193125	0.08827224	1.796517	0.05037948
deepmd-les_sB	38100	18.128700000000002	0.021145835447349694	0.7771988338911474	0.5698	0.0135	-1.0762	0.0304	2	14.30747	0.2455277	2.750861	0.428938	0.8193299	0.08825342	1.796631	0.0503983
deepmd-les_sB	38200	18.5601	0.020181830375396573	0.7785938382277988	0.5698	0.0134	-1.079	0.0329	2	14.3077	0.2453738	2.750888	0.4288803	0.8193007	0.0882853	1.796608	0.05036642
deepmd-les_sB	38300	18.319450000000003	0.019858218055761094	0.7767684353964135	0.5682	0.0122	-1.0769	0.0278	2	14.30838	0.2453194	2.750936	0.4288443	0.8193606	0.08830167	1.796654	0.05035004
deepmd-les_sB	38400	18.1682	0.021201059105576476	0.7775710960946046	0.5701	0.0133	-1.0766	0.0299	2	14.30931	0.2453155	2.751023	0.4288572	0.8194115	0.08829289	1.796933	0.05035882
deepmd-les_sB	38500	18.37715	0.021009043976916754	0.776157691290085	0.569	0.0115	-1.0749	0.028	2	14.30994	0.2452747	2.751201	0.4288358	0.8194395	0.08830374	1.797003	0.05034797
deepmd-les_sB	38600	18.224	0.020654611222815415	0.7750002829630857	0.5678	0.0114	-1.0737	0.0231	2	14.30971	0.24524	2.751129	0.4288248	0.8193642	0.08831152	1.797061	0.05034019
deepmd-les_sB	38700	17.1747	0.021160750708532364	0.7771627503268482	0.5698	0.0119	-1.0762	0.0266	2	14.31099	0.2452474	2.751323	0.4288345	0.8195367	0.08830094	1.797162	0.05035077
deepmd-les_sB	38800	17.3521	0.02038288428758987	0.7770719268015236	0.569	0.012	-1.0768	0.0288	2	14.31086	0.2451473	2.751467	0.4287908	0.8195149	0.08832508	1.797351	0.05032663
deepmd-les_sB	38900	18.076050000000002	0.020544265776986946	0.7749499250954354	0.5676	0.0119	-1.0737	0.0275	2	14.31216	0.2451046	2.751492	0.4287822	0.8195322	0.08833004	1.797442	0.05032167
deepmd-les_sB	39000	18.23705	0.020546699962110802	0.776346575379738	0.5686	0.0124	-1.0756	0.0298	2	14.31236	0.2450267	2.751548	0.4287425	0.8195685	0.08834995	1.797482	0.05030176
deepmd-les_sB	39100	18.545749999999998	0.02169046756186877	0.7753446390641464	0.5691	0.0118	-1.0731	0.025	2	14.31237	0.2451251	2.751562	0.4288004	0.8195554	0.08831929	1.797589	0.05033243
deepmd-les_sB	39200	18.981250000000003	0.021350520123873708	0.7752112258343673	0.5686	0.0121	-1.0732	0.0277	2	14.31272	0.2450094	2.751489	0.4287762	0.8195265	0.08833348	1.797649	0.05031823
deepmd-les_sB	39300	18.089199999999998	0.020507651274706752	0.7778967041004833	0.5697	0.0129	-1.0778	0.0296	2	14.31291	0.2450064	2.751618	0.4287765	0.8194945	0.08833482	1.797796	0.0503169
deepmd-les_sB	39400	18.25475	0.020834260717929157	0.7769425240885147	0.5693	0.0127	-1.0762	0.027	2	14.31382	0.2449996	2.751684	0.4287688	0.8195481	0.08833696	1.797825	0.05031475
deepmd-les_sB	39500	18.20025	0.020810580662222324	0.7772174000122908	0.5694	0.0128	-1.0765	0.0338	2	14.31432	0.2449237	2.75174	0.4287421	0.8195969	0.0883502	1.797924	0.05030152
deepmd-les_sB	39600	17.742800000000003	0.021623602364311614	0.7773233646800307	0.5704	0.0117	-1.0759	0.028	2	14.31467	0.2449606	2.75181	0.428771	0.8196388	0.08833247	1.798121	0.05031925
deepmd-les_sB	39700	17.9914	0.021101689153802273	0.7753481980216471	0.5685	0.0132	-1.0737	0.0266	2	14.31546	0.2450075	2.75194	0.4287628	0.8196634	0.08833642	1.798147	0.0503153
deepmd-les_sB	39800	18.33105	0.02127535243850225	0.7761728254768963	0.5692	0.013	-1.0746	0.028	2	14.316	0.2448957	2.751928	0.428733	0.8196635	0.08835202	1.798182	0.0502997
deepmd-les_sB	39900	17.5336	0.020548089570196142	0.7768932994694203	0.569	0.0129	-1.0764	0.0273	2	14.31664	0.244748	2.751988	0.4286802	0.8197155	0.08837841	1.798349	0.0502733
deepmd-les_sB	40000	18.29935	0.021039065767463283	0.7747203576440138	0.568	0.0126	-1.0728	0.0291	2	14.31747	0.2447438	2.752148	0.4286701	0.8197639	0.0883823	1.798445	0.05026941
deepmd-les_sB	40100	19.00435	0.02017281968580721	0.776510575902374	0.5683	0.0133	-1.0762	0.0298	2	14.31738	0.2446625	2.752176	0.4286424	0.8197182	0.08839778	1.798468	0.05025393
deepmd-les_sB	40200	18.00375	0.020581149632793807	0.7749655215748704	0.5677	0.0132	-1.0736	0.0269	2	14.31776	0.2446747	2.752205	0.4286426	0.8197262	0.08839662	1.798604	0.0502551
deepmd-les_sB	40300	17.84845	0.020854483107721956	0.7755092445104126	0.5684	0.0117	-1.0742	0.0243	2	14.31799	0.2447227	2.752231	0.4286626	0.8197607	0.08838557	1.798604	0.05026614
deepmd-les_sB	40400	18.3554	0.02052046056419804	0.7766963424766229	0.5689	0.013	-1.0761	0.0271	2	14.31805	0.2446936	2.752296	0.4286439	0.8197539	0.08839541	1.79867	0.0502563
deepmd-les_sB	40500	17.9467	0.020592674769530424	0.775040245742475	0.5678	0.0116	-1.0738	0.0258	2	14.31834	0.2446776	2.752294	0.428641	0.8197724	0.08839718	1.798668	0.05025454
deepmd-les_sB	40600	17.97735	0.020264765089140203	0.7761020923412866	0.5682	0.0123	-1.0755	0.0291	2	14.31818	0.244639	2.752296	0.4286324	0.8197613	0.0884024	1.798673	0.05024931
deepmd-les_sB	40700	17.9333	0.020034209483490193	0.7754634632701904	0.5675	0.013	-1.0749	0.0248	2	14.31851	0.2446685	2.752289	0.4286532	0.819761	0.08839175	1.798679	0.05025997
deepmd-les_sB	40800	18.1682	0.020686056397294563	0.7756441208214814	0.5683	0.0122	-1.0745	0.0281	2	14.3187	0.2446413	2.752278	0.4286473	0.8197795	0.08839392	1.798729	0.0502578
deepmd-les_sB	40900	18.44045	0.02074046358721362	0.7758159025482159	0.5684	0.0137	-1.0746	0.0303	2	14.31904	0.244641	2.752351	0.428642	0.8197969	0.08839605	1.798786	0.05025566
deepmd-les_sB	41000	18.70815	0.021099206103215366	0.7749229824064053	0.5682	0.0124	-1.0731	0.0272	2	14.31908	0.2445907	2.752372	0.4286296	0.8197974	0.08840215	1.798904	0.05024956
deepmd-les_sB	41100	18.18185	0.020905294308506087	0.778316046146173	0.5704	0.0131	-1.078	0.0301	2	14.3191	0.2445576	2.75237	0.4286252	0.8197792	0.08840534	1.798928	0.05024638
deepmd-les_sB	41200	17.68725	0.021023190799924776	0.7761099903119711	0.5689	0.0128	-1.0748	0.0287	2	14.31921	0.2445958	2.752417	0.4286289	0.819784	0.08840288	1.798957	0.05024883
deepmd-les_sB	41300	17.69845	0.02085100025044527	0.776751544338661	0.5692	0.0131	-1.0759	0.027	2	14.31967	0.2445892	2.75241	0.4286286	0.8198125	0.08840245	1.798961	0.05024926
deepmd-les_sB	41400	17.66565	0.020891078060182096	0.7744958203918197	0.5677	0.0115	-1.0727	0.0279	2	14.31998	0.2446205	2.75247	0.428634	0.8198327	0.0883991	1.799012	0.05025261
deepmd-les_sB	41500	18.4526	0.020851739616259447	0.7787955406164345	0.5706	0.0145	-1.0786	0.0344	2	14.32005	0.2445173	2.75242	0.4286169	0.8198541	0.08840816	1.799011	0.05024356
deepmd-les_sB	41600	18.6996	0.020837535732686308	0.7756592945152057	0.5684	0.0119	-1.0743	0.0299	2	14.32017	0.2444971	2.752563	0.4285883	0.8198506	0.08842285	1.799088	0.05022886
deepmd-les_sB	41700	17.98695	0.02112970170562351	0.7762465181068836	0.5692	0.0118	-1.0749	0.0269	2	14.32048	0.2444627	2.752547	0.4285907	0.8198551	0.08842114	1.799147	0.05023057
deepmd-les_sB	41800	17.95825	0.020818496848961386	0.7757438576195672	0.5685	0.0121	-1.0745	0.0276	2	14.32073	0.2444904	2.752571	0.4285929	0.8198683	0.08841897	1.799219	0.05023275
deepmd-les_sB	41900	18.205849999999998	0.02119276146769485	0.7752064503051882	0.5685	0.0123	-1.0734	0.0282	2	14.321	0.244456	2.752609	0.4285944	0.8199119	0.08841768	1.799233	0.05023403
deepmd-les_sB	42000	17.8489	0.020725787457762004	0.7766678307959064	0.569	0.0122	-1.0758	0.0311	2	14.32132	0.2444278	2.75269	0.4285649	0.819914	0.08843304	1.799298	0.05021868
deepmd-les_sB	42100	18.55245	0.021030170009333445	0.774534388376788	0.5678	0.0123	-1.0726	0.0265	2	14.32158	0.244414	2.752671	0.4285696	0.8199021	0.08843029	1.799327	0.05022142
deepmd-les_sB	42200	17.5291	0.020850282846336138	0.7768442814618066	0.5693	0.0119	-1.076	0.0266	2	14.32176	0.2444448	2.752689	0.42858	0.8199102	0.08842501	1.799378	0.05022671
deepmd-les_sB	42300	18.122799999999998	0.020563903433764304	0.7769678027483244	0.569	0.014	-1.0764	0.0305	2	14.32189	0.244475	2.752741	0.428585	0.8199359	0.08842127	1.799423	0.05023044
deepmd-les_sB	42400	18.097	0.020767347062455657	0.7748207712019887	0.5678	0.0127	-1.0732	0.0271	2	14.32216	0.2444265	2.752773	0.4285755	0.8199403	0.08842637	1.799429	0.05022535
deepmd-les_sB	42500	18.16435	0.021172514051031325	0.7756521911929583	0.5687	0.0138	-1.074	0.0283	2	14.32272	0.2444227	2.752858	0.4285743	0.8199582	0.08842617	1.799554	0.05022554
deepmd-les_sB	42600	17.488500000000002	0.020368341693865543	0.7750883473715937	0.5675	0.0124	-1.0739	0.0326	2	14.32295	0.2444134	2.752905	0.4285634	0.8199947	0.08843167	1.799534	0.05022004
deepmd-les_sB	42700	18.150100000000002	0.02058256379059641	0.7761489328116157	0.5685	0.0131	-1.0753	0.0263	2	14.32306	0.2443225	2.752915	0.4285321	0.8199837	0.08844782	1.799675	0.0502039
deepmd-les_sB	42800	17.68125	0.020503657696169256	0.775695058870051	0.5681	0.0126	-1.0747	0.0279	2	14.32314	0.2443315	2.752909	0.4285471	0.8199929	0.08844015	1.799629	0.05021156
deepmd-les_sB	42900	18.2059	0.020706432143337658	0.77528695522764	0.568	0.0117	-1.074	0.0272	2	14.32326	0.2442855	2.752823	0.4285414	0.8199731	0.08844349	1.799634	0.05020822
deepmd-les_sB	43000	17.80755	0.021021395279381704	0.7749301927104523	0.5681	0.0122	-1.0732	0.0264	2	14.32356	0.2443266	2.752901	0.4285574	0.819979	0.08843442	1.799748	0.05021729
deepmd-les_sB	43100	18.11375	0.020584695171461748	0.7753108545562398	0.568	0.0119	-1.0741	0.0263	2	14.32393	0.2443567	2.752972	0.4285597	0.8200334	0.08843225	1.799779	0.05021947
deepmd-les_sB	43200	18.66305	0.021158011411437267	0.775555057472305	0.5687	0.0136	-1.0739	0.0265	2	14.3239	0.2442275	2.752941	0.4285223	0.8200054	0.08845282	1.799807	0.0501989
deepmd-les_sB	43300	18.2149	0.02112318244075581	0.7755658637862326	0.5687	0.0121	-1.0739	0.028	2	14.32426	0.2442761	2.753005	0.428536	0.8200275	0.088445	1.799854	0.05020672
deepmd-les_sB	43400	18.44995	0.020246936178202092	0.7767067746321862	0.5685	0.0126	-1.0763	0.0321	2	14.32439	0.2442026	2.753	0.4285122	0.819986	0.08845921	1.799866	0.05019251
deepmd-les_sB	43500	17.44395	0.0206174802724522	0.77584547784286	0.5683	0.0124	-1.0748	0.0297	2	14.32491	0.244255	2.753073	0.4285285	0.8200376	0.08844827	1.799996	0.05020344
deepmd-les_sB	43600	17.721400000000003	0.020052664189538473	0.7758271666620175	0.5678	0.014	-1.0754	0.0272	2	14.32501	0.2441396	2.753126	0.4284818	0.8200294	0.08847384	1.799983	0.05017788
deepmd-les_sB	43700	18.343	0.020318414542782784	0.7773906239323708	0.5691	0.0131	-1.0772	0.0313	2	14.32537	0.2440832	2.753155	0.4284678	0.8200449	0.08848058	1.800057	0.05017114
deepmd-les_sB	43800	17.871650000000002	0.0201718150645084	0.7753466126887276	0.5675	0.0129	-1.0746	0.0281	2	14.32559	0.2442188	2.753219	0.4285047	0.8200462	0.08846099	1.800092	0.05019072
deepmd-les_sB	43900	18.3634	0.021206952446296806	0.7763684808816903	0.5693	0.0132	-1.075	0.0284	2	14.3261	0.2441688	2.75323	0.4284994	0.8200967	0.08846155	1.800185	0.05019016
deepmd-les_sB	44000	18.39455	0.020490086875138504	0.7756098317900985	0.568	0.0138	-1.0746	0.027	2	14.32621	0.2441954	2.753286	0.4285056	0.8200726	0.08845891	1.800215	0.0501928
deepmd-les_sB	44100	17.49255	0.021548759058205108	0.7754950501779544	0.569	0.0128	-1.0733	0.0313	2	14.32644	0.2441415	2.753222	0.4285025	0.8201102	0.08846007	1.800257	0.05019164
deepmd-les_sB	44200	18.52185	0.0216059107410519	0.7755404894642982	0.5691	0.0125	-1.0734	0.0292	2	14.32675	0.244108	2.753237	0.4284973	0.8201139	0.08846276	1.80032	0.05018896
deepmd-les_sB	44300	18.55095	0.02069504320585641	0.7783484792790419	0.5702	0.0123	-1.0783	0.0281	2	14.3267	0.2441101	2.753295	0.4284891	0.8200877	0.08846819	1.800372	0.05018352
deepmd-les_sB	44400	17.88295	0.020557472817595547	0.7762648434740803	0.5686	0.0137	-1.0755	0.0281	2	14.32699	0.243961	2.753295	0.4284442	0.8200709	0.08849173	1.800383	0.05015998
deepmd-les_sB	44500	18.780099999999997	0.021145263161717547	0.7751805065705079	0.5684	0.0136	-1.0733	0.0294	2	14.32742	0.2440287	2.753286	0.4284864	0.8200963	0.08846917	1.800405	0.05018254
deepmd-les_sB	44600	18.305999999999997	0.02075040333209128	0.775788671886061	0.5684	0.0131	-1.0746	0.0258	2	14.32743	0.2439668	2.753346	0.4284605	0.8201029	0.08848212	1.800521	0.05016959
deepmd-les_sB	44700	18.0865	0.021232097166560108	0.7753151894619187	0.5686	0.0114	-1.0734	0.0306	2	14.32762	0.2439866	2.753398	0.4284718	0.8201603	0.08847602	1.800509	0.0501757
deepmd-les_sB	44800	17.93205	0.021505355312328236	0.774326390369074	0.5682	0.0117	-1.0718	0.0264	2	14.32783	0.24402	2.753479	0.4284771	0.8201593	0.08847237	1.800581	0.05017934
deepmd-les_sB	44900	17.817349999999998	0.020550296414564507	0.7757210054097672	0.5682	0.0134	-1.0747	0.0269	2	14.32815	0.2439359	2.753482	0.4284419	0.8201269	0.08849153	1.800649	0.05016018
deepmd-les_sB	45000	18.4295	0.02094585696038168	0.775117459490495	0.5682	0.0131	-1.0735	0.0282	2	14.32869	0.2438908	2.753484	0.4284376	0.8201277	0.08849401	1.800719	0.0501577
deepmd-les_sB	45100	18.5121	0.021049129079106586	0.7747585982280364	0.568	0.0117	-1.0729	0.0284	2	14.32898	0.2439196	2.753555	0.4284424	0.8201478	0.08849093	1.80076	0.05016078
deepmd-les_sB	45200	17.281399999999998	0.020569646842177637	0.7756149784149727	0.5681	0.0121	-1.0746	0.0269	2	14.32899	0.2439333	2.753591	0.4284421	0.8201824	0.08848985	1.800786	0.05016186
deepmd-les_sB	45300	17.2056	0.020593471415066057	0.7768724699002538	0.569	0.0135	-1.0762	0.0339	2	14.32914	0.2439374	2.753613	0.4284438	0.8201955	0.0884884	1.800789	0.05016332
deepmd-les_sB	45400	19.163800000000002	0.021328802376073375	0.774742505633169	0.5683	0.0127	-1.0726	0.0271	2	14.32926	0.2439117	2.753594	0.4284397	0.8201957	0.0884905	1.800805	0.05016121
deepmd-les_sB	45500	18.14915	0.021136905432671136	0.7735825589047158	0.5673	0.0128	-1.0712	0.0256	2	14.32917	0.2439158	2.753594	0.4284406	0.8201937	0.08849006	1.800827	0.05016165
deepmd-les_sB	45600	18.95495	0.020475045115472996	0.7749898307735953	0.5676	0.0127	-1.0737	0.0292	2	14.3292	0.2438781	2.753606	0.4284248	0.8201924	0.08849901	1.800813	0.05015271
deepmd-les_sB	45700	17.3232	0.02043522235203394	0.7774241632035163	0.5693	0.0128	-1.0773	0.027	2	14.3293	0.2438818	2.753619	0.4284296	0.8201991	0.08849598	1.800838	0.05015573
deepmd-les_sB	45800	16.85505	0.02067224768819762	0.7754641450213179	0.5681	0.0128	-1.0742	0.0292	2	14.32946	0.2439238	2.753648	0.4284399	0.8202158	0.08848972	1.80088	0.050162
deepmd-les_sB	45900	19.1009	0.021393611255853973	0.775405017393914	0.5688	0.0126	-1.0734	0.0272	2	14.3294	0.2438864	2.753631	0.4284336	0.8202069	0.08849404	1.800873	0.05015767
deepmd-les_sB	46000	18.08365	0.020792337415914817	0.7747458742969403	0.5677	0.0118	-1.0731	0.0289	2	14.32959	0.243834	2.753653	0.4284158	0.8202115	0.08850305	1.800889	0.05014867
deepmd-les_sB	46100	17.5991	0.020837148584427118	0.7747655948435588	0.5678	0.0125	-1.0731	0.027	2	14.32965	0.2438135	2.753619	0.4284186	0.820205	0.08850194	1.800918	0.05014977
deepmd-les_sB	46200	17.890500000000003	0.02068101562544912	0.7768727758703907	0.5691	0.0129	-1.0762	0.0285	2	14.32976	0.24379	2.753649	0.4284117	0.8202095	0.08850534	1.800953	0.05014637
deepmd-les_sB	46300	17.64885	0.020392936367774214	0.7773283163330834	0.5691	0.0134	-1.0771	0.0294	2	14.32985	0.2438113	2.75365	0.4284154	0.82021	0.08850371	1.800923	0.050148
deepmd-les_sB	46400	18.42305	0.020792334338965702	0.7760063767036717	0.5686	0.0129	-1.0749	0.0257	2	14.3299	0.2438065	2.753687	0.428411	0.8202159	0.08850575	1.800937	0.05014596
deepmd-les_sB	46500	19.1209	0.02117269144623378	0.7764197776323443	0.5693	0.013	-1.0751	0.0289	2	14.33011	0.2437974	2.753687	0.4284124	0.8202288	0.08850416	1.801005	0.05014755
deepmd-les_sB	46600	17.5829	0.020934199916690384	0.7751569914007234	0.5682	0.0125	-1.0736	0.027	2	14.33029	0.2437944	2.753736	0.4284076	0.8202481	0.08850626	1.801023	0.05014546
deepmd-les_sB	46700	17.669249999999998	0.020965640038989763	0.7757659567390454	0.5686	0.0127	-1.0744	0.0291	2	14.33047	0.2438067	2.753724	0.4284122	0.820253	0.08850356	1.801043	0.05014816
deepmd-les_sB	46800	18.00845	0.020774466646062435	0.7746446166767241	0.5676	0.0132	-1.0729	0.031	2	14.33045	0.2437948	2.753715	0.4284169	0.8202306	0.08850228	1.801037	0.05014943
deepmd-les_sB	46900	18.551099999999998	0.02136351062451694	0.775650131997361	0.5689	0.0135	-1.0738	0.0287	2	14.33057	0.2437987	2.753724	0.4284174	0.8202327	0.08850181	1.801063	0.0501499
deepmd-les_sB	47000	17.806350000000002	0.02098805833059524	0.7742521079319779	0.5676	0.0126	-1.0722	0.0269	2	14.33081	0.2437488	2.753748	0.4284021	0.820244	0.08850949	1.801084	0.05014222
deepmd-les_sB	47100	17.98415	0.020777265127143698	0.7760456893254325	0.5686	0.0134	-1.0749	0.0287	2	14.33082	0.2436748	2.75375	0.4283811	0.8202332	0.08852123	1.801089	0.05013048
deepmd-les_sB	47200	18.536450000000002	0.020981814846618985	0.7740349846911119	0.5675	0.011	-1.072	0.0262	2	14.3308	0.243698	2.753754	0.4283909	0.8202248	0.0885161	1.801129	0.05013561
deepmd-les_sB	47300	18.2823	0.020567014052712038	0.7752109321517815	0.5679	0.0134	-1.074	0.0263	2	14.33085	0.2437175	2.753776	0.4283929	0.8202285	0.08851505	1.801124	0.05013666
deepmd-les_sB	47400	18.3318	0.02098455062136362	0.7756666612563253	0.5686	0.0136	-1.0742	0.0288	2	14.33088	0.2437399	2.75378	0.4283987	0.8202381	0.08851168	1.801171	0.05014004
deepmd-les_sB	47500	17.964100000000002	0.02074934594448618	0.7759031006925119	0.5685	0.0129	-1.0747	0.0306	2	14.33112	0.243722	2.753795	0.4283999	0.8202448	0.0885111	1.801177	0.05014062
deepmd-les_sB	47600	18.7239	0.02128902417015227	0.7742561994794818	0.5679	0.0119	-1.072	0.0241	2	14.33126	0.2437006	2.753818	0.4283933	0.8202365	0.08851453	1.801253	0.05013719
deepmd-les_sB	47700	17.34395	0.020599010194423555	0.7759161029168019	0.5684	0.0129	-1.075	0.0275	2	14.33137	0.2436738	2.753836	0.4283875	0.8202561	0.08851737	1.801248	0.05013434
deepmd-les_sB	47800	18.0987	0.02096969315205035	0.7749501287803675	0.5681	0.0115	-1.0732	0.0292	2	14.33162	0.243728	2.753839	0.4284048	0.8202671	0.08850777	1.801246	0.05014394
deepmd-les_sB	47900	18.372799999999998	0.021455289811868967	0.7758917035304825	0.5692	0.0135	-1.074	0.0324	2	14.33153	0.2436924	2.753822	0.4283949	0.8202558	0.08851318	1.801263	0.05013854
deepmd-les_sB	48000	18.536050000000003	0.0207532877507818	0.7741388880108603	0.5673	0.0126	-1.0723	0.0296	2	14.33177	0.2436458	2.753821	0.4283857	0.8202616	0.08851825	1.801255	0.05013346
deepmd-les_sB	48100	18.41035	0.021820504666138073	0.7751210604381362	0.569	0.0135	-1.0726	0.0252	2	14.33175	0.2436345	2.753855	0.4283817	0.8202772	0.0885194	1.801317	0.05013231
deepmd-les_sB	48200	18.10445	0.020747439264329474	0.7755809748165226	0.5683	0.013	-1.0743	0.0269	2	14.33183	0.243641	2.753865	0.4283849	0.8202789	0.08851821	1.801319	0.0501335
deepmd-les_sB	48300	18.59395	0.020714107798614288	0.7756437675065887	0.5683	0.0121	-1.0744	0.0287	2	14.33192	0.2436511	2.753869	0.4283866	0.8202681	0.08851763	1.801336	0.05013408
deepmd-les_sB	48400	17.7045	0.02080488481194527	0.7757542526475661	0.5685	0.0125	-1.0745	0.0266	2	14.33198	0.2436288	2.753884	0.4283839	0.820269	0.08851924	1.801352	0.05013247
deepmd-les_sB	48500	17.28745	0.020336881532868414	0.7756455514663522	0.5679	0.0124	-1.0749	0.0267	2	14.33209	0.2436012	2.753912	0.4283758	0.8202768	0.08852328	1.801359	0.05012843
deepmd-les_sB	48600	18.14415	0.02071000870022928	0.7749797820974333	0.5678	0.0118	-1.0735	0.0277	2	14.33241	0.243586	2.753913	0.4283711	0.8202856	0.08852525	1.801378	0.05012646
deepmd-les_sB	48700	18.31335	0.0207446298094571	0.7767646513243912	0.5691	0.0137	-1.076	0.029	2	14.33262	0.2435751	2.753949	0.4283666	0.8202846	0.08852741	1.801418	0.0501243
deepmd-les_sB	48800	17.63045	0.020585555477111064	0.7756475352010909	0.5682	0.013	-1.0746	0.0286	2	14.33258	0.2436172	2.753956	0.428377	0.8202959	0.08852222	1.801416	0.05012949
deepmd-les_sB	48900	18.203000000000003	0.021146297453451895	0.7738842345962846	0.5675	0.0128	-1.0715	0.0275	2	14.33277	0.2436371	2.753963	0.4283855	0.8203069	0.08851697	1.801452	0.05013475
deepmd-les_sB	49000	17.713050000000003	0.020783301212398186	0.7756136082792863	0.5683	0.0135	-1.0743	0.0283	2	14.33286	0.2435706	2.754008	0.4283594	0.8202965	0.08853068	1.801511	0.05012104
deepmd-les_sB	49100	17.87435	0.020796498441035743	0.7754793039681088	0.5683	0.0126	-1.0741	0.0285	2	14.33297	0.2436161	2.754021	0.4283713	0.8203074	0.08852401	1.801527	0.0501277
deepmd-les_sB	49200	18.233800000000002	0.020952587825060216	0.77581785028086	0.5686	0.0132	-1.0744	0.0311	2	14.33301	0.2435832	2.754019	0.4283718	0.8203171	0.08852377	1.801528	0.05012794
deepmd-les_sB	49300	18.050449999999998	0.020782795985036892	0.7759323580984592	0.5686	0.0129	-1.0748	0.0288	2	14.3332	0.2435158	2.75403	0.4283567	0.8203149	0.0885321	1.801559	0.05011962
deepmd-les_sB	49400	17.446350000000002	0.02026947601035385	0.7761176807645861	0.5682	0.0132	-1.0755	0.031	2	14.33325	0.2434946	2.754008	0.4283513	0.8203017	0.08853591	1.801555	0.0501158
deepmd-les_sB	49500	18.23265	0.020847393524958575	0.774685348016543	0.5677	0.0119	-1.073	0.029	2	14.33347	0.2435117	2.754047	0.4283537	0.8203238	0.08853351	1.801613	0.05011821
deepmd-les_sB	49600	17.860100000000003	0.020805854827624325	0.7737785080705943	0.5671	0.0123	-1.0718	0.0251	2	14.33356	0.2434461	2.754034	0.4283435	0.8203143	0.08853909	1.801633	0.05011262
deepmd-les_sB	49700	18.14575	0.02043489476886697	0.7745351755829314	0.5672	0.0126	-1.0731	0.0303	2	14.33342	0.2434531	2.754054	0.428343	0.820307	0.08853941	1.801686	0.0501123
deepmd-les_sB	49800	18.47015	0.02065967436412577	0.7758743582750448	0.5684	0.0148	-1.0748	0.028	2	14.33358	0.2435403	2.754062	0.4283649	0.8203069	0.08852809	1.801667	0.05012362
deepmd-les_sB	49900	17.98455	0.020922813619022033	0.7747840763143379	0.5679	0.0128	-1.0731	0.0262	2	14.3338	0.2434856	2.754092	0.4283502	0.8203244	0.08853532	1.801696	0.05011639
deepmd-les_sB	50000	17.92635	0.020861896425873605	0.774308639124292	0.5675	0.0125	-1.0724	0.0272	2	14.33385	0.2434712	2.754091	0.4283511	0.8203412	0.08853457	1.801723	0.05011715
deepmd-les_sB	50100	17.8109	0.020580146354967327	0.7758105635476219	0.5683	0.0129	-1.0748	0.0271	2	14.33411	0.2434374	2.75411	0.4283399	0.8203408	0.0885407	1.801729	0.05011102
deepmd-les_sB	50200	18.3494	0.02039995820678678	0.7746890753448975	0.5673	0.013	-1.0734	0.0289	2	14.3343	0.2434679	2.754116	0.4283497	0.8203461	0.08853523	1.801751	0.05011649
deepmd-les_sB	50300	17.88505	0.02067940525721016	0.7771908014856723	0.5693	0.0136	-1.0766	0.0294	2	14.33431	0.2434315	2.754122	0.4283385	0.8203386	0.08854131	1.80176	0.0501104
deepmd-les_sB	50400	17.902549999999998	0.02111190506871724	0.7764043906706339	0.5692	0.0132	-1.0751	0.0289	2	14.33434	0.2434604	2.754122	0.4283457	0.820341	0.08853738	1.801777	0.05011433
deepmd-les_sB	50500	17.96535	0.020971334890076538	0.7762662436659806	0.569	0.0136	-1.075	0.0305	2	14.33439	0.2434374	2.754132	0.4283407	0.8203411	0.0885398	1.801794	0.05011191
deepmd-les_sB	50600	18.3038	0.021072012391319957	0.7751250115497247	0.5683	0.0131	-1.0733	0.0292	2	14.33436	0.2434186	2.754131	0.4283359	0.8203385	0.08854255	1.801797	0.05010916
deepmd-les_sB	50700	18.563299999999998	0.02068981315121064	0.7747495594498377	0.5676	0.0135	-1.0732	0.0279	2	14.3344	0.2434079	2.754142	0.4283317	0.8203393	0.08854479	1.801787	0.05010692
deepmd-les_sB	50800	17.32985	0.020380688508409427	0.7758082761508678	0.568	0.0128	-1.0749	0.0318	2	14.33445	0.2434225	2.754145	0.4283359	0.820346	0.08854234	1.801792	0.05010937
deepmd-les_sB	50900	18.84675	0.02132808904417044	0.7745969371446084	0.5682	0.0128	-1.0723	0.0287	2	14.33449	0.2434081	2.754128	0.428336	0.8203418	0.08854263	1.801784	0.05010908
deepmd-les_sB	51000	18.3215	0.021022904165798235	0.7750601752369654	0.5682	0.0136	-1.0733	0.0302	2	14.33459	0.2434205	2.754147	0.4283378	0.8203473	0.08854141	1.801792	0.05011031
deepmd-les_sB	51100	17.3771	0.020752683371805185	0.775387350194498	0.5681	0.0118	-1.074	0.0311	2	14.33458	0.2434115	2.754166	0.4283383	0.8203559	0.08854083	1.80182	0.05011088
deepmd-les_sB	51200	18.40345	0.020639010244628938	0.775394566138759	0.568	0.0125	-1.0741	0.0296	2	14.33459	0.2433711	2.754174	0.4283253	0.8203499	0.08854806	1.801824	0.05010365
deepmd-les_sB	51300	18.1514	0.0207213465975077	0.7748802517195218	0.5677	0.0134	-1.0733	0.0296	2	14.33461	0.243416	2.754174	0.4283358	0.8203488	0.08854235	1.801843	0.05010936
deepmd-les_sB	51400	17.8352	0.02099948149895786	0.7763818358148523	0.5691	0.0136	-1.0751	0.0311	2	14.33473	0.2433807	2.754168	0.4283314	0.8203449	0.08854484	1.801852	0.05010687
deepmd-les_sB	51500	16.7421	0.02058269850021156	0.7762665053298624	0.5686	0.0114	-1.0755	0.0268	2	14.33474	0.2433798	2.754174	0.4283305	0.820349	0.08854528	1.801853	0.05010643
deepmd-les_sB	51600	17.91695	0.020809942852877697	0.775455098620884	0.5683	0.0128	-1.0741	0.0266	2	14.33484	0.2433878	2.754183	0.4283345	0.8203528	0.08854307	1.80187	0.05010865
deepmd-les_sB	51700	17.29435	0.02078605862116254	0.7757130672032941	0.5684	0.0134	-1.0745	0.0285	2	14.33488	0.2433977	2.754199	0.4283322	0.8203533	0.0885444	1.801877	0.05010731
deepmd-les_sB	51800	17.67135	0.020691958360469997	0.7759070802012247	0.5685	0.0131	-1.0749	0.026	2	14.33494	0.2433775	2.754203	0.4283269	0.8203532	0.08854704	1.801885	0.05010467
deepmd-les_sB	51900	18.4354	0.020700108439508424	0.775894506951544	0.5684	0.0128	-1.0748	0.031	2	14.33498	0.2433646	2.754192	0.4283266	0.8203505	0.0885472	1.801897	0.05010452
deepmd-les_sB	52000	17.990450000000003	0.02116996768049531	0.7743538184397217	0.5679	0.0111	-1.0722	0.0272	2	14.33503	0.2433195	2.7542	0.4283161	0.820349	0.08855267	1.801916	0.05009904
deepmd-les_sB	52100	17.9863	0.02046538181342076	0.7740962137696753	0.567	0.0128	-1.0726	0.0251	2	14.33507	0.243343	2.754203	0.4283233	0.8203619	0.0885488	1.801909	0.05010291
deepmd-les_sB	52200	17.99295	0.02018484948707697	0.7741775892917442	0.5667	0.013	-1.0729	0.0272	2	14.33513	0.243307	2.754215	0.4283122	0.8203635	0.08855465	1.801916	0.05009706
deepmd-les_sB	52300	18.941000000000003	0.020786010720753034	0.7773966221820497	0.5696	0.0124	-1.0768	0.0284	2	14.33521	0.2433215	2.754237	0.4283141	0.8203645	0.08855353	1.801928	0.05009818
deepmd-les_sB	52400	17.845950000000002	0.019882872935091424	0.7760199564192586	0.5677	0.0125	-1.0758	0.0283	2	14.33525	0.2433236	2.75424	0.4283148	0.8203588	0.08855322	1.801938	0.05009849
deepmd-les_sB	52500	17.615949999999998	0.020431175825520398	0.7735071069107218	0.5665	0.0129	-1.0717	0.027	2	14.33525	0.2433333	2.754232	0.4283167	0.820357	0.08855252	1.801932	0.05009919
deepmd-les_sB	52600	17.73715	0.02048827080616446	0.7772498092659321	0.5692	0.0132	-1.0769	0.0326	2	14.33539	0.2433224	2.754228	0.4283199	0.8203572	0.0885507	1.801946	0.05010102
deepmd-les_sB	52700	18.52475	0.021202447931256575	0.7739328107623286	0.5676	0.0112	-1.0716	0.0271	2	14.33542	0.2433186	2.754229	0.4283222	0.8203556	0.08854954	1.801966	0.05010218
deepmd-les_sB	52800	18.10745	0.02075063721333567	0.7753579854089416	0.5681	0.0138	-1.074	0.0301	2	14.33547	0.2433353	2.754239	0.428325	0.8203661	0.08854775	1.801994	0.05010396
deepmd-les_sB	52900	18.1359	0.020833341948051358	0.7758866761100174	0.5686	0.0126	-1.0747	0.0267	2	14.33551	0.2432947	2.754239	0.4283142	0.8203646	0.08855349	1.802003	0.05009822
deepmd-les_sB	53000	18.33345	0.02091105510084783	0.7764803347063951	0.5691	0.0126	-1.0754	0.03	2	14.33544	0.2433204	2.754247	0.4283228	0.820363	0.08854906	1.802018	0.05010265
deepmd-les_sB	53100	18.2704	0.02058543277781618	0.7744890448170046	0.5674	0.0119	-1.073	0.0271	2	14.33544	0.2433244	2.75426	0.4283202	0.8203622	0.08855052	1.802018	0.05010119
deepmd-les_sB	53200	17.17145	0.020616720586936307	0.7748999550058546	0.5677	0.0132	-1.0735	0.0293	2	14.33553	0.2433084	2.754256	0.4283199	0.8203642	0.08855077	1.802016	0.05010094
deepmd-les_sB	53300	18.4112	0.020977292373540908	0.7733870154355427	0.567	0.013	-1.071	0.0275	2	14.33566	0.2433236	2.754272	0.4283205	0.8203712	0.08855022	1.802014	0.05010149
deepmd-les_sB	53400	18.017699999999998	0.020795913523589976	0.7755305761657991	0.5683	0.0118	-1.0742	0.0297	2	14.33572	0.2433145	2.754271	0.428321	0.8203716	0.08855009	1.802002	0.05010163
deepmd-les_sB	53500	16.57965	0.020468444599034193	0.7754116954273689	0.5679	0.0123	-1.0744	0.0263	2	14.33571	0.2433032	2.754274	0.428316	0.8203691	0.08855267	1.802024	0.05009905
deepmd-les_sB	53600	17.4938	0.020420276654039927	0.7765533641465984	0.5687	0.0123	-1.0761	0.0264	2	14.33577	0.2432931	2.75429	0.4283143	0.8203727	0.08855321	1.802066	0.0500985
deepmd-les_sB	53700	17.7866	0.020759723124112367	0.7760758520394713	0.5687	0.0123	-1.075	0.0277	2	14.33587	0.2432735	2.754294	0.4283119	0.8203801	0.08855429	1.802061	0.05009742
deepmd-les_sB	53800	18.7135	0.020792777556859404	0.7744453168464064	0.5675	0.0126	-1.0727	0.0274	2	14.33597	0.2432503	2.754303	0.4283067	0.8203755	0.08855727	1.80207	0.05009444
deepmd-les_sB	53900	18.04	0.02077199408114566	0.7751881292115893	0.568	0.0132	-1.0737	0.0292	2	14.336	0.2432538	2.754304	0.4283095	0.8203811	0.08855591	1.802068	0.05009581
deepmd-les_sB	54000	17.91455	0.020562628824199944	0.7753964242718836	0.568	0.0139	-1.0743	0.0266	2	14.33604	0.2432443	2.754306	0.4283084	0.8203797	0.08855658	1.802078	0.05009513
deepmd-les_sB	54100	16.9895	0.020369967071242563	0.7757748262644663	0.5681	0.0121	-1.075	0.0277	2	14.33613	0.2432342	2.754322	0.4283061	0.820381	0.0885576	1.802081	0.05009412
deepmd-les_sB	54200	18.027050000000003	0.02091299758460032	0.776821212358278	0.5693	0.0126	-1.0759	0.0286	2	14.33607	0.2432661	2.75432	0.4283151	0.8203813	0.08855284	1.802103	0.05009888
deepmd-les_sB	54300	17.62585	0.020838383413680696	0.776074582893114	0.5687	0.0126	-1.0749	0.0307	2	14.33616	0.2432519	2.754325	0.4283086	0.8203824	0.0885561	1.802117	0.05009561
deepmd-les_sB	54400	18.080199999999998	0.020381978720464555	0.7752304131577672	0.5677	0.0123	-1.0742	0.0273	2	14.33633	0.243249	2.754335	0.4283064	0.8203879	0.08855718	1.802127	0.05009453
deepmd-les_sB	54500	18.44425	0.021099883567441073	0.7739187139266466	0.5675	0.0125	-1.0717	0.0266	2	14.33636	0.2432281	2.754337	0.4283056	0.8203903	0.08855761	1.802135	0.05009411
deepmd-les_sB	54600	18.220750000000002	0.02027692317864164	0.7753790840825716	0.5677	0.0117	-1.0745	0.0299	2	14.33632	0.2431756	2.754333	0.4282923	0.8203761	0.0885651	1.802152	0.05008662
deepmd-les_sB	54700	18.034799999999997	0.02045014434603007	0.7760549200228583	0.5683	0.015	-1.0752	0.0304	2	14.33633	0.2431935	2.754336	0.4283005	0.8203771	0.08856068	1.802173	0.05009103
deepmd-les_sB	54800	18.4411	0.02038501124112756	0.7762329934667107	0.5684	0.0121	-1.0756	0.0304	2	14.33636	0.2432	2.754346	0.4282981	0.8203801	0.08856191	1.802179	0.05008981
deepmd-les_sB	54900	17.821649999999998	0.02084212801297506	0.7743825270493602	0.5675	0.0124	-1.0725	0.0307	2	14.33644	0.2431737	2.754348	0.4282931	0.8203805	0.08856444	1.802199	0.05008727
deepmd-les_sB	55000	18.01115	0.02060879120296583	0.7756813439201454	0.5682	0.0123	-1.0746	0.0296	2	14.33655	0.243203	2.754348	0.4283011	0.8203913	0.08856001	1.8022	0.05009171
deepmd-les_sB	55100	17.82555	0.02092072842157939	0.7779547664388787	0.5701	0.0139	-1.0774	0.0307	2	14.33664	0.2431983	2.754365	0.4282998	0.8203863	0.08856081	1.802193	0.0500909
deepmd-les_sB	55200	18.173000000000002	0.02078650619095566	0.7741469224468533	0.5673	0.0113	-1.0723	0.0292	2	14.33667	0.243189	2.754379	0.4282978	0.8203897	0.08856183	1.802201	0.05008989
deepmd-les_sB	55300	16.773600000000002	0.0204080392840159	0.775768114688396	0.5681	0.0123	-1.0749	0.0275	2	14.33675	0.2431836	2.75438	0.4282965	0.820391	0.08856245	1.802202	0.05008926
deepmd-les_sB	55400	18.14755	0.020936382781858838	0.7744109587546876	0.5677	0.0131	-1.0725	0.0256	2	14.33676	0.243197	2.754388	0.4282971	0.8203972	0.08856187	1.802216	0.05008984
deepmd-les_sB	55500	18.28	0.02083826875881812	0.774804351998802	0.5678	0.0134	-1.0731	0.0275	2	14.33677	0.2431885	2.754387	0.4282963	0.8203954	0.0885624	1.802218	0.05008931
deepmd-les_sB	55600	17.6429	0.02014131372620107	0.7756904778700991	0.5678	0.0117	-1.0751	0.0295	2	14.33676	0.2431877	2.754383	0.4282967	0.8203954	0.08856226	1.802225	0.05008945
deepmd-les_sB	55700	18.1794	0.02058062516733635	0.7747877955833565	0.5676	0.0117	-1.0734	0.0272	2	14.33678	0.24318	2.754385	0.4282969	0.8203937	0.08856227	1.802221	0.05008944
deepmd-les_sB	55800	17.858800000000002	0.02064279733918732	0.776554148449166	0.5688	0.0126	-1.0758	0.0303	2	14.33681	0.2431842	2.754387	0.4282977	0.8203931	0.0885619	1.802218	0.05008981
deepmd-les_sB	55900	18.083199999999998	0.020705718058684156	0.7758172747753672	0.5684	0.0142	-1.0746	0.0299	2	14.33683	0.2431867	2.754392	0.4282991	0.8203943	0.08856105	1.802225	0.05009066
deepmd-les_sB	56000	18.13825	0.020667688284710946	0.7747347442412524	0.5676	0.0122	-1.0732	0.0278	2	14.33686	0.2431829	2.754398	0.428297	0.8203934	0.08856225	1.802225	0.05008947
deepmd-les_sB	56100	18.4776	0.020747939937922157	0.7753726415224932	0.5681	0.0135	-1.074	0.0273	2	14.33692	0.2431774	2.754395	0.4282976	0.820396	0.08856184	1.80223	0.05008988
deepmd-les_sB	56200	17.661	0.020523806862167898	0.7745104902722965	0.5673	0.0134	-1.073	0.0284	2	14.33693	0.2431704	2.754396	0.4282941	0.8203941	0.08856378	1.802237	0.05008793
deepmd-les_sB	56300	18.6698	0.02060088280338629	0.7743171991495534	0.5673	0.0123	-1.0727	0.0265	2	14.33696	0.243156	2.754395	0.428292	0.8203938	0.08856488	1.802241	0.05008683
deepmd-les_sB	56400	18.536	0.020463583482271383	0.7769921239541475	0.569	0.0131	-1.0765	0.0313	2	14.33698	0.2431584	2.754395	0.4282934	0.8203934	0.0885641	1.802248	0.05008761
deepmd-les_sB	56500	18.19405	0.02099183851366812	0.7746000318548807	0.5678	0.0117	-1.0727	0.0285	2	14.33695	0.2431765	2.754397	0.4282976	0.8203964	0.08856181	1.802255	0.05008991
deepmd-les_sB	56600	18.727600000000002	0.020872749933430718	0.7744484758386956	0.5676	0.0134	-1.0726	0.0267	2	14.33695	0.2431646	2.754398	0.428296	0.8203926	0.08856286	1.802248	0.05008885
deepmd-les_sB	56700	16.71565	0.020412464584764478	0.7757205777096656	0.5681	0.0123	-1.0749	0.0278	2	14.33702	0.2431724	2.754397	0.4282991	0.8203936	0.08856114	1.802256	0.05009058
deepmd-les_sB	56800	18.05305	0.02095506257962102	0.7745637823643092	0.5678	0.0118	-1.0727	0.0267	2	14.33702	0.2431584	2.7544	0.4282947	0.8203947	0.08856343	1.802262	0.05008828
deepmd-les_sB	56900	16.76805	0.020509215987042716	0.7757376326410248	0.5682	0.0123	-1.0748	0.0275	2	14.33704	0.2431558	2.7544	0.4282961	0.8203935	0.0885627	1.802271	0.05008901
deepmd-les_sB	57000	17.68015	0.020418077674963418	0.7749351269243927	0.5675	0.0122	-1.0738	0.028	2	14.33708	0.2431445	2.754405	0.4282937	0.8203958	0.08856392	1.80227	0.05008779
deepmd-les_sB	57100	18.687800000000003	0.020733556232585507	0.7743968792961906	0.5675	0.0135	-1.0727	0.0251	2	14.33709	0.2431308	2.754411	0.4282876	0.8203941	0.08856723	1.802275	0.05008449
deepmd-les_sB	57200	18.6158	0.020830314809921514	0.7746713218438731	0.5677	0.0128	-1.073	0.0263	2	14.33714	0.2431263	2.754408	0.4282885	0.8203952	0.08856674	1.802286	0.05008497
deepmd-les_sB	57300	18.924	0.020554646432838164	0.7753153359884718	0.5679	0.0123	-1.0741	0.0291	2	14.33719	0.2431362	2.754411	0.4282906	0.8203968	0.08856571	1.802278	0.05008601
deepmd-les_sB	57400	18.1607	0.020418307031558735	0.7739369263092671	0.5668	0.0127	-1.0723	0.0296	2	14.33723	0.2431223	2.754412	0.4282881	0.8203938	0.08856711	1.802279	0.0500846
deepmd-les_sB	57500	17.68865	0.020683905455495373	0.7760811185730232	0.5686	0.0119	-1.0751	0.0276	2	14.33724	0.2431303	2.754412	0.428292	0.8203957	0.08856489	1.802292	0.05008682
deepmd-les_sB	57600	18.556649999999998	0.02062050173823174	0.7751106968864628	0.5678	0.0133	-1.0738	0.0276	2	14.33723	0.2431313	2.754418	0.4282899	0.8203971	0.08856598	1.802308	0.05008573
deepmd-les_sB	57700	18.15985	0.020820063090258696	0.7747470987363936	0.5678	0.0118	-1.0731	0.0278	2	14.33721	0.2431278	2.754424	0.4282887	0.8203946	0.0885667	1.802309	0.05008501
deepmd-les_sB	57800	18.755000000000003	0.021339382060259943	0.7768831644215958	0.5698	0.0139	-1.0755	0.0286	2	14.33726	0.243111	2.754426	0.4282857	0.8203945	0.08856824	1.802313	0.05008348
deepmd-les_sB	57900	17.8328	0.02067508324131538	0.7771121870412337	0.5693	0.0137	-1.0765	0.0317	2	14.33727	0.2431339	2.754432	0.4282896	0.8203996	0.08856602	1.802316	0.05008569
deepmd-les_sB	58000	18.162300000000002	0.020686584637160537	0.776741312015691	0.569	0.0128	-1.076	0.0306	2	14.3373	0.2431031	2.754433	0.4282856	0.8203989	0.08856818	1.802323	0.05008354
deepmd-les_sB	58100	17.7136	0.02067500277290653	0.7743195841429755	0.5673	0.0122	-1.0726	0.0286	2	14.33732	0.2431095	2.754424	0.428288	0.8203968	0.08856691	1.802329	0.0500848
deepmd-les_sB	58200	18.203049999999998	0.020869644703848098	0.7773876502474548	0.5697	0.013	-1.0767	0.03	2	14.33734	0.243117	2.754428	0.4282898	0.8203975	0.08856605	1.802324	0.05008567
deepmd-les_sB	58300	17.58735	0.020606675942509922	0.7751397231077395	0.5678	0.0132	-1.0738	0.028	2	14.33737	0.2431423	2.754437	0.4282958	0.8204024	0.08856272	1.802334	0.05008899
deepmd-les_sB	58400	17.76625	0.020291293636090377	0.7756972516046712	0.5679	0.0122	-1.0749	0.0298	2	14.33742	0.243101	2.754442	0.4282857	0.8203968	0.08856824	1.802331	0.05008347
deepmd-les_sB	58500	17.9058	0.020614729498662856	0.7760585997709315	0.5685	0.0136	-1.0751	0.0275	2	14.33741	0.2431132	2.754451	0.4282873	0.8203974	0.08856736	1.802343	0.05008436
deepmd-les_sB	58600	19.122700000000002	0.02066204885455286	0.7761907898225758	0.5686	0.013	-1.0752	0.0324	2	14.3374	0.24312	2.754456	0.4282907	0.8203991	0.08856555	1.802349	0.05008617
deepmd-les_sB	58700	17.8248	0.020923873213901878	0.7754290553090544	0.5684	0.0129	-1.074	0.0269	2	14.33744	0.2431296	2.754456	0.4282941	0.820402	0.08856365	1.802351	0.05008806
deepmd-les_sB	58800	17.22355	0.020699691098251607	0.7748464075870817	0.5677	0.0116	-1.0734	0.0261	2	14.33745	0.2431017	2.754453	0.4282874	0.8204016	0.08856722	1.80236	0.0500845
deepmd-les_sB	58900	17.58005	0.020810568511734545	0.7749388099634903	0.5679	0.012	-1.0734	0.028	2	14.33748	0.2430803	2.754452	0.4282832	0.8203987	0.08856968	1.802346	0.05008203
deepmd-les_sB	59000	18.23735	0.021194536120507694	0.7737091547881328	0.5674	0.0133	-1.0712	0.0292	2	14.33753	0.2430751	2.754455	0.4282823	0.8203987	0.08857013	1.802356	0.05008159
deepmd-les_sB	59100	17.7949	0.020736214413720998	0.7743146397179766	0.5674	0.0117	-1.0726	0.0244	2	14.33755	0.2430944	2.754457	0.4282871	0.8203985	0.0885676	1.802365	0.05008412
deepmd-les_sB	59200	17.43855	0.020306166436198012	0.7760136264935832	0.5681	0.0131	-1.0753	0.031	2	14.33754	0.2430881	2.754468	0.4282828	0.8203984	0.08856991	1.802373	0.05008181
deepmd-les_sB	59300	18.421550000000003	0.02089523357355902	0.7751732688794455	0.5681	0.0144	-1.0736	0.0284	2	14.33761	0.2431041	2.754464	0.4282887	0.8204016	0.08856671	1.802375	0.05008501
deepmd-les_sB	59400	17.37315	0.02060507827987517	0.7748250292983468	0.5676	0.0125	-1.0734	0.028	2	14.33766	0.2431029	2.754467	0.4282871	0.820405	0.08856745	1.802373	0.05008427
deepmd-les_sB	59500	18.28725	0.02038041674033884	0.7751480607094475	0.5676	0.0135	-1.074	0.0302	2	14.3377	0.2430804	2.754472	0.4282834	0.8204026	0.08856942	1.802379	0.05008229
deepmd-les_sB	59600	17.88	0.020871524696070527	0.775095385194326	0.568	0.0128	-1.0735	0.0302	2	14.33772	0.2430806	2.754474	0.4282854	0.8204043	0.08856825	1.802399	0.05008347
deepmd-les_sB	59700	17.96915	0.020350256073103812	0.774585587481141	0.5672	0.0127	-1.0733	0.028	2	14.33773	0.243058	2.754472	0.4282797	0.8204	0.08857143	1.802393	0.05008029
deepmd-les_sB	59800	17.86265	0.020956171058334423	0.7742727344423099	0.5676	0.0129	-1.0723	0.0279	2	14.33776	0.2430651	2.754464	0.4282831	0.8204046	0.08856944	1.802404	0.05008228
deepmd-les_sB	59900	18.72175	0.02108506949935343	0.7730257631362094	0.5668	0.0114	-1.0704	0.0263	2	14.33782	0.2430687	2.754468	0.4282834	0.8204035	0.08856928	1.802401	0.05008244
deepmd-les_sB	60000	18.8973	0.02114531397249352	0.7734287575690721	0.5672	0.0112	-1.0709	0.0274	2	14.3378	0.2430843	2.754474	0.4282862	0.8204057	0.08856779	1.802409	0.05008392
deepmd-les_sB	60100	17.8947	0.020493742967752027	0.7730374847330795	0.5662	0.0115	-1.071	0.0283	2	14.33781	0.2430665	2.754485	0.4282815	0.8204048	0.08857035	1.802408	0.05008136
deepmd-les_sB	60200	17.0235	0.02071397252874252	0.7748410025593385	0.5677	0.0136	-1.0733	0.0297	2	14.33782	0.2430659	2.754484	0.4282822	0.8204049	0.08857004	1.802415	0.05008167
deepmd-les_sB	60300	17.608249999999998	0.02063507064909178	0.7752622606594266	0.568	0.0116	-1.074	0.0267	2	14.33782	0.2430603	2.754485	0.4282805	0.8204029	0.08857099	1.802416	0.05008073
deepmd-les_sB	60400	17.3428	0.020302273065514232	0.7744641540296587	0.5671	0.0125	-1.0732	0.027	2	14.33784	0.2430597	2.754481	0.4282816	0.8204026	0.08857042	1.802416	0.0500813
deepmd-les_sB	60500	19.01555	0.020720526266033785	0.7744971686254565	0.5675	0.0115	-1.0728	0.0278	2	14.33784	0.2430598	2.754484	0.4282816	0.8204031	0.08857043	1.802416	0.05008129
deepmd-les_sB	60600	17.52685	0.02083741770922684	0.7754851562821153	0.5683	0.0121	-1.0741	0.0263	2	14.33786	0.243071	2.754489	0.4282833	0.8204043	0.08856942	1.802426	0.05008229
deepmd-les_sB	60700	18.19175	0.020576135675489916	0.7750729346318119	0.5678	0.0132	-1.0738	0.0279	2	14.33788	0.2430564	2.754488	0.428281	0.8204028	0.08857072	1.802421	0.05008099
deepmd-les_sB	60800	17.8944	0.020396700579613694	0.7747798824856945	0.5674	0.0125	-1.0736	0.0261	2	14.33789	0.2430535	2.754486	0.428281	0.8204024	0.08857072	1.802424	0.05008099
deepmd-les_sB	60900	17.5426	0.02035070793403542	0.7750756857664912	0.5675	0.0117	-1.074	0.0286	2	14.33789	0.2430464	2.754486	0.4282796	0.820403	0.08857149	1.802426	0.05008023
deepmd-les_sB	61000	16.7581	0.020193947606714478	0.7757041619196352	0.5678	0.0134	-1.075	0.0291	2	14.33791	0.2430406	2.754487	0.4282791	0.8204026	0.08857177	1.802427	0.05007994
deepmd-les_sB	61100	17.99775	0.02053780421733832	0.7743012264995581	0.5672	0.0124	-1.0727	0.0271	2	14.33793	0.2430479	2.75449	0.4282806	0.8204026	0.08857097	1.802428	0.05008074
deepmd-les_sB	61200	17.39875	0.02048476267225932	0.7752677397524868	0.5678	0.0129	-1.0741	0.0288	2	14.33791	0.2430435	2.754495	0.4282787	0.8204023	0.08857199	1.802431	0.05007973
deepmd-les_sB	61300	17.36195	0.02084867424006967	0.7756445465582706	0.5684	0.0131	-1.0743	0.0271	2	14.33792	0.2430408	2.754493	0.4282787	0.8204029	0.08857192	1.802436	0.05007979
deepmd-les_sB	61400	17.761000000000003	0.020680347584238902	0.7752628302238797	0.568	0.0129	-1.0739	0.028	2	14.33794	0.2430507	2.754492	0.428281	0.8204044	0.08857074	1.802437	0.05008097
deepmd-les_sB	61500	18.19925	0.020560774812428965	0.7751978707190551	0.5678	0.0124	-1.074	0.0281	2	14.33797	0.2430457	2.754493	0.42828	0.8204032	0.08857132	1.802434	0.0500804
deepmd-les_sB	61600	19.16375	0.020784234566127754	0.7739981900961397	0.5672	0.0118	-1.0721	0.025	2	14.33798	0.2430299	2.754498	0.4282766	0.8204012	0.0885732	1.802434	0.05007851
deepmd-les_sB	61700	17.983449999999998	0.02059708015196415	0.774442113220173	0.5673	0.0124	-1.0729	0.0283	2	14.33796	0.243029	2.754497	0.4282767	0.8204005	0.08857316	1.802437	0.05007855
deepmd-les_sB	61800	17.22465	0.020296304981622666	0.7754167661147767	0.5677	0.0123	-1.0745	0.0293	2	14.338	0.2430296	2.754492	0.4282777	0.8204012	0.08857262	1.802439	0.0500791
deepmd-les_sB	61900	18.4465	0.0207005633121327	0.7737477942491635	0.567	0.0124	-1.0718	0.027	2	14.33803	0.2430253	2.754493	0.4282777	0.8204022	0.08857258	1.802442	0.05007914
deepmd-les_sB	62000	18.442999999999998	0.020742793298809414	0.7745647569916367	0.5676	0.0128	-1.0729	0.0284	2	14.33803	0.243033	2.754494	0.4282792	0.8204029	0.08857174	1.802445	0.05007997
deepmd-les_sB	62100	18.2604	0.02041135385964421	0.7776616837398979	0.5694	0.0139	-1.0775	0.0313	2	14.33804	0.243033	2.754495	0.4282786	0.8204027	0.08857205	1.802449	0.05007966
deepmd-les_sB	62200	18.337049999999998	0.020889877763109094	0.774020236414562	0.5673	0.0121	-1.072	0.0269	2	14.33805	0.243024	2.754496	0.4282773	0.8204018	0.08857285	1.802447	0.05007887
deepmd-les_sB	62300	18.6205	0.020372670706417788	0.7754672344839586	0.5678	0.013	-1.0745	0.0286	2	14.33806	0.2430364	2.754496	0.4282799	0.8204031	0.08857138	1.802452	0.05008034
deepmd-les_sB	62400	18.263199999999998	0.020810135685931784	0.7741334315355278	0.5673	0.0119	-1.0722	0.0291	2	14.33809	0.2430325	2.754494	0.4282793	0.8204027	0.08857173	1.802451	0.05007998
deepmd-les_sB	62500	18.2851	0.020590846918658597	0.7748074666787809	0.5676	0.0143	-1.0734	0.027	2	14.3381	0.2430314	2.754497	0.4282788	0.8204021	0.08857198	1.802457	0.05007973
deepmd-les_sB	62600	17.63275	0.020301818427344097	0.7768829578985283	0.5687	0.0139	-1.0766	0.0299	2	14.33812	0.2430182	2.754498	0.4282754	0.8204007	0.0885738	1.802464	0.05007792
deepmd-les_sB	62700	18.21785	0.020560108898087997	0.7758114740101315	0.5682	0.0138	-1.0748	0.0283	2	14.33813	0.2430144	2.754498	0.4282755	0.8204	0.0885738	1.802461	0.05007791
deepmd-les_sB	62800	18.1368	0.020615414335170657	0.7760819726066931	0.5685	0.0122	-1.0752	0.0257	2	14.33811	0.2430227	2.754502	0.4282772	0.8204022	0.08857279	1.802466	0.05007892
deepmd-les_sB	62900	17.890050000000002	0.020381376242862653	0.7744379826386851	0.5671	0.0121	-1.0731	0.0268	2	14.33813	0.2430169	2.754501	0.4282763	0.8204017	0.08857337	1.802461	0.05007835
deepmd-les_sB	63000	17.5007	0.020328340045477452	0.7764765742977974	0.5685	0.0119	-1.076	0.0268	2	14.33812	0.243027	2.754506	0.4282775	0.8204015	0.08857277	1.802464	0.05007894
deepmd-les_sB	63100	17.59955	0.02060260842294691	0.7754375476280362	0.568	0.0121	-1.0743	0.0274	2	14.33815	0.2430252	2.754503	0.4282787	0.820401	0.08857217	1.802466	0.05007955
deepmd-les_sB	63200	18.6607	0.020926466669202566	0.7740227107748427	0.5674	0.0141	-1.0719	0.027	2	14.33815	0.2430209	2.754504	0.4282776	0.8204006	0.08857278	1.802469	0.05007893
deepmd-les_sB	63300	18.76115	0.020403021281809132	0.7766123295892136	0.5686	0.0123	-1.0761	0.032	2	14.33816	0.2430182	2.754507	0.4282769	0.8204007	0.08857319	1.802467	0.05007853
deepmd-les_sB	63400	18.03615	0.02094391388433644	0.7757875530345386	0.5686	0.0132	-1.0744	0.0277	2	14.33818	0.2430144	2.754505	0.4282776	0.820402	0.08857272	1.802468	0.05007899
deepmd-les_sB	63500	18.1791	0.020372708123180344	0.775341218592815	0.5677	0.0141	-1.0744	0.0271	2	14.33821	0.2430042	2.754506	0.4282758	0.8204016	0.08857367	1.802476	0.05007805
deepmd-les_sB	63600	19.14295	0.02065651055033458	0.7753442517826109	0.568	0.0124	-1.0741	0.0289	2	14.33822	0.2430031	2.754508	0.4282753	0.8204016	0.08857395	1.802477	0.05007776
deepmd-les_sB	63700	18.62835	0.02057791848087999	0.7769763914585563	0.5691	0.0126	-1.0764	0.0314	2	14.33824	0.2430066	2.754509	0.4282762	0.8204033	0.08857341	1.802483	0.0500783
deepmd-les_sB	63800	18.52855	0.0208305366515435	0.7749571452052825	0.5679	0.0138	-1.0734	0.0268	2	14.33826	0.2430005	2.754513	0.4282735	0.8204042	0.08857484	1.802483	0.05007687
deepmd-les_sB	63900	18.3872	0.020610796143499876	0.775468755559735	0.5681	0.0124	-1.0743	0.0277	2	14.33825	0.2429976	2.754515	0.4282726	0.8204037	0.08857529	1.802492	0.05007642
deepmd-les_sB	64000	18.6326	0.020903643694377673	0.7744177699355119	0.5676	0.0133	-1.0725	0.0279	2	14.33828	0.2429902	2.754516	0.4282729	0.8204055	0.08857513	1.802488	0.05007659
deepmd-les_sB	64100	18.706	0.02094971110173959	0.7746899975721877	0.5679	0.0135	-1.0729	0.0278	2	14.33828	0.2429981	2.754516	0.4282749	0.8204053	0.08857407	1.802492	0.05007764
deepmd-les_sB	64200	17.95685	0.020712933040688147	0.7752562787496847	0.568	0.0122	-1.0738	0.0317	2	14.3383	0.2430015	2.754514	0.4282757	0.8204037	0.08857373	1.802485	0.05007798
deepmd-les_sB	64300	18.3144	0.02037893165865929	0.7746067227604522	0.5672	0.0137	-1.0733	0.0252	2	14.33828	0.2429947	2.754518	0.4282742	0.8204022	0.0885746	1.802488	0.05007711
deepmd-les_sB	64400	17.84325	0.020621049037752113	0.7752642557983905	0.5679	0.0128	-1.074	0.0283	2	14.33832	0.2430035	2.754518	0.4282762	0.8204048	0.08857342	1.802493	0.05007829
deepmd-les_sB	64500	18.29945	0.020482469924302173	0.7752921837532997	0.5678	0.0124	-1.0742	0.0292	2	14.33832	0.2429911	2.754517	0.4282734	0.8204032	0.08857499	1.802491	0.05007672
deepmd-les_sB	64600	18.525100000000002	0.020758120338779565	0.7743329045583984	0.5674	0.0125	-1.0726	0.0272	2	14.33835	0.2429978	2.754515	0.428275	0.8204034	0.08857418	1.802492	0.05007754
deepmd-les_sB	64700	17.23995	0.02038910677687859	0.7740788890085234	0.5669	0.0118	-1.0726	0.0278	2	14.33836	0.2429919	2.754514	0.4282749	0.8204024	0.08857422	1.802495	0.0500775
deepmd-les_sB	64800	17.6065	0.02016694268955007	0.7741510507710981	0.5667	0.0115	-1.0729	0.0283	2	14.33836	0.242987	2.754518	0.4282729	0.8204019	0.08857527	1.802499	0.05007644
deepmd-les_sB	64900	18.0443	0.020582690564891447	0.7745062132839238	0.5673	0.0144	-1.0729	0.0288	2	14.33838	0.242984	2.754516	0.4282731	0.8204026	0.08857515	1.802501	0.05007657
deepmd-les_sB	65000	18.03955	0.02056225725899434	0.7749104985545235	0.5676	0.013	-1.0736	0.0283	2	14.3384	0.2429756	2.754515	0.4282718	0.8204032	0.08857584	1.802501	0.05007588
deepmd-les_sB	65100	18.4921	0.020886409440001363	0.7743037448745704	0.5675	0.0136	-1.0723	0.0292	2	14.33842	0.2429624	2.754519	0.4282691	0.8204013	0.08857737	1.802499	0.05007435
deepmd-les_sB	65200	18.1479	0.02064344193546926	0.7745800256390183	0.5675	0.0125	-1.073	0.0298	2	14.33843	0.242979	2.754521	0.4282732	0.8204042	0.08857511	1.802503	0.05007661
deepmd-les_sB	65300	18.30465	0.020471289007601826	0.7742105614087365	0.5671	0.0121	-1.0727	0.0257	2	14.33843	0.2429813	2.754523	0.4282735	0.820404	0.08857495	1.802504	0.05007677
deepmd-les_sB	65400	18.009549999999997	0.020626376997551814	0.7780393768720227	0.5699	0.0137	-1.0779	0.0305	2	14.33844	0.2429734	2.754524	0.4282716	0.8204032	0.08857597	1.802505	0.05007574
deepmd-les_sB	65500	18.17875	0.020424472513944664	0.7743967280819075	0.5671	0.0129	-1.073	0.0279	2	14.33844	0.2429809	2.754524	0.428273	0.8204035	0.08857521	1.802505	0.05007651
deepmd-les_sB	65600	18.133899999999997	0.0207400912370933	0.7737614128627744	0.567	0.0112	-1.0718	0.0247	2	14.33844	0.2429801	2.754524	0.4282734	0.8204037	0.08857502	1.802506	0.05007669
deepmd-les_sB	65700	18.3155	0.020902540075830634	0.7759800317453625	0.5687	0.0123	-1.0747	0.0307	2	14.33843	0.2429851	2.754525	0.4282743	0.8204043	0.08857449	1.80251	0.05007722
deepmd-les_sB	65800	18.69495	0.02059325196199796	0.7769223726350822	0.569	0.0129	-1.0763	0.0328	2	14.33846	0.242987	2.754523	0.4282751	0.8204041	0.08857408	1.80251	0.05007763
deepmd-les_sB	65900	18.05955	0.02023019083948225	0.7741373590934107	0.5668	0.0118	-1.0728	0.0261	2	14.33846	0.2429809	2.754525	0.4282731	0.8204033	0.08857518	1.802512	0.05007654
deepmd-les_sB	66000	17.76115	0.020351991163347107	0.7753181510393479	0.5677	0.0139	-1.0743	0.0307	2	14.33848	0.2429754	2.754522	0.4282734	0.8204031	0.08857504	1.802509	0.05007668
deepmd-les_sB	66100	17.93745	0.020484607640084494	0.7746805897229112	0.5674	0.0127	-1.0734	0.0252	2	14.33848	0.2429712	2.754524	0.4282721	0.8204031	0.08857571	1.802511	0.05007601
deepmd-les_sB	66200		0.021439778613602467	0.7756203087567324	0.5683	0.0141	-1.0722	0.029		14.33848	0.2429737	2.754526	0.4282726	0.8204031	0.08857547	1.802512	0.05007624
deepmd-les_sB	66300	18.39875	0.020819180017034495	0.7742290453790195	0.5674	0.0136	-1.0723	0.0273	2	14.33847	0.2429773	2.754526	0.428273	0.8204035	0.08857524	1.802514	0.05007648
deepmd-les_sB	66400	18.363599999999998	0.020644666029533028	0.773968970588595	0.5671	0.0125	-1.0722	0.027	2	14.33848	0.2429753	2.754526	0.4282729	0.8204036	0.08857527	1.802514	0.05007645
deepmd-les_sB	66500	18.6582	0.02062161852032765	0.7743283747903076	0.5673	0.0129	-1.0727	0.0265	2	14.33848	0.2429687	2.754527	0.4282713	0.8204028	0.08857612	1.802515	0.05007559
deepmd-les_sB	66600	18.912550000000003	0.02060155489077867	0.7749284747990746	0.5677	0.0119	-1.0735	0.0292	2	14.33848	0.2429644	2.754527	0.4282707	0.8204022	0.08857652	1.802517	0.05007519
deepmd-les_sB	66700	18.45615	0.02050066634575041	0.7764591873370704	0.5687	0.0128	-1.0758	0.0287	2	14.33849	0.2429666	2.754528	0.4282716	0.8204024	0.08857603	1.802519	0.05007569
deepmd-les_sB	66800	18.3157	0.020649035492654743	0.7749438883064481	0.5677	0.0121	-1.0735	0.029	2	14.33851	0.242966	2.754527	0.4282714	0.8204023	0.08857615	1.802518	0.05007557
deepmd-les_sB	66900	17.546599999999998	0.020563597978810987	0.775266142640063	0.5679	0.0127	-1.0741	0.0272	2	14.33851	0.2429592	2.754525	0.4282705	0.820401	0.08857664	1.802519	0.05007508
deepmd-les_sB	67000	17.9082	0.020353105048721593	0.7771388577009891	0.569	0.0127	-1.0769	0.0268	2	14.33851	0.24296	2.754526	0.4282701	0.8204009	0.08857685	1.80252	0.05007486
deepmd-les_sB	67100	18.4185	0.02025357771810995	0.775155424029781	0.5675	0.0121	-1.0742	0.0284	2	14.33853	0.2429624	2.754526	0.4282713	0.820402	0.08857618	1.802522	0.05007553
deepmd-les_sB	67200	18.33295	0.020953861985778467	0.7755046773165173	0.5684	0.0132	-1.074	0.0284	2	14.33855	0.2429593	2.754525	0.4282714	0.8204024	0.08857614	1.802519	0.05007557
deepmd-les_sB	67300	18.1819	0.020425163943801138	0.7754993088962822	0.5679	0.0141	-1.0745	0.0274	2	14.33855	0.2429588	2.754526	0.4282711	0.8204015	0.08857635	1.80252	0.05007536
deepmd-les_sB	67400	17.71195	0.02048682097504356	0.7763739370046013	0.5686	0.0143	-1.0756	0.0303	2	14.33855	0.2429593	2.754528	0.4282709	0.8204016	0.08857642	1.802521	0.0500753
deepmd-les_sB	67500	16.87905	0.020022278427139144	0.7761787453354568	0.568	0.0132	-1.0758	0.0305	2	14.33855	0.2429595	2.754529	0.428271	0.8204014	0.08857639	1.802521	0.05007532
deepmd-les_sB	67600	18.9307	0.02068176696699265	0.7762740526200173	0.5687	0.0131	-1.0753	0.0309	2	14.33855	0.242966	2.754529	0.4282718	0.8204012	0.08857591	1.802526	0.0500758
deepmd-les_sB	67700	17.9013	0.020464983141604078	0.7752987007648958	0.5678	0.0137	-1.0742	0.0292	2	14.33856	0.2429577	2.754531	0.4282702	0.8204005	0.08857678	1.802526	0.05007493
deepmd-les_sB	67800	17.20335	0.020318334966624933	0.774238387497327	0.5669	0.0122	-1.0729	0.0282	2	14.33857	0.2429613	2.75453	0.4282715	0.8204015	0.08857607	1.802527	0.05007564
deepmd-les_sB	67900	17.6139	0.020655161346618538	0.7774006443316368	0.5695	0.013	-1.077	0.029	2	14.33858	0.2429627	2.75453	0.428272	0.820402	0.08857582	1.80253	0.0500759
deepmd-les_sB	68000	17.9737	0.02053521591597985	0.7747809566031008	0.5675	0.0138	-1.0733	0.0308	2	14.33857	0.2429552	2.754532	0.4282698	0.8204013	0.08857701	1.802529	0.0500747
deepmd-les_sB	68100	18.80285	0.02073259568585086	0.7754171029787224	0.5681	0.0128	-1.0741	0.0299	2	14.33858	0.2429592	2.754531	0.4282713	0.8204014	0.08857623	1.80253	0.05007549
deepmd-les_sB	68200	17.044600000000003	0.020173220040340153	0.7758147342492188	0.5679	0.0117	-1.0752	0.0292	2	14.33858	0.2429578	2.754531	0.4282714	0.8204021	0.08857616	1.802533	0.05007555
deepmd-les_sB	68300	17.67915	0.02023284832919897	0.773713615620457	0.5665	0.0121	-1.0722	0.0269	2	14.33859	0.2429562	2.754532	0.4282709	0.8204015	0.08857645	1.802531	0.05007526
deepmd-les_sB	68400	18.4244	0.02089368014775981	0.7743823447079354	0.5676	0.0123	-1.0725	0.0277	2	14.33859	0.2429564	2.754533	0.428271	0.8204018	0.08857644	1.802531	0.05007528
deepmd-les_sB	68500	17.903950000000002	0.020353744647084934	0.7756505178127588	0.5679	0.015	-1.0748	0.0291	2	14.3386	0.2429562	2.754532	0.428271	0.8204016	0.08857644	1.80253	0.05007527
deepmd-les_sB	68600	17.53395	0.020371348239767478	0.7739179235671494	0.5668	0.0119	-1.0724	0.0256	2	14.33861	0.2429528	2.754533	0.4282704	0.8204014	0.08857673	1.802531	0.05007499
deepmd-les_sB	68700	17.634900000000002	0.020195629763702372	0.7752212164255005	0.5675	0.0125	-1.0743	0.0303	2	14.33862	0.242948	2.754534	0.4282693	0.8204007	0.08857737	1.802531	0.05007434
deepmd-les_sB	68800	17.97555	0.020515181745366425	0.775792655781635	0.5682	0.0132	-1.0748	0.0306	2	14.33863	0.2429522	2.754533	0.4282704	0.8204012	0.08857676	1.802529	0.05007495
deepmd-les_sB	68900	17.19135	0.02037707515328214	0.7754627647209887	0.5678	0.0129	-1.0745	0.0284	2	14.33864	0.2429475	2.754535	0.4282689	0.8204005	0.08857759	1.80253	0.05007413
deepmd-les_sB	69000	17.4689	0.020594269046545155	0.774972472310514	0.5677	0.0133	-1.0736	0.0288	2	14.33864	0.2429518	2.754535	0.4282701	0.8204014	0.08857694	1.802533	0.05007478
deepmd-les_sB	69100	18.26745	0.020680579425567103	0.7746374081550801	0.5675	0.0132	-1.0731	0.0277	2	14.33864	0.242952	2.754536	0.4282701	0.8204016	0.08857691	1.802534	0.05007481
deepmd-les_sB	69200	18.7937	0.02101693767221397	0.7720941486377599	0.5661	0.0117	-1.0692	0.0258	2	14.33865	0.2429448	2.754537	0.4282688	0.8204014	0.08857757	1.802538	0.05007414
deepmd-les_sB	69300	18.02315	0.020597474896573927	0.7738573354236612	0.5669	0.0121	-1.072	0.0287	2	14.33866	0.2429462	2.754536	0.4282696	0.820401	0.08857717	1.802537	0.05007455
deepmd-les_sB	69400	17.389400000000002	0.020114408204827156	0.7748799776504636	0.5672	0.0119	-1.074	0.0275	2	14.33866	0.2429467	2.75454	0.4282692	0.8204009	0.08857743	1.802538	0.05007428
deepmd-les_sB	69500	17.9518	0.02063297485545843	0.7752965114961867	0.5679	0.0136	-1.074	0.0297	2	14.33867	0.2429465	2.754539	0.4282696	0.8204013	0.08857717	1.802537	0.05007454
deepmd-les_sB	69600	17.8296	0.020405059271881448	0.7752588065756828	0.5677	0.0124	-1.0742	0.0283	2	14.33868	0.2429438	2.754537	0.4282692	0.8204012	0.08857741	1.802534	0.0500743
deepmd-les_sB	69700	17.743949999999998	0.020361712236385457	0.7744757769303503	0.5671	0.0126	-1.0731	0.0289	2	14.33869	0.2429366	2.754535	0.4282686	0.8204003	0.08857777	1.802535	0.05007395
deepmd-les_sB	69800	17.9567	0.02012762085060116	0.7753438712787508	0.5674	0.013	-1.0745	0.0335	2	14.33867	0.2429394	2.754538	0.4282688	0.8204007	0.08857765	1.802541	0.05007407
deepmd-les_sB	69900	18.125	0.020706024190592337	0.7727318393807957	0.5662	0.013	-1.0703	0.0275	2	14.33869	0.2429451	2.754538	0.4282699	0.8204014	0.08857704	1.802543	0.05007467
deepmd-les_sB	70000	18.6558	0.020657476195549043	0.7742573567280148	0.5672	0.0123	-1.0725	0.0302	2	14.3387	0.2429402	2.754539	0.4282684	0.8204007	0.08857787	1.802543	0.05007384
deepmd-les_sB	70100	17.369349999999997	0.020516630063036494	0.7751871825778626	0.5678	0.0129	-1.074	0.0274	2	14.3387	0.2429391	2.754542	0.4282675	0.8204009	0.08857833	1.802547	0.05007338
deepmd-les_sB	70200	18.8215	0.02068701726968325	0.7751045417374566	0.5679	0.0129	-1.0737	0.0282	2	14.3387	0.2429457	2.754543	0.4282685	0.8204014	0.08857777	1.802549	0.05007394
deepmd-les_sB	70300	18.46725	0.020398791467654828	0.7766811102905263	0.5687	0.0134	-1.0761	0.0321	2	14.33871	0.2429476	2.754542	0.4282698	0.8204016	0.08857711	1.80255	0.05007461
deepmd-les_sB	70400	17.7053	0.02060928255906482	0.7752806115097023	0.568	0.013	-1.0741	0.0254	2	14.33871	0.2429432	2.754543	0.4282689	0.820401	0.08857758	1.802551	0.05007413
deepmd-les_sB	70500	18.05055	0.02017806022036358	0.7747102225976548	0.5671	0.012	-1.0737	0.0293	2	14.33872	0.2429391	2.754543	0.4282681	0.8204004	0.088578	1.802551	0.05007372
deepmd-les_sB	70600	18.3062	0.02078268989570233	0.7748440207942183	0.5678	0.0125	-1.0733	0.028	2	14.33872	0.2429403	2.754541	0.4282688	0.8204008	0.08857765	1.80255	0.05007406
deepmd-les_sB	70700	17.5574	0.02072514552854624	0.775149847655774	0.568	0.0121	-1.0737	0.0287	2	14.33872	0.2429389	2.754543	0.4282679	0.8204009	0.08857811	1.802552	0.05007361
deepmd-les_sB	70800	18.8908	0.020564210745647224	0.7760807141331395	0.5684	0.0131	-1.0752	0.0304	2	14.33872	0.2429417	2.754544	0.4282686	0.8204009	0.08857772	1.802552	0.05007399
deepmd-les_sB	70900	17.99535	0.02060896535220892	0.7763692290384829	0.5687	0.0141	-1.0755	0.0299	2	14.33874	0.2429417	2.754542	0.4282692	0.820401	0.08857742	1.80255	0.05007429
deepmd-les_sB	71000	17.79355	0.02040365567563119	0.7748483957548298	0.5674	0.0128	-1.0737	0.0269	2	14.33874	0.2429418	2.754542	0.4282692	0.820401	0.08857745	1.80255	0.05007426
deepmd-les_sB	71100	18.45865	0.020555052991594894	0.7728351667817517	0.5662	0.0124	-1.0706	0.028	2	14.33874	0.2429387	2.754543	0.4282685	0.8204007	0.08857782	1.802549	0.0500739
deepmd-les_sB	71200	18.2464	0.02065830334383191	0.7752801971183756	0.568	0.0129	-1.074	0.0298	2	14.33875	0.2429381	2.754543	0.4282687	0.8204009	0.08857771	1.802552	0.050074
deepmd-les_sB	71300	18.096850000000003	0.020634381291597517	0.7766817036285523	0.5689	0.0132	-1.076	0.0284	2	14.33874	0.2429355	2.754543	0.4282682	0.8204006	0.08857798	1.802552	0.05007373
deepmd-les_sB	71400	18.528	0.020474329668910263	0.7737975985968677	0.5667	0.0126	-1.0721	0.0296	2	14.33874	0.2429362	2.754543	0.4282686	0.8204006	0.08857776	1.802553	0.05007395
deepmd-les_sB	71500	18.537300000000002	0.020569155668514045	0.7747488179043985	0.5675	0.0132	-1.0733	0.0267	2	14.33876	0.2429369	2.754543	0.4282687	0.8204006	0.08857768	1.802553	0.05007403
deepmd-les_sB	71600	17.261450000000004	0.020331063499262784	0.7748196349861001	0.5673	0.0127	-1.0737	0.0267	2	14.33875	0.2429365	2.754544	0.4282686	0.8204003	0.08857777	1.802555	0.05007394
deepmd-les_sB	71700	17.56645	0.020388585804361058	0.7753003647012711	0.5677	0.0129	-1.0743	0.0267	2	14.33876	0.2429392	2.754546	0.4282688	0.820401	0.08857766	1.802555	0.05007406
deepmd-les_sB	71800	18.0277	0.02051012525896615	0.7731627685517072	0.5663	0.0126	-1.0712	0.0269	2	14.33876	0.2429395	2.754546	0.4282689	0.8204012	0.08857761	1.802555	0.0500741
deepmd-les_sB	71900	18.3179	0.020908877946430898	0.7744510145871856	0.5677	0.0133	-1.0726	0.0267	2	14.33877	0.2429316	2.754545	0.4282677	0.8204004	0.08857827	1.802555	0.05007345
deepmd-les_sB	72000	18.1559	0.020031714118468658	0.776008815976723	0.5678	0.0129	-1.0756	0.0315	2	14.33877	0.2429302	2.754544	0.4282677	0.8204005	0.08857825	1.802554	0.05007347
deepmd-les_sB	72100	17.3071	0.020435105176887906	0.7743809732821235	0.5671	0.0122	-1.0729	0.0286	2	14.33877	0.2429285	2.754544	0.4282674	0.8204001	0.08857841	1.802556	0.0500733
deepmd-les_sB	72200	18.5731	0.020506227976056297	0.7760439993421654	0.5684	0.012	-1.0752	0.0296	2	14.33877	0.2429279	2.754546	0.428267	0.8203997	0.08857864	1.802556	0.05007307
deepmd-les_sB	72300	18.12975	0.020382833424488603	0.7746555588152098	0.5673	0.0121	-1.0734	0.0294	2	14.33878	0.242929	2.754545	0.4282676	0.8204	0.08857834	1.802556	0.05007337
deepmd-les_sB	72400	18.73755	0.02051300284396757	0.7761609037468634	0.5684	0.013	-1.0753	0.0323	2	14.33879	0.242928	2.754545	0.4282677	0.8204003	0.0885783	1.802555	0.05007341
deepmd-les_sB	72500	17.04495	0.02019912001310121	0.7757609411020165	0.5679	0.0124	-1.0752	0.0265	2	14.3388	0.2429295	2.754544	0.4282681	0.8204003	0.08857806	1.802556	0.05007365
deepmd-les_sB	72600	17.21185	0.020079894252003454	0.7757643445424203	0.5677	0.0121	-1.0752	0.0291	2	14.33879	0.2429302	2.754545	0.4282681	0.8204002	0.08857808	1.802555	0.05007364
deepmd-les_sB	72700	18.745449999999998	0.020725737847341722	0.7769536946187141	0.5692	0.014	-1.0762	0.0314	2	14.3388	0.2429277	2.754546	0.4282674	0.8204	0.08857844	1.802556	0.05007328
deepmd-les_sB	72800	18.553150000000002	0.02093485043786782	0.7749849013404884	0.5681	0.0124	-1.0733	0.0282	2	14.3388	0.2429338	2.754546	0.4282688	0.8204007	0.08857765	1.802559	0.05007407
deepmd-les_sB	72900	18.40085	0.020310433363736464	0.7748260049656157	0.5673	0.013	-1.0737	0.0275	2	14.3388	0.2429358	2.754547	0.4282691	0.8204013	0.0885775	1.802561	0.05007421
deepmd-les_sB	73000	17.9244	0.02068955574531234	0.7748319438811617	0.5677	0.0126	-1.0733	0.0276	2	14.3388	0.2429319	2.754547	0.4282684	0.8204009	0.08857788	1.802562	0.05007383
deepmd-les_sB	73100	18.45165	0.020578182733939097	0.7748983506079664	0.5676	0.0126	-1.0735	0.0273	2	14.3388	0.242931	2.754548	0.4282679	0.8204006	0.08857816	1.80256	0.05007355
deepmd-les_sB	73200	17.2742	0.020469133521002093	0.7751818948619371	0.5677	0.0124	-1.0741	0.0254	2	14.33881	0.2429269	2.754546	0.4282675	0.8204002	0.08857837	1.80256	0.05007335
deepmd-les_sB	73300	17.545450000000002	0.020644817896862143	0.7766186113172441	0.5689	0.0146	-1.0758	0.0295	2	14.33881	0.242927	2.754545	0.4282678	0.8203998	0.08857823	1.802559	0.05007349
deepmd-les_sB	73400	18.234650000000002	0.02087780577533052	0.7748316045327006	0.5679	0.0135	-1.0732	0.0258	2	14.3388	0.2429267	2.754546	0.4282675	0.8203996	0.08857843	1.802559	0.05007329
deepmd-les_sB	73500	18.1219	0.0203078864455226	0.7741650693195905	0.5669	0.0121	-1.0728	0.0264	2	14.33881	0.2429279	2.754546	0.4282681	0.8203996	0.08857812	1.80256	0.05007359
deepmd-les_sB	73600	18.60415	0.020583205621333766	0.7772036600402282	0.5692	0.0148	-1.0766	0.0333	2	14.33881	0.242926	2.754546	0.4282678	0.8203995	0.08857826	1.802561	0.05007345
deepmd-les_sB	73700	17.847250000000003	0.020692345034752313	0.7759854469207718	0.5685	0.0136	-1.0749	0.0301	2	14.33882	0.2429273	2.754546	0.428268	0.8203998	0.08857815	1.802561	0.05007357
deepmd-les_sB	73800	17.4745	0.020112088176416743	0.7757812295708486	0.5678	0.0124	-1.0752	0.0287	2	14.33882	0.2429254	2.754547	0.4282676	0.8203999	0.08857837	1.802562	0.05007334
deepmd-les_sB	73900	17.59235	0.02034202268392424	0.7749087735012512	0.5674	0.0118	-1.0738	0.0281	2	14.33883	0.2429251	2.754546	0.4282677	0.8204	0.0885783	1.802563	0.05007342
deepmd-les_sB	74000	18.48485	0.020822795916456544	0.7747028946063572	0.5677	0.0115	-1.073	0.0314	2	14.33882	0.2429213	2.754547	0.4282668	0.8203997	0.0885788	1.802564	0.05007291
deepmd-les_sB	74100	18.6584	0.020874760777559516	0.7735657774237081	0.567	0.0128	-1.0714	0.0273	2	14.33883	0.2429283	2.754547	0.4282683	0.8204007	0.08857796	1.802566	0.05007375
deepmd-les_sB	74200	17.96705	0.02088029207263698	0.7745054736269527	0.5677	0.0123	-1.0727	0.0286	2	14.33884	0.2429262	2.754546	0.4282681	0.8204006	0.08857805	1.802565	0.05007367
deepmd-les_sB	74300	18.122799999999998	0.02071878894023407	0.7745757692840525	0.5675	0.0128	-1.0729	0.0302	2	14.33885	0.2429228	2.754548	0.4282677	0.8204007	0.08857826	1.802566	0.05007345
deepmd-les_sB	74400	18.23225	0.02073000975369919	0.7743375157823053	0.5674	0.0124	-1.0726	0.0298	2	14.33883	0.2429199	2.75455	0.4282663	0.8203997	0.08857903	1.802566	0.05007268
deepmd-les_sB	74500	17.549599999999998	0.019931233414900208	0.7752107156814736	0.5672	0.0127	-1.0746	0.03	2	14.33885	0.24292	2.754548	0.4282672	0.8203997	0.08857859	1.802565	0.05007312
deepmd-les_sB	74600	18.1279	0.020583419269695747	0.7739818457821294	0.567	0.0107	-1.0723	0.025	2	14.33885	0.2429198	2.754549	0.4282668	0.8203996	0.08857879	1.802565	0.05007293
deepmd-les_sB	74700	17.580750000000002	0.0205323890197086	0.7750228905430125	0.5677	0.0126	-1.0737	0.0292	2	14.33885	0.2429219	2.75455	0.4282673	0.8203996	0.08857851	1.802568	0.05007321
deepmd-les_sB	74800	18.1603	0.020582197387599747	0.7735907965851906	0.5667	0.0117	-1.0717	0.0293	2	14.33885	0.2429251	2.754552	0.4282676	0.8204003	0.08857833	1.802568	0.05007338
deepmd-les_sB	74900	18.188000000000002	0.020475218032578027	0.7739838282079601	0.5669	0.013	-1.0723	0.0275	2	14.33885	0.2429227	2.75455	0.4282675	0.8203998	0.0885784	1.802568	0.05007331
deepmd-les_sB	75000	18.64945	0.02088405301618456	0.773993413319359	0.5673	0.0134	-1.072	0.0271	2	14.33887	0.2429199	2.75455	0.4282675	0.8204003	0.08857839	1.802568	0.05007332
deepmd-les_sB	75100	17.887900000000002	0.02021971100519311	0.7744239132837161	0.567	0.0116	-1.0733	0.0267	2	14.33885	0.2429194	2.754551	0.428267	0.8204	0.08857867	1.802571	0.05007304
deepmd-les_sB	75200	17.4912	0.020372232438587733	0.7747254781493375	0.5673	0.0113	-1.0735	0.0268	2	14.33886	0.242918	2.75455	0.4282672	0.8204003	0.08857862	1.802568	0.0500731
deepmd-les_sB	75300	17.22115	0.020617956051462914	0.7755093816450127	0.5681	0.0131	-1.0744	0.0257	2	14.33886	0.2429181	2.754551	0.4282671	0.8204001	0.08857868	1.802568	0.05007304
deepmd-les_sB	75400	18.28385	0.020352714774405853	0.7748352945190015	0.5674	0.0128	-1.0737	0.0267	2	14.33886	0.2429176	2.754552	0.4282667	0.8204001	0.08857884	1.802569	0.05007288
deepmd-les_sB	75500	18.082050000000002	0.020733078613422648	0.7751578383770806	0.5679	0.0145	-1.0737	0.0289	2	14.33887	0.2429168	2.754551	0.4282668	0.8204	0.08857883	1.802569	0.05007289
deepmd-les_sB	75600	18.2763	0.020585306577684214	0.7733606115982625	0.5666	0.0118	-1.0714	0.0258	2	14.33887	0.2429171	2.754552	0.4282667	0.8204	0.08857886	1.80257	0.05007286
deepmd-les_sB	75700	17.401600000000002	0.020325531744759002	0.7746935150057334	0.5672	0.0116	-1.0735	0.0289	2	14.33887	0.2429185	2.754552	0.4282671	0.8204	0.08857864	1.80257	0.05007308
deepmd-les_sB	75800	18.08295	0.02034070544668848	0.7760497221725631	0.5682	0.0134	-1.0754	0.0299	2	14.33887	0.2429173	2.754552	0.4282668	0.8204	0.08857879	1.802571	0.05007292
deepmd-les_sB	75900	18.1893	0.02010028765437751	0.7748217659955482	0.5671	0.0123	-1.0739	0.0298	2	14.33887	0.2429167	2.754552	0.4282667	0.8203998	0.08857887	1.802571	0.05007284
deepmd-les_sB	76000	17.969050000000003	0.02027133091530265	0.7754861749539597	0.5677	0.0125	-1.0747	0.0274	2	14.33887	0.2429171	2.754552	0.4282668	0.8203999	0.08857884	1.802571	0.05007288
deepmd-les_sB	76100	17.15365	0.02051967970674765	0.7764449751942821	0.5687	0.0133	-1.0758	0.0286	2	14.33887	0.242917	2.754551	0.428267	0.8204	0.08857868	1.802571	0.05007303
deepmd-les_sB	76200	17.69525	0.020969344315158903	0.7742855399310519	0.5676	0.0133	-1.0722	0.0289	2	14.33888	0.2429164	2.754552	0.4282669	0.8204	0.08857878	1.802571	0.05007294
deepmd-les_sB	76300	17.19735	0.020143132371290163	0.7747397139411935	0.5671	0.0121	-1.0738	0.0277	2	14.33888	0.2429154	2.754552	0.4282668	0.8203998	0.08857882	1.802571	0.05007289
deepmd-les_sB	76400	18.28745	0.020287180778741285	0.7754981393090353	0.5678	0.0123	-1.0747	0.0288	2	14.33888	0.2429171	2.754551	0.4282674	0.8204	0.08857847	1.802572	0.05007324
deepmd-les_sB	76500	18.130650000000003	0.020749089974077733	0.7744706226291489	0.5675	0.0114	-1.0728	0.0277	2	14.33888	0.2429163	2.754552	0.428267	0.8203997	0.0885787	1.802572	0.05007301
deepmd-les_sB	76600	18.870649999999998	0.02067427858726421	0.7778731639158681	0.5698	0.0135	-1.0775	0.0324	2	14.33888	0.2429166	2.754553	0.4282669	0.8203996	0.08857875	1.802572	0.05007297
deepmd-les_sB	76700	17.21765	0.020194098527074024	0.7752450308738728	0.5675	0.0117	-1.0744	0.0287	2	14.33888	0.2429167	2.754553	0.4282671	0.8203994	0.08857869	1.802572	0.05007302
deepmd-les_sB	76800	18.37525	0.02097674759929262	0.7741937563268794	0.5676	0.0113	-1.0722	0.0257	2	14.33888	0.2429166	2.754553	0.4282668	0.8203995	0.08857885	1.802574	0.05007286
deepmd-les_sB	76900	18.2175	0.020781191866968734	0.7756719922247	0.5684	0.0135	-1.0744	0.0287	2	14.33888	0.2429152	2.754552	0.4282668	0.8203994	0.08857884	1.802573	0.05007287
deepmd-les_sB	77000	18.067749999999997	0.020750675134948552	0.7741110814554356	0.5672	0.0122	-1.0722	0.0307	2	14.33888	0.2429125	2.754552	0.4282662	0.8203991	0.08857914	1.802573	0.05007258
deepmd-les_sB	77100	18.360300000000002	0.020955155522466462	0.7737746161483526	0.5672	0.0127	-1.0715	0.0295	2	14.33888	0.242913	2.754552	0.4282663	0.820399	0.0885791	1.802573	0.05007262
deepmd-les_sB	77200	17.6523	0.020411685754133914	0.7754138625726369	0.5678	0.0128	-1.0743	0.0323	2	14.33889	0.2429141	2.754551	0.4282669	0.820399	0.08857879	1.802572	0.05007292
deepmd-les_sB	77300	17.94905	0.020562190971750202	0.7736726196469574	0.5668	0.0107	-1.0719	0.0243	2	14.33889	0.2429136	2.754551	0.428267	0.820399	0.08857876	1.802573	0.05007295
deepmd-les_sB	77400	17.81695	0.02075863311447246	0.7764776591827168	0.5689	0.0125	-1.0755	0.03	2	14.33889	0.2429105	2.754552	0.4282661	0.820399	0.08857923	1.802572	0.05007248
deepmd-les_sB	77500	19.0605	0.020990481106086104	0.7744137482753836	0.5677	0.0124	-1.0725	0.0272	2	14.33889	0.2429114	2.754553	0.4282663	0.8203991	0.08857914	1.802573	0.05007257
deepmd-les_sB	77600	18.209249999999997	0.02058576222674822	0.7739535461787725	0.567	0.0128	-1.0722	0.0275	2	14.33889	0.2429103	2.754553	0.4282661	0.820399	0.08857921	1.802573	0.0500725
deepmd-les_sB	77700	18.0751	0.020574230198238175	0.7755116060282004	0.5681	0.0117	-1.0744	0.026	2	14.3389	0.2429114	2.754552	0.4282664	0.8203989	0.08857907	1.802574	0.05007264
deepmd-les_sB	77800	18.087400000000002	0.02036911556844432	0.7739612465593183	0.5668	0.0131	-1.0724	0.0264	2	14.3389	0.2429111	2.754552	0.4282665	0.820399	0.08857902	1.802574	0.05007269
deepmd-les_sB	77900	18.643349999999998	0.020868095840575283	0.7744574682567651	0.5676	0.0122	-1.0726	0.0276	2	14.3389	0.2429093	2.754553	0.4282659	0.8203987	0.08857933	1.802575	0.05007238
deepmd-les_sB	78000	17.1128	0.020410585447424988	0.7754668662655323	0.5679	0.0129	-1.0745	0.0265	2	14.3389	0.24291	2.754553	0.4282661	0.8203987	0.08857925	1.802575	0.05007247
deepmd-les_sB	78100	18.11795	0.020662878008940223	0.774972234342822	0.5678	0.0131	-1.0735	0.0283	2	14.33891	0.2429116	2.754553	0.4282666	0.820399	0.08857895	1.802575	0.05007277
deepmd-les_sB	78200	18.47955	0.020624567910944292	0.7774361494122797	0.5695	0.0122	-1.0771	0.0264	2	14.3389	0.2429112	2.754554	0.4282662	0.820399	0.08857918	1.802575	0.05007253
deepmd-les_sB	78300	17.21315	0.020313398700224413	0.7747328348047537	0.5673	0.0113	-1.0736	0.0247	2	14.33891	0.2429126	2.754553	0.4282669	0.8203993	0.08857879	1.802576	0.05007293
deepmd-les_sB	78400	17.491999999999997	0.02036671538469626	0.7747345806048269	0.5673	0.0113	-1.0736	0.0268	2	14.3389	0.2429128	2.754554	0.4282666	0.8203991	0.08857895	1.802577	0.05007276
deepmd-les_sB	78500	17.7473	0.020263335597454926	0.7744541151588512	0.567	0.0123	-1.0732	0.0273	2	14.3389	0.2429126	2.754553	0.4282669	0.8203992	0.08857882	1.802576	0.05007289
deepmd-les_sB	78600	18.601300000000002	0.02082700417445861	0.7744575810819612	0.5676	0.0131	-1.0727	0.0281	2	14.33891	0.242914	2.754553	0.4282671	0.8203993	0.08857869	1.802576	0.05007302
deepmd-les_sB	78700	18.6306	0.020843872962061506	0.7751798449796571	0.5681	0.0116	-1.0737	0.0296	2	14.33891	0.2429127	2.754554	0.4282668	0.8203991	0.08857885	1.802577	0.05007287
deepmd-les_sB	78800	18.015700000000002	0.02025838230996809	0.7743619939139312	0.5669	0.0117	-1.0731	0.0275	2	14.33891	0.2429092	2.754554	0.4282661	0.8203986	0.08857925	1.802576	0.05007246
deepmd-les_sB	78900	18.46585	0.020774000306917964	0.7749661914265837	0.5679	0.0121	-1.0734	0.0293	2	14.33891	0.242909	2.754555	0.4282659	0.8203986	0.08857937	1.802578	0.05007235
deepmd-les_sB	79000	17.9318	0.02049592457737419	0.7747246518622195	0.5674	0.0128	-1.0734	0.0271	2	14.33891	0.242909	2.754554	0.4282663	0.8203989	0.08857914	1.802578	0.05007257
deepmd-les_sB	79100	17.4937	0.02057274297863457	0.7754841940102574	0.568	0.0125	-1.0744	0.0275	2	14.33892	0.2429076	2.754554	0.4282661	0.820399	0.08857922	1.802578	0.05007249
deepmd-les_sB	79200	18.04395	0.020834144533324495	0.7729103822243603	0.5665	0.0125	-1.0705	0.0271	2	14.33892	0.2429067	2.754554	0.4282662	0.8203988	0.08857917	1.802578	0.05007254
deepmd-les_sB	79300	17.5991	0.020476810037482935	0.7754362857846896	0.5679	0.0127	-1.0744	0.0262	2	14.33891	0.2429064	2.754555	0.4282657	0.8203986	0.08857947	1.802578	0.05007224
deepmd-les_sB	79400	17.59805	0.020488255265868376	0.7742451563153044	0.5671	0.0108	-1.0727	0.0268	2	14.33892	0.2429071	2.754554	0.428266	0.8203986	0.0885793	1.802578	0.05007241
deepmd-les_sB	79500	17.5458	0.020234756559708023	0.7749893541063971	0.5673	0.0127	-1.074	0.0292	2	14.33892	0.2429102	2.754554	0.4282666	0.8203989	0.08857899	1.802579	0.05007272
deepmd-les_sB	79600	18.05995	0.020649691012054862	0.7754988764703015	0.5681	0.0134	-1.0743	0.0307	2	14.33893	0.2429122	2.754554	0.4282674	0.8203993	0.08857856	1.802579	0.05007316
deepmd-les_sB	79700	18.17435	0.020314014084478898	0.7756720083700273	0.5679	0.0128	-1.0749	0.0282	2	14.33892	0.2429108	2.754555	0.4282668	0.820399	0.08857889	1.80258	0.05007282
deepmd-les_sB	79800	18.130850000000002	0.020857273053970372	0.7765482203589055	0.5691	0.0128	-1.0755	0.031	2	14.33892	0.24291	2.754556	0.4282664	0.8203989	0.08857907	1.80258	0.05007265
deepmd-les_sB	79900	18.4667	0.020696789137017245	0.7747627875781077	0.5676	0.0121	-1.0732	0.0293	2	14.33893	0.242911	2.754556	0.4282667	0.820399	0.0885789	1.80258	0.05007281
deepmd-les_sB	80000	17.39125	0.02027376264753385	0.7746240967763787	0.5671	0.013	-1.0734	0.0288	2	14.33893	0.2429091	2.754555	0.4282666	0.820399	0.08857896	1.802579	0.05007275
deepmd-les_sB	80100	17.5826	0.02010105388753936	0.7755282735318079	0.5676	0.012	-1.0749	0.0286	2	14.33893	0.2429065	2.754555	0.428266	0.8203987	0.0885793	1.802579	0.05007241
deepmd-les_sB	80200	18.0348	0.020798511591957537	0.7744225122497258	0.5675	0.0142	-1.0726	0.0268	2	14.33893	0.2429075	2.754555	0.4282664	0.8203989	0.08857906	1.80258	0.05007265
