family,topology,rep,arm,arm_id,block,energy_weight,global_epoch,block_epoch,train_loss,val_loss,val_e_atom_rmse,val_f_rmse
cace,sr,A,cace-sr,cace-sr_A,1,0.01,1,1,488.9212,44.4994,0.009283,0.205879
cace,sr,A,cace-sr,cace-sr_A,1,0.01,2,2,31.2715,32.627,0.02035,0.149904
cace,sr,A,cace-sr,cace-sr_A,1,0.01,3,3,15.4954,15.481,0.005533,0.121368
cace,sr,A,cace-sr,cace-sr_A,1,0.01,4,4,10.0644,6.8241,0.001317,0.08235
cace,sr,A,cace-sr,cace-sr_A,1,0.01,5,5,8.6953,9.7874,0.010625,0.083781
cace,sr,A,cace-sr,cace-sr_A,1,0.01,6,6,8.2981,10.2595,0.01287,0.078726
cace,sr,A,cace-sr,cace-sr_A,1,0.01,7,7,19.1753,48.998,0.019047,0.200254
cace,sr,A,cace-sr,cace-sr_A,1,0.01,8,8,67.9279,57.4157,0.041212,0.125559
cace,sr,A,cace-sr,cace-sr_A,1,0.01,9,9,94.6934,63.0835,0.032786,0.191631
cace,sr,A,cace-sr,cace-sr_A,1,0.01,10,10,68.5559,50.2548,0.011965,0.216204
cace,sr,A,cace-sr,cace-sr_A,1,0.01,11,11,36.5409,39.1466,0.004178,0.19677
cace,sr,A,cace-sr,cace-sr_A,1,0.01,12,12,26.2172,14.7903,0.013967,0.100031
cace,sr,A,cace-sr,cace-sr_A,1,0.01,13,13,18.9665,14.7422,0.013524,0.101275
cace,sr,A,cace-sr,cace-sr_A,1,0.01,14,14,16.5521,13.8139,0.0129,0.098654
cace,sr,A,cace-sr,cace-sr_A,1,0.01,15,15,14.6037,11.8705,0.013827,0.084748
cace,sr,A,cace-sr,cace-sr_A,1,0.01,16,16,12.9064,10.3911,0.008381,0.093104
cace,sr,A,cace-sr,cace-sr_A,1,0.01,17,17,9.4824,9.1619,0.007211,0.088808
cace,sr,A,cace-sr,cace-sr_A,1,0.01,18,18,9.9815,11.9676,0.004267,0.107336
cace,sr,A,cace-sr,cace-sr_A,1,0.01,19,19,8.9488,9.111,0.005622,0.0913
cace,sr,A,cace-sr,cace-sr_A,1,0.01,20,20,6.8327,5.3142,0.004116,0.069991
cace,sr,A,cace-sr,cace-sr_A,1,0.01,21,21,5.0591,4.7265,0.001039,0.068557
cace,sr,A,cace-sr,cace-sr_A,1,0.01,22,22,4.696,4.5375,0.003759,0.064737
cace,sr,A,cace-sr,cace-sr_A,1,0.01,23,23,4.6424,4.7464,0.003882,0.066158
cace,sr,A,cace-sr,cace-sr_A,1,0.01,24,24,4.8504,4.7301,0.004143,0.065643
cace,sr,A,cace-sr,cace-sr_A,1,0.01,25,25,4.9431,5.3514,0.001188,0.072917
cace,sr,A,cace-sr,cace-sr_A,1,0.01,26,26,4.9195,4.6631,0.002336,0.0673
cace,sr,A,cace-sr,cace-sr_A,1,0.01,27,27,4.5018,4.8136,0.002503,0.068264
cace,sr,A,cace-sr,cace-sr_A,1,0.01,28,28,4.7036,4.5137,0.003783,0.064519
cace,sr,A,cace-sr,cace-sr_A,1,0.01,29,29,4.5494,4.2805,0.005246,0.060048
cace,sr,A,cace-sr,cace-sr_A,1,0.01,30,30,4.5392,4.1587,0.004173,0.061087
cace,sr,A,cace-sr,cace-sr_A,1,0.01,31,31,4.4614,3.9677,0.00303,0.061176
cace,sr,A,cace-sr,cace-sr_A,1,0.01,32,32,4.365,4.357,0.001516,0.06558
cace,sr,A,cace-sr,cace-sr_A,1,0.01,33,33,4.297,3.9929,0.00467,0.058805
cace,sr,A,cace-sr,cace-sr_A,1,0.01,34,34,4.441,4.5132,0.002247,0.066253
cace,sr,A,cace-sr,cace-sr_A,1,0.01,35,35,4.4216,4.0839,0.003588,0.061386
cace,sr,A,cace-sr,cace-sr_A,1,0.01,36,36,4.1728,4.1497,0.001037,0.064213
cace,sr,A,cace-sr,cace-sr_A,1,0.01,37,37,3.9894,3.9453,0.002719,0.061352
cace,sr,A,cace-sr,cace-sr_A,1,0.01,38,38,3.9908,4.0375,0.002223,0.062581
cace,sr,A,cace-sr,cace-sr_A,1,0.01,39,39,3.8706,3.4798,0.001556,0.058484
cace,sr,A,cace-sr,cace-sr_A,1,0.01,40,40,3.8467,3.6411,0.003197,0.058228
cace,sr,A,cace-sr,cace-sr_A,2,0.01,41,1,38.2255,4.371,0.005425,0.060408
cace,sr,A,cace-sr,cace-sr_A,2,0.01,42,2,5.0764,3.0858,0.003425,0.052897
cace,sr,A,cace-sr,cace-sr_A,2,0.01,43,3,9.2192,6.0237,0.009397,0.062115
cace,sr,A,cace-sr,cace-sr_A,2,0.01,44,4,7.0365,3.7658,0.004142,0.057837
cace,sr,A,cace-sr,cace-sr_A,2,0.01,45,5,6.0884,3.6876,0.006041,0.052846
cace,sr,A,cace-sr,cace-sr_A,2,0.01,46,6,3.5821,2.316,0.002924,0.045896
cace,sr,A,cace-sr,cace-sr_A,2,0.01,47,7,2.94,3.9868,0.006051,0.055577
cace,sr,A,cace-sr,cace-sr_A,2,0.01,48,8,3.1312,3.1441,0.001965,0.055221
cace,sr,A,cace-sr,cace-sr_A,2,0.01,49,9,2.5683,5.5826,0.011594,0.047814
cace,sr,A,cace-sr,cace-sr_A,2,0.01,50,10,2.7884,1.7378,0.003181,0.038596
cace,sr,A,cace-sr,cace-sr_A,2,0.01,51,11,1.6936,1.4911,0.001707,0.037678
cace,sr,A,cace-sr,cace-sr_A,2,0.01,52,12,1.9666,1.4762,0.001493,0.037703
cace,sr,A,cace-sr,cace-sr_A,2,0.01,53,13,2.2093,1.3292,0.000719,0.036285
cace,sr,A,cace-sr,cace-sr_A,2,0.01,54,14,1.7458,1.3077,0.001009,0.035815
cace,sr,A,cace-sr,cace-sr_A,2,0.01,55,15,1.9392,1.5418,0.000556,0.039169
cace,sr,A,cace-sr,cace-sr_A,2,0.01,56,16,1.8303,2.1749,0.005002,0.039515
cace,sr,A,cace-sr,cace-sr_A,2,0.01,57,17,1.5493,1.427,0.001631,0.036902
cace,sr,A,cace-sr,cace-sr_A,2,0.01,58,18,1.4291,1.3063,0.000508,0.036055
cace,sr,A,cace-sr,cace-sr_A,2,0.01,59,19,1.6934,3.0882,0.008163,0.038131
cace,sr,A,cace-sr,cace-sr_A,2,0.01,60,20,1.6174,1.2976,0.002519,0.033794
cace,sr,A,cace-sr,cace-sr_A,2,0.01,61,21,1.2391,1.1342,0.001289,0.033068
cace,sr,A,cace-sr,cace-sr_A,2,0.01,62,22,1.1311,1.0347,0.000296,0.032134
cace,sr,A,cace-sr,cace-sr_A,2,0.01,63,23,1.2324,1.5975,0.003521,0.035965
cace,sr,A,cace-sr,cace-sr_A,2,0.01,64,24,1.1482,1.0707,0.001154,0.032218
cace,sr,A,cace-sr,cace-sr_A,2,0.01,65,25,1.1506,1.1995,0.002391,0.032546
cace,sr,A,cace-sr,cace-sr_A,2,0.01,66,26,1.1828,1.2973,0.003264,0.032187
cace,sr,A,cace-sr,cace-sr_A,2,0.01,67,27,1.3087,1.1066,0.000598,0.033134
cace,sr,A,cace-sr,cace-sr_A,2,0.01,68,28,1.2557,1.1604,0.001911,0.032725
cace,sr,A,cace-sr,cace-sr_A,2,0.01,69,29,1.2764,1.3761,0.00352,0.032745
cace,sr,A,cace-sr,cace-sr_A,2,0.01,70,30,1.1549,1.073,0.000667,0.03259
cace,sr,A,cace-sr,cace-sr_A,2,0.01,71,31,1.0631,0.9336,0.000248,0.030531
cace,sr,A,cace-sr,cace-sr_A,2,0.01,72,32,1.154,1.0844,0.001212,0.032378
cace,sr,A,cace-sr,cace-sr_A,2,0.01,73,33,1.1017,0.92,0.000342,0.030283
cace,sr,A,cace-sr,cace-sr_A,2,0.01,74,34,1.0159,1.1122,0.002136,0.031628
cace,sr,A,cace-sr,cace-sr_A,2,0.01,75,35,1.0708,1.2139,0.002391,0.032768
cace,sr,A,cace-sr,cace-sr_A,2,0.01,76,36,1.0523,1.3261,0.000114,0.036411
cace,sr,A,cace-sr,cace-sr_A,2,0.01,77,37,1.0454,1.0373,0.00187,0.030848
cace,sr,A,cace-sr,cace-sr_A,2,0.01,78,38,1.059,0.9095,0.000332,0.030112
cace,sr,A,cace-sr,cace-sr_A,2,0.01,79,39,0.9723,0.9478,0.000722,0.030577
cace,sr,A,cace-sr,cace-sr_A,2,0.01,80,40,1.0165,0.9342,0.000878,0.030255
cace,sr,A,cace-sr,cace-sr_A,3,0.01,81,1,1.6065,0.9319,0.000874,0.030219
cace,sr,A,cace-sr,cace-sr_A,3,0.01,82,2,1.0196,0.9973,0.001459,0.030741
cace,sr,A,cace-sr,cace-sr_A,3,0.01,83,3,1.0234,0.9883,0.000282,0.031407
cace,sr,A,cace-sr,cace-sr_A,3,0.01,84,4,1.4243,1.3178,0.001355,0.035677
cace,sr,A,cace-sr,cace-sr_A,3,0.01,85,5,1.1524,1.6186,0.004664,0.032941
cace,sr,A,cace-sr,cace-sr_A,3,0.01,86,6,1.3843,2.1826,0.006826,0.032245
cace,sr,A,cace-sr,cace-sr_A,3,0.01,87,7,1.3624,1.4843,0.00372,0.033836
cace,sr,A,cace-sr,cace-sr_A,3,0.01,88,8,1.4346,2.23,0.007258,0.030631
cace,sr,A,cace-sr,cace-sr_A,3,0.01,89,9,1.1947,1.1448,0.00012,0.03383
cace,sr,A,cace-sr,cace-sr_A,3,0.01,90,10,1.3034,1.5709,0.000778,0.039447
cace,sr,A,cace-sr,cace-sr_A,3,0.01,91,11,1.1997,0.9994,0.000199,0.031597
cace,sr,A,cace-sr,cace-sr_A,3,0.01,92,12,1.4151,1.5256,0.00482,0.030914
cace,sr,A,cace-sr,cace-sr_A,3,0.01,93,13,1.2191,1.0617,0.001076,0.032145
cace,sr,A,cace-sr,cace-sr_A,3,0.01,94,14,1.2382,1.4792,0.004653,0.030793
cace,sr,A,cace-sr,cace-sr_A,3,0.01,95,15,1.3008,1.2891,0.002295,0.034058
cace,sr,A,cace-sr,cace-sr_A,3,0.01,96,16,1.2882,0.9156,0.000143,0.03025
cace,sr,A,cace-sr,cace-sr_A,3,0.01,97,17,1.2341,1.1245,0.000448,0.03346
cace,sr,A,cace-sr,cace-sr_A,3,0.01,98,18,1.3001,1.2183,0.001777,0.033777
cace,sr,A,cace-sr,cace-sr_A,3,0.01,99,19,1.3195,0.9758,0.001459,0.030391
cace,sr,A,cace-sr,cace-sr_A,3,0.01,100,20,1.0422,0.9973,0.001449,0.030754
cace,sr,A,cace-sr,cace-sr_A,3,0.01,101,21,0.9511,0.9843,0.001876,0.029967
cace,sr,A,cace-sr,cace-sr_A,3,0.01,102,22,0.9469,1.0935,0.002968,0.029623
cace,sr,A,cace-sr,cace-sr_A,3,0.01,103,23,0.9203,0.9617,0.001895,0.029558
cace,sr,A,cace-sr,cace-sr_A,3,0.01,104,24,0.9762,0.8459,0.00055,0.028957
cace,sr,A,cace-sr,cace-sr_A,3,0.01,105,25,0.9515,0.8604,0.000698,0.029129
cace,sr,A,cace-sr,cace-sr_A,3,0.01,106,26,0.9406,0.8647,0.000292,0.02937
cace,sr,A,cace-sr,cace-sr_A,3,0.01,107,27,0.9464,0.8393,0.000183,0.028957
cace,sr,A,cace-sr,cace-sr_A,3,0.01,108,28,0.8903,0.8779,0.000639,0.02946
cace,sr,A,cace-sr,cace-sr_A,3,0.01,109,29,0.8969,0.9235,0.000455,0.030306
cace,sr,A,cace-sr,cace-sr_A,3,0.01,110,30,0.9311,0.8552,0.000846,0.028943
cace,sr,A,cace-sr,cace-sr_A,3,0.01,111,31,0.9364,0.9277,0.000487,0.030362
cace,sr,A,cace-sr,cace-sr_A,3,0.01,112,32,0.8962,0.9244,0.001497,0.029487
cace,sr,A,cace-sr,cace-sr_A,3,0.01,113,33,0.9192,0.9539,0.000902,0.03056
cace,sr,A,cace-sr,cace-sr_A,3,0.01,114,34,0.8916,0.8515,0.000427,0.029103
cace,sr,A,cace-sr,cace-sr_A,3,0.01,115,35,0.957,1.1027,0.003161,0.029287
cace,sr,A,cace-sr,cace-sr_A,3,0.01,116,36,1.0047,0.8961,0.000375,0.029877
cace,sr,A,cace-sr,cace-sr_A,3,0.01,117,37,0.8966,0.8449,0.000575,0.028927
cace,sr,A,cace-sr,cace-sr_A,3,0.01,118,38,0.8696,0.8971,0.001144,0.029411
cace,sr,A,cace-sr,cace-sr_A,3,0.01,119,39,0.9492,0.8872,0.001275,0.029109
cace,sr,A,cace-sr,cace-sr_A,3,0.01,120,40,0.9357,0.959,0.001828,0.029614
cace,sr,A,cace-sr,cace-sr_A,4,0.01,121,1,1.1488,0.8675,0.000721,0.029235
cace,sr,A,cace-sr,cace-sr_A,4,0.01,122,2,0.9086,0.8197,0.000192,0.028615
cace,sr,A,cace-sr,cace-sr_A,4,0.01,123,3,0.9976,0.9403,0.000721,0.030457
cace,sr,A,cace-sr,cace-sr_A,4,0.01,124,4,0.9551,0.8809,0.000816,0.029403
cace,sr,A,cace-sr,cace-sr_A,4,0.01,125,5,1.0016,1.1368,0.002289,0.031754
cace,sr,A,cace-sr,cace-sr_A,4,0.01,126,6,1.1309,1.2179,0.003304,0.030825
cace,sr,A,cace-sr,cace-sr_A,4,0.01,127,7,1.1809,1.2506,0.001692,0.034357
cace,sr,A,cace-sr,cace-sr_A,4,0.01,128,8,1.2012,0.9226,0.001843,0.02897
cace,sr,A,cace-sr,cace-sr_A,4,0.01,129,9,0.9951,1.0353,0.000903,0.031863
cace,sr,A,cace-sr,cace-sr_A,4,0.01,130,10,1.0846,1.7229,0.003186,0.038391
cace,sr,A,cace-sr,cace-sr_A,4,0.01,131,11,1.2856,1.3201,0.001904,0.035089
cace,sr,A,cace-sr,cace-sr_A,4,0.01,132,12,1.438,1.4966,0.005171,0.028998
cace,sr,A,cace-sr,cace-sr_A,4,0.01,133,13,1.0409,1.1994,0.002749,0.031843
cace,sr,A,cace-sr,cace-sr_A,4,0.01,134,14,0.9874,1.0834,0.003116,0.029074
cace,sr,A,cace-sr,cace-sr_A,4,0.01,135,15,1.1119,0.9862,0.000169,0.031392
cace,sr,A,cace-sr,cace-sr_A,4,0.01,136,16,1.0128,1.0217,0.002621,0.029212
cace,sr,A,cace-sr,cace-sr_A,4,0.01,137,17,1.1745,0.9941,0.002795,0.028329
cace,sr,A,cace-sr,cace-sr_A,4,0.01,138,18,1.0003,0.9165,0.002163,0.028314
cace,sr,A,cace-sr,cace-sr_A,4,0.01,139,19,1.0651,0.8334,0.000949,0.028483
cace,sr,A,cace-sr,cace-sr_A,4,0.01,140,20,1.0017,1.2198,0.000611,0.034795
cace,sr,A,cace-sr,cace-sr_A,4,0.01,141,21,0.8945,0.807,0.000272,0.028375
cace,sr,A,cace-sr,cace-sr_A,4,0.01,142,22,0.8609,0.8229,0.000114,0.02868
cace,sr,A,cace-sr,cace-sr_A,4,0.01,143,23,0.9579,0.8983,0.002143,0.028029
cace,sr,A,cace-sr,cace-sr_A,4,0.01,144,24,0.8394,0.8552,0.001642,0.028091
cace,sr,A,cace-sr,cace-sr_A,4,0.01,145,25,0.8949,0.8061,0.001298,0.027655
cace,sr,A,cace-sr,cace-sr_A,4,0.01,146,26,0.9077,0.9592,0.002011,0.029327
cace,sr,A,cace-sr,cace-sr_A,4,0.01,147,27,0.8611,0.8269,0.001094,0.028241
cace,sr,A,cace-sr,cace-sr_A,4,0.01,148,28,0.8811,0.8548,0.000837,0.028942
cace,sr,A,cace-sr,cace-sr_A,4,0.01,149,29,0.8457,0.7955,0.000949,0.02781
cace,sr,A,cace-sr,cace-sr_A,4,0.01,150,30,0.8481,0.7809,0.000436,0.02786
cace,sr,A,cace-sr,cace-sr_A,4,0.01,151,31,0.9212,0.8788,0.001443,0.028771
cace,sr,A,cace-sr,cace-sr_A,4,0.01,152,32,0.8924,0.81,0.000216,0.02844
cace,sr,A,cace-sr,cace-sr_A,4,0.01,153,33,0.8888,0.7643,0.000132,0.027638
cace,sr,A,cace-sr,cace-sr_A,4,0.01,154,34,0.8518,0.8693,0.000186,0.02947
cace,sr,A,cace-sr,cace-sr_A,4,0.01,155,35,0.8889,0.8567,0.000164,0.029259
cace,sr,A,cace-sr,cace-sr_A,4,0.01,156,36,0.8425,0.8259,0.000527,0.028619
cace,sr,A,cace-sr,cace-sr_A,4,0.01,157,37,0.8982,0.9298,0.002311,0.028263
cace,sr,A,cace-sr,cace-sr_A,4,0.01,158,38,0.9625,1.0582,0.002987,0.028972
cace,sr,A,cace-sr,cace-sr_A,4,0.01,159,39,0.8568,0.7718,0.000454,0.02769
cace,sr,A,cace-sr,cace-sr_A,4,0.01,160,40,0.8405,0.8661,0.001007,0.029004
cace,sr,A,cace-sr,cace-sr_A,5,0.01,161,1,1.0398,0.7462,0.000221,0.027296
cace,sr,A,cace-sr,cace-sr_A,5,0.01,162,2,0.8377,0.8064,0.000543,0.028269
cace,sr,A,cace-sr,cace-sr_A,5,0.01,163,3,0.8374,0.9209,0.00231,0.028109
cace,sr,A,cace-sr,cace-sr_A,5,0.01,164,4,0.9508,1.0793,0.003344,0.028375
cace,sr,A,cace-sr,cace-sr_A,5,0.01,165,5,1.2818,1.2233,0.00422,0.028046
cace,sr,A,cace-sr,cace-sr_A,5,0.01,166,6,1.1996,1.3117,0.003903,0.030629
cace,sr,A,cace-sr,cace-sr_A,5,0.01,167,7,1.0334,0.9186,0.00025,0.030282
cace,sr,A,cace-sr,cace-sr_A,5,0.01,168,8,0.9546,1.0471,0.002341,0.030211
cace,sr,A,cace-sr,cace-sr_A,5,0.01,169,9,1.0639,0.9997,0.002075,0.029902
cace,sr,A,cace-sr,cace-sr_A,5,0.01,170,10,1.071,1.1566,0.003388,0.029583
cace,sr,A,cace-sr,cace-sr_A,5,0.01,171,11,0.9774,0.8537,0.000971,0.028819
cace,sr,A,cace-sr,cace-sr_A,5,0.01,172,12,0.9311,0.9333,0.000583,0.030414
cace,sr,A,cace-sr,cace-sr_A,5,0.01,173,13,1.1011,0.9025,9.4e-05,0.030038
cace,sr,A,cace-sr,cace-sr_A,5,0.01,174,14,1.1222,1.5393,0.004968,0.030563
cace,sr,A,cace-sr,cace-sr_A,5,0.01,175,15,0.9379,0.9123,0.001393,0.029405
cace,sr,A,cace-sr,cace-sr_A,5,0.01,176,16,1.2671,1.3172,0.003303,0.032398
cace,sr,A,cace-sr,cace-sr_A,5,0.01,177,17,0.9919,0.7893,0.000112,0.028089
cace,sr,A,cace-sr,cace-sr_A,5,0.01,178,18,0.9949,1.0036,0.002279,0.029602
cace,sr,A,cace-sr,cace-sr_A,5,0.01,179,19,0.9545,1.0708,0.000628,0.032575
cace,sr,A,cace-sr,cace-sr_A,5,0.01,180,20,0.9729,1.1178,0.001738,0.032307
cace,sr,A,cace-sr,cace-sr_A,5,0.01,181,21,0.8698,0.7889,0.00084,0.027777
cace,sr,A,cace-sr,cace-sr_A,5,0.01,182,22,0.8746,0.9565,0.002617,0.028082
cace,sr,A,cace-sr,cace-sr_A,5,0.01,183,23,0.8523,0.8212,0.001456,0.027734
cace,sr,A,cace-sr,cace-sr_A,5,0.01,184,24,0.8182,0.8008,0.000505,0.028188
cace,sr,A,cace-sr,cace-sr_A,5,0.01,185,25,0.8564,0.8029,0.000637,0.028159
cace,sr,A,cace-sr,cace-sr_A,5,0.01,186,26,0.8276,0.8092,0.001461,0.027512
cace,sr,A,cace-sr,cace-sr_A,5,0.01,187,27,0.8022,0.7748,0.000331,0.027786
cace,sr,A,cace-sr,cace-sr_A,5,0.01,188,28,0.8246,0.8337,0.001461,0.027953
cace,sr,A,cace-sr,cace-sr_A,5,0.01,189,29,0.8025,0.7869,0.000588,0.0279
cace,sr,A,cace-sr,cace-sr_A,5,0.01,190,30,0.8117,0.8427,0.001113,0.028502
cace,sr,A,cace-sr,cace-sr_A,5,0.01,191,31,0.8548,0.8582,0.001707,0.02805
cace,sr,A,cace-sr,cace-sr_A,5,0.01,192,32,0.806,0.778,0.000718,0.027665
cace,sr,A,cace-sr,cace-sr_A,5,0.01,193,33,0.8337,0.7782,0.000479,0.027795
cace,sr,A,cace-sr,cace-sr_A,5,0.01,194,34,0.8972,0.9011,0.000678,0.02983
cace,sr,A,cace-sr,cace-sr_A,5,0.01,195,35,0.891,0.7493,0.000707,0.027148
cace,sr,A,cace-sr,cace-sr_A,5,0.01,196,36,0.8759,0.8708,0.001346,0.028747
cace,sr,A,cace-sr,cace-sr_A,5,0.01,197,37,0.8568,0.8342,0.000614,0.028722
cace,sr,A,cace-sr,cace-sr_A,5,0.01,198,38,0.8769,0.8974,0.002595,0.02706
cace,sr,A,cace-sr,cace-sr_A,5,0.01,199,39,0.8035,0.7801,0.00047,0.027832
cace,sr,A,cace-sr,cace-sr_A,5,0.01,200,40,0.839,0.8683,0.000432,0.029389
cace,sr,A,cace-sr,cace-sr_A,5,0.01,201,1,8.4953,1.5001,0.000139,0.038114
cace,sr,A,cace-sr,cace-sr_A,5,0.01,202,2,29.3239,97.7323,0.006266,0.037852
cace,sr,A,cace-sr,cace-sr_A,5,0.01,203,3,68.9756,25.6575,0.003127,0.040943
cace,sr,A,cace-sr,cace-sr_A,5,0.01,204,4,16.177,29.0717,0.003382,0.032058
cace,sr,A,cace-sr,cace-sr_A,5,0.01,205,5,8.628,3.4831,0.000423,0.055175
cace,sr,A,cace-sr,cace-sr_A,5,0.01,206,6,4.8675,4.3429,0.001159,0.032402
cace,sr,A,cace-sr,cace-sr_A,5,0.01,207,7,5.4693,1.4269,0.00027,0.035335
cace,sr,A,cace-sr,cace-sr_A,5,0.01,208,8,12.551,7.6347,0.001621,0.034505
cace,sr,A,cace-sr,cace-sr_A,5,0.01,209,9,7.8097,1.5791,0.000421,0.033827
cace,sr,A,cace-sr,cace-sr_A,5,0.01,210,10,8.0846,20.8674,0.002848,0.031325
cace,sr,A,cace-sr,cace-sr_A,5,0.01,211,11,16.7617,17.8553,0.002504,0.04974
cace,sr,A,cace-sr,cace-sr_A,5,0.01,212,12,8.3583,7.3769,0.001565,0.037008
cace,sr,A,cace-sr,cace-sr_A,5,0.01,213,13,8.0623,5.5532,0.001353,0.032622
cace,sr,A,cace-sr,cace-sr_A,5,0.01,214,14,8.1414,84.5437,0.005831,0.034152
cace,sr,A,cace-sr,cace-sr_A,5,0.01,215,15,21.7492,9.9783,0.001902,0.033324
cace,sr,A,cace-sr,cace-sr_A,5,0.01,216,16,13.1165,10.3392,0.001787,0.050084
cace,sr,A,cace-sr,cace-sr_A,5,0.01,217,17,8.6571,1.2331,0.00025,0.032856
cace,sr,A,cace-sr,cace-sr_A,5,0.01,218,18,5.7894,7.9886,0.0017,0.029985
cace,sr,A,cace-sr,cace-sr_A,5,0.01,219,19,7.5141,25.7532,0.003153,0.037064
cace,sr,A,cace-sr,cace-sr_A,5,0.01,220,20,17.7356,6.775,0.001526,0.032583
cace,sr,A,cace-sr,cace-sr_A,5,0.01,221,21,19.2537,1.6607,0.000525,0.031394
cace,sr,A,cace-sr,cace-sr_A,5,0.01,222,22,2.1344,6.2309,0.001483,0.028949
cace,sr,A,cace-sr,cace-sr_A,5,0.01,223,23,3.7113,5.9038,0.001439,0.028739
cace,sr,A,cace-sr,cace-sr_A,5,0.01,224,24,3.9484,1.285,0.000432,0.028772
cace,sr,A,cace-sr,cace-sr_A,5,0.01,225,25,1.9414,1.5489,0.000114,0.038951
cace,sr,A,cace-sr,cace-sr_A,5,0.01,226,26,2.8094,3.1598,0.000719,0.043479
cace,sr,A,cace-sr,cace-sr_A,5,0.01,227,27,3.2668,2.4882,0.000652,0.038019
cace,sr,A,cace-sr,cace-sr_A,5,0.01,228,28,2.3718,1.0519,0.0003,0.028823
cace,sr,A,cace-sr,cace-sr_A,5,0.01,229,29,4.2709,0.8861,0.0002,0.028072
cace,sr,A,cace-sr,cace-sr_A,5,0.01,230,30,10.0358,19.2456,0.002709,0.035282
cace,sr,A,cace-sr,cace-sr_A,5,0.01,231,31,7.4157,1.6942,0.00058,0.029484
cace,sr,A,cace-sr,cace-sr_A,5,0.01,232,32,2.568,22.5069,0.002976,0.028172
cace,sr,A,cace-sr,cace-sr_A,5,0.01,233,33,2.1867,1.4656,0.000175,0.037288
cace,sr,A,cace-sr,cace-sr_A,5,0.01,234,34,2.6876,2.9807,0.000618,0.045196
cace,sr,A,cace-sr,cace-sr_A,5,0.01,235,35,3.5985,1.0789,0.000287,0.029612
cace,sr,A,cace-sr,cace-sr_A,5,0.01,236,36,2.9043,2.3671,0.00076,0.03081
cace,sr,A,cace-sr,cace-sr_A,5,0.01,237,37,3.5379,0.9931,0.000243,0.029122
cace,sr,A,cace-sr,cace-sr_A,5,0.01,238,38,9.6474,3.7078,0.001078,0.029334
cace,sr,A,cace-sr,cace-sr_A,5,0.01,239,39,3.0557,1.9343,0.000447,0.038
cace,sr,A,cace-sr,cace-sr_A,5,0.01,240,40,2.7533,4.4281,0.001191,0.030848
cace,sr,A,cace-sr,cace-sr_A,5,0.01,241,41,2.3383,1.0742,0.00035,0.027804
cace,sr,A,cace-sr,cace-sr_A,5,0.01,242,42,2.1378,2.7924,0.000873,0.030361
cace,sr,A,cace-sr,cace-sr_A,5,0.01,243,43,4.2255,0.8033,0.000122,0.027689
cace,sr,A,cace-sr,cace-sr_A,5,0.01,244,44,3.8714,7.4093,0.001644,0.027992
cace,sr,A,cace-sr,cace-sr_A,5,0.01,245,45,2.9473,1.513,0.000548,0.027879
cace,sr,A,cace-sr,cace-sr_A,5,0.01,246,46,1.3954,0.9567,0.000255,0.028235
cace,sr,A,cace-sr,cace-sr_A,5,0.01,247,47,4.0756,2.1072,0.000725,0.02859
cace,sr,A,cace-sr,cace-sr_A,5,0.01,248,48,1.711,1.9971,0.000657,0.030611
cace,sr,A,cace-sr,cace-sr_A,5,0.01,249,49,2.8734,9.2949,0.001857,0.028916
cace,sr,A,cace-sr,cace-sr_A,5,0.01,250,50,2.1621,1.236,0.000442,0.027499
cace,sr,A,cace-sr,cace-sr_A,5,0.01,251,51,1.4534,3.2075,0.000996,0.027861
cace,sr,A,cace-sr,cace-sr_A,5,0.01,252,52,1.3651,0.8974,0.000175,0.028682
cace,sr,A,cace-sr,cace-sr_A,5,0.01,253,53,1.6769,0.8221,0.000151,0.027682
cace,sr,A,cace-sr,cace-sr_A,5,0.01,254,54,2.8364,1.4064,0.000511,0.027666
cace,sr,A,cace-sr,cace-sr_A,5,0.01,255,55,1.2947,0.8376,9.6e-05,0.028545
cace,sr,A,cace-sr,cace-sr_A,5,0.01,256,56,2.0016,1.0176,0.000316,0.027797
cace,sr,A,cace-sr,cace-sr_A,5,0.01,257,57,2.3943,3.3172,0.001021,0.027547
cace,sr,A,cace-sr,cace-sr_A,5,0.01,258,58,6.2325,1.1341,0.000371,0.028222
cace,sr,A,cace-sr,cace-sr_A,5,0.01,259,59,3.4912,12.5811,0.002193,0.028101
cace,sr,A,cace-sr,cace-sr_A,5,0.01,260,60,2.2958,2.2207,0.000745,0.029335
cace,sr,A,cace-sr,cace-sr_A,5,0.01,261,61,1.138,0.9482,0.000272,0.027686
cace,sr,A,cace-sr,cace-sr_A,5,0.01,262,62,2.0456,0.7887,0.000128,0.027355
cace,sr,A,cace-sr,cace-sr_A,5,0.01,263,63,1.7119,1.7886,0.000647,0.027618
cace,sr,A,cace-sr,cace-sr_A,5,0.01,264,64,1.1817,1.3155,0.000276,0.033606
cace,sr,A,cace-sr,cace-sr_A,5,0.01,265,65,1.6737,1.5156,0.00056,0.027303
cace,sr,A,cace-sr,cace-sr_A,5,0.01,266,66,1.0527,0.8142,0.00014,0.027674
cace,sr,A,cace-sr,cace-sr_A,5,0.01,267,67,2.4946,0.8331,0.000137,0.028051
cace,sr,A,cace-sr,cace-sr_A,5,0.01,268,68,2.6118,2.4858,0.000842,0.027367
cace,sr,A,cace-sr,cace-sr_A,5,0.01,269,69,2.422,0.8027,0.000127,0.027629
cace,sr,A,cace-sr,cace-sr_A,5,0.01,270,70,0.971,1.0474,0.000342,0.027567
cace,sr,A,cace-sr,cace-sr_A,5,0.01,271,71,1.2913,0.7886,0.000114,0.02751
cace,sr,A,cace-sr,cace-sr_A,5,0.01,272,72,1.3232,0.8048,0.000158,0.027271
cace,sr,A,cace-sr,cace-sr_A,5,0.01,273,73,1.0921,0.7706,0.000108,0.027237
cace,sr,A,cace-sr,cace-sr_A,5,0.01,274,74,1.0948,2.5421,0.000854,0.027464
cace,sr,A,cace-sr,cace-sr_A,5,0.01,275,75,1.3009,0.8801,0.000153,0.028679
cace,sr,A,cace-sr,cace-sr_A,5,0.01,276,76,1.3006,0.7856,0.0001,0.027591
cace,sr,A,cace-sr,cace-sr_A,5,0.01,277,77,1.1307,1.3708,0.00049,0.02798
cace,sr,A,cace-sr,cace-sr_A,5,0.01,278,78,1.2148,1.1999,0.000318,0.030851
cace,sr,A,cace-sr,cace-sr_A,5,0.01,279,79,1.4316,1.345,0.000493,0.027368
cace,sr,A,cace-sr,cace-sr_A,5,0.01,280,80,1.0691,0.793,0.000134,0.02737
cace,sr,A,cace-sr,cace-sr_A,5,0.01,281,81,0.8785,0.8095,0.000173,0.027124
cace,sr,A,cace-sr,cace-sr_A,5,0.01,282,82,0.894,1.5302,0.000568,0.027175
cace,sr,A,cace-sr,cace-sr_A,5,0.01,283,83,0.8808,0.9329,0.000275,0.027346
cace,sr,A,cace-sr,cace-sr_A,5,0.01,284,84,1.1024,0.8194,0.000187,0.02709
cace,sr,A,cace-sr,cace-sr_A,5,0.01,285,85,0.9743,0.8751,0.00024,0.027082
cace,sr,A,cace-sr,cace-sr_A,5,0.01,286,86,0.8769,1.4592,0.000541,0.027238
cace,sr,A,cace-sr,cace-sr_A,5,0.01,287,87,1.0081,0.8102,0.000169,0.027211
cace,sr,A,cace-sr,cace-sr_A,5,0.01,288,88,0.9466,0.9545,0.000295,0.027216
cace,sr,A,cace-sr,cace-sr_A,5,0.01,289,89,0.908,0.879,0.000233,0.027316
cace,sr,A,cace-sr,cace-sr_A,5,0.01,290,90,1.2857,0.8241,0.000185,0.027213
cace,sr,A,cace-sr,cace-sr_A,5,0.01,291,91,0.9445,1.0252,0.000337,0.027328
cace,sr,A,cace-sr,cace-sr_A,5,0.01,292,92,1.0799,1.0718,0.00037,0.027146
cace,sr,A,cace-sr,cace-sr_A,5,0.01,293,93,0.9082,0.7622,0.00011,0.027062
cace,sr,A,cace-sr,cace-sr_A,5,0.01,294,94,1.0505,0.7508,8.9e-05,0.027045
cace,sr,A,cace-sr,cace-sr_A,5,0.01,295,95,1.0802,0.7866,0.000145,0.027112
cace,sr,A,cace-sr,cace-sr_A,5,0.01,296,96,1.1309,1.0218,0.000339,0.027201
cace,sr,A,cace-sr,cace-sr_A,5,0.01,297,97,1.343,0.8325,0.000196,0.027169
cace,sr,A,cace-sr,cace-sr_A,5,0.01,298,98,0.8089,0.797,0.000159,0.027112
cace,sr,A,cace-sr,cace-sr_A,5,0.01,299,99,1.0153,0.7543,9.2e-05,0.027084
cace,sr,A,cace-sr,cace-sr_A,5,0.01,300,100,0.9496,0.8345,0.000204,0.027055
cace,sr,A,cace-sr,cace-sr_A,5,0.01,301,1,2.1792,5.7008,0.00045,0.027043
cace,sr,A,cace-sr,cace-sr_A,5,0.01,302,2,1.7356,1.9508,0.000223,0.027039
cace,sr,A,cace-sr,cace-sr_A,5,0.01,303,3,2.4459,6.2116,0.000473,0.027131
cace,sr,A,cace-sr,cace-sr_A,5,0.01,304,4,2.3274,1.6612,0.000194,0.027116
cace,sr,A,cace-sr,cace-sr_A,5,0.01,305,5,1.839,1.0066,0.000105,0.027123
cace,sr,A,cace-sr,cace-sr_A,5,0.01,306,6,2.7667,10.0998,0.000618,0.027025
cace,sr,A,cace-sr,cace-sr_A,5,0.01,307,7,3.7033,0.9465,9.1e-05,0.027289
cace,sr,A,cace-sr,cace-sr_A,5,0.01,308,8,1.7206,0.9958,0.000103,0.027149
cace,sr,A,cace-sr,cace-sr_A,5,0.01,309,9,2.4778,0.9779,0.0001,0.027049
cace,sr,A,cace-sr,cace-sr_A,5,0.01,310,10,1.9904,2.4247,0.000263,0.027034
cace,sr,A,cace-sr,cace-sr_A,5,0.01,311,11,3.3146,7.8177,0.000538,0.027022
cace,sr,A,cace-sr,cace-sr_A,5,0.01,312,12,4.3581,3.5154,0.000337,0.027066
cace,sr,A,cace-sr,cace-sr_A,5,0.01,313,13,2.3632,1.3413,0.000158,0.027028
cace,sr,A,cace-sr,cace-sr_A,5,0.01,314,14,2.7592,0.9086,8.5e-05,0.027025
cace,sr,A,cace-sr,cace-sr_A,5,0.01,315,15,2.0386,1.4249,0.000168,0.02702
cace,sr,A,cace-sr,cace-sr_A,5,0.01,316,16,1.5935,1.1918,0.000137,0.027014
cace,sr,A,cace-sr,cace-sr_A,5,0.01,317,17,1.4785,1.0025,0.000102,0.027327
cace,sr,A,cace-sr,cace-sr_A,5,0.01,318,18,1.6125,2.331,0.000255,0.027038
cace,sr,A,cace-sr,cace-sr_A,5,0.01,319,19,3.0864,3.2707,0.000322,0.027094
cace,sr,A,cace-sr,cace-sr_A,5,0.01,320,20,3.271,1.4995,0.000176,0.02724
cace,sr,A,cace-sr,cace-sr_A,5,0.01,321,21,1.8832,1.8037,0.000209,0.027098
cace,sr,A,cace-sr,cace-sr_A,5,0.01,322,22,1.9038,1.5331,0.00018,0.027212
cace,sr,A,cace-sr,cace-sr_A,5,0.01,323,23,1.2459,1.2444,0.000145,0.027034
cace,sr,A,cace-sr,cace-sr_A,5,0.01,324,24,2.0968,1.0191,0.000106,0.027239
cace,sr,A,cace-sr,cace-sr_A,5,0.01,325,25,3.0398,2.1274,0.000239,0.02703
cace,sr,A,cace-sr,cace-sr_A,5,0.01,326,26,2.2129,8.0726,0.000547,0.027185
cace,sr,A,cace-sr,cace-sr_A,5,0.01,327,27,2.1892,0.9349,9.1e-05,0.027014
cace,sr,A,cace-sr,cace-sr_A,5,0.01,328,28,1.8961,1.2563,0.000147,0.027012
cace,sr,A,cace-sr,cace-sr_A,5,0.01,329,29,1.5175,1.1979,0.000138,0.026996
cace,sr,A,cace-sr,cace-sr_A,5,0.01,330,30,1.1402,1.5647,0.000185,0.027005
cace,sr,A,cace-sr,cace-sr_A,5,0.01,331,31,1.2585,0.9159,8.7e-05,0.026994
cace,sr,A,cace-sr,cace-sr_A,5,0.01,332,32,1.3614,0.9276,9e-05,0.027006
cace,sr,A,cace-sr,cace-sr_A,5,0.01,333,33,1.4774,1.7459,0.000203,0.027027
cace,sr,A,cace-sr,cace-sr_A,5,0.01,334,34,2.2314,0.913,8.7e-05,0.027003
cace,sr,A,cace-sr,cace-sr_A,5,0.01,335,35,1.3244,1.9238,0.000221,0.027001
cace,sr,A,cace-sr,cace-sr_A,5,0.01,336,36,2.5559,1.6257,0.000191,0.027112
cace,sr,A,cace-sr,cace-sr_A,5,0.01,337,37,1.9103,1.1081,0.000124,0.027024
cace,sr,A,cace-sr,cace-sr_A,5,0.01,338,38,1.3326,0.9462,9.3e-05,0.027102
cace,sr,A,cace-sr,cace-sr_A,5,0.01,339,39,2.1488,2.4846,0.000267,0.027024
cace,sr,A,cace-sr,cace-sr_A,5,0.01,340,40,2.0415,2.9745,0.000302,0.027027
cace,sr,A,cace-sr,cace-sr_A,5,0.01,341,41,1.4836,1.4459,0.000171,0.027011
cace,sr,A,cace-sr,cace-sr_A,5,0.01,342,42,1.2411,1.0822,0.00012,0.026995
cace,sr,A,cace-sr,cace-sr_A,5,0.01,343,43,1.0602,1.2903,0.000151,0.026994
cace,sr,A,cace-sr,cace-sr_A,5,0.01,344,44,1.2482,1.1001,0.000123,0.027026
cace,sr,A,cace-sr,cace-sr_A,5,0.01,345,45,1.2187,0.9295,9e-05,0.027016
cace,sr,A,cace-sr,cace-sr_A,5,0.01,346,46,1.0764,1.4235,0.000168,0.026997
cace,sr,A,cace-sr,cace-sr_A,5,0.01,347,47,1.6431,1.4342,0.00017,0.026998
cace,sr,A,cace-sr,cace-sr_A,5,0.01,348,48,1.223,1.5449,0.000182,0.026998
cace,sr,A,cace-sr,cace-sr_A,5,0.01,349,49,1.1712,0.9352,9.2e-05,0.027008
cace,sr,A,cace-sr,cace-sr_A,5,0.01,350,50,1.0943,0.9543,9.6e-05,0.027019
cace,sr,A,cace-sr,cace-sr_A,5,0.01,351,51,1.3097,1.0522,0.000115,0.027004
cace,sr,A,cace-sr,cace-sr_A,5,0.01,352,52,1.3738,1.3822,0.000163,0.027058
cace,sr,A,cace-sr,cace-sr_A,5,0.01,353,53,2.307,5.0246,0.000419,0.027005
cace,sr,A,cace-sr,cace-sr_A,5,0.01,354,54,2.3217,0.8996,8.3e-05,0.027008
cace,sr,A,cace-sr,cace-sr_A,5,0.01,355,55,1.1939,0.9071,8.5e-05,0.027048
cace,sr,A,cace-sr,cace-sr_A,5,0.01,356,56,1.1892,1.1505,0.000131,0.026984
cace,sr,A,cace-sr,cace-sr_A,5,0.01,357,57,1.3646,0.8945,8.2e-05,0.026989
cace,sr,A,cace-sr,cace-sr_A,5,0.01,358,58,1.1046,0.9378,9.2e-05,0.027041
cace,sr,A,cace-sr,cace-sr_A,5,0.01,359,59,1.3118,0.9574,9.7e-05,0.026994
cace,sr,A,cace-sr,cace-sr_A,5,0.01,360,60,1.2404,0.9099,8.6e-05,0.027002
cace,sr,A,cace-sr,cace-sr_A,5,0.01,361,61,1.1278,1.8019,0.000209,0.027
cace,sr,A,cace-sr,cace-sr_A,5,0.01,362,62,1.1576,1.0665,0.000117,0.026997
cace,sr,A,cace-sr,cace-sr_A,5,0.01,363,63,1.1384,1.0798,0.00012,0.026986
cace,sr,A,cace-sr,cace-sr_A,5,0.01,364,64,1.0866,0.9449,9.4e-05,0.026982
cace,sr,A,cace-sr,cace-sr_A,5,0.01,365,65,1.1326,0.9311,9.1e-05,0.027008
cace,sr,A,cace-sr,cace-sr_A,5,0.01,366,66,1.0428,1.007,0.000107,0.026989
cace,sr,A,cace-sr,cace-sr_A,5,0.01,367,67,1.2903,0.9707,9.9e-05,0.026983
cace,sr,A,cace-sr,cace-sr_A,5,0.01,368,68,1.0659,0.8955,8.3e-05,0.02699
cace,sr,A,cace-sr,cace-sr_A,5,0.01,369,69,1.0246,1.1552,0.000132,0.026987
cace,sr,A,cace-sr,cace-sr_A,5,0.01,370,70,1.0877,0.903,8.4e-05,0.026984
cace,sr,A,cace-sr,cace-sr_A,5,0.01,371,71,1.1946,0.8983,8.3e-05,0.026985
cace,sr,A,cace-sr,cace-sr_A,5,0.01,372,72,1.0886,1.0284,0.000111,0.026986
cace,sr,A,cace-sr,cace-sr_A,5,0.01,373,73,1.0643,0.9676,9.9e-05,0.027007
cace,sr,A,cace-sr,cace-sr_A,5,0.01,374,74,1.0355,0.959,9.7e-05,0.026991
cace,sr,A,cace-sr,cace-sr_A,5,0.01,375,75,1.0605,0.9336,9.1e-05,0.02699
cace,sr,A,cace-sr,cace-sr_A,5,0.01,376,76,1.1092,1.149,0.000131,0.026993
cace,sr,A,cace-sr,cace-sr_A,5,0.01,377,77,1.0951,1.3967,0.000165,0.026985
cace,sr,A,cace-sr,cace-sr_A,5,0.01,378,78,1.374,0.8919,8.2e-05,0.026984
cace,sr,A,cace-sr,cace-sr_A,5,0.01,379,79,1.0889,1.6717,0.000196,0.026998
cace,sr,A,cace-sr,cace-sr_A,5,0.01,380,80,1.1493,2.0262,0.00023,0.02698
cace,sr,A,cace-sr,cace-sr_A,5,0.01,381,81,1.0841,0.9117,8.7e-05,0.02698
cace,sr,A,cace-sr,cace-sr_A,5,0.01,382,82,1.0283,0.9552,9.6e-05,0.02698
cace,sr,A,cace-sr,cace-sr_A,5,0.01,383,83,1.0254,0.9175,8.8e-05,0.02698
cace,sr,A,cace-sr,cace-sr_A,5,0.01,384,84,1.044,0.9335,9.2e-05,0.026981
cace,sr,A,cace-sr,cace-sr_A,5,0.01,385,85,1.0399,0.895,8.3e-05,0.02698
cace,sr,A,cace-sr,cace-sr_A,5,0.01,386,86,1.0212,1.0262,0.00011,0.026979
cace,sr,A,cace-sr,cace-sr_A,5,0.01,387,87,1.0058,0.8964,8.3e-05,0.026978
cace,sr,A,cace-sr,cace-sr_A,5,0.01,388,88,1.0712,1.174,0.000135,0.026978
cace,sr,A,cace-sr,cace-sr_A,5,0.01,389,89,1.0245,0.8965,8.3e-05,0.02698
cace,sr,A,cace-sr,cace-sr_A,5,0.01,390,90,1.0539,0.9051,8.5e-05,0.026979
cace,sr,A,cace-sr,cace-sr_A,5,0.01,391,91,0.9898,0.9036,8.5e-05,0.026982
cace,sr,A,cace-sr,cace-sr_A,5,0.01,392,92,1.0226,0.9938,0.000104,0.026983
cace,sr,A,cace-sr,cace-sr_A,5,0.01,393,93,1.0192,0.9015,8.4e-05,0.026981
cace,sr,A,cace-sr,cace-sr_A,5,0.01,394,94,0.9937,1.1991,0.000139,0.026984
cace,sr,A,cace-sr,cace-sr_A,5,0.01,395,95,1.1052,0.8962,8.3e-05,0.026978
cace,sr,A,cace-sr,cace-sr_A,5,0.01,396,96,1.0336,0.9009,8.4e-05,0.026978
cace,sr,A,cace-sr,cace-sr_A,5,0.01,397,97,1.0082,1.0139,0.000108,0.026982
cace,sr,A,cace-sr,cace-sr_A,5,0.01,398,98,1.0492,2.0018,0.000228,0.02698
cace,sr,A,cace-sr,cace-sr_A,5,0.01,399,99,1.0552,0.9074,8.6e-05,0.026981
cace,sr,A,cace-sr,cace-sr_A,5,0.01,400,100,1.0457,1.0081,0.000107,0.026984
cace,sr,B,cace-sr,cace-sr_B,1,0.01,1,1,488.9213,44.4994,0.009282,0.20588
cace,sr,B,cace-sr,cace-sr_B,1,0.01,2,2,29.4614,17.2658,0.004214,0.129731
cace,sr,B,cace-sr,cace-sr_B,1,0.01,3,3,17.433,10.2534,0.002838,0.100279
cace,sr,B,cace-sr,cace-sr_B,1,0.01,4,4,9.7992,6.5588,0.001471,0.080658
cace,sr,B,cace-sr,cace-sr_B,1,0.01,5,5,7.4806,6.1236,0.005401,0.07354
cace,sr,B,cace-sr,cace-sr_B,1,0.01,6,6,5.5038,5.312,0.005849,0.066881
cace,sr,B,cace-sr,cace-sr_B,1,0.01,7,7,5.0205,4.2112,0.002038,0.064104
cace,sr,B,cace-sr,cace-sr_B,1,0.01,8,8,4.6877,3.8233,0.001045,0.061616
cace,sr,B,cace-sr,cace-sr_B,1,0.01,9,9,4.2799,3.7258,0.002424,0.059847
cace,sr,B,cace-sr,cace-sr_B,1,0.01,10,10,3.9245,3.4866,0.002221,0.058014
cace,sr,B,cace-sr,cace-sr_B,1,0.01,11,11,4.2807,3.7326,0.003133,0.059092
cace,sr,B,cace-sr,cace-sr_B,1,0.01,12,12,3.7333,3.4883,0.002428,0.057825
cace,sr,B,cace-sr,cace-sr_B,1,0.01,13,13,10.6361,18.0474,0.012214,0.119954
cace,sr,B,cace-sr,cace-sr_B,1,0.01,14,14,23.9042,22.0562,0.019697,0.111991
cace,sr,B,cace-sr,cace-sr_B,1,0.01,15,15,34.0554,55.1083,0.009173,0.230314
cace,sr,B,cace-sr,cace-sr_B,1,0.01,16,16,35.7771,25.4348,0.021425,0.119072
cace,sr,B,cace-sr,cace-sr_B,1,0.01,17,17,22.3019,22.096,0.001733,0.148399
cace,sr,B,cace-sr,cace-sr_B,1,0.01,18,18,15.6382,11.9772,0.005627,0.105834
cace,sr,B,cace-sr,cace-sr_B,1,0.01,19,19,11.4843,10.6304,0.005876,0.098913
cace,sr,B,cace-sr,cace-sr_B,1,0.01,20,20,9.6366,8.7481,0.007943,0.084858
cace,sr,B,cace-sr,cace-sr_B,1,0.01,21,21,6.2186,5.384,0.004084,0.070533
cace,sr,B,cace-sr,cace-sr_B,1,0.01,22,22,4.8055,4.6655,0.006152,0.061134
cace,sr,B,cace-sr,cace-sr_B,1,0.01,23,23,4.3694,4.0576,0.004477,0.059716
cace,sr,B,cace-sr,cace-sr_B,1,0.01,24,24,4.2831,3.8804,0.004276,0.058582
cace,sr,B,cace-sr,cace-sr_B,1,0.01,25,25,4.147,3.8104,0.003041,0.059864
cace,sr,B,cace-sr,cace-sr_B,1,0.01,26,26,3.9586,3.8871,0.000276,0.062331
cace,sr,B,cace-sr,cace-sr_B,1,0.01,27,27,3.8804,3.8675,0.00407,0.058832
cace,sr,B,cace-sr,cace-sr_B,1,0.01,28,28,3.9713,3.7701,0.004973,0.056247
cace,sr,B,cace-sr,cace-sr_B,1,0.01,29,29,3.913,3.5899,0.004507,0.055604
cace,sr,B,cace-sr,cace-sr_B,1,0.01,30,30,3.6991,3.5069,0.002938,0.057404
cace,sr,B,cace-sr,cace-sr_B,1,0.01,31,31,3.5588,3.5425,0.003626,0.056745
cace,sr,B,cace-sr,cace-sr_B,1,0.01,32,32,3.5119,3.4473,0.003821,0.05558
cace,sr,B,cace-sr,cace-sr_B,1,0.01,33,33,3.4218,3.1449,0.00194,0.05525
cace,sr,B,cace-sr,cace-sr_B,1,0.01,34,34,3.3717,3.1436,0.003296,0.05364
cace,sr,B,cace-sr,cace-sr_B,1,0.01,35,35,3.2817,3.0331,0.002729,0.05339
cace,sr,B,cace-sr,cace-sr_B,1,0.01,36,36,3.1893,3.0104,0.001838,0.054107
cace,sr,B,cace-sr,cace-sr_B,1,0.01,37,37,3.1238,3.1068,0.001795,0.055025
cace,sr,B,cace-sr,cace-sr_B,1,0.01,38,38,2.9736,2.8548,0.001649,0.052802
cace,sr,B,cace-sr,cace-sr_B,1,0.01,39,39,3.0029,3.0131,0.002797,0.053116
cace,sr,B,cace-sr,cace-sr_B,1,0.01,40,40,2.8607,2.6685,0.000592,0.051574
cace,sr,B,cace-sr,cace-sr_B,2,0.01,41,1,44.2754,4.6721,0.006719,0.059708
cace,sr,B,cace-sr,cace-sr_B,2,0.01,42,2,8.7405,5.3109,0.004285,0.069718
cace,sr,B,cace-sr,cace-sr_B,2,0.01,43,3,5.3134,11.9117,0.019442,0.051396
cace,sr,B,cace-sr,cace-sr_B,2,0.01,44,4,11.2943,7.7113,0.012057,0.06439
cace,sr,B,cace-sr,cace-sr_B,2,0.01,45,5,6.4947,4.9499,0.003155,0.068598
cace,sr,B,cace-sr,cace-sr_B,2,0.01,46,6,7.0034,2.9495,0.002572,0.052795
cace,sr,B,cace-sr,cace-sr_B,2,0.01,47,7,2.96,2.3643,0.000857,0.048439
cace,sr,B,cace-sr,cace-sr_B,2,0.01,48,8,2.8274,4.3284,0.010243,0.041898
cace,sr,B,cace-sr,cace-sr_B,2,0.01,49,9,3.0269,2.1385,0.001776,0.0454
cace,sr,B,cace-sr,cace-sr_B,2,0.01,50,10,2.6087,4.583,0.00489,0.063218
cace,sr,B,cace-sr,cace-sr_B,2,0.01,51,11,2.7572,2.0522,0.001763,0.044452
cace,sr,B,cace-sr,cace-sr_B,2,0.01,52,12,2.6476,1.768,0.000316,0.042019
cace,sr,B,cace-sr,cace-sr_B,2,0.01,53,13,1.8568,1.3086,0.001187,0.035694
cace,sr,B,cace-sr,cace-sr_B,2,0.01,54,14,1.9216,1.3252,0.000348,0.036362
cace,sr,B,cace-sr,cace-sr_B,2,0.01,55,15,1.6597,1.3665,0.002469,0.034886
cace,sr,B,cace-sr,cace-sr_B,2,0.01,56,16,1.647,1.7787,0.003266,0.03895
cace,sr,B,cace-sr,cace-sr_B,2,0.01,57,17,1.6964,1.996,0.00524,0.036366
cace,sr,B,cace-sr,cace-sr_B,2,0.01,58,18,1.7861,1.6004,0.003609,0.035791
cace,sr,B,cace-sr,cace-sr_B,2,0.01,59,19,1.5333,1.5025,0.00272,0.036346
cace,sr,B,cace-sr,cace-sr_B,2,0.01,60,20,1.8978,2.416,0.006138,0.038626
cace,sr,B,cace-sr,cace-sr_B,2,0.01,61,21,1.2791,1.084,0.001145,0.032432
cace,sr,B,cace-sr,cace-sr_B,2,0.01,62,22,1.2536,1.5369,0.001639,0.038354
cace,sr,B,cace-sr,cace-sr_B,2,0.01,63,23,1.2179,1.3435,0.000915,0.036373
cace,sr,B,cace-sr,cace-sr_B,2,0.01,64,24,1.1411,1.2175,0.002054,0.033377
cace,sr,B,cace-sr,cace-sr_B,2,0.01,65,25,1.1614,1.2579,0.002952,0.032313
cace,sr,B,cace-sr,cace-sr_B,2,0.01,66,26,1.2356,1.0338,0.001542,0.031233
cace,sr,B,cace-sr,cace-sr_B,2,0.01,67,27,1.0699,1.0665,0.001159,0.03215
cace,sr,B,cace-sr,cace-sr_B,2,0.01,68,28,1.0976,1.0986,0.001817,0.0319
cace,sr,B,cace-sr,cace-sr_B,2,0.01,69,29,1.2184,1.6782,0.00033,0.040933
cace,sr,B,cace-sr,cace-sr_B,2,0.01,70,30,1.3209,1.0602,0.001987,0.031038
cace,sr,B,cace-sr,cace-sr_B,2,0.01,71,31,1.1133,0.9575,0.000209,0.030927
cace,sr,B,cace-sr,cace-sr_B,2,0.01,72,32,1.0435,1.0996,0.000584,0.033034
cace,sr,B,cace-sr,cace-sr_B,2,0.01,73,33,1.1126,1.1518,0.003044,0.030407
cace,sr,B,cace-sr,cace-sr_B,2,0.01,74,34,1.0357,1.1024,0.001619,0.03222
cace,sr,B,cace-sr,cace-sr_B,2,0.01,75,35,1.1115,1.1259,0.002741,0.030686
cace,sr,B,cace-sr,cace-sr_B,2,0.01,76,36,1.1472,1.1125,0.002749,0.03045
cace,sr,B,cace-sr,cace-sr_B,2,0.01,77,37,1.0351,1.0113,0.000671,0.031627
cace,sr,B,cace-sr,cace-sr_B,2,0.01,78,38,1.044,0.942,0.001076,0.030226
cace,sr,B,cace-sr,cace-sr_B,2,0.01,79,39,1.025,0.9653,0.001036,0.030643
cace,sr,B,cace-sr,cace-sr_B,2,0.01,80,40,1.0347,1.0629,0.001808,0.031349
cace,sr,B,cace-sr,cace-sr_B,3,0.01,81,1,1.5184,0.8848,0.000136,0.029738
cace,sr,B,cace-sr,cace-sr_B,3,0.01,82,2,1.008,0.9828,0.000647,0.031185
cace,sr,B,cace-sr,cace-sr_B,3,0.01,83,3,1.1218,1.0747,0.002774,0.029766
cace,sr,B,cace-sr,cace-sr_B,3,0.01,84,4,1.2881,1.845,0.005872,0.031616
cace,sr,B,cace-sr,cace-sr_B,3,0.01,85,5,1.4027,1.0553,0.001049,0.032068
cace,sr,B,cace-sr,cace-sr_B,3,0.01,86,6,1.1836,1.3838,0.003908,0.031768
cace,sr,B,cace-sr,cace-sr_B,3,0.01,87,7,1.2558,1.101,0.001127,0.032708
cace,sr,B,cace-sr,cace-sr_B,3,0.01,88,8,1.2418,1.0205,0.001527,0.031037
cace,sr,B,cace-sr,cace-sr_B,3,0.01,89,9,1.5305,0.9688,0.00167,0.030007
cace,sr,B,cace-sr,cace-sr_B,3,0.01,90,10,1.1221,1.4205,0.004491,0.030427
cace,sr,B,cace-sr,cace-sr_B,3,0.01,91,11,1.5139,1.113,0.001517,0.032505
cace,sr,B,cace-sr,cace-sr_B,3,0.01,92,12,1.2131,1.8465,0.00584,0.031784
cace,sr,B,cace-sr,cace-sr_B,3,0.01,93,13,1.3956,1.2468,0.002113,0.033724
cace,sr,B,cace-sr,cace-sr_B,3,0.01,94,14,1.08,0.9773,0.000138,0.031255
cace,sr,B,cace-sr,cace-sr_B,3,0.01,95,15,1.1923,1.0098,0.000589,0.031644
cace,sr,B,cace-sr,cace-sr_B,3,0.01,96,16,1.1342,1.0821,0.001657,0.031856
cace,sr,B,cace-sr,cace-sr_B,3,0.01,97,17,1.1833,1.0673,0.000825,0.032413
cace,sr,B,cace-sr,cace-sr_B,3,0.01,98,18,1.5249,1.1413,0.003153,0.029958
cace,sr,B,cace-sr,cace-sr_B,3,0.01,99,19,1.3498,1.2837,0.002824,0.032986
cace,sr,B,cace-sr,cace-sr_B,3,0.01,100,20,1.2026,1.3158,0.002561,0.033985
cace,sr,B,cace-sr,cace-sr_B,3,0.01,101,21,0.9887,0.9636,0.001679,0.029908
cace,sr,B,cace-sr,cace-sr_B,3,0.01,102,22,0.9228,0.9622,0.000113,0.031015
cace,sr,B,cace-sr,cace-sr_B,3,0.01,103,23,0.9516,0.8706,0.000479,0.02941
cace,sr,B,cace-sr,cace-sr_B,3,0.01,104,24,0.9607,0.9424,0.000913,0.030364
cace,sr,B,cace-sr,cace-sr_B,3,0.01,105,25,0.8967,0.9172,0.001018,0.029864
cace,sr,B,cace-sr,cace-sr_B,3,0.01,106,26,0.9393,0.8488,0.000199,0.029118
cace,sr,B,cace-sr,cace-sr_B,3,0.01,107,27,0.9408,1.0959,0.002494,0.030714
cace,sr,B,cace-sr,cace-sr_B,3,0.01,108,28,1.0111,0.9285,0.001521,0.029526
cace,sr,B,cace-sr,cace-sr_B,3,0.01,109,29,0.9721,0.9034,0.001133,0.029528
cace,sr,B,cace-sr,cace-sr_B,3,0.01,110,30,0.9796,0.866,0.000544,0.029305
cace,sr,B,cace-sr,cace-sr_B,3,0.01,111,31,1.0226,1.2895,0.003617,0.031123
cace,sr,B,cace-sr,cace-sr_B,3,0.01,112,32,0.9788,0.876,0.00064,0.029426
cace,sr,B,cace-sr,cace-sr_B,3,0.01,113,33,0.9804,1.0869,0.003228,0.028832
cace,sr,B,cace-sr,cace-sr_B,3,0.01,114,34,0.9334,0.9695,0.000212,0.031119
cace,sr,B,cace-sr,cace-sr_B,3,0.01,115,35,0.9182,0.9546,0.00191,0.029413
cace,sr,B,cace-sr,cace-sr_B,3,0.01,116,36,0.9828,1.3358,0.000716,0.036377
cace,sr,B,cace-sr,cace-sr_B,3,0.01,117,37,0.9619,0.8502,0.000708,0.028946
cace,sr,B,cace-sr,cace-sr_B,3,0.01,118,38,0.9646,0.8927,0.000614,0.029723
cace,sr,B,cace-sr,cace-sr_B,3,0.01,119,39,0.9102,0.8824,0.000989,0.029299
cace,sr,B,cace-sr,cace-sr_B,3,0.01,120,40,0.8874,0.8866,0.000533,0.029658
cace,sr,B,cace-sr,cace-sr_B,4,0.01,121,1,1.152,0.8305,0.000706,0.028605
cace,sr,B,cace-sr,cace-sr_B,4,0.01,122,2,0.8704,0.8227,0.000316,0.02864
cace,sr,B,cace-sr,cace-sr_B,4,0.01,123,3,0.9719,0.884,0.00032,0.02969
cace,sr,B,cace-sr,cace-sr_B,4,0.01,124,4,1.0741,0.8858,0.000986,0.029359
cace,sr,B,cace-sr,cace-sr_B,4,0.01,125,5,1.2698,1.0062,0.0014,0.030954
cace,sr,B,cace-sr,cace-sr_B,4,0.01,126,6,1.1172,1.032,0.000132,0.032119
cace,sr,B,cace-sr,cace-sr_B,4,0.01,127,7,1.2355,0.9612,0.001792,0.029707
cace,sr,B,cace-sr,cace-sr_B,4,0.01,128,8,1.433,1.2232,0.002745,0.032224
cace,sr,B,cace-sr,cace-sr_B,4,0.01,129,9,1.126,1.0193,0.002198,0.030014
cace,sr,B,cace-sr,cace-sr_B,4,0.01,130,10,1.0466,1.0488,0.000891,0.032084
cace,sr,B,cace-sr,cace-sr_B,4,0.01,131,11,1.1434,0.9557,0.001221,0.030318
cace,sr,B,cace-sr,cace-sr_B,4,0.01,132,12,1.0796,1.0301,0.002179,0.030227
cace,sr,B,cace-sr,cace-sr_B,4,0.01,133,13,1.1601,1.2439,0.00081,0.03504
cace,sr,B,cace-sr,cace-sr_B,4,0.01,134,14,1.419,2.2188,0.00518,0.039506
cace,sr,B,cace-sr,cace-sr_B,4,0.01,135,15,1.2081,1.0077,0.001285,0.031099
cace,sr,B,cace-sr,cace-sr_B,4,0.01,136,16,1.07,1.2735,0.003285,0.031761
cace,sr,B,cace-sr,cace-sr_B,4,0.01,137,17,0.9926,1.0164,0.001484,0.031022
cace,sr,B,cace-sr,cace-sr_B,4,0.01,138,18,1.0466,0.8368,0.00037,0.028869
cace,sr,B,cace-sr,cace-sr_B,4,0.01,139,19,1.2332,1.4707,0.00488,0.029775
cace,sr,B,cace-sr,cace-sr_B,4,0.01,140,20,1.0845,1.256,0.000145,0.035433
cace,sr,B,cace-sr,cace-sr_B,4,0.01,141,21,0.9203,0.8203,0.000331,0.028595
cace,sr,B,cace-sr,cace-sr_B,4,0.01,142,22,0.8785,0.8561,0.000596,0.029109
cace,sr,B,cace-sr,cace-sr_B,4,0.01,143,23,0.8918,0.9862,0.002149,0.029545
cace,sr,B,cace-sr,cace-sr_B,4,0.01,144,24,0.9219,0.7807,0.000386,0.027876
cace,sr,B,cace-sr,cace-sr_B,4,0.01,145,25,0.8603,0.8698,0.001176,0.028911
cace,sr,B,cace-sr,cace-sr_B,4,0.01,146,26,0.8499,0.7926,0.000701,0.027939
cace,sr,B,cace-sr,cace-sr_B,4,0.01,147,27,0.8692,0.807,0.000434,0.028327
cace,sr,B,cace-sr,cace-sr_B,4,0.01,148,28,0.8686,0.7989,0.000427,0.028186
cace,sr,B,cace-sr,cace-sr_B,4,0.01,149,29,0.8293,0.7814,9.4e-05,0.027949
cace,sr,B,cace-sr,cace-sr_B,4,0.01,150,30,0.8375,0.8442,0.001286,0.028349
cace,sr,B,cace-sr,cace-sr_B,4,0.01,151,31,0.9117,0.9608,0.002335,0.028759
cace,sr,B,cace-sr,cace-sr_B,4,0.01,152,32,0.8787,0.9383,0.001325,0.029921
cace,sr,B,cace-sr,cace-sr_B,4,0.01,153,33,0.8916,0.9981,0.001945,0.030089
cace,sr,B,cace-sr,cace-sr_B,4,0.01,154,34,0.8434,0.9059,0.000963,0.029718
cace,sr,B,cace-sr,cace-sr_B,4,0.01,155,35,0.9267,0.7953,0.000747,0.027957
cace,sr,B,cace-sr,cace-sr_B,4,0.01,156,36,0.8894,0.9701,0.002764,0.027978
cace,sr,B,cace-sr,cace-sr_B,4,0.01,157,37,0.9489,0.828,0.000972,0.02837
cace,sr,B,cace-sr,cace-sr_B,4,0.01,158,38,0.8325,0.8075,0.000821,0.028124
cace,sr,B,cace-sr,cace-sr_B,4,0.01,159,39,0.8369,1.069,0.002816,0.029574
cace,sr,B,cace-sr,cace-sr_B,4,0.01,160,40,0.8696,0.9337,0.001201,0.029972
cace,sr,B,cace-sr,cace-sr_B,5,0.01,161,1,1.114,0.7699,0.000759,0.027492
cace,sr,B,cace-sr,cace-sr_B,5,0.01,162,2,0.8404,0.8748,0.00141,0.02874
cace,sr,B,cace-sr,cace-sr_B,5,0.01,163,3,0.8987,0.9344,0.00256,0.027815
cace,sr,B,cace-sr,cace-sr_B,5,0.01,164,4,1.0105,0.821,0.000291,0.028617
cace,sr,B,cace-sr,cace-sr_B,5,0.01,165,5,1.1174,1.4615,0.003937,0.032884
cace,sr,B,cace-sr,cace-sr_B,5,0.01,166,6,1.308,0.9402,0.000193,0.030648
cace,sr,B,cace-sr,cace-sr_B,5,0.01,167,7,1.1401,3.0016,0.009285,0.029789
cace,sr,B,cace-sr,cace-sr_B,5,0.01,168,8,1.3904,1.3251,0.004625,0.028294
cace,sr,B,cace-sr,cace-sr_B,5,0.01,169,9,1.1689,1.7255,0.000427,0.041485
cace,sr,B,cace-sr,cace-sr_B,5,0.01,170,10,1.2837,0.9328,0.000705,0.030341
cace,sr,B,cace-sr,cace-sr_B,5,0.01,171,11,1.1239,1.9561,0.006451,0.030585
cace,sr,B,cace-sr,cace-sr_B,5,0.01,172,12,1.3724,1.0938,0.002745,0.030149
cace,sr,B,cace-sr,cace-sr_B,5,0.01,173,13,1.0906,1.0142,0.000787,0.031607
cace,sr,B,cace-sr,cace-sr_B,5,0.01,174,14,1.0163,0.8965,0.001223,0.029323
cace,sr,B,cace-sr,cace-sr_B,5,0.01,175,15,1.0191,1.0666,0.001608,0.031673
cace,sr,B,cace-sr,cace-sr_B,5,0.01,176,16,1.1628,2.0307,0.006518,0.031445
cace,sr,B,cace-sr,cace-sr_B,5,0.01,177,17,1.2054,1.2114,0.003847,0.029128
cace,sr,B,cace-sr,cace-sr_B,5,0.01,178,18,0.9604,0.9755,0.000981,0.030853
cace,sr,B,cace-sr,cace-sr_B,5,0.01,179,19,0.9526,0.8135,0.000969,0.028115
cace,sr,B,cace-sr,cace-sr_B,5,0.01,180,20,0.967,1.3562,0.003762,0.031766
cace,sr,B,cace-sr,cace-sr_B,5,0.01,181,21,0.8684,0.8162,0.001084,0.02806
cace,sr,B,cace-sr,cace-sr_B,5,0.01,182,22,0.8609,0.8022,0.000316,0.02828
cace,sr,B,cace-sr,cace-sr_B,5,0.01,183,23,0.8407,0.9462,0.001838,0.029383
cace,sr,B,cace-sr,cace-sr_B,5,0.01,184,24,0.8603,0.8553,0.001058,0.028773
cace,sr,B,cace-sr,cace-sr_B,5,0.01,185,25,0.8355,0.8095,0.000425,0.028374
cace,sr,B,cace-sr,cace-sr_B,5,0.01,186,26,0.8625,0.7831,0.000289,0.027947
cace,sr,B,cace-sr,cace-sr_B,5,0.01,187,27,0.8659,0.7551,0.00014,0.027471
cace,sr,B,cace-sr,cace-sr_B,5,0.01,188,28,0.8273,0.8566,0.000368,0.02921
cace,sr,B,cace-sr,cace-sr_B,5,0.01,189,29,0.8344,0.8136,0.00142,0.027643
cace,sr,B,cace-sr,cace-sr_B,5,0.01,190,30,0.8154,0.751,0.000244,0.027378
cace,sr,B,cace-sr,cace-sr_B,5,0.01,191,31,0.8387,0.9173,0.002008,0.028608
cace,sr,B,cace-sr,cace-sr_B,5,0.01,192,32,0.8631,0.9259,0.000415,0.03036
cace,sr,B,cace-sr,cace-sr_B,5,0.01,193,33,0.8671,0.9151,0.001997,0.028589
cace,sr,B,cace-sr,cace-sr_B,5,0.01,194,34,0.846,0.8024,0.000104,0.028323
cace,sr,B,cace-sr,cace-sr_B,5,0.01,195,35,0.8163,0.823,0.000377,0.028627
cace,sr,B,cace-sr,cace-sr_B,5,0.01,196,36,0.8449,0.7805,0.000344,0.027885
cace,sr,B,cace-sr,cace-sr_B,5,0.01,197,37,0.8178,0.8587,0.001504,0.028342
cace,sr,B,cace-sr,cace-sr_B,5,0.01,198,38,0.8215,0.816,0.001054,0.028084
cace,sr,B,cace-sr,cace-sr_B,5,0.01,199,39,0.816,0.772,0.000695,0.027571
cace,sr,B,cace-sr,cace-sr_B,5,0.01,200,40,0.8527,0.7691,0.000297,0.027694
cace,sr,B,cace-sr,cace-sr_B,5,0.01,201,1,13.0931,51.2445,0.004534,0.028753
cace,sr,B,cace-sr,cace-sr_B,5,0.01,202,2,18.8556,1.4537,0.000502,0.028925
cace,sr,B,cace-sr,cace-sr_B,5,0.01,203,3,28.1923,49.5002,0.004447,0.031752
cace,sr,B,cace-sr,cace-sr_B,5,0.01,204,4,35.2083,3.8125,0.001055,0.032897
cace,sr,B,cace-sr,cace-sr_B,5,0.01,205,5,8.0053,1.3626,0.000436,0.029941
cace,sr,B,cace-sr,cace-sr_B,5,0.01,206,6,7.3092,22.2652,0.002943,0.03203
cace,sr,B,cace-sr,cace-sr_B,5,0.01,207,7,16.3939,3.5632,0.000625,0.051038
cace,sr,B,cace-sr,cace-sr_B,5,0.01,208,8,19.2003,1.2233,0.000327,0.031007
cace,sr,B,cace-sr,cace-sr_B,5,0.01,209,9,3.67,2.9526,0.000367,0.051213
cace,sr,B,cace-sr,cace-sr_B,5,0.01,210,10,9.868,31.4569,0.003508,0.035666
cace,sr,B,cace-sr,cace-sr_B,5,0.01,211,11,23.186,9.1481,0.001802,0.034477
cace,sr,B,cace-sr,cace-sr_B,5,0.01,212,12,5.3431,5.04,0.00111,0.044898
cace,sr,B,cace-sr,cace-sr_B,5,0.01,213,13,9.8789,15.5987,0.002414,0.036155
cace,sr,B,cace-sr,cace-sr_B,5,0.01,214,14,7.4327,1.9361,0.000616,0.031729
cace,sr,B,cace-sr,cace-sr_B,5,0.01,215,15,5.0866,4.1618,0.000668,0.05538
cace,sr,B,cace-sr,cace-sr_B,5,0.01,216,16,10.1861,2.9256,0.000849,0.034025
cace,sr,B,cace-sr,cace-sr_B,5,0.01,217,17,42.3787,65.7788,0.0051,0.044526
cace,sr,B,cace-sr,cace-sr_B,5,0.01,218,18,16.4068,2.8864,0.000833,0.034406
cace,sr,B,cace-sr,cace-sr_B,5,0.01,219,19,5.5168,9.8569,0.001861,0.036983
cace,sr,B,cace-sr,cace-sr_B,5,0.01,220,20,9.4403,1.6337,0.000364,0.036182
cace,sr,B,cace-sr,cace-sr_B,5,0.01,221,21,3.2609,2.9294,0.000741,0.039803
cace,sr,B,cace-sr,cace-sr_B,5,0.01,222,22,3.8552,1.6423,0.000562,0.029452
cace,sr,B,cace-sr,cace-sr_B,5,0.01,223,23,4.8392,1.232,0.00039,0.029315
cace,sr,B,cace-sr,cace-sr_B,5,0.01,224,24,3.1165,1.8638,0.000136,0.042641
cace,sr,B,cace-sr,cace-sr_B,5,0.01,225,25,4.8514,14.5583,0.002361,0.029749
cace,sr,B,cace-sr,cace-sr_B,5,0.01,226,26,5.0381,1.0119,0.000277,0.028698
cace,sr,B,cace-sr,cace-sr_B,5,0.01,227,27,1.9687,0.9599,0.000205,0.029268
cace,sr,B,cace-sr,cace-sr_B,5,0.01,228,28,2.576,1.1735,0.000274,0.031454
cace,sr,B,cace-sr,cace-sr_B,5,0.01,229,29,2.7355,5.901,0.001435,0.02919
cace,sr,B,cace-sr,cace-sr_B,5,0.01,230,30,6.144,1.1667,0.000238,0.032062
cace,sr,B,cace-sr,cace-sr_B,5,0.01,231,31,2.0831,2.5475,0.000821,0.02994
cace,sr,B,cace-sr,cace-sr_B,5,0.01,232,32,4.4187,1.3236,0.000415,0.030023
cace,sr,B,cace-sr,cace-sr_B,5,0.01,233,33,3.4359,2.8778,0.000775,0.037478
cace,sr,B,cace-sr,cace-sr_B,5,0.01,234,34,7.3195,3.172,0.000936,0.031967
cace,sr,B,cace-sr,cace-sr_B,5,0.01,235,35,3.6211,2.8808,0.000769,0.037823
cace,sr,B,cace-sr,cace-sr_B,5,0.01,236,36,3.9325,1.0169,0.000286,0.028566
cace,sr,B,cace-sr,cace-sr_B,5,0.01,237,37,3.1125,6.9772,0.001452,0.042529
cace,sr,B,cace-sr,cace-sr_B,5,0.01,238,38,3.3527,1.0041,0.000258,0.029001
cace,sr,B,cace-sr,cace-sr_B,5,0.01,239,39,3.5075,6.4003,0.000744,0.07102
cace,sr,B,cace-sr,cace-sr_B,5,0.01,240,40,2.6339,2.1074,0.000593,0.035267
cace,sr,B,cace-sr,cace-sr_B,5,0.01,241,41,2.2429,0.8578,0.00017,0.028054
cace,sr,B,cace-sr,cace-sr_B,5,0.01,242,42,1.6565,2.1097,0.000698,0.030267
cace,sr,B,cace-sr,cace-sr_B,5,0.01,243,43,2.3247,1.2612,0.000271,0.032875
cace,sr,B,cace-sr,cace-sr_B,5,0.01,244,44,2.2944,1.3621,0.000488,0.027873
cace,sr,B,cace-sr,cace-sr_B,5,0.01,245,45,1.4441,0.8909,0.000204,0.028084
cace,sr,B,cace-sr,cace-sr_B,5,0.01,246,46,1.5488,2.0312,0.000716,0.027837
cace,sr,B,cace-sr,cace-sr_B,5,0.01,247,47,1.486,1.4501,0.000524,0.027852
cace,sr,B,cace-sr,cace-sr_B,5,0.01,248,48,1.6205,2.7408,0.000896,0.02781
cace,sr,B,cace-sr,cace-sr_B,5,0.01,249,49,1.5801,1.8569,0.000658,0.028194
cace,sr,B,cace-sr,cace-sr_B,5,0.01,250,50,1.3285,0.8593,0.000119,0.028718
cace,sr,B,cace-sr,cace-sr_B,5,0.01,251,51,1.4558,0.8655,0.000127,0.028744
cace,sr,B,cace-sr,cace-sr_B,5,0.01,252,52,2.1215,0.993,0.000258,0.028804
cace,sr,B,cace-sr,cace-sr_B,5,0.01,253,53,1.5977,0.9246,0.000222,0.028352
cace,sr,B,cace-sr,cace-sr_B,5,0.01,254,54,3.4753,7.2228,0.001618,0.028395
cace,sr,B,cace-sr,cace-sr_B,5,0.01,255,55,4.4876,1.0361,0.000303,0.028489
cace,sr,B,cace-sr,cace-sr_B,5,0.01,256,56,1.8526,4.0286,0.001153,0.027705
cace,sr,B,cace-sr,cace-sr_B,5,0.01,257,57,1.9619,0.9618,0.000278,0.027801
cace,sr,B,cace-sr,cace-sr_B,5,0.01,258,58,1.6574,2.5382,0.000839,0.028493
cace,sr,B,cace-sr,cace-sr_B,5,0.01,259,59,2.1807,1.5915,0.000571,0.028153
cace,sr,B,cace-sr,cace-sr_B,5,0.01,260,60,2.6183,1.7611,0.000635,0.027802
cace,sr,B,cace-sr,cace-sr_B,5,0.01,261,61,1.8753,1.9077,0.000683,0.027654
cace,sr,B,cace-sr,cace-sr_B,5,0.01,262,62,1.6488,0.9835,0.000291,0.027849
cace,sr,B,cace-sr,cace-sr_B,5,0.01,263,63,0.9373,0.9284,0.000173,0.029234
cace,sr,B,cace-sr,cace-sr_B,5,0.01,264,64,1.1878,0.7895,0.000122,0.027445
cace,sr,B,cace-sr,cace-sr_B,5,0.01,265,65,1.0984,0.9186,0.00025,0.027656
cace,sr,B,cace-sr,cace-sr_B,5,0.01,266,66,0.987,0.9018,0.000228,0.027835
cace,sr,B,cace-sr,cace-sr_B,5,0.01,267,67,1.739,0.7719,8.7e-05,0.027448
cace,sr,B,cace-sr,cace-sr_B,5,0.01,268,68,1.2079,1.9422,0.000688,0.027932
cace,sr,B,cace-sr,cace-sr_B,5,0.01,269,69,1.1059,1.0723,0.000358,0.027521
cace,sr,B,cace-sr,cace-sr_B,5,0.01,270,70,0.9882,0.8322,0.00016,0.027744
cace,sr,B,cace-sr,cace-sr_B,5,0.01,271,71,1.4073,0.7835,8.3e-05,0.027688
cace,sr,B,cace-sr,cace-sr_B,5,0.01,272,72,1.1157,0.8289,0.000173,0.02749
cace,sr,B,cace-sr,cace-sr_B,5,0.01,273,73,1.3971,0.8623,0.000211,0.027436
cace,sr,B,cace-sr,cace-sr_B,5,0.01,274,74,1.1964,1.0434,0.000332,0.0278
cace,sr,B,cace-sr,cace-sr_B,5,0.01,275,75,0.9451,0.8663,0.000183,0.027996
cace,sr,B,cace-sr,cace-sr_B,5,0.01,276,76,0.9242,0.811,0.000159,0.027374
cace,sr,B,cace-sr,cace-sr_B,5,0.01,277,77,1.442,2.9953,0.000955,0.027573
cace,sr,B,cace-sr,cace-sr_B,5,0.01,278,78,1.1315,0.8664,0.000219,0.027366
cace,sr,B,cace-sr,cace-sr_B,5,0.01,279,79,1.2848,0.8136,0.000158,0.027428
cace,sr,B,cace-sr,cace-sr_B,5,0.01,280,80,2.11,1.6523,0.000606,0.027438
cace,sr,B,cace-sr,cace-sr_B,5,0.01,281,81,0.9716,0.8122,0.000164,0.02731
cace,sr,B,cace-sr,cace-sr_B,5,0.01,282,82,0.9088,0.7733,0.000105,0.027315
cace,sr,B,cace-sr,cace-sr_B,5,0.01,283,83,0.9821,1.0641,0.000356,0.027457
cace,sr,B,cace-sr,cace-sr_B,5,0.01,284,84,0.9813,0.796,9e-05,0.027857
cace,sr,B,cace-sr,cace-sr_B,5,0.01,285,85,1.2383,2.9546,0.000947,0.027444
cace,sr,B,cace-sr,cace-sr_B,5,0.01,286,86,1.0734,1.7957,0.000654,0.027354
cace,sr,B,cace-sr,cace-sr_B,5,0.01,287,87,0.8858,0.907,0.000252,0.027416
cace,sr,B,cace-sr,cace-sr_B,5,0.01,288,88,0.9334,1.2223,0.000439,0.027367
cace,sr,B,cace-sr,cace-sr_B,5,0.01,289,89,1.1039,0.7821,0.000116,0.02737
cace,sr,B,cace-sr,cace-sr_B,5,0.01,290,90,1.0233,0.8256,0.000182,0.027286
cace,sr,B,cace-sr,cace-sr_B,5,0.01,291,91,0.8925,0.8897,0.000238,0.027391
cace,sr,B,cace-sr,cace-sr_B,5,0.01,292,92,1.0164,0.8165,0.000173,0.027253
cace,sr,B,cace-sr,cace-sr_B,5,0.01,293,93,0.9277,1.7664,0.00064,0.027628
cace,sr,B,cace-sr,cace-sr_B,5,0.01,294,94,0.9666,0.8352,0.00017,0.027646
cace,sr,B,cace-sr,cace-sr_B,5,0.01,295,95,0.9594,0.7772,0.000118,0.02726
cace,sr,B,cace-sr,cace-sr_B,5,0.01,296,96,0.8973,0.8733,0.00019,0.028013
cace,sr,B,cace-sr,cace-sr_B,5,0.01,297,97,0.9554,1.2698,0.000453,0.027674
cace,sr,B,cace-sr,cace-sr_B,5,0.01,298,98,1.2595,0.9707,0.000298,0.027451
cace,sr,B,cace-sr,cace-sr_B,5,0.01,299,99,1.1634,1.3668,0.000502,0.02736
cace,sr,B,cace-sr,cace-sr_B,5,0.01,300,100,1.0664,0.85,0.000207,0.027287
cace,sr,B,cace-sr,cace-sr_B,5,0.01,301,1,1.8559,1.0236,0.000106,0.027371
cace,sr,B,cace-sr,cace-sr_B,5,0.01,302,2,2.2605,0.9318,8.7e-05,0.027314
cace,sr,B,cace-sr,cace-sr_B,5,0.01,303,3,2.3941,4.7592,0.000405,0.027248
cace,sr,B,cace-sr,cace-sr_B,5,0.01,304,4,2.7732,4.174,0.000374,0.027267
cace,sr,B,cace-sr,cace-sr_B,5,0.01,305,5,2.492,0.9825,9.9e-05,0.027221
cace,sr,B,cace-sr,cace-sr_B,5,0.01,306,6,1.8475,3.8187,0.000354,0.027228
cace,sr,B,cace-sr,cace-sr_B,5,0.01,307,7,1.8323,1.6245,0.00019,0.027261
cace,sr,B,cace-sr,cace-sr_B,5,0.01,308,8,2.5735,1.6875,0.000196,0.027257
cace,sr,B,cace-sr,cace-sr_B,5,0.01,309,9,1.8845,1.0278,0.000108,0.027244
cace,sr,B,cace-sr,cace-sr_B,5,0.01,310,10,1.558,0.9033,8.1e-05,0.027237
cace,sr,B,cace-sr,cace-sr_B,5,0.01,311,11,3.2504,2.6099,0.000276,0.027248
cace,sr,B,cace-sr,cace-sr_B,5,0.01,312,12,2.3818,1.038,0.00011,0.027249
cace,sr,B,cace-sr,cace-sr_B,5,0.01,313,13,2.5089,4.6363,0.000398,0.02724
cace,sr,B,cace-sr,cace-sr_B,5,0.01,314,14,2.3769,2.388,0.000259,0.027226
cace,sr,B,cace-sr,cace-sr_B,5,0.01,315,15,1.87,1.546,0.000181,0.027316
cace,sr,B,cace-sr,cace-sr_B,5,0.01,316,16,4.8981,1.6931,0.00019,0.028343
cace,sr,B,cace-sr,cace-sr_B,5,0.01,317,17,1.7435,1.2116,0.000138,0.027294
cace,sr,B,cace-sr,cace-sr_B,5,0.01,318,18,2.6351,0.9323,8.8e-05,0.027277
cace,sr,B,cace-sr,cace-sr_B,5,0.01,319,19,1.8621,0.9538,9.3e-05,0.027221
cace,sr,B,cace-sr,cace-sr_B,5,0.01,320,20,1.6895,4.6824,0.000401,0.027237
cace,sr,B,cace-sr,cace-sr_B,5,0.01,321,21,2.2913,1.4035,0.000163,0.027372
cace,sr,B,cace-sr,cace-sr_B,5,0.01,322,22,1.3695,1.2911,0.00015,0.027226
cace,sr,B,cace-sr,cace-sr_B,5,0.01,323,23,1.8023,1.6516,0.000193,0.027242
cace,sr,B,cace-sr,cace-sr_B,5,0.01,324,24,1.4389,1.4696,0.00017,0.027513
cace,sr,B,cace-sr,cace-sr_B,5,0.01,325,25,1.7211,1.0494,0.000112,0.027216
cace,sr,B,cace-sr,cace-sr_B,5,0.01,326,26,1.6157,3.4816,0.000334,0.027227
cace,sr,B,cace-sr,cace-sr_B,5,0.01,327,27,1.5587,0.89,7.8e-05,0.027207
cace,sr,B,cace-sr,cace-sr_B,5,0.01,328,28,1.2645,1.2127,0.000139,0.027209
cace,sr,B,cace-sr,cace-sr_B,5,0.01,329,29,1.5926,4.6158,0.000397,0.027275
cace,sr,B,cace-sr,cace-sr_B,5,0.01,330,30,1.2983,1.4165,0.000165,0.027337
cace,sr,B,cace-sr,cace-sr_B,5,0.01,331,31,1.3481,1.0731,0.000116,0.027214
cace,sr,B,cace-sr,cace-sr_B,5,0.01,332,32,1.7483,2.4233,0.000262,0.027211
cace,sr,B,cace-sr,cace-sr_B,5,0.01,333,33,2.0984,1.3763,0.000161,0.027287
cace,sr,B,cace-sr,cace-sr_B,5,0.01,334,34,1.4167,1.7755,0.000205,0.027212
cace,sr,B,cace-sr,cace-sr_B,5,0.01,335,35,1.3554,1.0561,0.000113,0.027217
cace,sr,B,cace-sr,cace-sr_B,5,0.01,336,36,1.3434,1.1478,0.000129,0.027235
cace,sr,B,cace-sr,cace-sr_B,5,0.01,337,37,1.2939,1.8035,0.000208,0.027209
cace,sr,B,cace-sr,cace-sr_B,5,0.01,338,38,1.5491,0.9515,9.2e-05,0.02729
cace,sr,B,cace-sr,cace-sr_B,5,0.01,339,39,1.7514,1.001,0.000103,0.02721
cace,sr,B,cace-sr,cace-sr_B,5,0.01,340,40,1.6001,0.9349,8.9e-05,0.027207
cace,sr,B,cace-sr,cace-sr_B,5,0.01,341,41,1.3236,1.6916,0.000196,0.027404
cace,sr,B,cace-sr,cace-sr_B,5,0.01,342,42,1.1644,1.0243,0.000108,0.027195
cace,sr,B,cace-sr,cace-sr_B,5,0.01,343,43,1.1378,1.1067,0.000122,0.027247
cace,sr,B,cace-sr,cace-sr_B,5,0.01,344,44,1.091,0.9399,9e-05,0.027201
cace,sr,B,cace-sr,cace-sr_B,5,0.01,345,45,1.2795,1.1216,0.000125,0.027195
cace,sr,B,cace-sr,cace-sr_B,5,0.01,346,46,1.069,0.9832,0.0001,0.027193
cace,sr,B,cace-sr,cace-sr_B,5,0.01,347,47,1.139,1.0016,0.000103,0.027214
cace,sr,B,cace-sr,cace-sr_B,5,0.01,348,48,1.5475,0.9694,9.7e-05,0.027197
cace,sr,B,cace-sr,cace-sr_B,5,0.01,349,49,1.1116,0.8868,7.7e-05,0.027195
cace,sr,B,cace-sr,cace-sr_B,5,0.01,350,50,1.1336,1.7023,0.000198,0.027193
cace,sr,B,cace-sr,cace-sr_B,5,0.01,351,51,1.3515,1.0429,0.000111,0.027193
cace,sr,B,cace-sr,cace-sr_B,5,0.01,352,52,1.2647,0.9765,9.8e-05,0.027208
cace,sr,B,cace-sr,cace-sr_B,5,0.01,353,53,1.1751,0.9916,0.000101,0.027201
cace,sr,B,cace-sr,cace-sr_B,5,0.01,354,54,1.149,2.932,0.000299,0.027196
cace,sr,B,cace-sr,cace-sr_B,5,0.01,355,55,1.2919,1.1288,0.000126,0.027218
cace,sr,B,cace-sr,cace-sr_B,5,0.01,356,56,1.488,1.0447,0.00011,0.027304
cace,sr,B,cace-sr,cace-sr_B,5,0.01,357,57,1.3781,1.2113,0.000139,0.027196
cace,sr,B,cace-sr,cace-sr_B,5,0.01,358,58,1.1444,1.0459,0.000112,0.027207
cace,sr,B,cace-sr,cace-sr_B,5,0.01,359,59,1.2272,0.8901,7.8e-05,0.027199
cace,sr,B,cace-sr,cace-sr_B,5,0.01,360,60,1.2117,0.8967,8e-05,0.027188
cace,sr,B,cace-sr,cace-sr_B,5,0.01,361,61,1.1053,1.0612,0.000115,0.027194
cace,sr,B,cace-sr,cace-sr_B,5,0.01,362,62,1.0359,0.9093,8.3e-05,0.027197
cace,sr,B,cace-sr,cace-sr_B,5,0.01,363,63,1.026,1.3991,0.000164,0.027188
cace,sr,B,cace-sr,cace-sr_B,5,0.01,364,64,1.1756,0.9856,0.0001,0.027191
cace,sr,B,cace-sr,cace-sr_B,5,0.01,365,65,1.137,0.8897,7.8e-05,0.027191
cace,sr,B,cace-sr,cace-sr_B,5,0.01,366,66,1.0319,1.366,0.00016,0.027192
cace,sr,B,cace-sr,cace-sr_B,5,0.01,367,67,1.0756,0.8837,7.7e-05,0.027193
cace,sr,B,cace-sr,cace-sr_B,5,0.01,368,68,1.1023,0.9229,8.7e-05,0.027189
cace,sr,B,cace-sr,cace-sr_B,5,0.01,369,69,1.0778,1.1899,0.000136,0.027188
cace,sr,B,cace-sr,cace-sr_B,5,0.01,370,70,1.0875,0.904,8.2e-05,0.027188
cace,sr,B,cace-sr,cace-sr_B,5,0.01,371,71,1.1409,1.7793,0.000206,0.027186
cace,sr,B,cace-sr,cace-sr_B,5,0.01,372,72,1.4196,1.2809,0.000149,0.027188
cace,sr,B,cace-sr,cace-sr_B,5,0.01,373,73,1.2431,1.0019,0.000104,0.027185
cace,sr,B,cace-sr,cace-sr_B,5,0.01,374,74,1.0184,0.8855,7.7e-05,0.027188
cace,sr,B,cace-sr,cace-sr_B,5,0.01,375,75,1.0467,0.9129,8.4e-05,0.02719
cace,sr,B,cace-sr,cace-sr_B,5,0.01,376,76,1.1189,0.9048,8.2e-05,0.027188
cace,sr,B,cace-sr,cace-sr_B,5,0.01,377,77,1.1035,1.3326,0.000156,0.027191
cace,sr,B,cace-sr,cace-sr_B,5,0.01,378,78,1.3041,1.0397,0.000111,0.027186
cace,sr,B,cace-sr,cace-sr_B,5,0.01,379,79,1.2376,1.2506,0.000144,0.027189
cace,sr,B,cace-sr,cace-sr_B,5,0.01,380,80,1.0642,0.8862,7.7e-05,0.027195
cace,sr,B,cace-sr,cace-sr_B,5,0.01,381,81,1.0122,0.9128,8.4e-05,0.027191
cace,sr,B,cace-sr,cace-sr_B,5,0.01,382,82,0.9914,1.0978,0.000121,0.027187
cace,sr,B,cace-sr,cace-sr_B,5,0.01,383,83,0.9904,0.9264,8.7e-05,0.027185
cace,sr,B,cace-sr,cace-sr_B,5,0.01,384,84,1.0086,0.8835,7.7e-05,0.027185
cace,sr,B,cace-sr,cace-sr_B,5,0.01,385,85,0.9921,0.9574,9.4e-05,0.027186
cace,sr,B,cace-sr,cace-sr_B,5,0.01,386,86,1.0171,0.9627,9.6e-05,0.027185
cace,sr,B,cace-sr,cace-sr_B,5,0.01,387,87,1.0432,0.8872,7.8e-05,0.027185
cace,sr,B,cace-sr,cace-sr_B,5,0.01,388,88,1.0118,1.0245,0.000108,0.027186
cace,sr,B,cace-sr,cace-sr_B,5,0.01,389,89,1.0349,0.9004,8.1e-05,0.027185
cace,sr,B,cace-sr,cace-sr_B,5,0.01,390,90,1.0622,0.9113,8.4e-05,0.027185
cace,sr,B,cace-sr,cace-sr_B,5,0.01,391,91,0.9961,0.9154,8.5e-05,0.027187
cace,sr,B,cace-sr,cace-sr_B,5,0.01,392,92,0.9991,1.0149,0.000106,0.027187
cace,sr,B,cace-sr,cace-sr_B,5,0.01,393,93,1.0048,0.9669,9.6e-05,0.027186
cace,sr,B,cace-sr,cace-sr_B,5,0.01,394,94,0.9938,1.1868,0.000135,0.027186
cace,sr,B,cace-sr,cace-sr_B,5,0.01,395,95,1.0779,0.8914,7.9e-05,0.027191
cace,sr,B,cace-sr,cace-sr_B,5,0.01,396,96,1.0144,0.8996,8.1e-05,0.027185
cace,sr,B,cace-sr,cace-sr_B,5,0.01,397,97,1.056,0.9021,8.2e-05,0.027184
cace,sr,B,cace-sr,cace-sr_B,5,0.01,398,98,1.0783,1.0539,0.000113,0.027185
cace,sr,B,cace-sr,cace-sr_B,5,0.01,399,99,1.0072,0.8947,8e-05,0.027187
cace,sr,B,cace-sr,cace-sr_B,5,0.01,400,100,0.988,0.8851,7.7e-05,0.02719
sea,sr,A,sea-sr,sea-sr_A,1,0.01,1,1,206.6287,34.8495,0.008186,0.182226
sea,sr,A,sea-sr,sea-sr_A,1,0.01,2,2,47.3147,29.8311,0.009473,0.166224
sea,sr,A,sea-sr,sea-sr_A,1,0.01,3,3,22.6006,42.6196,0.016381,0.189839
sea,sr,A,sea-sr,sea-sr_A,1,0.01,4,4,31.3147,27.6322,0.009135,0.159955
sea,sr,A,sea-sr,sea-sr_A,1,0.01,5,5,26.3869,11.2118,0.007321,0.099486
sea,sr,A,sea-sr,sea-sr_A,1,0.01,6,6,32.9305,21.6106,0.000646,0.146971
sea,sr,A,sea-sr,sea-sr_A,1,0.01,7,7,18.3967,9.4848,0.002094,0.096836
sea,sr,A,sea-sr,sea-sr_A,1,0.01,8,8,25.6785,45.6313,0.019187,0.191321
sea,sr,A,sea-sr,sea-sr_A,1,0.01,9,9,16.3532,18.8987,0.00169,0.137218
sea,sr,A,sea-sr,sea-sr_A,1,0.01,10,10,15.6823,9.2564,0.010631,0.08053
sea,sr,A,sea-sr,sea-sr_A,1,0.01,11,11,14.8146,8.1363,0.007577,0.082026
sea,sr,A,sea-sr,sea-sr_A,1,0.01,12,12,9.5029,12.6961,0.017088,0.074399
sea,sr,A,sea-sr,sea-sr_A,1,0.01,13,13,9.8689,7.7403,0.009236,0.075156
sea,sr,A,sea-sr,sea-sr_A,1,0.01,14,14,15.6548,30.3253,0.028581,0.101453
sea,sr,A,sea-sr,sea-sr_A,1,0.01,15,15,17.634,17.8141,0.017364,0.102077
sea,sr,A,sea-sr,sea-sr_A,1,0.01,16,16,25.8366,19.9287,0.007987,0.135516
sea,sr,A,sea-sr,sea-sr_A,1,0.01,17,17,14.7396,15.1344,0.016076,0.093791
sea,sr,A,sea-sr,sea-sr_A,1,0.01,18,18,9.109,7.8366,0.000416,0.0885
sea,sr,A,sea-sr,sea-sr_A,1,0.01,19,19,12.4462,9.2643,0.000812,0.096167
sea,sr,A,sea-sr,sea-sr_A,1,0.01,20,20,8.2192,8.5163,0.01244,0.068709
sea,sr,A,sea-sr,sea-sr_A,1,0.01,21,21,7.194,7.2737,0.011588,0.06309
sea,sr,A,sea-sr,sea-sr_A,1,0.01,22,22,6.0398,5.6214,0.007715,0.064512
sea,sr,A,sea-sr,sea-sr_A,1,0.01,23,23,4.5516,3.6302,0.000746,0.060138
sea,sr,A,sea-sr,sea-sr_A,1,0.01,24,24,5.4656,6.0689,0.003841,0.075546
sea,sr,A,sea-sr,sea-sr_A,1,0.01,25,25,5.7549,8.0713,0.012097,0.06695
sea,sr,A,sea-sr,sea-sr_A,1,0.01,26,26,5.0583,4.7115,0.002568,0.067453
sea,sr,A,sea-sr,sea-sr_A,1,0.01,27,27,5.0325,4.3331,0.004383,0.062145
sea,sr,A,sea-sr,sea-sr_A,1,0.01,28,28,8.5431,13.6787,0.00374,0.11548
sea,sr,A,sea-sr,sea-sr_A,1,0.01,29,29,6.3464,12.9279,0.015621,0.083329
sea,sr,A,sea-sr,sea-sr_A,1,0.01,30,30,5.9833,4.8263,0.000336,0.069452
sea,sr,A,sea-sr,sea-sr_A,1,0.01,31,31,14.3578,8.0063,0.005663,0.08497
sea,sr,A,sea-sr,sea-sr_A,1,0.01,32,32,6.1221,4.9984,0.002015,0.069992
sea,sr,A,sea-sr,sea-sr_A,1,0.01,33,33,5.972,3.8042,0.002787,0.060115
sea,sr,A,sea-sr,sea-sr_A,1,0.01,34,34,4.7136,3.5146,0.000357,0.059257
sea,sr,A,sea-sr,sea-sr_A,1,0.01,35,35,3.8569,4.0054,0.00325,0.061207
sea,sr,A,sea-sr,sea-sr_A,1,0.01,36,36,4.6112,5.1658,0.006674,0.063824
sea,sr,A,sea-sr,sea-sr_A,1,0.01,37,37,5.2583,4.5078,0.003339,0.065072
sea,sr,A,sea-sr,sea-sr_A,1,0.01,38,38,3.7874,3.2434,0.001202,0.056639
sea,sr,A,sea-sr,sea-sr_A,1,0.01,39,39,4.9297,4.4,0.007464,0.055079
sea,sr,A,sea-sr,sea-sr_A,1,0.01,40,40,4.3128,3.2004,0.002579,0.055112
sea,sr,A,sea-sr,sea-sr_A,2,0.01,41,1,7.9388,3.4331,0.002953,0.056738
sea,sr,A,sea-sr,sea-sr_A,2,0.01,42,2,4.5492,3.146,0.00045,0.056045
sea,sr,A,sea-sr,sea-sr_A,2,0.01,43,3,16.5125,9.6322,0.006066,0.093433
sea,sr,A,sea-sr,sea-sr_A,2,0.01,44,4,6.3507,6.47,0.001657,0.080017
sea,sr,A,sea-sr,sea-sr_A,2,0.01,45,5,7.4311,3.9642,0.006173,0.055044
sea,sr,A,sea-sr,sea-sr_A,2,0.01,46,6,8.172,6.3459,0.007114,0.071448
sea,sr,A,sea-sr,sea-sr_A,2,0.01,47,7,8.5754,8.1865,0.002449,0.089663
sea,sr,A,sea-sr,sea-sr_A,2,0.01,48,8,12.2687,13.9912,0.016457,0.085728
sea,sr,A,sea-sr,sea-sr_A,2,0.01,49,9,7.4877,9.1344,0.005866,0.091053
sea,sr,A,sea-sr,sea-sr_A,2,0.01,50,10,10.9732,21.4084,0.014974,0.126134
sea,sr,A,sea-sr,sea-sr_A,2,0.01,51,11,13.8786,10.0634,0.006851,0.094405
sea,sr,A,sea-sr,sea-sr_A,2,0.01,52,12,9.2335,10.5668,0.004287,0.100579
sea,sr,A,sea-sr,sea-sr_A,2,0.01,53,13,6.3465,6.7035,0.003225,0.080302
sea,sr,A,sea-sr,sea-sr_A,2,0.01,54,14,8.5946,8.7167,0.009502,0.080639
sea,sr,A,sea-sr,sea-sr_A,2,0.01,55,15,7.8452,5.6727,0.006859,0.067224
sea,sr,A,sea-sr,sea-sr_A,2,0.01,56,16,9.1942,4.9971,0.003893,0.06801
sea,sr,A,sea-sr,sea-sr_A,2,0.01,57,17,6.2727,9.6473,0.000348,0.098206
sea,sr,A,sea-sr,sea-sr_A,2,0.01,58,18,6.5168,7.783,0.000687,0.088156
sea,sr,A,sea-sr,sea-sr_A,2,0.01,59,19,8.5226,15.9835,0.005183,0.123793
sea,sr,A,sea-sr,sea-sr_A,2,0.01,60,20,12.3137,4.6225,0.00119,0.067733
sea,sr,A,sea-sr,sea-sr_A,2,0.01,61,21,5.3217,5.2453,0.006377,0.065178
sea,sr,A,sea-sr,sea-sr_A,2,0.01,62,22,4.2016,3.546,0.004211,0.055778
sea,sr,A,sea-sr,sea-sr_A,2,0.01,63,23,4.1001,4.9425,0.000848,0.070177
sea,sr,A,sea-sr,sea-sr_A,2,0.01,64,24,5.2552,6.7498,0.001055,0.081991
sea,sr,A,sea-sr,sea-sr_A,2,0.01,65,25,4.8367,5.9172,0.000237,0.076914
sea,sr,A,sea-sr,sea-sr_A,2,0.01,66,26,4.4974,3.2692,0.004628,0.052382
sea,sr,A,sea-sr,sea-sr_A,2,0.01,67,27,4.6647,5.4623,0.010461,0.052711
sea,sr,A,sea-sr,sea-sr_A,2,0.01,68,28,4.5841,3.2898,0.000244,0.057344
sea,sr,A,sea-sr,sea-sr_A,2,0.01,69,29,4.771,4.3142,0.001302,0.065365
sea,sr,A,sea-sr,sea-sr_A,2,0.01,70,30,3.6704,7.6015,0.000574,0.08714
sea,sr,A,sea-sr,sea-sr_A,2,0.01,71,31,4.017,4.0201,0.002037,0.062596
sea,sr,A,sea-sr,sea-sr_A,2,0.01,72,32,3.8428,3.0635,0.004962,0.049596
sea,sr,A,sea-sr,sea-sr_A,2,0.01,73,33,3.2345,2.7036,0.001666,0.051338
sea,sr,A,sea-sr,sea-sr_A,2,0.01,74,34,3.44,4.3547,0.002206,0.06508
sea,sr,A,sea-sr,sea-sr_A,2,0.01,75,35,5.9754,15.1126,0.005907,0.119402
sea,sr,A,sea-sr,sea-sr_A,2,0.01,76,36,4.6266,2.5463,0.000587,0.050377
sea,sr,A,sea-sr,sea-sr_A,2,0.01,77,37,3.5597,4.1733,0.003212,0.062613
sea,sr,A,sea-sr,sea-sr_A,2,0.01,78,38,4.2733,2.5364,0.002579,0.048716
sea,sr,A,sea-sr,sea-sr_A,2,0.01,79,39,3.5078,3.9277,0.007608,0.050083
sea,sr,A,sea-sr,sea-sr_A,2,0.01,80,40,3.8439,3.8216,0.000243,0.061807
sea,sr,A,sea-sr,sea-sr_A,3,0.01,81,1,6.8255,3.193,0.002605,0.055014
sea,sr,A,sea-sr,sea-sr_A,3,0.01,82,2,3.4295,3.4705,0.002719,0.057351
sea,sr,A,sea-sr,sea-sr_A,3,0.01,83,3,3.8083,2.6945,0.003309,0.049255
sea,sr,A,sea-sr,sea-sr_A,3,0.01,84,4,3.9654,3.1498,0.004909,0.050585
sea,sr,A,sea-sr,sea-sr_A,3,0.01,85,5,5.7936,5.4817,0.002828,0.072702
sea,sr,A,sea-sr,sea-sr_A,3,0.01,86,6,8.6617,7.8299,0.01347,0.05814
sea,sr,A,sea-sr,sea-sr_A,3,0.01,87,7,6.3993,5.5533,0.007603,0.064309
sea,sr,A,sea-sr,sea-sr_A,3,0.01,88,8,4.5198,4.8359,0.002107,0.068753
sea,sr,A,sea-sr,sea-sr_A,3,0.01,89,9,13.4053,11.7143,0.011232,0.092845
sea,sr,A,sea-sr,sea-sr_A,3,0.01,90,10,9.7981,19.8931,0.018039,0.109147
sea,sr,A,sea-sr,sea-sr_A,3,0.01,91,11,9.0063,14.0961,0.004998,0.116118
sea,sr,A,sea-sr,sea-sr_A,3,0.01,92,12,11.6208,21.6858,0.000518,0.147239
sea,sr,A,sea-sr,sea-sr_A,3,0.01,93,13,8.6753,4.6941,0.006979,0.059158
sea,sr,A,sea-sr,sea-sr_A,3,0.01,94,14,7.5992,16.1866,0.013289,0.108883
sea,sr,A,sea-sr,sea-sr_A,3,0.01,95,15,10.9731,4.3809,0.006288,0.058407
sea,sr,A,sea-sr,sea-sr_A,3,0.01,96,16,5.6439,5.6452,0.008384,0.06262
sea,sr,A,sea-sr,sea-sr_A,3,0.01,97,17,8.7037,3.0599,0.000264,0.055301
sea,sr,A,sea-sr,sea-sr_A,3,0.01,98,18,13.1202,28.7235,0.003427,0.168628
sea,sr,A,sea-sr,sea-sr_A,3,0.01,99,19,6.1044,6.6017,0.011032,0.060143
sea,sr,A,sea-sr,sea-sr_A,3,0.01,100,20,7.0244,6.9782,0.003886,0.081289
sea,sr,A,sea-sr,sea-sr_A,3,0.01,101,21,4.3846,3.4318,0.000623,0.0585
sea,sr,A,sea-sr,sea-sr_A,3,0.01,102,22,4.1458,3.2123,0.001088,0.056421
sea,sr,A,sea-sr,sea-sr_A,3,0.01,103,23,4.6502,3.5063,0.003767,0.056199
sea,sr,A,sea-sr,sea-sr_A,3,0.01,104,24,4.5958,5.2076,0.004517,0.06861
sea,sr,A,sea-sr,sea-sr_A,3,0.01,105,25,3.274,3.1041,0.003066,0.053605
sea,sr,A,sea-sr,sea-sr_A,3,0.01,106,26,3.1878,4.1013,0.004288,0.060418
sea,sr,A,sea-sr,sea-sr_A,3,0.01,107,27,3.448,2.9866,0.004879,0.049017
sea,sr,A,sea-sr,sea-sr_A,3,0.01,108,28,3.7187,3.1043,0.003074,0.053596
sea,sr,A,sea-sr,sea-sr_A,3,0.01,109,29,4.3783,3.3727,0.001202,0.057769
sea,sr,A,sea-sr,sea-sr_A,3,0.01,110,30,4.2532,5.885,0.00137,0.076413
sea,sr,A,sea-sr,sea-sr_A,3,0.01,111,31,3.5027,2.2669,0.000355,0.047579
sea,sr,A,sea-sr,sea-sr_A,3,0.01,112,32,3.155,2.532,0.000763,0.050177
sea,sr,A,sea-sr,sea-sr_A,3,0.01,113,33,3.5383,3.3852,0.004181,0.054373
sea,sr,A,sea-sr,sea-sr_A,3,0.01,114,34,3.9293,8.0407,0.008982,0.077859
sea,sr,A,sea-sr,sea-sr_A,3,0.01,115,35,3.3723,2.3236,0.00138,0.047717
sea,sr,A,sea-sr,sea-sr_A,3,0.01,116,36,3.1761,2.6138,0.001318,0.050707
sea,sr,A,sea-sr,sea-sr_A,3,0.01,117,37,3.7333,5.518,0.007621,0.063982
sea,sr,A,sea-sr,sea-sr_A,3,0.01,118,38,3.8605,2.8162,0.00363,0.04993
sea,sr,A,sea-sr,sea-sr_A,3,0.01,119,39,3.3873,4.274,0.000222,0.065366
sea,sr,A,sea-sr,sea-sr_A,3,0.01,120,40,3.3898,3.5684,0.00606,0.05165
sea,sr,A,sea-sr,sea-sr_A,4,0.01,121,1,4.9012,2.3777,0.002935,0.046545
sea,sr,A,sea-sr,sea-sr_A,4,0.01,122,2,2.6479,2.5694,0.001824,0.049878
sea,sr,A,sea-sr,sea-sr_A,4,0.01,123,3,3.4293,4.1966,0.006942,0.054908
sea,sr,A,sea-sr,sea-sr_A,4,0.01,124,4,3.7496,5.4114,0.005714,0.067902
sea,sr,A,sea-sr,sea-sr_A,4,0.01,125,5,6.9184,9.8234,0.000298,0.099102
sea,sr,A,sea-sr,sea-sr_A,4,0.01,126,6,9.9123,8.1946,0.014223,0.056868
sea,sr,A,sea-sr,sea-sr_A,4,0.01,127,7,5.5641,3.1761,0.001167,0.05606
sea,sr,A,sea-sr,sea-sr_A,4,0.01,128,8,4.9957,6.9368,0.011408,0.061196
sea,sr,A,sea-sr,sea-sr_A,4,0.01,129,9,5.8287,3.5829,0.006449,0.050627
sea,sr,A,sea-sr,sea-sr_A,4,0.01,130,10,6.9059,2.7294,0.001961,0.051333
sea,sr,A,sea-sr,sea-sr_A,4,0.01,131,11,6.2994,10.4605,0.012191,0.082559
sea,sr,A,sea-sr,sea-sr_A,4,0.01,132,12,17.5608,7.5949,0.013253,0.057335
sea,sr,A,sea-sr,sea-sr_A,4,0.01,133,13,14.1961,4.2011,0.00074,0.064712
sea,sr,A,sea-sr,sea-sr_A,4,0.01,134,14,8.5376,6.588,0.008553,0.069238
sea,sr,A,sea-sr,sea-sr_A,4,0.01,135,15,6.7471,7.5496,0.003227,0.085406
sea,sr,A,sea-sr,sea-sr_A,4,0.01,136,16,6.0417,4.9652,0.000702,0.070378
sea,sr,A,sea-sr,sea-sr_A,4,0.01,137,17,7.5676,4.8257,0.007071,0.059996
sea,sr,A,sea-sr,sea-sr_A,4,0.01,138,18,4.8765,4.8423,0.001432,0.069224
sea,sr,A,sea-sr,sea-sr_A,4,0.01,139,19,5.3279,5.9677,0.00615,0.070995
sea,sr,A,sea-sr,sea-sr_A,4,0.01,140,20,4.8406,6.5323,0.002235,0.080062
sea,sr,A,sea-sr,sea-sr_A,4,0.01,141,21,2.933,2.6722,0.002363,0.050351
sea,sr,A,sea-sr,sea-sr_A,4,0.01,142,22,3.4888,5.7406,0.00222,0.074965
sea,sr,A,sea-sr,sea-sr_A,4,0.01,143,23,3.6673,2.6217,0.004352,0.046446
sea,sr,A,sea-sr,sea-sr_A,4,0.01,144,24,3.3896,4.0917,0.003576,0.061466
sea,sr,A,sea-sr,sea-sr_A,4,0.01,145,25,4.0143,2.2077,0.001996,0.045935
sea,sr,A,sea-sr,sea-sr_A,4,0.01,146,26,3.1102,2.7432,0.00335,0.049679
sea,sr,A,sea-sr,sea-sr_A,4,0.01,147,27,3.3885,2.6474,0.00065,0.051352
sea,sr,A,sea-sr,sea-sr_A,4,0.01,148,28,4.6049,4.2374,0.006307,0.057114
sea,sr,A,sea-sr,sea-sr_A,4,0.01,149,29,4.7122,5.0304,0.010127,0.050153
sea,sr,A,sea-sr,sea-sr_A,4,0.01,150,30,4.0511,2.1829,0.000387,0.046682
sea,sr,A,sea-sr,sea-sr_A,4,0.01,151,31,2.5893,3.3007,0.002139,0.056466
sea,sr,A,sea-sr,sea-sr_A,4,0.01,152,32,2.9732,2.5388,0.000943,0.050169
sea,sr,A,sea-sr,sea-sr_A,4,0.01,153,33,2.8578,2.1244,0.000249,0.046074
sea,sr,A,sea-sr,sea-sr_A,4,0.01,154,34,3.1938,4.2144,0.005892,0.057991
sea,sr,A,sea-sr,sea-sr_A,4,0.01,155,35,3.1874,2.3884,0.001963,0.047895
sea,sr,A,sea-sr,sea-sr_A,4,0.01,156,36,2.6384,2.1546,0.001376,0.045915
sea,sr,A,sea-sr,sea-sr_A,4,0.01,157,37,3.0936,2.4733,0.004236,0.045091
sea,sr,A,sea-sr,sea-sr_A,4,0.01,158,38,2.7382,2.6086,0.002136,0.049968
sea,sr,A,sea-sr,sea-sr_A,4,0.01,159,39,7.3238,12.6006,0.009736,0.10137
sea,sr,A,sea-sr,sea-sr_A,4,0.01,160,40,4.1734,3.5713,0.002299,0.058665
sea,sr,A,sea-sr,sea-sr_A,5,0.01,161,1,4.7563,2.3288,0.00073,0.048123
sea,sr,A,sea-sr,sea-sr_A,5,0.01,162,2,2.8381,3.2021,0.006732,0.045724
sea,sr,A,sea-sr,sea-sr_A,5,0.01,163,3,2.7671,2.8519,0.003332,0.05079
sea,sr,A,sea-sr,sea-sr_A,5,0.01,164,4,5.2787,2.1778,0.001299,0.046222
sea,sr,A,sea-sr,sea-sr_A,5,0.01,165,5,10.6015,7.6781,0.012686,0.061084
sea,sr,A,sea-sr,sea-sr_A,5,0.01,166,6,9.6267,6.7318,0.011442,0.059338
sea,sr,A,sea-sr,sea-sr_A,5,0.01,167,7,6.2425,11.3829,0.016011,0.071387
sea,sr,A,sea-sr,sea-sr_A,5,0.01,168,8,7.1726,7.4857,0.001026,0.086371
sea,sr,A,sea-sr,sea-sr_A,5,0.01,169,9,4.7624,4.3914,0.007573,0.054635
sea,sr,A,sea-sr,sea-sr_A,5,0.01,170,10,5.8614,28.4908,0.003259,0.168019
sea,sr,A,sea-sr,sea-sr_A,5,0.01,171,11,5.3161,5.7216,0.010527,0.05481
sea,sr,A,sea-sr,sea-sr_A,5,0.01,172,12,5.9049,3.3892,0.003202,0.056016
sea,sr,A,sea-sr,sea-sr_A,5,0.01,173,13,5.3675,2.5635,0.003075,0.048287
sea,sr,A,sea-sr,sea-sr_A,5,0.01,174,14,4.8947,5.3463,0.010077,0.053443
sea,sr,A,sea-sr,sea-sr_A,5,0.01,175,15,4.8988,3.6668,0.001889,0.059827
sea,sr,A,sea-sr,sea-sr_A,5,0.01,176,16,5.5768,3.4271,0.004015,0.055061
sea,sr,A,sea-sr,sea-sr_A,5,0.01,177,17,5.7429,5.5002,0.010364,0.053535
sea,sr,A,sea-sr,sea-sr_A,5,0.01,178,18,6.4632,15.5595,0.013215,0.106192
sea,sr,A,sea-sr,sea-sr_A,5,0.01,179,19,11.4672,6.2747,0.001813,0.078703
sea,sr,A,sea-sr,sea-sr_A,5,0.01,180,20,5.0651,2.8568,0.003939,0.049762
sea,sr,A,sea-sr,sea-sr_A,5,0.01,181,21,4.019,2.559,0.002284,0.049306
sea,sr,A,sea-sr,sea-sr_A,5,0.01,182,22,3.8434,3.1626,0.002124,0.055245
sea,sr,A,sea-sr,sea-sr_A,5,0.01,183,23,3.1822,4.8034,0.002275,0.068385
sea,sr,A,sea-sr,sea-sr_A,5,0.01,184,24,3.2875,3.5169,0.003654,0.056476
sea,sr,A,sea-sr,sea-sr_A,5,0.01,185,25,2.8614,3.7666,0.006802,0.051302
sea,sr,A,sea-sr,sea-sr_A,5,0.01,186,26,2.837,2.7236,0.000336,0.052161
sea,sr,A,sea-sr,sea-sr_A,5,0.01,187,27,3.367,3.13,0.001021,0.055717
sea,sr,A,sea-sr,sea-sr_A,5,0.01,188,28,2.9206,2.7118,0.001382,0.051624
sea,sr,A,sea-sr,sea-sr_A,5,0.01,189,29,2.5429,2.0799,0.001192,0.045223
sea,sr,A,sea-sr,sea-sr_A,5,0.01,190,30,2.8975,3.3098,0.00166,0.05694
sea,sr,A,sea-sr,sea-sr_A,5,0.01,191,31,3.1243,3.2259,0.006118,0.048041
sea,sr,A,sea-sr,sea-sr_A,5,0.01,192,32,2.6256,2.7479,0.003741,0.049037
sea,sr,A,sea-sr,sea-sr_A,5,0.01,193,33,3.3587,5.1288,0.000713,0.071528
sea,sr,A,sea-sr,sea-sr_A,5,0.01,194,34,3.6217,2.5529,0.001318,0.050103
sea,sr,A,sea-sr,sea-sr_A,5,0.01,195,35,3.1139,2.3415,0.003746,0.044693
sea,sr,A,sea-sr,sea-sr_A,5,0.01,196,36,3.2316,5.3488,0.000517,0.073091
sea,sr,A,sea-sr,sea-sr_A,5,0.01,197,37,3.2945,2.2805,0.003093,0.045231
sea,sr,A,sea-sr,sea-sr_A,5,0.01,198,38,3.0306,4.753,0.004611,0.065052
sea,sr,A,sea-sr,sea-sr_A,5,0.01,199,39,3.3873,3.1105,0.001712,0.055124
sea,sr,A,sea-sr,sea-sr_A,5,0.01,200,40,2.8546,3.0359,0.000793,0.054959
sea,sr,A,sea-sr,sea-sr_A,5,0.01,201,1,9.4376,7.3355,0.001433,0.047966
sea,sr,A,sea-sr,sea-sr_A,5,0.01,202,2,24.1241,3.2806,0.000347,0.054643
sea,sr,A,sea-sr,sea-sr_A,5,0.01,203,3,5.794,2.7938,0.000432,0.04834
sea,sr,A,sea-sr,sea-sr_A,5,0.01,204,4,18.9554,6.5337,0.001285,0.049853
sea,sr,A,sea-sr,sea-sr_A,5,0.01,205,5,20.5224,17.2366,0.001972,0.087769
sea,sr,A,sea-sr,sea-sr_A,5,0.01,206,6,16.4286,7.4258,0.001467,0.046385
sea,sr,A,sea-sr,sea-sr_A,5,0.01,207,7,8.7441,3.7331,0.000346,0.058654
sea,sr,A,sea-sr,sea-sr_A,5,0.01,208,8,14.5796,3.1891,0.000408,0.052743
sea,sr,A,sea-sr,sea-sr_A,5,0.01,209,9,10.5534,8.3007,0.00058,0.086462
sea,sr,A,sea-sr,sea-sr_A,5,0.01,210,10,7.9203,7.0139,0.000623,0.077865
sea,sr,A,sea-sr,sea-sr_A,5,0.01,211,11,12.7907,2.332,0.000256,0.046599
sea,sr,A,sea-sr,sea-sr_A,5,0.01,212,12,5.5633,2.5331,0.000384,0.046605
sea,sr,A,sea-sr,sea-sr_A,5,0.01,213,13,9.5813,15.9367,0.002364,0.047259
sea,sr,A,sea-sr,sea-sr_A,5,0.01,214,14,11.6007,3.2039,0.000603,0.048091
sea,sr,A,sea-sr,sea-sr_A,5,0.01,215,15,7.5597,16.8615,0.002008,0.083521
sea,sr,A,sea-sr,sea-sr_A,5,0.01,216,16,11.3024,5.3614,0.000716,0.064057
sea,sr,A,sea-sr,sea-sr_A,5,0.01,217,17,13.1129,19.2532,0.002344,0.076045
sea,sr,A,sea-sr,sea-sr_A,5,0.01,218,18,17.7558,12.8478,0.002004,0.054738
sea,sr,A,sea-sr,sea-sr_A,5,0.01,219,19,8.7833,4.2863,0.000542,0.059721
sea,sr,A,sea-sr,sea-sr_A,5,0.01,220,20,21.0543,18.7655,0.001693,0.108328
sea,sr,A,sea-sr,sea-sr_A,5,0.01,221,21,9.0718,4.6685,0.000567,0.062296
sea,sr,A,sea-sr,sea-sr_A,5,0.01,222,22,5.4911,3.3944,0.000724,0.045907
sea,sr,A,sea-sr,sea-sr_A,5,0.01,223,23,4.2038,3.7345,0.000808,0.0462
sea,sr,A,sea-sr,sea-sr_A,5,0.01,224,24,3.9359,4.0438,0.000887,0.045978
sea,sr,A,sea-sr,sea-sr_A,5,0.01,225,25,8.1618,4.3548,0.000948,0.046361
sea,sr,A,sea-sr,sea-sr_A,5,0.01,226,26,7.0079,6.3514,0.000209,0.079021
sea,sr,A,sea-sr,sea-sr_A,5,0.01,227,27,6.2978,2.8485,0.000571,0.045277
sea,sr,A,sea-sr,sea-sr_A,5,0.01,228,28,3.3781,2.1037,0.000209,0.044681
sea,sr,A,sea-sr,sea-sr_A,5,0.01,229,29,3.8752,6.3043,0.00124,0.050321
sea,sr,A,sea-sr,sea-sr_A,5,0.01,230,30,6.6967,3.1127,0.000255,0.054347
sea,sr,A,sea-sr,sea-sr_A,5,0.01,231,31,5.215,3.0458,0.000478,0.049844
sea,sr,A,sea-sr,sea-sr_A,5,0.01,232,32,3.3856,2.1687,0.000246,0.044942
sea,sr,A,sea-sr,sea-sr_A,5,0.01,233,33,5.7711,2.2223,0.0003,0.044736
sea,sr,A,sea-sr,sea-sr_A,5,0.01,234,34,4.258,5.5261,0.001103,0.050404
sea,sr,A,sea-sr,sea-sr_A,5,0.01,235,35,6.318,3.3327,0.000725,0.045217
sea,sr,A,sea-sr,sea-sr_A,5,0.01,236,36,4.9255,12.4961,0.000506,0.10894
sea,sr,A,sea-sr,sea-sr_A,5,0.01,237,37,7.2828,2.278,0.000274,0.045754
sea,sr,A,sea-sr,sea-sr_A,5,0.01,238,38,3.2315,2.4265,0.000196,0.048292
sea,sr,A,sea-sr,sea-sr_A,5,0.01,239,39,3.5106,2.1893,0.000259,0.044995
sea,sr,A,sea-sr,sea-sr_A,5,0.01,240,40,4.164,13.7399,0.002144,0.049619
sea,sr,A,sea-sr,sea-sr_A,5,0.01,241,41,5.1905,2.3807,0.000413,0.044295
sea,sr,A,sea-sr,sea-sr_A,5,0.01,242,42,2.6467,2.5952,0.000513,0.044153
sea,sr,A,sea-sr,sea-sr_A,5,0.01,243,43,3.1336,2.1398,0.000219,0.044966
sea,sr,A,sea-sr,sea-sr_A,5,0.01,244,44,4.139,5.638,0.001219,0.044626
sea,sr,A,sea-sr,sea-sr_A,5,0.01,245,45,3.4477,2.4315,0.000192,0.04838
sea,sr,A,sea-sr,sea-sr_A,5,0.01,246,46,3.002,2.1394,0.000263,0.044386
sea,sr,A,sea-sr,sea-sr_A,5,0.01,247,47,2.9905,2.428,0.000314,0.046763
sea,sr,A,sea-sr,sea-sr_A,5,0.01,248,48,2.417,3.2646,0.000718,0.044709
sea,sr,A,sea-sr,sea-sr_A,5,0.01,249,49,3.898,3.1119,0.000681,0.044419
sea,sr,A,sea-sr,sea-sr_A,5,0.01,250,50,2.7054,2.1524,0.000325,0.043511
sea,sr,A,sea-sr,sea-sr_A,5,0.01,251,51,3.852,2.4989,0.000396,0.045972
sea,sr,A,sea-sr,sea-sr_A,5,0.01,252,52,4.0326,6.4546,0.001359,0.043856
sea,sr,A,sea-sr,sea-sr_A,5,0.01,253,53,4.2242,2.2361,0.000233,0.045859
sea,sr,A,sea-sr,sea-sr_A,5,0.01,254,54,3.5235,2.2083,0.000334,0.043978
sea,sr,A,sea-sr,sea-sr_A,5,0.01,255,55,4.777,3.5423,0.000177,0.058864
sea,sr,A,sea-sr,sea-sr_A,5,0.01,256,56,3.6976,2.135,0.000183,0.045305
sea,sr,A,sea-sr,sea-sr_A,5,0.01,257,57,2.8893,3.7545,0.000861,0.044017
sea,sr,A,sea-sr,sea-sr_A,5,0.01,258,58,2.8874,3.1944,0.000436,0.052229
sea,sr,A,sea-sr,sea-sr_A,5,0.01,259,59,3.5015,3.2645,0.000721,0.0446
sea,sr,A,sea-sr,sea-sr_A,5,0.01,260,60,5.3198,3.4633,0.000753,0.045532
sea,sr,A,sea-sr,sea-sr_A,5,0.01,261,61,2.9462,6.4729,0.001365,0.043663
sea,sr,A,sea-sr,sea-sr_A,5,0.01,262,62,4.2061,2.4884,0.000481,0.043842
sea,sr,A,sea-sr,sea-sr_A,5,0.01,263,63,2.9168,1.9637,0.000168,0.043526
sea,sr,A,sea-sr,sea-sr_A,5,0.01,264,64,2.5377,2.6884,0.000529,0.04476
sea,sr,A,sea-sr,sea-sr_A,5,0.01,265,65,2.9207,2.3144,0.00036,0.044675
sea,sr,A,sea-sr,sea-sr_A,5,0.01,266,66,2.7169,2.6206,0.000532,0.043905
sea,sr,A,sea-sr,sea-sr_A,5,0.01,267,67,2.5987,2.1929,0.000357,0.043365
sea,sr,A,sea-sr,sea-sr_A,5,0.01,268,68,2.239,3.6287,0.000837,0.043721
sea,sr,A,sea-sr,sea-sr_A,5,0.01,269,69,2.3529,2.0851,0.00025,0.043952
sea,sr,A,sea-sr,sea-sr_A,5,0.01,270,70,2.5865,2.362,0.000427,0.043765
sea,sr,A,sea-sr,sea-sr_A,5,0.01,271,71,3.2094,2.5118,0.000488,0.043908
sea,sr,A,sea-sr,sea-sr_A,5,0.01,272,72,2.3682,2.2329,0.000377,0.043414
sea,sr,A,sea-sr,sea-sr_A,5,0.01,273,73,2.5247,4.5227,0.001021,0.044357
sea,sr,A,sea-sr,sea-sr_A,5,0.01,274,74,3.4352,1.9364,0.000167,0.043219
sea,sr,A,sea-sr,sea-sr_A,5,0.01,275,75,3.0314,2.4113,0.000193,0.04817
sea,sr,A,sea-sr,sea-sr_A,5,0.01,276,76,2.29,2.0263,0.000242,0.043396
sea,sr,A,sea-sr,sea-sr_A,5,0.01,277,77,2.5646,2.132,0.000314,0.043483
sea,sr,A,sea-sr,sea-sr_A,5,0.01,278,78,2.3677,2.2041,0.000375,0.043121
sea,sr,A,sea-sr,sea-sr_A,5,0.01,279,79,2.5766,1.9633,0.000199,0.043198
sea,sr,A,sea-sr,sea-sr_A,5,0.01,280,80,2.7595,2.678,0.00046,0.046467
sea,sr,A,sea-sr,sea-sr_A,5,0.01,281,81,2.4031,2.1092,0.000321,0.043084
sea,sr,A,sea-sr,sea-sr_A,5,0.01,282,82,2.0833,2.0324,0.000251,0.043332
sea,sr,A,sea-sr,sea-sr_A,5,0.01,283,83,2.2474,3.8659,0.000904,0.043136
sea,sr,A,sea-sr,sea-sr_A,5,0.01,284,84,2.5701,2.352,0.000439,0.043351
sea,sr,A,sea-sr,sea-sr_A,5,0.01,285,85,2.1929,1.9168,0.000169,0.042971
sea,sr,A,sea-sr,sea-sr_A,5,0.01,286,86,2.165,3.1634,0.00073,0.043072
sea,sr,A,sea-sr,sea-sr_A,5,0.01,287,87,2.308,1.9569,0.000205,0.043059
sea,sr,A,sea-sr,sea-sr_A,5,0.01,288,88,2.2798,2.0521,0.000167,0.044541
sea,sr,A,sea-sr,sea-sr_A,5,0.01,289,89,2.3707,2.1035,0.000297,0.043443
sea,sr,A,sea-sr,sea-sr_A,5,0.01,290,90,2.5214,1.9697,0.000222,0.043001
sea,sr,A,sea-sr,sea-sr_A,5,0.01,291,91,1.9896,2.0101,0.000256,0.043002
sea,sr,A,sea-sr,sea-sr_A,5,0.01,292,92,2.2054,2.1252,0.000332,0.043061
sea,sr,A,sea-sr,sea-sr_A,5,0.01,293,93,2.3253,2.6002,0.000555,0.042945
sea,sr,A,sea-sr,sea-sr_A,5,0.01,294,94,2.4338,2.1461,0.000307,0.043767
sea,sr,A,sea-sr,sea-sr_A,5,0.01,295,95,2.0915,2.19,0.000372,0.043014
sea,sr,A,sea-sr,sea-sr_A,5,0.01,296,96,2.2223,2.6308,0.000565,0.043001
sea,sr,A,sea-sr,sea-sr_A,5,0.01,297,97,2.2659,1.9073,0.000166,0.042893
sea,sr,A,sea-sr,sea-sr_A,5,0.01,298,98,2.0402,2.0003,0.000244,0.043066
sea,sr,A,sea-sr,sea-sr_A,5,0.01,299,99,2.6161,2.2478,0.000399,0.04309
sea,sr,A,sea-sr,sea-sr_A,5,0.01,300,100,2.3142,2.0093,0.00026,0.042933
sea,sr,A,sea-sr,sea-sr_A,5,0.01,301,1,4.7742,2.6445,0.000181,0.042922
sea,sr,A,sea-sr,sea-sr_A,5,0.01,302,2,3.3673,2.3887,0.00015,0.042902
sea,sr,A,sea-sr,sea-sr_A,5,0.01,303,3,6.3965,2.9107,0.000209,0.042948
sea,sr,A,sea-sr,sea-sr_A,5,0.01,304,4,5.9934,3.2171,0.000234,0.043294
sea,sr,A,sea-sr,sea-sr_A,5,0.01,305,5,4.2169,3.2643,0.00024,0.042974
sea,sr,A,sea-sr,sea-sr_A,5,0.01,306,6,3.135,3.124,0.000227,0.043163
sea,sr,A,sea-sr,sea-sr_A,5,0.01,307,7,4.3773,7.917,0.000497,0.043031
sea,sr,A,sea-sr,sea-sr_A,5,0.01,308,8,3.2024,2.9724,0.000215,0.042902
sea,sr,A,sea-sr,sea-sr_A,5,0.01,309,9,3.2644,3.5668,0.000264,0.043056
sea,sr,A,sea-sr,sea-sr_A,5,0.01,310,10,6.4866,11.5669,0.000629,0.043024
sea,sr,A,sea-sr,sea-sr_A,5,0.01,311,11,4.3072,2.6072,0.000176,0.042948
sea,sr,A,sea-sr,sea-sr_A,5,0.01,312,12,4.459,17.8907,0.000809,0.043097
sea,sr,A,sea-sr,sea-sr_A,5,0.01,313,13,5.7773,3.9296,0.000286,0.043851
sea,sr,A,sea-sr,sea-sr_A,5,0.01,314,14,5.0683,2.6321,0.000178,0.043029
sea,sr,A,sea-sr,sea-sr_A,5,0.01,315,15,4.001,7.0171,0.000459,0.042964
sea,sr,A,sea-sr,sea-sr_A,5,0.01,316,16,4.3517,5.7638,0.000399,0.043122
sea,sr,A,sea-sr,sea-sr_A,5,0.01,317,17,3.511,4.2305,0.000312,0.042924
sea,sr,A,sea-sr,sea-sr_A,5,0.01,318,18,3.3684,3.8993,0.00029,0.042925
sea,sr,A,sea-sr,sea-sr_A,5,0.01,319,19,5.6722,17.4595,0.000798,0.042993
sea,sr,A,sea-sr,sea-sr_A,5,0.01,320,20,4.9787,3.6676,0.000272,0.043027
sea,sr,A,sea-sr,sea-sr_A,5,0.01,321,21,3.3464,3.227,0.000237,0.043009
sea,sr,A,sea-sr,sea-sr_A,5,0.01,322,22,3.9479,2.519,0.000166,0.042899
sea,sr,A,sea-sr,sea-sr_A,5,0.01,323,23,3.9118,3.6418,0.00027,0.043027
sea,sr,A,sea-sr,sea-sr_A,5,0.01,324,24,3.4814,7.4487,0.000478,0.042917
sea,sr,A,sea-sr,sea-sr_A,5,0.01,325,25,5.3103,2.6587,0.000181,0.043043
sea,sr,A,sea-sr,sea-sr_A,5,0.01,326,26,3.7895,5.829,0.000403,0.042987
sea,sr,A,sea-sr,sea-sr_A,5,0.01,327,27,4.7913,5.426,0.000382,0.042997
sea,sr,A,sea-sr,sea-sr_A,5,0.01,328,28,5.2603,2.3938,0.00015,0.04293
sea,sr,A,sea-sr,sea-sr_A,5,0.01,329,29,2.9156,4.0492,0.0003,0.042933
sea,sr,A,sea-sr,sea-sr_A,5,0.01,330,30,5.0274,3.1477,0.000231,0.042949
sea,sr,A,sea-sr,sea-sr_A,5,0.01,331,31,2.8758,2.6798,0.000181,0.043294
sea,sr,A,sea-sr,sea-sr_A,5,0.01,332,32,2.7606,2.4345,0.000153,0.043108
sea,sr,A,sea-sr,sea-sr_A,5,0.01,333,33,3.4071,3.5885,0.000267,0.042926
sea,sr,A,sea-sr,sea-sr_A,5,0.01,334,34,3.2081,4.0566,0.0003,0.042958
sea,sr,A,sea-sr,sea-sr_A,5,0.01,335,35,3.2423,2.4751,0.000159,0.043069
sea,sr,A,sea-sr,sea-sr_A,5,0.01,336,36,3.7844,3.0576,0.000222,0.043023
sea,sr,A,sea-sr,sea-sr_A,5,0.01,337,37,2.9586,2.4657,0.00016,0.042891
sea,sr,A,sea-sr,sea-sr_A,5,0.01,338,38,3.4399,2.4435,0.000154,0.043127
sea,sr,A,sea-sr,sea-sr_A,5,0.01,339,39,3.044,2.3959,0.000149,0.042993
sea,sr,A,sea-sr,sea-sr_A,5,0.01,340,40,4.2428,2.3911,0.00015,0.042914
sea,sr,A,sea-sr,sea-sr_A,5,0.01,341,41,2.6293,2.4141,0.000153,0.042909
sea,sr,A,sea-sr,sea-sr_A,5,0.01,342,42,2.7079,2.5933,0.000175,0.042962
sea,sr,A,sea-sr,sea-sr_A,5,0.01,343,43,2.7624,2.4477,0.000154,0.043182
sea,sr,A,sea-sr,sea-sr_A,5,0.01,344,44,2.8353,2.626,0.000178,0.042958
sea,sr,A,sea-sr,sea-sr_A,5,0.01,345,45,3.0557,4.4451,0.000326,0.042886
sea,sr,A,sea-sr,sea-sr_A,5,0.01,346,46,3.2992,2.3895,0.00015,0.042889
sea,sr,A,sea-sr,sea-sr_A,5,0.01,347,47,2.7582,2.8257,0.000201,0.042887
sea,sr,A,sea-sr,sea-sr_A,5,0.01,348,48,2.7339,2.4399,0.000157,0.04288
sea,sr,A,sea-sr,sea-sr_A,5,0.01,349,49,2.6317,3.0224,0.000219,0.042959
sea,sr,A,sea-sr,sea-sr_A,5,0.01,350,50,2.9953,2.389,0.000149,0.042932
sea,sr,A,sea-sr,sea-sr_A,5,0.01,351,51,2.5782,2.6032,0.000176,0.0429
sea,sr,A,sea-sr,sea-sr_A,5,0.01,352,52,4.3649,4.2444,0.000313,0.042868
sea,sr,A,sea-sr,sea-sr_A,5,0.01,353,53,2.9455,2.4657,0.00016,0.042883
sea,sr,A,sea-sr,sea-sr_A,5,0.01,354,54,3.0245,2.6408,0.000181,0.04287
sea,sr,A,sea-sr,sea-sr_A,5,0.01,355,55,2.8098,2.607,0.000175,0.043048
sea,sr,A,sea-sr,sea-sr_A,5,0.01,356,56,2.5358,2.5343,0.000169,0.042864
sea,sr,A,sea-sr,sea-sr_A,5,0.01,357,57,2.9887,2.4166,0.000154,0.042861
sea,sr,A,sea-sr,sea-sr_A,5,0.01,358,58,2.8367,2.3656,0.000146,0.042898
sea,sr,A,sea-sr,sea-sr_A,5,0.01,359,59,2.7121,2.5302,0.000168,0.042859
sea,sr,A,sea-sr,sea-sr_A,5,0.01,360,60,2.7852,2.4061,0.000152,0.042868
sea,sr,A,sea-sr,sea-sr_A,5,0.01,361,61,2.6214,2.4919,0.000163,0.042856
sea,sr,A,sea-sr,sea-sr_A,5,0.01,362,62,2.5318,2.3877,0.00015,0.042855
sea,sr,A,sea-sr,sea-sr_A,5,0.01,363,63,2.68,3.1827,0.000234,0.042957
sea,sr,A,sea-sr,sea-sr_A,5,0.01,364,64,2.9102,3.3171,0.000246,0.042865
sea,sr,A,sea-sr,sea-sr_A,5,0.01,365,65,2.8006,2.4006,0.000152,0.042867
sea,sr,A,sea-sr,sea-sr_A,5,0.01,366,66,2.4553,2.4462,0.000158,0.042861
sea,sr,A,sea-sr,sea-sr_A,5,0.01,367,67,2.6873,2.4207,0.000154,0.042871
sea,sr,A,sea-sr,sea-sr_A,5,0.01,368,68,2.5973,3.5003,0.00026,0.042852
sea,sr,A,sea-sr,sea-sr_A,5,0.01,369,69,2.7002,3.0896,0.000226,0.042861
sea,sr,A,sea-sr,sea-sr_A,5,0.01,370,70,2.5508,2.3615,0.000146,0.042856
sea,sr,A,sea-sr,sea-sr_A,5,0.01,371,71,2.4163,2.5458,0.00017,0.042858
sea,sr,A,sea-sr,sea-sr_A,5,0.01,372,72,2.4813,2.3587,0.000146,0.042857
sea,sr,A,sea-sr,sea-sr_A,5,0.01,373,73,2.6685,2.425,0.000155,0.042861
sea,sr,A,sea-sr,sea-sr_A,5,0.01,374,74,2.6548,2.5335,0.000169,0.042858
sea,sr,A,sea-sr,sea-sr_A,5,0.01,375,75,2.5087,2.3614,0.000146,0.042857
sea,sr,A,sea-sr,sea-sr_A,5,0.01,376,76,2.6987,2.5875,0.000175,0.042848
sea,sr,A,sea-sr,sea-sr_A,5,0.01,377,77,2.6175,2.6146,0.000178,0.042846
sea,sr,A,sea-sr,sea-sr_A,5,0.01,378,78,2.5694,2.4393,0.000157,0.042866
sea,sr,A,sea-sr,sea-sr_A,5,0.01,379,79,2.493,2.5207,0.000167,0.042853
sea,sr,A,sea-sr,sea-sr_A,5,0.01,380,80,2.7348,2.7155,0.000188,0.042974
sea,sr,A,sea-sr,sea-sr_A,5,0.01,381,81,2.4582,2.3756,0.000148,0.042863
sea,sr,A,sea-sr,sea-sr_A,5,0.01,382,82,2.4522,2.3614,0.000146,0.042854
sea,sr,A,sea-sr,sea-sr_A,5,0.01,383,83,2.4281,2.4015,0.000152,0.042864
sea,sr,A,sea-sr,sea-sr_A,5,0.01,384,84,2.5436,2.5352,0.000169,0.042851
sea,sr,A,sea-sr,sea-sr_A,5,0.01,385,85,2.6833,2.3618,0.000146,0.042851
sea,sr,A,sea-sr,sea-sr_A,5,0.01,386,86,2.7125,2.3848,0.000149,0.042859
sea,sr,A,sea-sr,sea-sr_A,5,0.01,387,87,2.4669,2.891,0.000207,0.042843
sea,sr,A,sea-sr,sea-sr_A,5,0.01,388,88,2.575,2.3719,0.000148,0.042841
sea,sr,A,sea-sr,sea-sr_A,5,0.01,389,89,2.4832,2.4198,0.000154,0.042884
sea,sr,A,sea-sr,sea-sr_A,5,0.01,390,90,2.4245,2.4029,0.000152,0.042843
sea,sr,A,sea-sr,sea-sr_A,5,0.01,391,91,2.4686,2.4056,0.000152,0.042847
sea,sr,A,sea-sr,sea-sr_A,5,0.01,392,92,2.4955,2.543,0.00017,0.042847
sea,sr,A,sea-sr,sea-sr_A,5,0.01,393,93,2.4892,2.4003,0.000152,0.042851
sea,sr,A,sea-sr,sea-sr_A,5,0.01,394,94,2.5633,2.4277,0.000155,0.042847
sea,sr,A,sea-sr,sea-sr_A,5,0.01,395,95,2.5855,2.463,0.00016,0.042845
sea,sr,A,sea-sr,sea-sr_A,5,0.01,396,96,2.5727,2.6249,0.000179,0.042861
sea,sr,A,sea-sr,sea-sr_A,5,0.01,397,97,2.4069,2.3697,0.000147,0.042872
sea,sr,A,sea-sr,sea-sr_A,5,0.01,398,98,2.4853,2.4428,0.000157,0.042845
sea,sr,A,sea-sr,sea-sr_A,5,0.01,399,99,2.4296,2.3936,0.000151,0.042839
sea,sr,A,sea-sr,sea-sr_A,5,0.01,400,100,2.4038,2.6201,0.000179,0.042852
sea,sr,A,sea-sr,sea-sr_A,5,0.01,401,1,68.4902,58.7836,0.000152,0.042924
sea,sr,A,sea-sr,sea-sr_A,5,0.01,402,2,67.4184,54.4652,0.000146,0.042881
sea,sr,A,sea-sr,sea-sr_A,5,0.01,403,3,66.5619,55.1359,0.000147,0.042864
sea,sr,A,sea-sr,sea-sr_A,5,0.01,404,4,62.0547,88.0251,0.000187,0.042919
sea,sr,A,sea-sr,sea-sr_A,5,0.01,405,5,66.901,53.3062,0.000145,0.042877
sea,sr,A,sea-sr,sea-sr_A,5,0.01,406,6,64.5274,53.4442,0.000145,0.042886
sea,sr,A,sea-sr,sea-sr_A,5,0.01,407,7,68.0899,65.9497,0.000162,0.042886
sea,sr,A,sea-sr,sea-sr_A,5,0.01,408,8,63.0966,95.5234,0.000195,0.042887
sea,sr,A,sea-sr,sea-sr_A,5,0.01,409,9,64.0586,73.0571,0.00017,0.04291
sea,sr,A,sea-sr,sea-sr_A,5,0.01,410,10,61.1599,61.1836,0.000156,0.042902
sea,sr,A,sea-sr,sea-sr_A,5,0.01,411,11,58.4752,52.2181,0.000143,0.042907
sea,sr,A,sea-sr,sea-sr_A,5,0.01,412,12,60.9022,55.2037,0.000148,0.042932
sea,sr,A,sea-sr,sea-sr_A,5,0.01,413,13,73.9814,66.748,0.000163,0.042986
sea,sr,A,sea-sr,sea-sr_A,5,0.01,414,14,64.5765,52.0507,0.000143,0.042957
sea,sr,A,sea-sr,sea-sr_A,5,0.01,415,15,67.474,61.6699,0.000156,0.042919
sea,sr,A,sea-sr,sea-sr_A,5,0.01,416,16,61.8076,51.8657,0.000143,0.042928
sea,sr,A,sea-sr,sea-sr_A,5,0.01,417,17,63.2138,51.8615,0.000143,0.042934
sea,sr,A,sea-sr,sea-sr_A,5,0.01,418,18,65.1156,56.6309,0.000149,0.042941
sea,sr,A,sea-sr,sea-sr_A,5,0.01,419,19,61.9795,74.3063,0.000172,0.042957
sea,sr,A,sea-sr,sea-sr_A,5,0.01,420,20,67.6786,58.4287,0.000152,0.042959
sea,sr,A,sea-sr,sea-sr_A,5,0.01,421,21,57.3825,53.0378,0.000144,0.042964
sea,sr,A,sea-sr,sea-sr_A,5,0.01,422,22,59.3883,65.8654,0.000162,0.042962
sea,sr,A,sea-sr,sea-sr_A,5,0.01,423,23,56.928,59.5856,0.000153,0.042966
sea,sr,A,sea-sr,sea-sr_A,5,0.01,424,24,63.6656,52.4874,0.000144,0.04297
sea,sr,A,sea-sr,sea-sr_A,5,0.01,425,25,56.6789,54.0298,0.000146,0.04297
sea,sr,A,sea-sr,sea-sr_A,5,0.01,426,26,61.4302,51.6683,0.000143,0.042976
sea,sr,A,sea-sr,sea-sr_A,5,0.01,427,27,58.2628,51.5182,0.000142,0.042969
sea,sr,A,sea-sr,sea-sr_A,5,0.01,428,28,58.4805,56.7232,0.00015,0.042968
sea,sr,A,sea-sr,sea-sr_A,5,0.01,429,29,57.7679,57.4694,0.000151,0.04297
sea,sr,A,sea-sr,sea-sr_A,5,0.01,430,30,57.8585,51.2755,0.000142,0.04298
sea,sr,A,sea-sr,sea-sr_A,5,0.01,431,31,62.122,58.4794,0.000152,0.042988
sea,sr,A,sea-sr,sea-sr_A,5,0.01,432,32,61.4625,53.8768,0.000146,0.042997
sea,sr,A,sea-sr,sea-sr_A,5,0.01,433,33,58.697,52.834,0.000144,0.042989
sea,sr,A,sea-sr,sea-sr_A,5,0.01,434,34,58.2908,51.2564,0.000142,0.042989
sea,sr,A,sea-sr,sea-sr_A,5,0.01,435,35,56.7606,51.5771,0.000142,0.043003
sea,sr,A,sea-sr,sea-sr_A,5,0.01,436,36,57.9267,54.1233,0.000146,0.043008
sea,sr,A,sea-sr,sea-sr_A,5,0.01,437,37,61.5584,61.7668,0.000156,0.04301
sea,sr,A,sea-sr,sea-sr_A,5,0.01,438,38,63.5911,52.5822,0.000144,0.043006
sea,sr,A,sea-sr,sea-sr_A,5,0.01,439,39,60.2802,53.0251,0.000144,0.04301
sea,sr,A,sea-sr,sea-sr_A,5,0.01,440,40,56.3496,51.2663,0.000142,0.043009
sea,sr,A,sea-sr,sea-sr_A,5,0.01,441,41,58.3068,51.8723,0.000143,0.043012
sea,sr,A,sea-sr,sea-sr_A,5,0.01,442,42,57.5072,51.5208,0.000142,0.043008
sea,sr,A,sea-sr,sea-sr_A,5,0.01,443,43,58.1665,53.594,0.000145,0.043018
sea,sr,A,sea-sr,sea-sr_A,5,0.01,444,44,56.7769,51.1622,0.000142,0.043013
sea,sr,A,sea-sr,sea-sr_A,5,0.01,445,45,56.7638,51.0816,0.000142,0.043017
sea,sr,A,sea-sr,sea-sr_A,5,0.01,446,46,56.838,51.1495,0.000142,0.043018
sea,sr,A,sea-sr,sea-sr_A,5,0.01,447,47,58.4316,51.5066,0.000142,0.043023
sea,sr,A,sea-sr,sea-sr_A,5,0.01,448,48,56.544,51.5092,0.000142,0.043028
sea,sr,A,sea-sr,sea-sr_A,5,0.01,449,49,58.0267,51.2563,0.000142,0.04303
sea,sr,A,sea-sr,sea-sr_A,5,0.01,450,50,56.47,51.035,0.000142,0.043031
sea,sr,A,sea-sr,sea-sr_A,5,0.01,451,51,57.5434,52.1693,0.000143,0.043029
sea,sr,A,sea-sr,sea-sr_A,5,0.01,452,52,56.0226,55.0521,0.000147,0.04303
sea,sr,A,sea-sr,sea-sr_A,5,0.01,453,53,59.1172,51.0496,0.000142,0.043023
sea,sr,A,sea-sr,sea-sr_A,5,0.01,454,54,58.8481,53.7997,0.000146,0.043028
sea,sr,A,sea-sr,sea-sr_A,5,0.01,455,55,56.9628,51.0974,0.000142,0.043029
sea,sr,A,sea-sr,sea-sr_A,5,0.01,456,56,56.2404,50.9831,0.000142,0.043031
sea,sr,A,sea-sr,sea-sr_A,5,0.01,457,57,57.2422,50.9698,0.000142,0.043039
sea,sr,A,sea-sr,sea-sr_A,5,0.01,458,58,56.6621,51.0749,0.000142,0.04304
sea,sr,A,sea-sr,sea-sr_A,5,0.01,459,59,56.9599,50.8942,0.000141,0.043047
sea,sr,A,sea-sr,sea-sr_A,5,0.01,460,60,57.8457,52.813,0.000144,0.043056
sea,sr,A,sea-sr,sea-sr_A,5,0.01,461,61,56.5944,51.2821,0.000142,0.043053
sea,sr,A,sea-sr,sea-sr_A,5,0.01,462,62,57.6011,51.6089,0.000142,0.043055
sea,sr,A,sea-sr,sea-sr_A,5,0.01,463,63,55.7678,50.8641,0.000141,0.043051
sea,sr,A,sea-sr,sea-sr_A,5,0.01,464,64,56.3117,51.3975,0.000142,0.043054
sea,sr,A,sea-sr,sea-sr_A,5,0.01,465,65,56.2722,50.8584,0.000141,0.043053
sea,sr,A,sea-sr,sea-sr_A,5,0.01,466,66,55.8429,50.9612,0.000142,0.043056
sea,sr,A,sea-sr,sea-sr_A,5,0.01,467,67,57.299,57.4396,0.000151,0.043063
sea,sr,A,sea-sr,sea-sr_A,5,0.01,468,68,56.4599,52.7662,0.000144,0.043045
sea,sr,A,sea-sr,sea-sr_A,5,0.01,469,69,56.0367,50.8888,0.000141,0.043043
sea,sr,A,sea-sr,sea-sr_A,5,0.01,470,70,56.4658,51.3487,0.000142,0.043044
sea,sr,A,sea-sr,sea-sr_A,5,0.01,471,71,56.2467,50.8716,0.000141,0.043048
sea,sr,A,sea-sr,sea-sr_A,5,0.01,472,72,57.7683,51.2514,0.000142,0.043045
sea,sr,A,sea-sr,sea-sr_A,5,0.01,473,73,55.6241,51.6283,0.000142,0.043054
sea,sr,A,sea-sr,sea-sr_A,5,0.01,474,74,56.115,50.9144,0.000141,0.04305
sea,sr,A,sea-sr,sea-sr_A,5,0.01,475,75,56.3098,52.5955,0.000144,0.043056
sea,sr,A,sea-sr,sea-sr_A,5,0.01,476,76,55.7237,51.3543,0.000142,0.043055
sea,sr,A,sea-sr,sea-sr_A,5,0.01,477,77,56.3162,51.8217,0.000143,0.043057
sea,sr,A,sea-sr,sea-sr_A,5,0.01,478,78,55.9967,51.6795,0.000143,0.043048
sea,sr,A,sea-sr,sea-sr_A,5,0.01,479,79,57.5149,52.2012,0.000143,0.043047
sea,sr,A,sea-sr,sea-sr_A,5,0.01,480,80,56.8574,52.2054,0.000143,0.043049
sea,sr,A,sea-sr,sea-sr_A,5,0.01,481,81,56.6232,51.3377,0.000142,0.043051
sea,sr,A,sea-sr,sea-sr_A,5,0.01,482,82,55.7313,50.8314,0.000141,0.043054
sea,sr,A,sea-sr,sea-sr_A,5,0.01,483,83,56.0301,50.9371,0.000141,0.043053
sea,sr,A,sea-sr,sea-sr_A,5,0.01,484,84,55.6994,50.8932,0.000141,0.043057
sea,sr,A,sea-sr,sea-sr_A,5,0.01,485,85,55.909,50.8287,0.000141,0.043052
sea,sr,A,sea-sr,sea-sr_A,5,0.01,486,86,55.8602,51.2497,0.000142,0.043055
sea,sr,A,sea-sr,sea-sr_A,5,0.01,487,87,55.8218,50.8357,0.000141,0.043053
sea,sr,A,sea-sr,sea-sr_A,5,0.01,488,88,55.6499,50.8108,0.000141,0.043054
sea,sr,A,sea-sr,sea-sr_A,5,0.01,489,89,55.7132,50.9576,0.000142,0.043053
sea,sr,A,sea-sr,sea-sr_A,5,0.01,490,90,55.8826,50.8779,0.000141,0.043055
sea,sr,A,sea-sr,sea-sr_A,5,0.01,491,91,55.983,50.8071,0.000141,0.043057
sea,sr,A,sea-sr,sea-sr_A,5,0.01,492,92,55.7898,50.8053,0.000141,0.043057
sea,sr,A,sea-sr,sea-sr_A,5,0.01,493,93,55.5813,50.8494,0.000141,0.043056
sea,sr,A,sea-sr,sea-sr_A,5,0.01,494,94,55.9573,50.9356,0.000141,0.043059
sea,sr,A,sea-sr,sea-sr_A,5,0.01,495,95,55.589,50.8828,0.000141,0.043058
sea,sr,A,sea-sr,sea-sr_A,5,0.01,496,96,55.673,51.1851,0.000142,0.043055
sea,sr,A,sea-sr,sea-sr_A,5,0.01,497,97,55.7494,50.8043,0.000141,0.043058
sea,sr,A,sea-sr,sea-sr_A,5,0.01,498,98,55.7063,50.786,0.000141,0.043061
sea,sr,A,sea-sr,sea-sr_A,5,0.01,499,99,55.6419,50.7787,0.000141,0.04306
sea,sr,A,sea-sr,sea-sr_A,5,0.01,500,100,55.8414,51.3792,0.000142,0.043066
sea,sr,B,sea-sr,sea-sr_B,1,0.01,1,1,256.5577,52.8867,0.0085,0.226086
sea,sr,B,sea-sr,sea-sr_B,1,0.01,2,2,41.0568,32.0978,0.020825,0.146502
sea,sr,B,sea-sr,sea-sr_B,1,0.01,3,3,43.9486,71.775,0.028492,0.227743
sea,sr,B,sea-sr,sea-sr_B,1,0.01,4,4,42.0432,24.0295,0.004521,0.153389
sea,sr,B,sea-sr,sea-sr_B,1,0.01,5,5,25.5308,34.9941,0.009753,0.180725
sea,sr,B,sea-sr,sea-sr_B,1,0.01,6,6,43.7951,60.3263,0.007199,0.243013
sea,sr,B,sea-sr,sea-sr_B,1,0.01,7,7,26.9873,20.619,0.004239,0.142051
sea,sr,B,sea-sr,sea-sr_B,1,0.01,8,8,43.2461,80.9404,0.01461,0.275147
sea,sr,B,sea-sr,sea-sr_B,1,0.01,9,9,31.7087,23.0342,0.006895,0.147879
sea,sr,B,sea-sr,sea-sr_B,1,0.01,10,10,43.7008,95.3341,0.010829,0.30407
sea,sr,B,sea-sr,sea-sr_B,1,0.01,11,11,43.9012,12.0192,0.007563,0.103036
sea,sr,B,sea-sr,sea-sr_B,1,0.01,12,12,30.8674,13.881,0.009638,0.107717
sea,sr,B,sea-sr,sea-sr_B,1,0.01,13,13,21.1109,7.9323,0.00587,0.084187
sea,sr,B,sea-sr,sea-sr_B,1,0.01,14,14,21.712,14.0575,0.0154,0.090781
sea,sr,B,sea-sr,sea-sr_B,1,0.01,15,15,17.082,17.5883,0.010383,0.122247
sea,sr,B,sea-sr,sea-sr_B,1,0.01,16,16,14.5551,10.7226,0.011098,0.087763
sea,sr,B,sea-sr,sea-sr_B,1,0.01,17,17,14.5148,7.7628,0.001066,0.087948
sea,sr,B,sea-sr,sea-sr_B,1,0.01,18,18,11.6894,20.2482,0.017049,0.114542
sea,sr,B,sea-sr,sea-sr_B,1,0.01,19,19,9.9128,6.0363,0.00237,0.076802
sea,sr,B,sea-sr,sea-sr_B,1,0.01,20,20,23.6369,6.9881,0.008118,0.073293
sea,sr,B,sea-sr,sea-sr_B,1,0.01,21,21,7.1935,5.5361,0.001002,0.074239
sea,sr,B,sea-sr,sea-sr_B,1,0.01,22,22,4.9526,5.0382,0.001461,0.070611
sea,sr,B,sea-sr,sea-sr_B,1,0.01,23,23,7.1223,7.6273,0.01043,0.070426
sea,sr,B,sea-sr,sea-sr_B,1,0.01,24,24,6.3035,4.6106,0.000795,0.067787
sea,sr,B,sea-sr,sea-sr_B,1,0.01,25,25,4.591,3.9142,0.001919,0.061838
sea,sr,B,sea-sr,sea-sr_B,1,0.01,26,26,5.2913,5.4645,0.000713,0.073838
sea,sr,B,sea-sr,sea-sr_B,1,0.01,27,27,7.9368,4.3376,0.002041,0.06508
sea,sr,B,sea-sr,sea-sr_B,1,0.01,28,28,6.015,6.9828,0.010871,0.063912
sea,sr,B,sea-sr,sea-sr_B,1,0.01,29,29,5.7107,4.6699,0.00146,0.067953
sea,sr,B,sea-sr,sea-sr_B,1,0.01,30,30,5.3583,5.3585,0.005702,0.067536
sea,sr,B,sea-sr,sea-sr_B,1,0.01,31,31,6.9317,6.8807,0.000811,0.082853
sea,sr,B,sea-sr,sea-sr_B,1,0.01,32,32,6.2214,6.3037,0.000313,0.07938
sea,sr,B,sea-sr,sea-sr_B,1,0.01,33,33,5.8172,5.714,0.007647,0.06542
sea,sr,B,sea-sr,sea-sr_B,1,0.01,34,34,4.9403,5.3795,0.006463,0.065995
sea,sr,B,sea-sr,sea-sr_B,1,0.01,35,35,8.7894,7.9452,0.000853,0.089036
sea,sr,B,sea-sr,sea-sr_B,1,0.01,36,36,6.3119,7.4561,0.000285,0.086337
sea,sr,B,sea-sr,sea-sr_B,1,0.01,37,37,5.3305,4.6187,0.000284,0.067947
sea,sr,B,sea-sr,sea-sr_B,1,0.01,38,38,5.001,4.0875,0.001973,0.063183
sea,sr,B,sea-sr,sea-sr_B,1,0.01,39,39,4.2943,3.5486,0.002711,0.058037
sea,sr,B,sea-sr,sea-sr_B,1,0.01,40,40,5.368,6.4885,0.000428,0.080523
sea,sr,B,sea-sr,sea-sr_B,2,0.01,41,1,15.7831,3.3275,0.001242,0.057355
sea,sr,B,sea-sr,sea-sr_B,2,0.01,42,2,4.2798,6.0084,0.002003,0.076877
sea,sr,B,sea-sr,sea-sr_B,2,0.01,43,3,6.9489,7.7135,0.011363,0.067432
sea,sr,B,sea-sr,sea-sr_B,2,0.01,44,4,7.394,7.2565,0.010397,0.067864
sea,sr,B,sea-sr,sea-sr_B,2,0.01,45,5,13.656,16.1721,0.018983,0.085644
sea,sr,B,sea-sr,sea-sr_B,2,0.01,46,6,6.8943,9.1835,0.00335,0.094384
sea,sr,B,sea-sr,sea-sr_B,2,0.01,47,7,15.4525,6.4464,0.000661,0.080223
sea,sr,B,sea-sr,sea-sr_B,2,0.01,48,8,7.1523,6.0907,0.003586,0.075995
sea,sr,B,sea-sr,sea-sr_B,2,0.01,49,9,11.761,6.6055,0.002205,0.080537
sea,sr,B,sea-sr,sea-sr_B,2,0.01,50,10,14.5001,5.2794,0.007438,0.062631
sea,sr,B,sea-sr,sea-sr_B,2,0.01,51,11,8.5919,14.2007,0.020123,0.065344
sea,sr,B,sea-sr,sea-sr_B,2,0.01,52,12,15.101,12.7105,0.001402,0.112527
sea,sr,B,sea-sr,sea-sr_B,2,0.01,53,13,12.3969,5.7468,0.002535,0.074762
sea,sr,B,sea-sr,sea-sr_B,2,0.01,54,14,7.7707,7.7795,0.001664,0.087816
sea,sr,B,sea-sr,sea-sr_B,2,0.01,55,15,12.9482,5.0604,0.006772,0.062736
sea,sr,B,sea-sr,sea-sr_B,2,0.01,56,16,6.8383,8.7114,0.003762,0.091457
sea,sr,B,sea-sr,sea-sr_B,2,0.01,57,17,8.5811,8.0192,0.003233,0.088107
sea,sr,B,sea-sr,sea-sr_B,2,0.01,58,18,19.4451,12.8715,0.005706,0.109878
sea,sr,B,sea-sr,sea-sr_B,2,0.01,59,19,9.6779,4.3979,0.003421,0.064117
sea,sr,B,sea-sr,sea-sr_B,2,0.01,60,20,17.019,31.4411,0.008982,0.171647
sea,sr,B,sea-sr,sea-sr_B,2,0.01,61,21,5.1905,5.0192,0.00661,0.062831
sea,sr,B,sea-sr,sea-sr_B,2,0.01,62,22,4.1643,3.1871,0.003229,0.054143
sea,sr,B,sea-sr,sea-sr_B,2,0.01,63,23,5.8636,6.7074,0.002361,0.08106
sea,sr,B,sea-sr,sea-sr_B,2,0.01,64,24,6.8672,11.5188,0.0005,0.107297
sea,sr,B,sea-sr,sea-sr_B,2,0.01,65,25,7.8845,5.2814,0.008152,0.060427
sea,sr,B,sea-sr,sea-sr_B,2,0.01,66,26,4.3454,3.3953,0.001432,0.057836
sea,sr,B,sea-sr,sea-sr_B,2,0.01,67,27,5.6556,3.7461,0.003867,0.058133
sea,sr,B,sea-sr,sea-sr_B,2,0.01,68,28,4.1431,3.6996,0.000339,0.060801
sea,sr,B,sea-sr,sea-sr_B,2,0.01,69,29,4.1065,5.8875,0.00154,0.07635
sea,sr,B,sea-sr,sea-sr_B,2,0.01,70,30,4.3235,3.4323,0.001126,0.05832
sea,sr,B,sea-sr,sea-sr_B,2,0.01,71,31,3.6339,3.1615,0.001098,0.055964
sea,sr,B,sea-sr,sea-sr_B,2,0.01,72,32,6.5611,16.7918,0.002155,0.129143
sea,sr,B,sea-sr,sea-sr_B,2,0.01,73,33,6.5124,2.8685,0.000387,0.053524
sea,sr,B,sea-sr,sea-sr_B,2,0.01,74,34,4.1727,3.3995,0.003366,0.055872
sea,sr,B,sea-sr,sea-sr_B,2,0.01,75,35,4.1405,7.2588,0.009351,0.071516
sea,sr,B,sea-sr,sea-sr_B,2,0.01,76,36,3.4619,3.2984,0.002859,0.055659
sea,sr,B,sea-sr,sea-sr_B,2,0.01,77,37,3.2361,2.8171,0.000605,0.052992
sea,sr,B,sea-sr,sea-sr_B,2,0.01,78,38,3.3979,3.5019,0.002059,0.058292
sea,sr,B,sea-sr,sea-sr_B,2,0.01,79,39,4.0764,3.5242,0.005171,0.053559
sea,sr,B,sea-sr,sea-sr_B,2,0.01,80,40,3.6023,4.2927,0.007955,0.052355
sea,sr,B,sea-sr,sea-sr_B,3,0.01,81,1,6.1162,2.5629,0.000619,0.050532
sea,sr,B,sea-sr,sea-sr_B,3,0.01,82,2,4.0974,7.0276,0.000378,0.08381
sea,sr,B,sea-sr,sea-sr_B,3,0.01,83,3,5.2278,4.2952,0.004325,0.061939
sea,sr,B,sea-sr,sea-sr_B,3,0.01,84,4,6.8576,6.9098,0.006843,0.075904
sea,sr,B,sea-sr,sea-sr_B,3,0.01,85,5,5.2656,5.373,0.00552,0.068013
sea,sr,B,sea-sr,sea-sr_B,3,0.01,86,6,6.2583,3.6293,0.00409,0.056737
sea,sr,B,sea-sr,sea-sr_B,3,0.01,87,7,5.7601,5.6205,0.002418,0.074008
sea,sr,B,sea-sr,sea-sr_B,3,0.01,88,8,15.342,23.0537,0.002077,0.151486
sea,sr,B,sea-sr,sea-sr_B,3,0.01,89,9,7.7863,4.4372,0.001252,0.066323
sea,sr,B,sea-sr,sea-sr_B,3,0.01,90,10,6.4881,6.0031,0.008004,0.066574
sea,sr,B,sea-sr,sea-sr_B,3,0.01,91,11,8.9094,4.0156,0.007154,0.052542
sea,sr,B,sea-sr,sea-sr_B,3,0.01,92,12,8.7271,7.0503,0.007234,0.07594
sea,sr,B,sea-sr,sea-sr_B,3,0.01,93,13,8.1716,11.0119,0.001539,0.104661
sea,sr,B,sea-sr,sea-sr_B,3,0.01,94,14,11.6565,11.5553,0.006881,0.101951
sea,sr,B,sea-sr,sea-sr_B,3,0.01,95,15,9.4157,3.4319,0.000487,0.058532
sea,sr,B,sea-sr,sea-sr_B,3,0.01,96,16,5.0925,3.5491,0.003409,0.057132
sea,sr,B,sea-sr,sea-sr_B,3,0.01,97,17,10.1867,5.8414,0.000428,0.0764
sea,sr,B,sea-sr,sea-sr_B,3,0.01,98,18,4.9192,4.9945,0.002989,0.069104
sea,sr,B,sea-sr,sea-sr_B,3,0.01,99,19,4.538,5.8377,0.006856,0.068447
sea,sr,B,sea-sr,sea-sr_B,3,0.01,100,20,5.0223,4.5336,0.006005,0.060409
sea,sr,B,sea-sr,sea-sr_B,3,0.01,101,21,3.7856,2.4525,0.000372,0.049488
sea,sr,B,sea-sr,sea-sr_B,3,0.01,102,22,3.2481,3.2292,0.004842,0.05152
sea,sr,B,sea-sr,sea-sr_B,3,0.01,103,23,3.5723,4.4697,0.000303,0.066839
sea,sr,B,sea-sr,sea-sr_B,3,0.01,104,24,4.4821,2.718,0.003007,0.049962
sea,sr,B,sea-sr,sea-sr_B,3,0.01,105,25,3.3069,4.672,0.003383,0.066267
sea,sr,B,sea-sr,sea-sr_B,3,0.01,106,26,3.5321,2.7258,0.002252,0.051004
sea,sr,B,sea-sr,sea-sr_B,3,0.01,107,27,4.5669,2.4148,0.000522,0.049073
sea,sr,B,sea-sr,sea-sr_B,3,0.01,108,28,3.1389,2.6694,0.001994,0.050714
sea,sr,B,sea-sr,sea-sr_B,3,0.01,109,29,4.0889,3.1005,0.005444,0.048721
sea,sr,B,sea-sr,sea-sr_B,3,0.01,110,30,2.7796,2.3995,0.002104,0.047864
sea,sr,B,sea-sr,sea-sr_B,3,0.01,111,31,3.1351,2.428,0.001369,0.048806
sea,sr,B,sea-sr,sea-sr_B,3,0.01,112,32,3.4322,2.7085,0.004032,0.04806
sea,sr,B,sea-sr,sea-sr_B,3,0.01,113,33,2.8137,3.5445,0.005804,0.052139
sea,sr,B,sea-sr,sea-sr_B,3,0.01,114,34,3.9924,2.3754,0.00226,0.047436
sea,sr,B,sea-sr,sea-sr_B,3,0.01,115,35,3.2078,6.6425,0.001577,0.081127
sea,sr,B,sea-sr,sea-sr_B,3,0.01,116,36,3.2156,2.7834,0.00232,0.051492
sea,sr,B,sea-sr,sea-sr_B,3,0.01,117,37,2.9425,2.5998,0.002261,0.049744
sea,sr,B,sea-sr,sea-sr_B,3,0.01,118,38,3.0858,3.4236,0.001538,0.058014
sea,sr,B,sea-sr,sea-sr_B,3,0.01,119,39,3.8193,2.9548,0.001926,0.053515
sea,sr,B,sea-sr,sea-sr_B,3,0.01,120,40,3.3574,4.2015,0.00225,0.063854
sea,sr,B,sea-sr,sea-sr_B,4,0.01,121,1,4.99,2.3223,0.001961,0.047202
sea,sr,B,sea-sr,sea-sr_B,4,0.01,122,2,2.8807,2.5589,0.001467,0.050061
sea,sr,B,sea-sr,sea-sr_B,4,0.01,123,3,3.3449,2.751,0.003234,0.049946
sea,sr,B,sea-sr,sea-sr_B,4,0.01,124,4,4.6766,3.5097,0.006276,0.050435
sea,sr,B,sea-sr,sea-sr_B,4,0.01,125,5,9.3748,3.3702,0.002978,0.056148
sea,sr,B,sea-sr,sea-sr_B,4,0.01,126,6,7.2139,11.6144,0.015569,0.075302
sea,sr,B,sea-sr,sea-sr_B,4,0.01,127,7,5.9651,4.3197,0.003698,0.063121
sea,sr,B,sea-sr,sea-sr_B,4,0.01,128,8,6.7492,6.7968,0.004171,0.079813
sea,sr,B,sea-sr,sea-sr_B,4,0.01,129,9,7.8425,7.1907,0.010788,0.065852
sea,sr,B,sea-sr,sea-sr_B,4,0.01,130,10,16.2828,23.6162,0.023012,0.1031
sea,sr,B,sea-sr,sea-sr_B,4,0.01,131,11,9.906,9.4003,0.011471,0.078572
sea,sr,B,sea-sr,sea-sr_B,4,0.01,132,12,5.1041,3.7982,0.00296,0.05986
sea,sr,B,sea-sr,sea-sr_B,4,0.01,133,13,4.8459,13.0912,0.007291,0.108571
sea,sr,B,sea-sr,sea-sr_B,4,0.01,134,14,7.4674,9.9451,0.015598,0.063074
sea,sr,B,sea-sr,sea-sr_B,4,0.01,135,15,5.3193,6.8811,0.002305,0.082163
sea,sr,B,sea-sr,sea-sr_B,4,0.01,136,16,4.7515,5.3598,0.001443,0.072861
sea,sr,B,sea-sr,sea-sr_B,4,0.01,137,17,6.6448,4.4054,0.005792,0.059856
sea,sr,B,sea-sr,sea-sr_B,4,0.01,138,18,6.3874,4.9077,0.003949,0.067269
sea,sr,B,sea-sr,sea-sr_B,4,0.01,139,19,5.743,19.5523,0.002719,0.13918
sea,sr,B,sea-sr,sea-sr_B,4,0.01,140,20,5.1493,2.8931,0.002242,0.05263
sea,sr,B,sea-sr,sea-sr_B,4,0.01,141,21,4.7558,3.3645,0.003733,0.05498
sea,sr,B,sea-sr,sea-sr_B,4,0.01,142,22,3.0147,4.6903,0.001352,0.068158
sea,sr,B,sea-sr,sea-sr_B,4,0.01,143,23,3.2625,2.3902,0.002381,0.047446
sea,sr,B,sea-sr,sea-sr_B,4,0.01,144,24,3.3299,2.5977,0.003447,0.048025
sea,sr,B,sea-sr,sea-sr_B,4,0.01,145,25,3.1793,2.2207,0.000556,0.047044
sea,sr,B,sea-sr,sea-sr_B,4,0.01,146,26,3.3244,2.5798,0.002435,0.04934
sea,sr,B,sea-sr,sea-sr_B,4,0.01,147,27,3.004,2.636,0.003634,0.048084
sea,sr,B,sea-sr,sea-sr_B,4,0.01,148,28,2.8062,2.1765,0.000424,0.046606
sea,sr,B,sea-sr,sea-sr_B,4,0.01,149,29,2.7333,2.412,0.002768,0.047161
sea,sr,B,sea-sr,sea-sr_B,4,0.01,150,30,2.968,2.9275,0.004438,0.049441
sea,sr,B,sea-sr,sea-sr_B,4,0.01,151,31,3.5388,2.9189,0.000273,0.05401
sea,sr,B,sea-sr,sea-sr_B,4,0.01,152,32,3.3389,2.4468,0.001399,0.048978
sea,sr,B,sea-sr,sea-sr_B,4,0.01,153,33,3.8586,4.2363,0.007232,0.054349
sea,sr,B,sea-sr,sea-sr_B,4,0.01,154,34,3.5926,3.0582,0.001945,0.054456
sea,sr,B,sea-sr,sea-sr_B,4,0.01,155,35,3.9321,2.603,0.00202,0.050029
sea,sr,B,sea-sr,sea-sr_B,4,0.01,156,36,3.6248,7.485,0.002187,0.085835
sea,sr,B,sea-sr,sea-sr_B,4,0.01,157,37,7.9045,11.9484,0.000372,0.109293
sea,sr,B,sea-sr,sea-sr_B,4,0.01,158,38,4.1385,2.5217,0.003205,0.047642
sea,sr,B,sea-sr,sea-sr_B,4,0.01,159,39,3.2678,3.3184,0.00296,0.055709
sea,sr,B,sea-sr,sea-sr_B,4,0.01,160,40,5.7964,12.0098,0.005957,0.105545
sea,sr,B,sea-sr,sea-sr_B,5,0.01,161,1,3.0208,2.2745,0.002933,0.045426
sea,sr,B,sea-sr,sea-sr_B,5,0.01,162,2,2.7166,2.7857,0.004601,0.047609
sea,sr,B,sea-sr,sea-sr_B,5,0.01,163,3,2.9583,2.9555,0.000803,0.054219
sea,sr,B,sea-sr,sea-sr_B,5,0.01,164,4,4.4026,3.554,0.002009,0.058779
sea,sr,B,sea-sr,sea-sr_B,5,0.01,165,5,8.8173,3.5262,0.001447,0.058948
sea,sr,B,sea-sr,sea-sr_B,5,0.01,166,6,6.8507,11.8575,0.018842,0.056135
sea,sr,B,sea-sr,sea-sr_B,5,0.01,167,7,5.2317,2.4238,0.000435,0.049185
sea,sr,B,sea-sr,sea-sr_B,5,0.01,168,8,5.8698,2.9264,0.003513,0.051222
sea,sr,B,sea-sr,sea-sr_B,5,0.01,169,9,4.4538,2.8154,0.00204,0.05209
sea,sr,B,sea-sr,sea-sr_B,5,0.01,170,10,4.5906,3.3448,0.006319,0.048636
sea,sr,B,sea-sr,sea-sr_B,5,0.01,171,11,5.6709,2.4947,0.000303,0.049925
sea,sr,B,sea-sr,sea-sr_B,5,0.01,172,12,9.7545,8.6341,0.004452,0.090267
sea,sr,B,sea-sr,sea-sr_B,5,0.01,173,13,8.4919,3.1775,0.00113,0.05609
sea,sr,B,sea-sr,sea-sr_B,5,0.01,174,14,4.3238,2.4711,0.001057,0.049434
sea,sr,B,sea-sr,sea-sr_B,5,0.01,175,15,3.4087,5.9149,0.005703,0.071535
sea,sr,B,sea-sr,sea-sr_B,5,0.01,176,16,6.4364,11.2971,0.01184,0.088651
sea,sr,B,sea-sr,sea-sr_B,5,0.01,177,17,6.1581,5.0578,0.000948,0.070963
sea,sr,B,sea-sr,sea-sr_B,5,0.01,178,18,3.89,3.9388,0.000809,0.062631
sea,sr,B,sea-sr,sea-sr_B,5,0.01,179,19,6.3984,11.9095,0.00974,0.097893
sea,sr,B,sea-sr,sea-sr_B,5,0.01,180,20,6.8957,14.6577,0.000524,0.121041
sea,sr,B,sea-sr,sea-sr_B,5,0.01,181,21,7.7376,6.9343,0.002632,0.082246
sea,sr,B,sea-sr,sea-sr_B,5,0.01,182,22,3.5455,3.3455,0.000987,0.057633
sea,sr,B,sea-sr,sea-sr_B,5,0.01,183,23,2.8989,2.7563,0.003552,0.049465
sea,sr,B,sea-sr,sea-sr_B,5,0.01,184,24,2.633,2.4968,0.003036,0.047653
sea,sr,B,sea-sr,sea-sr_B,5,0.01,185,25,3.1978,4.4175,0.002253,0.065521
sea,sr,B,sea-sr,sea-sr_B,5,0.01,186,26,2.8026,3.531,0.007655,0.045759
sea,sr,B,sea-sr,sea-sr_B,5,0.01,187,27,2.5371,2.7882,0.004852,0.047019
sea,sr,B,sea-sr,sea-sr_B,5,0.01,188,28,2.5623,3.7651,0.001601,0.060846
sea,sr,B,sea-sr,sea-sr_B,5,0.01,189,29,2.6263,3.5484,0.001129,0.059306
sea,sr,B,sea-sr,sea-sr_B,5,0.01,190,30,2.4765,2.2069,0.001807,0.046118
sea,sr,B,sea-sr,sea-sr_B,5,0.01,191,31,2.9605,2.3055,0.000798,0.047853
sea,sr,B,sea-sr,sea-sr_B,5,0.01,192,32,2.5242,3.9074,0.002202,0.06155
sea,sr,B,sea-sr,sea-sr_B,5,0.01,193,33,3.0041,3.5213,0.002803,0.057695
sea,sr,B,sea-sr,sea-sr_B,5,0.01,194,34,3.1456,4.3997,0.001187,0.066069
sea,sr,B,sea-sr,sea-sr_B,5,0.01,195,35,2.6172,2.8306,0.004244,0.048877
sea,sr,B,sea-sr,sea-sr_B,5,0.01,196,36,3.0051,2.4253,0.002244,0.047977
sea,sr,B,sea-sr,sea-sr_B,5,0.01,197,37,3.4683,2.203,0.00238,0.045432
sea,sr,B,sea-sr,sea-sr_B,5,0.01,198,38,3.0962,2.0409,0.000773,0.045014
sea,sr,B,sea-sr,sea-sr_B,5,0.01,199,39,2.7876,2.0539,0.001386,0.044798
sea,sr,B,sea-sr,sea-sr_B,5,0.01,200,40,2.5906,2.7701,0.001699,0.051955
sea,sr,B,sea-sr,sea-sr_B,5,0.01,201,1,16.235,4.4961,0.000956,0.047464
sea,sr,B,sea-sr,sea-sr_B,5,0.01,202,2,28.65,14.5958,0.001976,0.070829
sea,sr,B,sea-sr,sea-sr_B,5,0.01,203,3,15.7519,20.3526,0.002596,0.061849
sea,sr,B,sea-sr,sea-sr_B,5,0.01,204,4,13.7117,28.118,0.003243,0.048255
sea,sr,B,sea-sr,sea-sr_B,5,0.01,205,5,19.0537,6.1646,0.000412,0.075819
sea,sr,B,sea-sr,sea-sr_B,5,0.01,206,6,6.3425,7.5516,0.001442,0.049505
sea,sr,B,sea-sr,sea-sr_B,5,0.01,207,7,12.4051,43.4177,0.004058,0.055164
sea,sr,B,sea-sr,sea-sr_B,5,0.01,208,8,8.6774,5.9738,0.001149,0.052302
sea,sr,B,sea-sr,sea-sr_B,5,0.01,209,9,17.8146,9.5316,0.000606,0.092905
sea,sr,B,sea-sr,sea-sr_B,5,0.01,210,10,8.4035,3.3482,0.000442,0.053556
sea,sr,B,sea-sr,sea-sr_B,5,0.01,211,11,5.3946,4.4368,0.000895,0.049726
sea,sr,B,sea-sr,sea-sr_B,5,0.01,212,12,12.334,9.2901,0.001677,0.048905
sea,sr,B,sea-sr,sea-sr_B,5,0.01,213,13,10.5656,2.6766,0.000264,0.050053
sea,sr,B,sea-sr,sea-sr_B,5,0.01,214,14,6.6146,5.1918,0.000831,0.059148
sea,sr,B,sea-sr,sea-sr_B,5,0.01,215,15,9.6424,6.4279,0.001181,0.054841
sea,sr,B,sea-sr,sea-sr_B,5,0.01,216,16,12.1861,4.5526,0.0009,0.050655
sea,sr,B,sea-sr,sea-sr_B,5,0.01,217,17,4.9728,6.0771,0.001143,0.053617
sea,sr,B,sea-sr,sea-sr_B,5,0.01,218,18,8.064,16.4801,0.002412,0.047055
sea,sr,B,sea-sr,sea-sr_B,5,0.01,219,19,13.1935,18.3065,0.002444,0.060453
sea,sr,B,sea-sr,sea-sr_B,5,0.01,220,20,11.8823,3.3956,0.000222,0.057225
sea,sr,B,sea-sr,sea-sr_B,5,0.01,221,21,5.0657,2.5968,0.000402,0.046916
sea,sr,B,sea-sr,sea-sr_B,5,0.01,222,22,4.2615,6.1019,0.001158,0.053046
sea,sr,B,sea-sr,sea-sr_B,5,0.01,223,23,3.8577,5.0698,0.000876,0.056446
sea,sr,B,sea-sr,sea-sr_B,5,0.01,224,24,6.9518,7.0527,0.001008,0.067542
sea,sr,B,sea-sr,sea-sr_B,5,0.01,225,25,4.6543,2.179,0.000175,0.045866
sea,sr,B,sea-sr,sea-sr_B,5,0.01,226,26,9.4192,8.7312,0.001543,0.053765
sea,sr,B,sea-sr,sea-sr_B,5,0.01,227,27,4.7177,10.0324,0.001777,0.047832
sea,sr,B,sea-sr,sea-sr_B,5,0.01,228,28,5.6263,15.5765,0.002331,0.047423
sea,sr,B,sea-sr,sea-sr_B,5,0.01,229,29,5.7257,2.3,0.000315,0.045345
sea,sr,B,sea-sr,sea-sr_B,5,0.01,230,30,4.171,3.1621,0.000554,0.04909
sea,sr,B,sea-sr,sea-sr_B,5,0.01,231,31,4.4246,2.1575,0.000213,0.045232
sea,sr,B,sea-sr,sea-sr_B,5,0.01,232,32,4.4059,2.7303,0.000435,0.047595
sea,sr,B,sea-sr,sea-sr_B,5,0.01,233,33,4.4129,6.0043,0.001247,0.046817
sea,sr,B,sea-sr,sea-sr_B,5,0.01,234,34,4.2994,3.7653,0.00074,0.049203
sea,sr,B,sea-sr,sea-sr_B,5,0.01,235,35,6.6663,4.1879,0.000935,0.045231
sea,sr,B,sea-sr,sea-sr_B,5,0.01,236,36,3.676,11.8343,0.001987,0.046405
sea,sr,B,sea-sr,sea-sr_B,5,0.01,237,37,3.6277,2.3545,0.000302,0.046168
sea,sr,B,sea-sr,sea-sr_B,5,0.01,238,38,9.4671,6.3589,0.001222,0.051943
sea,sr,B,sea-sr,sea-sr_B,5,0.01,239,39,5.3119,2.8575,0.000559,0.045725
sea,sr,B,sea-sr,sea-sr_B,5,0.01,240,40,4.4481,4.8542,0.000614,0.062685
sea,sr,B,sea-sr,sea-sr_B,5,0.01,241,41,4.1396,6.9557,0.001416,0.045164
sea,sr,B,sea-sr,sea-sr_B,5,0.01,242,42,3.5103,2.689,0.000418,0.047553
sea,sr,B,sea-sr,sea-sr_B,5,0.01,243,43,3.202,2.2075,0.000218,0.045723
sea,sr,B,sea-sr,sea-sr_B,5,0.01,244,44,3.508,2.2325,0.000314,0.044624
sea,sr,B,sea-sr,sea-sr_B,5,0.01,245,45,4.6086,6.78,0.00139,0.045221
sea,sr,B,sea-sr,sea-sr_B,5,0.01,246,46,4.3558,4.331,0.000934,0.046836
sea,sr,B,sea-sr,sea-sr_B,5,0.01,247,47,3.3983,5.5439,0.001194,0.045234
sea,sr,B,sea-sr,sea-sr_B,5,0.01,248,48,3.6844,2.4615,0.000336,0.04674
sea,sr,B,sea-sr,sea-sr_B,5,0.01,249,49,4.0824,2.1606,0.000222,0.045164
sea,sr,B,sea-sr,sea-sr_B,5,0.01,250,50,4.5971,2.705,0.000545,0.044465
sea,sr,B,sea-sr,sea-sr_B,5,0.01,251,51,3.8269,2.6797,0.000529,0.044656
sea,sr,B,sea-sr,sea-sr_B,5,0.01,252,52,3.4774,2.0992,0.000183,0.044908
sea,sr,B,sea-sr,sea-sr_B,5,0.01,253,53,3.1907,2.7125,0.000543,0.044607
sea,sr,B,sea-sr,sea-sr_B,5,0.01,254,54,3.7381,3.2803,0.000721,0.044773
sea,sr,B,sea-sr,sea-sr_B,5,0.01,255,55,4.477,3.3378,0.000733,0.04495
sea,sr,B,sea-sr,sea-sr_B,5,0.01,256,56,3.941,2.3819,0.000311,0.046315
sea,sr,B,sea-sr,sea-sr_B,5,0.01,257,57,4.3863,6.2167,0.001272,0.047406
sea,sr,B,sea-sr,sea-sr_B,5,0.01,258,58,4.3445,2.7978,0.000419,0.048659
sea,sr,B,sea-sr,sea-sr_B,5,0.01,259,59,4.1162,2.9698,0.000493,0.048719
sea,sr,B,sea-sr,sea-sr_B,5,0.01,260,60,3.2831,2.5878,0.000491,0.044691
sea,sr,B,sea-sr,sea-sr_B,5,0.01,261,61,2.4757,2.1276,0.000193,0.045123
sea,sr,B,sea-sr,sea-sr_B,5,0.01,262,62,2.4404,2.0571,0.000178,0.04449
sea,sr,B,sea-sr,sea-sr_B,5,0.01,263,63,2.3711,3.0931,0.000685,0.044081
sea,sr,B,sea-sr,sea-sr_B,5,0.01,264,64,2.9969,2.1718,0.000304,0.044111
sea,sr,B,sea-sr,sea-sr_B,5,0.01,265,65,2.9504,3.1452,0.000583,0.048093
sea,sr,B,sea-sr,sea-sr_B,5,0.01,266,66,3.2844,2.4084,0.000424,0.044354
sea,sr,B,sea-sr,sea-sr_B,5,0.01,267,67,2.6928,2.1237,0.000276,0.044007
sea,sr,B,sea-sr,sea-sr_B,5,0.01,268,68,2.5239,3.7579,0.000843,0.044905
sea,sr,B,sea-sr,sea-sr_B,5,0.01,269,69,2.703,2.0593,0.000226,0.043972
sea,sr,B,sea-sr,sea-sr_B,5,0.01,270,70,4.3679,8.863,0.00167,0.044951
sea,sr,B,sea-sr,sea-sr_B,5,0.01,271,71,2.6016,2.7474,0.000557,0.044586
sea,sr,B,sea-sr,sea-sr_B,5,0.01,272,72,2.2248,2.1111,0.000274,0.043897
sea,sr,B,sea-sr,sea-sr_B,5,0.01,273,73,2.2754,2.0717,0.000209,0.044326
sea,sr,B,sea-sr,sea-sr_B,5,0.01,274,74,3.2054,2.0956,0.000259,0.043948
sea,sr,B,sea-sr,sea-sr_B,5,0.01,275,75,2.8581,3.5086,0.000762,0.045653
sea,sr,B,sea-sr,sea-sr_B,5,0.01,276,76,2.7288,4.6117,0.001034,0.044584
sea,sr,B,sea-sr,sea-sr_B,5,0.01,277,77,2.5271,3.2,0.00068,0.045443
sea,sr,B,sea-sr,sea-sr_B,5,0.01,278,78,3.1109,2.1793,0.000245,0.045082
sea,sr,B,sea-sr,sea-sr_B,5,0.01,279,79,2.7197,2.0452,0.000188,0.04426
sea,sr,B,sea-sr,sea-sr_B,5,0.01,280,80,3.3576,2.062,0.000219,0.04409
sea,sr,B,sea-sr,sea-sr_B,5,0.01,281,81,2.2718,1.9946,0.000177,0.043794
sea,sr,B,sea-sr,sea-sr_B,5,0.01,282,82,2.2365,2.0944,0.000255,0.043981
sea,sr,B,sea-sr,sea-sr_B,5,0.01,283,83,2.2245,2.4746,0.000474,0.043859
sea,sr,B,sea-sr,sea-sr_B,5,0.01,284,84,2.4557,2.2177,0.000294,0.044792
sea,sr,B,sea-sr,sea-sr_B,5,0.01,285,85,2.9778,2.2454,0.000366,0.043791
sea,sr,B,sea-sr,sea-sr_B,5,0.01,286,86,2.0974,2.0846,0.000253,0.043898
sea,sr,B,sea-sr,sea-sr_B,5,0.01,287,87,2.2086,1.9987,0.000194,0.04366
sea,sr,B,sea-sr,sea-sr_B,5,0.01,288,88,2.4335,2.2012,0.000344,0.043711
sea,sr,B,sea-sr,sea-sr_B,5,0.01,289,89,2.6288,2.5702,0.000518,0.043719
sea,sr,B,sea-sr,sea-sr_B,5,0.01,290,90,2.2683,3.1935,0.000691,0.044989
sea,sr,B,sea-sr,sea-sr_B,5,0.01,291,91,2.3514,1.9749,0.00017,0.043633
sea,sr,B,sea-sr,sea-sr_B,5,0.01,292,92,2.1431,2.0287,0.000186,0.04409
sea,sr,B,sea-sr,sea-sr_B,5,0.01,293,93,2.3475,2.2617,0.000383,0.043621
sea,sr,B,sea-sr,sea-sr_B,5,0.01,294,94,2.1758,2.7159,0.000575,0.043646
sea,sr,B,sea-sr,sea-sr_B,5,0.01,295,95,2.6185,2.189,0.000222,0.045482
sea,sr,B,sea-sr,sea-sr_B,5,0.01,296,96,2.6899,2.1902,0.000183,0.045917
sea,sr,B,sea-sr,sea-sr_B,5,0.01,297,97,2.1692,2.9719,0.000617,0.045141
sea,sr,B,sea-sr,sea-sr_B,5,0.01,298,98,2.8375,2.4015,0.000451,0.043621
sea,sr,B,sea-sr,sea-sr_B,5,0.01,299,99,2.1095,2.0245,0.000215,0.043715
sea,sr,B,sea-sr,sea-sr_B,5,0.01,300,100,2.0884,2.0332,0.000177,0.044234
sea,sr,B,sea-sr,sea-sr_B,5,0.01,301,1,7.3954,3.3745,0.000242,0.043986
sea,sr,B,sea-sr,sea-sr_B,5,0.01,302,2,4.6319,4.7658,0.000341,0.043661
sea,sr,B,sea-sr,sea-sr_B,5,0.01,303,3,4.4192,5.637,0.00039,0.043607
sea,sr,B,sea-sr,sea-sr_B,5,0.01,304,4,4.4238,6.1001,0.000412,0.044076
sea,sr,B,sea-sr,sea-sr_B,5,0.01,305,5,5.0624,2.9353,0.000183,0.046014
sea,sr,B,sea-sr,sea-sr_B,5,0.01,306,6,3.3246,2.6042,0.000169,0.043604
sea,sr,B,sea-sr,sea-sr_B,5,0.01,307,7,3.2879,2.9873,0.00021,0.043641
sea,sr,B,sea-sr,sea-sr_B,5,0.01,308,8,5.7176,2.6055,0.000168,0.043752
sea,sr,B,sea-sr,sea-sr_B,5,0.01,309,9,4.0476,3.2976,0.000237,0.04376
sea,sr,B,sea-sr,sea-sr_B,5,0.01,310,10,3.4601,2.9309,0.000202,0.043963
sea,sr,B,sea-sr,sea-sr_B,5,0.01,311,11,5.57,3.024,0.000214,0.043629
sea,sr,B,sea-sr,sea-sr_B,5,0.01,312,12,4.8172,9.9505,0.000573,0.043686
sea,sr,B,sea-sr,sea-sr_B,5,0.01,313,13,4.7398,7.6593,0.000477,0.04559
sea,sr,B,sea-sr,sea-sr_B,5,0.01,314,14,6.3256,2.8005,0.000187,0.04411
sea,sr,B,sea-sr,sea-sr_B,5,0.01,315,15,3.5118,4.1259,0.000301,0.043624
sea,sr,B,sea-sr,sea-sr_B,5,0.01,316,16,3.7131,3.6501,0.000267,0.043641
sea,sr,B,sea-sr,sea-sr_B,5,0.01,317,17,4.9461,3.2716,0.000236,0.043683
sea,sr,B,sea-sr,sea-sr_B,5,0.01,318,18,3.4127,3.7064,0.000263,0.04484
sea,sr,B,sea-sr,sea-sr_B,5,0.01,319,19,4.6724,2.7575,0.000174,0.044865
sea,sr,B,sea-sr,sea-sr_B,5,0.01,320,20,4.2234,8.76,0.000528,0.043801
sea,sr,B,sea-sr,sea-sr_B,5,0.01,321,21,3.9468,3.5847,0.000261,0.04372
sea,sr,B,sea-sr,sea-sr_B,5,0.01,322,22,3.0235,3.1504,0.000225,0.043664
sea,sr,B,sea-sr,sea-sr_B,5,0.01,323,23,5.349,2.7531,0.000186,0.043672
sea,sr,B,sea-sr,sea-sr_B,5,0.01,324,24,4.5057,2.8723,0.000197,0.043878
sea,sr,B,sea-sr,sea-sr_B,5,0.01,325,25,3.0383,4.0323,0.000294,0.043719
sea,sr,B,sea-sr,sea-sr_B,5,0.01,326,26,3.0957,3.061,0.000208,0.04476
sea,sr,B,sea-sr,sea-sr_B,5,0.01,327,27,3.1471,4.9515,0.000352,0.043656
sea,sr,B,sea-sr,sea-sr_B,5,0.01,328,28,3.1112,2.5579,0.000163,0.043642
sea,sr,B,sea-sr,sea-sr_B,5,0.01,329,29,3.6102,8.0287,0.0005,0.043654
sea,sr,B,sea-sr,sea-sr_B,5,0.01,330,30,3.0422,3.9837,0.000291,0.043724
sea,sr,B,sea-sr,sea-sr_B,5,0.01,331,31,3.34,4.8004,0.000344,0.043632
sea,sr,B,sea-sr,sea-sr_B,5,0.01,332,32,5.0688,2.825,0.000193,0.043669
sea,sr,B,sea-sr,sea-sr_B,5,0.01,333,33,4.5053,2.6044,0.000169,0.043637
sea,sr,B,sea-sr,sea-sr_B,5,0.01,334,34,3.468,2.8538,0.000197,0.043656
sea,sr,B,sea-sr,sea-sr_B,5,0.01,335,35,3.288,5.0201,0.000356,0.043746
sea,sr,B,sea-sr,sea-sr_B,5,0.01,336,36,4.512,4.6873,0.000329,0.045103
sea,sr,B,sea-sr,sea-sr_B,5,0.01,337,37,3.5031,2.747,0.000185,0.043667
sea,sr,B,sea-sr,sea-sr_B,5,0.01,338,38,3.0941,3.3358,0.000235,0.044464
sea,sr,B,sea-sr,sea-sr_B,5,0.01,339,39,3.155,2.5653,0.000164,0.043695
sea,sr,B,sea-sr,sea-sr_B,5,0.01,340,40,2.9452,5.1516,0.000363,0.043786
sea,sr,B,sea-sr,sea-sr_B,5,0.01,341,41,3.3392,4.7847,0.000343,0.043635
sea,sr,B,sea-sr,sea-sr_B,5,0.01,342,42,3.4665,2.9688,0.000209,0.043611
sea,sr,B,sea-sr,sea-sr_B,5,0.01,343,43,2.6961,2.5486,0.000162,0.043604
sea,sr,B,sea-sr,sea-sr_B,5,0.01,344,44,2.743,2.5422,0.000161,0.04369
sea,sr,B,sea-sr,sea-sr_B,5,0.01,345,45,2.8308,2.8099,0.000192,0.043641
sea,sr,B,sea-sr,sea-sr_B,5,0.01,346,46,2.946,4.2148,0.000307,0.043683
sea,sr,B,sea-sr,sea-sr_B,5,0.01,347,47,2.6407,2.5672,0.000164,0.043664
sea,sr,B,sea-sr,sea-sr_B,5,0.01,348,48,3.1498,2.8338,0.000195,0.043597
sea,sr,B,sea-sr,sea-sr_B,5,0.01,349,49,2.726,2.7419,0.000185,0.043632
sea,sr,B,sea-sr,sea-sr_B,5,0.01,350,50,2.7693,2.5393,0.000161,0.043615
sea,sr,B,sea-sr,sea-sr_B,5,0.01,351,51,3.101,2.5653,0.000165,0.043587
sea,sr,B,sea-sr,sea-sr_B,5,0.01,352,52,2.7265,2.6766,0.000178,0.043592
sea,sr,B,sea-sr,sea-sr_B,5,0.01,353,53,2.7667,2.543,0.000162,0.043613
sea,sr,B,sea-sr,sea-sr_B,5,0.01,354,54,2.8709,3.0385,0.000215,0.043592
sea,sr,B,sea-sr,sea-sr_B,5,0.01,355,55,2.9636,2.7974,0.000191,0.043588
sea,sr,B,sea-sr,sea-sr_B,5,0.01,356,56,3.0027,2.6803,0.000178,0.043617
sea,sr,B,sea-sr,sea-sr_B,5,0.01,357,57,2.9587,3.7942,0.000278,0.043592
sea,sr,B,sea-sr,sea-sr_B,5,0.01,358,58,2.9732,2.7799,0.000189,0.043596
sea,sr,B,sea-sr,sea-sr_B,5,0.01,359,59,2.9579,2.8301,0.000195,0.043596
sea,sr,B,sea-sr,sea-sr_B,5,0.01,360,60,3.0601,5.4315,0.000379,0.043629
sea,sr,B,sea-sr,sea-sr_B,5,0.01,361,61,3.1203,2.6132,0.000171,0.043588
sea,sr,B,sea-sr,sea-sr_B,5,0.01,362,62,2.586,2.5877,0.000167,0.043596
sea,sr,B,sea-sr,sea-sr_B,5,0.01,363,63,2.5943,2.8112,0.000193,0.043585
sea,sr,B,sea-sr,sea-sr_B,5,0.01,364,64,2.6719,2.5977,0.000169,0.043597
sea,sr,B,sea-sr,sea-sr_B,5,0.01,365,65,3.0559,2.5546,0.000163,0.043617
sea,sr,B,sea-sr,sea-sr_B,5,0.01,366,66,2.7713,3.191,0.000229,0.043605
sea,sr,B,sea-sr,sea-sr_B,5,0.01,367,67,2.6339,2.581,0.000166,0.043618
sea,sr,B,sea-sr,sea-sr_B,5,0.01,368,68,2.6377,2.5376,0.000161,0.043644
sea,sr,B,sea-sr,sea-sr_B,5,0.01,369,69,2.7099,2.9611,0.000207,0.043703
sea,sr,B,sea-sr,sea-sr_B,5,0.01,370,70,2.8056,2.6739,0.000177,0.04365
sea,sr,B,sea-sr,sea-sr_B,5,0.01,371,71,2.7832,2.648,0.000175,0.043575
sea,sr,B,sea-sr,sea-sr_B,5,0.01,372,72,2.6927,3.0015,0.000212,0.043573
sea,sr,B,sea-sr,sea-sr_B,5,0.01,373,73,2.6777,2.6282,0.000172,0.043581
sea,sr,B,sea-sr,sea-sr_B,5,0.01,374,74,2.7716,2.5863,0.000168,0.043567
sea,sr,B,sea-sr,sea-sr_B,5,0.01,375,75,2.5406,2.5322,0.000161,0.043569
sea,sr,B,sea-sr,sea-sr_B,5,0.01,376,76,3.0306,2.6657,0.000177,0.043573
sea,sr,B,sea-sr,sea-sr_B,5,0.01,377,77,2.67,2.7798,0.00019,0.043569
sea,sr,B,sea-sr,sea-sr_B,5,0.01,378,78,2.6362,2.5335,0.000161,0.043564
sea,sr,B,sea-sr,sea-sr_B,5,0.01,379,79,2.6366,2.845,0.000196,0.043573
sea,sr,B,sea-sr,sea-sr_B,5,0.01,380,80,2.8806,2.7789,0.00019,0.043564
sea,sr,B,sea-sr,sea-sr_B,5,0.01,381,81,2.6356,2.7606,0.000188,0.043558
sea,sr,B,sea-sr,sea-sr_B,5,0.01,382,82,2.6501,2.6393,0.000174,0.043573
sea,sr,B,sea-sr,sea-sr_B,5,0.01,383,83,2.7382,3.0402,0.000216,0.043574
sea,sr,B,sea-sr,sea-sr_B,5,0.01,384,84,2.5369,2.5512,0.000163,0.043575
sea,sr,B,sea-sr,sea-sr_B,5,0.01,385,85,2.7069,2.7045,0.000181,0.043567
sea,sr,B,sea-sr,sea-sr_B,5,0.01,386,86,2.7184,2.7022,0.000181,0.043567
sea,sr,B,sea-sr,sea-sr_B,5,0.01,387,87,2.6343,2.9323,0.000205,0.043565
sea,sr,B,sea-sr,sea-sr_B,5,0.01,388,88,2.6695,3.1257,0.000224,0.043558
sea,sr,B,sea-sr,sea-sr_B,5,0.01,389,89,2.7848,2.7763,0.000189,0.043571
sea,sr,B,sea-sr,sea-sr_B,5,0.01,390,90,2.6199,2.7113,0.000182,0.043565
sea,sr,B,sea-sr,sea-sr_B,5,0.01,391,91,2.5674,2.5397,0.000162,0.043562
sea,sr,B,sea-sr,sea-sr_B,5,0.01,392,92,2.561,2.5443,0.000162,0.043572
sea,sr,B,sea-sr,sea-sr_B,5,0.01,393,93,2.5901,2.5497,0.000163,0.043559
sea,sr,B,sea-sr,sea-sr_B,5,0.01,394,94,2.53,2.5315,0.000161,0.043559
sea,sr,B,sea-sr,sea-sr_B,5,0.01,395,95,2.5495,2.5707,0.000166,0.043561
sea,sr,B,sea-sr,sea-sr_B,5,0.01,396,96,2.5591,2.5685,0.000165,0.043562
sea,sr,B,sea-sr,sea-sr_B,5,0.01,397,97,2.5844,2.6407,0.000174,0.043569
sea,sr,B,sea-sr,sea-sr_B,5,0.01,398,98,2.713,3.7328,0.000274,0.04357
sea,sr,B,sea-sr,sea-sr_B,5,0.01,399,99,2.5825,2.5459,0.000163,0.04356
sea,sr,B,sea-sr,sea-sr_B,5,0.01,400,100,2.5317,2.557,0.000164,0.043557
sea,sr,B,sea-sr,sea-sr_B,5,0.01,401,1,65.5027,65.8333,0.000161,0.043559
sea,sr,B,sea-sr,sea-sr_B,5,0.01,402,2,64.3117,76.3741,0.000174,0.043575
sea,sr,B,sea-sr,sea-sr_B,5,0.01,403,3,71.8068,72.2638,0.000169,0.043568
sea,sr,B,sea-sr,sea-sr_B,5,0.01,404,4,67.361,67.5276,0.000164,0.043577
sea,sr,B,sea-sr,sea-sr_B,5,0.01,405,5,66.5789,79.1218,0.000177,0.043574
sea,sr,B,sea-sr,sea-sr_B,5,0.01,406,6,65.3602,73.3205,0.000171,0.043588
sea,sr,B,sea-sr,sea-sr_B,5,0.01,407,7,68.3913,67.925,0.000164,0.043581
sea,sr,B,sea-sr,sea-sr_B,5,0.01,408,8,64.6794,76.3641,0.000174,0.043588
sea,sr,B,sea-sr,sea-sr_B,5,0.01,409,9,64.0851,65.3195,0.000161,0.043588
sea,sr,B,sea-sr,sea-sr_B,5,0.01,410,10,65.6545,68.9814,0.000165,0.043623
sea,sr,B,sea-sr,sea-sr_B,5,0.01,411,11,64.6591,67.0037,0.000163,0.043597
sea,sr,B,sea-sr,sea-sr_B,5,0.01,412,12,66.928,64.381,0.00016,0.043608
sea,sr,B,sea-sr,sea-sr_B,5,0.01,413,13,67.0685,77.6388,0.000176,0.0436
sea,sr,B,sea-sr,sea-sr_B,5,0.01,414,14,66.2767,69.7079,0.000166,0.043607
sea,sr,B,sea-sr,sea-sr_B,5,0.01,415,15,64.3426,64.3371,0.00016,0.043637
sea,sr,B,sea-sr,sea-sr_B,5,0.01,416,16,63.7172,64.5692,0.00016,0.043621
sea,sr,B,sea-sr,sea-sr_B,5,0.01,417,17,61.9637,65.0186,0.00016,0.043656
sea,sr,B,sea-sr,sea-sr_B,5,0.01,418,18,65.2583,64.2653,0.000159,0.043619
sea,sr,B,sea-sr,sea-sr_B,5,0.01,419,19,67.3954,65.2262,0.000161,0.043624
sea,sr,B,sea-sr,sea-sr_B,5,0.01,420,20,61.9656,64.3402,0.00016,0.043628
sea,sr,B,sea-sr,sea-sr_B,5,0.01,421,21,62.8842,64.0414,0.000159,0.043628
sea,sr,B,sea-sr,sea-sr_B,5,0.01,422,22,61.6247,70.3782,0.000167,0.043633
sea,sr,B,sea-sr,sea-sr_B,5,0.01,423,23,63.5264,64.0895,0.000159,0.043637
sea,sr,B,sea-sr,sea-sr_B,5,0.01,424,24,63.8709,67.0741,0.000163,0.043634
sea,sr,B,sea-sr,sea-sr_B,5,0.01,425,25,62.1539,64.5216,0.00016,0.043633
sea,sr,B,sea-sr,sea-sr_B,5,0.01,426,26,63.8442,64.3603,0.00016,0.043636
sea,sr,B,sea-sr,sea-sr_B,5,0.01,427,27,61.6815,74.7152,0.000172,0.043639
sea,sr,B,sea-sr,sea-sr_B,5,0.01,428,28,63.3221,66.5396,0.000162,0.043642
sea,sr,B,sea-sr,sea-sr_B,5,0.01,429,29,62.6255,64.6344,0.00016,0.043644
sea,sr,B,sea-sr,sea-sr_B,5,0.01,430,30,62.0201,64.0877,0.000159,0.043645
sea,sr,B,sea-sr,sea-sr_B,5,0.01,431,31,62.0731,65.8647,0.000161,0.043649
sea,sr,B,sea-sr,sea-sr_B,5,0.01,432,32,62.4862,68.1103,0.000164,0.043654
sea,sr,B,sea-sr,sea-sr_B,5,0.01,433,33,61.2518,71.713,0.000169,0.04365
sea,sr,B,sea-sr,sea-sr_B,5,0.01,434,34,64.5817,66.6451,0.000162,0.043654
sea,sr,B,sea-sr,sea-sr_B,5,0.01,435,35,63.5523,63.9491,0.000159,0.043662
sea,sr,B,sea-sr,sea-sr_B,5,0.01,436,36,62.0311,63.677,0.000159,0.043665
sea,sr,B,sea-sr,sea-sr_B,5,0.01,437,37,60.5988,63.894,0.000159,0.04366
sea,sr,B,sea-sr,sea-sr_B,5,0.01,438,38,61.2428,64.1154,0.000159,0.043658
sea,sr,B,sea-sr,sea-sr_B,5,0.01,439,39,63.3004,65.4507,0.000161,0.043659
sea,sr,B,sea-sr,sea-sr_B,5,0.01,440,40,63.3269,72.6586,0.00017,0.043658
sea,sr,B,sea-sr,sea-sr_B,5,0.01,441,41,63.3021,63.9922,0.000159,0.043661
sea,sr,B,sea-sr,sea-sr_B,5,0.01,442,42,61.5299,63.7968,0.000159,0.043662
sea,sr,B,sea-sr,sea-sr_B,5,0.01,443,43,60.569,63.9874,0.000159,0.043663
sea,sr,B,sea-sr,sea-sr_B,5,0.01,444,44,62.3865,66.5012,0.000162,0.043667
sea,sr,B,sea-sr,sea-sr_B,5,0.01,445,45,61.1024,65.5087,0.000161,0.043667
sea,sr,B,sea-sr,sea-sr_B,5,0.01,446,46,61.5696,63.6861,0.000159,0.04367
sea,sr,B,sea-sr,sea-sr_B,5,0.01,447,47,60.6585,65.5217,0.000161,0.043668
sea,sr,B,sea-sr,sea-sr_B,5,0.01,448,48,61.8136,66.9894,0.000163,0.043668
sea,sr,B,sea-sr,sea-sr_B,5,0.01,449,49,62.7028,63.7809,0.000159,0.04367
sea,sr,B,sea-sr,sea-sr_B,5,0.01,450,50,60.552,66.4381,0.000162,0.04367
sea,sr,B,sea-sr,sea-sr_B,5,0.01,451,51,61.036,65.8602,0.000161,0.04367
sea,sr,B,sea-sr,sea-sr_B,5,0.01,452,52,62.2716,64.7259,0.00016,0.043671
sea,sr,B,sea-sr,sea-sr_B,5,0.01,453,53,61.3573,64.2713,0.000159,0.043672
sea,sr,B,sea-sr,sea-sr_B,5,0.01,454,54,61.0833,64.0044,0.000159,0.043673
sea,sr,B,sea-sr,sea-sr_B,5,0.01,455,55,61.3485,63.8959,0.000159,0.043673
sea,sr,B,sea-sr,sea-sr_B,5,0.01,456,56,61.3417,63.8538,0.000159,0.043674
sea,sr,B,sea-sr,sea-sr_B,5,0.01,457,57,61.5327,63.6586,0.000159,0.043676
sea,sr,B,sea-sr,sea-sr_B,5,0.01,458,58,60.8376,63.7312,0.000159,0.043677
sea,sr,B,sea-sr,sea-sr_B,5,0.01,459,59,61.6336,67.4291,0.000163,0.043676
sea,sr,B,sea-sr,sea-sr_B,5,0.01,460,60,63.5738,63.6253,0.000159,0.043678
sea,sr,B,sea-sr,sea-sr_B,5,0.01,461,61,60.6188,63.797,0.000159,0.043678
sea,sr,B,sea-sr,sea-sr_B,5,0.01,462,62,60.9012,64.8343,0.00016,0.043678
sea,sr,B,sea-sr,sea-sr_B,5,0.01,463,63,60.9056,65.0176,0.00016,0.043679
sea,sr,B,sea-sr,sea-sr_B,5,0.01,464,64,60.775,63.6273,0.000159,0.04368
sea,sr,B,sea-sr,sea-sr_B,5,0.01,465,65,60.9272,63.596,0.000159,0.043681
sea,sr,B,sea-sr,sea-sr_B,5,0.01,466,66,60.858,64.1214,0.000159,0.043681
sea,sr,B,sea-sr,sea-sr_B,5,0.01,467,67,60.645,63.9883,0.000159,0.043682
sea,sr,B,sea-sr,sea-sr_B,5,0.01,468,68,60.5876,63.7575,0.000159,0.043682
sea,sr,B,sea-sr,sea-sr_B,5,0.01,469,69,60.1788,63.6452,0.000159,0.043682
sea,sr,B,sea-sr,sea-sr_B,5,0.01,470,70,60.549,63.5692,0.000159,0.043683
sea,sr,B,sea-sr,sea-sr_B,5,0.01,471,71,60.8596,67.5311,0.000164,0.043682
sea,sr,B,sea-sr,sea-sr_B,5,0.01,472,72,61.7839,63.7037,0.000159,0.043683
sea,sr,B,sea-sr,sea-sr_B,5,0.01,473,73,60.9846,63.7389,0.000159,0.043683
sea,sr,B,sea-sr,sea-sr_B,5,0.01,474,74,60.8158,64.382,0.00016,0.043683
sea,sr,B,sea-sr,sea-sr_B,5,0.01,475,75,61.104,63.5148,0.000158,0.043685
sea,sr,B,sea-sr,sea-sr_B,5,0.01,476,76,60.5259,63.5223,0.000159,0.043685
sea,sr,B,sea-sr,sea-sr_B,5,0.01,477,77,60.5676,64.0747,0.000159,0.043685
sea,sr,B,sea-sr,sea-sr_B,5,0.01,478,78,60.4888,63.5439,0.000159,0.043686
sea,sr,B,sea-sr,sea-sr_B,5,0.01,479,79,60.9663,64.8552,0.00016,0.043685
sea,sr,B,sea-sr,sea-sr_B,5,0.01,480,80,60.2731,63.6691,0.000159,0.043687
sea,sr,B,sea-sr,sea-sr_B,5,0.01,481,81,60.7666,63.4927,0.000158,0.043687
sea,sr,B,sea-sr,sea-sr_B,5,0.01,482,82,60.6363,64.2179,0.000159,0.043686
sea,sr,B,sea-sr,sea-sr_B,5,0.01,483,83,61.6427,64.2653,0.000159,0.043688
sea,sr,B,sea-sr,sea-sr_B,5,0.01,484,84,60.2436,63.7766,0.000159,0.043687
sea,sr,B,sea-sr,sea-sr_B,5,0.01,485,85,60.5296,63.9908,0.000159,0.043688
sea,sr,B,sea-sr,sea-sr_B,5,0.01,486,86,60.7355,63.7752,0.000159,0.043688
sea,sr,B,sea-sr,sea-sr_B,5,0.01,487,87,60.3395,63.6302,0.000159,0.043688
sea,sr,B,sea-sr,sea-sr_B,5,0.01,488,88,60.438,63.5142,0.000158,0.043688
sea,sr,B,sea-sr,sea-sr_B,5,0.01,489,89,61.1782,64.0297,0.000159,0.043689
sea,sr,B,sea-sr,sea-sr_B,5,0.01,490,90,60.6025,63.5246,0.000159,0.043689
sea,sr,B,sea-sr,sea-sr_B,5,0.01,491,91,60.107,63.7946,0.000159,0.043688
sea,sr,B,sea-sr,sea-sr_B,5,0.01,492,92,60.524,63.4676,0.000158,0.043689
sea,sr,B,sea-sr,sea-sr_B,5,0.01,493,93,60.2655,63.7286,0.000159,0.043689
sea,sr,B,sea-sr,sea-sr_B,5,0.01,494,94,60.5414,63.5592,0.000159,0.043689
sea,sr,B,sea-sr,sea-sr_B,5,0.01,495,95,60.2984,63.4901,0.000158,0.043689
sea,sr,B,sea-sr,sea-sr_B,5,0.01,496,96,60.3421,63.4833,0.000158,0.04369
sea,sr,B,sea-sr,sea-sr_B,5,0.01,497,97,60.4343,63.8084,0.000159,0.043689
sea,sr,B,sea-sr,sea-sr_B,5,0.01,498,98,60.3895,63.4796,0.000158,0.04369
sea,sr,B,sea-sr,sea-sr_B,5,0.01,499,99,60.4504,63.5382,0.000159,0.04369
sea,sr,B,sea-sr,sea-sr_B,5,0.01,500,100,60.8419,63.6311,0.000159,0.043691
cace,lr,A,cace-lr,cace-lr_A,1,0.01,1,1,527.6313,54.2713,0.004684,0.231804
cace,lr,A,cace-lr,cace-lr_A,1,0.01,2,2,27.7041,16.7555,0.008616,0.122208
cace,lr,A,cace-lr,cace-lr_A,1,0.01,3,3,13.4311,12.0478,0.010586,0.096435
cace,lr,A,cace-lr,cace-lr_A,1,0.01,4,4,9.4748,8.5107,0.009592,0.079086
cace,lr,A,cace-lr,cace-lr_A,1,0.01,5,5,6.6423,5.9221,0.00274,0.07575
cace,lr,A,cace-lr,cace-lr_A,1,0.01,6,6,5.8867,6.65,0.009026,0.068206
cace,lr,A,cace-lr,cace-lr_A,1,0.01,7,7,6.0595,8.187,0.010771,0.073089
cace,lr,A,cace-lr,cace-lr_A,1,0.01,8,8,6.231,10.5523,0.007795,0.095197
cace,lr,A,cace-lr,cace-lr_A,1,0.01,9,9,10.9518,17.1533,0.004845,0.128754
cace,lr,A,cace-lr,cace-lr_A,1,0.01,10,10,23.5569,25.4861,0.017397,0.134403
cace,lr,A,cace-lr,cace-lr_A,1,0.01,11,11,45.1111,36.0005,0.031135,0.11058
cace,lr,A,cace-lr,cace-lr_A,1,0.01,12,12,51.6152,50.0233,0.015561,0.209965
cace,lr,A,cace-lr,cace-lr_A,1,0.01,13,13,42.4744,38.8624,0.012189,0.187666
cace,lr,A,cace-lr,cace-lr_A,1,0.01,14,14,29.8448,29.8252,0.007468,0.168694
cace,lr,A,cace-lr,cace-lr_A,1,0.01,15,15,19.2422,14.6553,0.012865,0.10294
cace,lr,A,cace-lr,cace-lr_A,1,0.01,16,16,13.0391,11.0748,0.004865,0.102442
cace,lr,A,cace-lr,cace-lr_A,1,0.01,17,17,9.1519,10.8577,0.001446,0.103954
cace,lr,A,cace-lr,cace-lr_A,1,0.01,18,18,7.4081,7.3129,0.00505,0.081777
cace,lr,A,cace-lr,cace-lr_A,1,0.01,19,19,6.5853,5.5012,0.006329,0.067223
cace,lr,A,cace-lr,cace-lr_A,1,0.01,20,20,5.8367,6.3359,0.001898,0.079041
cace,lr,A,cace-lr,cace-lr_A,1,0.01,21,21,4.669,4.4814,0.003848,0.064173
cace,lr,A,cace-lr,cace-lr_A,1,0.01,22,22,4.6869,4.4124,0.003069,0.064664
cace,lr,A,cace-lr,cace-lr_A,1,0.01,23,23,4.4642,4.3324,0.004937,0.061112
cace,lr,A,cace-lr,cace-lr_A,1,0.01,24,24,4.5355,4.4275,0.001863,0.065897
cace,lr,A,cace-lr,cace-lr_A,1,0.01,25,25,4.3772,4.3854,0.002763,0.064793
cace,lr,A,cace-lr,cace-lr_A,1,0.01,26,26,4.4737,3.9836,0.004017,0.059899
cace,lr,A,cace-lr,cace-lr_A,1,0.01,27,27,4.0185,4.4897,0.00058,0.066944
cace,lr,A,cace-lr,cace-lr_A,1,0.01,28,28,4.1985,3.903,0.003453,0.060088
cace,lr,A,cace-lr,cace-lr_A,1,0.01,29,29,4.1129,3.9932,0.005034,0.058066
cace,lr,A,cace-lr,cace-lr_A,1,0.01,30,30,4.0383,3.9561,0.002593,0.061573
cace,lr,A,cace-lr,cace-lr_A,1,0.01,31,31,3.8983,3.6697,0.00378,0.057613
cace,lr,A,cace-lr,cace-lr_A,1,0.01,32,32,3.9172,3.9823,0.003463,0.06073
cace,lr,A,cace-lr,cace-lr_A,1,0.01,33,33,3.8461,3.6165,0.003254,0.057939
cace,lr,A,cace-lr,cace-lr_A,1,0.01,34,34,3.7567,3.5554,0.002522,0.058305
cace,lr,A,cace-lr,cace-lr_A,1,0.01,35,35,3.694,3.9278,0.001701,0.062104
cace,lr,A,cace-lr,cace-lr_A,1,0.01,36,36,3.8167,3.404,0.003056,0.056348
cace,lr,A,cace-lr,cace-lr_A,1,0.01,37,37,3.553,3.5384,0.002264,0.058418
cace,lr,A,cace-lr,cace-lr_A,1,0.01,38,38,3.5352,3.4,0.003768,0.055244
cace,lr,A,cace-lr,cace-lr_A,1,0.01,39,39,3.5026,3.7202,0.000791,0.060868
cace,lr,A,cace-lr,cace-lr_A,1,0.01,40,40,3.6484,3.3053,0.001473,0.057028
cace,lr,A,cace-lr,cace-lr_A,2,0.01,41,1,21.9579,3.5717,0.003379,0.057373
cace,lr,A,cace-lr,cace-lr_A,2,0.01,42,2,5.2083,3.9194,0.0057,0.055879
cace,lr,A,cace-lr,cace-lr_A,2,0.01,43,3,12.516,7.4727,0.012089,0.062362
cace,lr,A,cace-lr,cace-lr_A,2,0.01,44,4,8.9763,5.5148,0.003042,0.072717
cace,lr,A,cace-lr,cace-lr_A,2,0.01,45,5,4.2993,3.3086,0.005372,0.050998
cace,lr,A,cace-lr,cace-lr_A,2,0.01,46,6,4.1983,3.0469,0.003383,0.052594
cace,lr,A,cace-lr,cace-lr_A,2,0.01,47,7,3.1094,2.2376,0.003634,0.043747
cace,lr,A,cace-lr,cace-lr_A,2,0.01,48,8,2.809,1.9259,0.000933,0.043641
cace,lr,A,cace-lr,cace-lr_A,2,0.01,49,9,2.5203,2.1476,0.005047,0.039023
cace,lr,A,cace-lr,cace-lr_A,2,0.01,50,10,2.0419,1.9385,0.003904,0.039557
cace,lr,A,cace-lr,cace-lr_A,2,0.01,51,11,2.2504,3.9234,0.009737,0.039982
cace,lr,A,cace-lr,cace-lr_A,2,0.01,52,12,2.0983,2.2656,0.005471,0.039135
cace,lr,A,cace-lr,cace-lr_A,2,0.01,53,13,2.0309,2.1595,0.004124,0.041743
cace,lr,A,cace-lr,cace-lr_A,2,0.01,54,14,2.0034,1.6076,0.00036,0.040055
cace,lr,A,cace-lr,cace-lr_A,2,0.01,55,15,1.7312,1.834,0.005109,0.034552
cace,lr,A,cace-lr,cace-lr_A,2,0.01,56,16,1.6472,1.205,0.000888,0.034433
cace,lr,A,cace-lr,cace-lr_A,2,0.01,57,17,1.4799,1.7084,0.004307,0.035403
cace,lr,A,cace-lr,cace-lr_A,2,0.01,58,18,1.6142,1.3622,0.000702,0.036744
cace,lr,A,cace-lr,cace-lr_A,2,0.01,59,19,1.7282,2.4111,0.006829,0.035602
cace,lr,A,cace-lr,cace-lr_A,2,0.01,60,20,1.6509,1.1626,0.001207,0.033569
cace,lr,A,cace-lr,cace-lr_A,2,0.01,61,21,1.2021,1.05,0.001519,0.031519
cace,lr,A,cace-lr,cace-lr_A,2,0.01,62,22,1.0144,1.6296,0.003047,0.037442
cace,lr,A,cace-lr,cace-lr_A,2,0.01,63,23,0.9562,0.8992,0.000209,0.029968
cace,lr,A,cace-lr,cace-lr_A,2,0.01,64,24,1.0691,0.8191,0.000367,0.028563
cace,lr,A,cace-lr,cace-lr_A,2,0.01,65,25,1.0189,0.9236,0.001724,0.029166
cace,lr,A,cace-lr,cace-lr_A,2,0.01,66,26,1.1767,1.5592,0.00043,0.039429
cace,lr,A,cace-lr,cace-lr_A,2,0.01,67,27,1.2482,1.1054,0.000888,0.032956
cace,lr,A,cace-lr,cace-lr_A,2,0.01,68,28,1.4053,1.1862,0.000809,0.034207
cace,lr,A,cace-lr,cace-lr_A,2,0.01,69,29,1.0378,0.8009,0.001187,0.027684
cace,lr,A,cace-lr,cace-lr_A,2,0.01,70,30,0.8972,1.0609,0.000327,0.032532
cace,lr,A,cace-lr,cace-lr_A,2,0.01,71,31,0.8558,0.7459,0.001131,0.026731
cace,lr,A,cace-lr,cace-lr_A,2,0.01,72,32,0.8373,0.7827,0.002166,0.025839
cace,lr,A,cace-lr,cace-lr_A,2,0.01,73,33,0.782,0.9404,0.00128,0.030004
cace,lr,A,cace-lr,cace-lr_A,2,0.01,74,34,1.0152,1.4007,0.004003,0.031744
cace,lr,A,cace-lr,cace-lr_A,2,0.01,75,35,0.9222,0.67,0.001124,0.025278
cace,lr,A,cace-lr,cace-lr_A,2,0.01,76,36,0.8875,0.7332,0.001429,0.026137
cace,lr,A,cace-lr,cace-lr_A,2,0.01,77,37,1.075,0.8839,0.002626,0.026737
cace,lr,A,cace-lr,cace-lr_A,2,0.01,78,38,0.8691,1.491,0.004053,0.032986
cace,lr,A,cace-lr,cace-lr_A,2,0.01,79,39,0.7923,0.7622,0.00138,0.026749
cace,lr,A,cace-lr,cace-lr_A,2,0.01,80,40,0.8709,1.0341,0.003519,0.027024
cace,lr,A,cace-lr,cace-lr_A,3,0.01,81,1,1.5653,0.5874,0.000323,0.024183
cace,lr,A,cace-lr,cace-lr_A,3,0.01,82,2,0.8255,0.6233,0.00049,0.024847
cace,lr,A,cace-lr,cace-lr_A,3,0.01,83,3,0.8393,0.6179,0.000565,0.024699
cace,lr,A,cace-lr,cace-lr_A,3,0.01,84,4,0.8574,1.0045,0.001239,0.031094
cace,lr,A,cace-lr,cace-lr_A,3,0.01,85,5,1.0867,0.8019,0.000231,0.028294
cace,lr,A,cace-lr,cace-lr_A,3,0.01,86,6,0.9627,0.9785,0.002617,0.02847
cace,lr,A,cace-lr,cace-lr_A,3,0.01,87,7,0.9601,0.7585,0.001222,0.026869
cace,lr,A,cace-lr,cace-lr_A,3,0.01,88,8,0.7832,0.9916,0.003888,0.024917
cace,lr,A,cace-lr,cace-lr_A,3,0.01,89,9,1.8423,1.8044,0.005029,0.034413
cace,lr,A,cace-lr,cace-lr_A,3,0.01,90,10,1.2229,1.3049,0.000321,0.036088
cace,lr,A,cace-lr,cace-lr_A,3,0.01,91,11,1.0158,1.1346,0.002085,0.032061
cace,lr,A,cace-lr,cace-lr_A,3,0.01,92,12,1.2757,1.0223,0.00018,0.031961
cace,lr,A,cace-lr,cace-lr_A,3,0.01,93,13,0.9842,1.462,0.003217,0.034759
cace,lr,A,cace-lr,cace-lr_A,3,0.01,94,14,1.0376,1.1143,0.001258,0.032794
cace,lr,A,cace-lr,cace-lr_A,3,0.01,95,15,1.0146,0.6514,0.001163,0.024865
cace,lr,A,cace-lr,cace-lr_A,3,0.01,96,16,1.1198,1.2273,0.002149,0.033378
cace,lr,A,cace-lr,cace-lr_A,3,0.01,97,17,0.9,0.7966,0.002478,0.025416
cace,lr,A,cace-lr,cace-lr_A,3,0.01,98,18,1.0269,0.6979,0.001851,0.024777
cace,lr,A,cace-lr,cace-lr_A,3,0.01,99,19,1.013,0.7444,0.000413,0.027206
cace,lr,A,cace-lr,cace-lr_A,3,0.01,100,20,0.9618,0.6293,0.000211,0.025064
cace,lr,A,cace-lr,cace-lr_A,3,0.01,101,21,0.6522,0.8624,0.00302,0.025272
cace,lr,A,cace-lr,cace-lr_A,3,0.01,102,22,0.6484,0.9573,0.000185,0.030926
cace,lr,A,cace-lr,cace-lr_A,3,0.01,103,23,0.696,0.8183,0.002483,0.025828
cace,lr,A,cace-lr,cace-lr_A,3,0.01,104,24,0.8678,0.8971,0.001542,0.028962
cace,lr,A,cace-lr,cace-lr_A,3,0.01,105,25,0.6684,0.6368,0.000392,0.02516
cace,lr,A,cace-lr,cace-lr_A,3,0.01,106,26,0.6723,0.5811,0.001325,0.023195
cace,lr,A,cace-lr,cace-lr_A,3,0.01,107,27,0.643,0.5355,0.000262,0.023105
cace,lr,A,cace-lr,cace-lr_A,3,0.01,108,28,0.6503,0.6823,0.002169,0.023808
cace,lr,A,cace-lr,cace-lr_A,3,0.01,109,29,0.665,0.5739,0.001286,0.023095
cace,lr,A,cace-lr,cace-lr_A,3,0.01,110,30,0.6481,0.8528,0.001035,0.02875
cace,lr,A,cace-lr,cace-lr_A,3,0.01,111,31,0.8946,0.5895,0.000923,0.023844
cace,lr,A,cace-lr,cace-lr_A,3,0.01,112,32,0.6253,0.5831,0.001644,0.022733
cace,lr,A,cace-lr,cace-lr_A,3,0.01,113,33,0.6108,0.8881,0.003565,0.024008
cace,lr,A,cace-lr,cace-lr_A,3,0.01,114,34,0.6127,0.5947,0.00078,0.02408
cace,lr,A,cace-lr,cace-lr_A,3,0.01,115,35,0.8104,0.6381,0.000528,0.025125
cace,lr,A,cace-lr,cace-lr_A,3,0.01,116,36,0.6249,0.7836,0.001404,0.027116
cace,lr,A,cace-lr,cace-lr_A,3,0.01,117,37,0.6431,0.551,0.000963,0.022984
cace,lr,A,cace-lr,cace-lr_A,3,0.01,118,38,0.6173,0.5108,0.000178,0.022583
cace,lr,A,cace-lr,cace-lr_A,3,0.01,119,39,0.6504,0.5978,0.001309,0.023575
cace,lr,A,cace-lr,cace-lr_A,3,0.01,120,40,0.5951,0.6328,0.001965,0.023198
cace,lr,A,cace-lr,cace-lr_A,4,0.01,121,1,1.2877,0.5483,0.001476,0.022246
cace,lr,A,cace-lr,cace-lr_A,4,0.01,122,2,0.6377,0.6301,0.0022,0.022614
cace,lr,A,cace-lr,cace-lr_A,4,0.01,123,3,0.6273,0.6747,0.002199,0.023581
cace,lr,A,cace-lr,cace-lr_A,4,0.01,124,4,0.6545,0.473,0.000364,0.021673
cace,lr,A,cace-lr,cace-lr_A,4,0.01,125,5,1.0557,1.0244,0.002098,0.030274
cace,lr,A,cace-lr,cace-lr_A,4,0.01,126,6,0.9347,0.5944,0.000879,0.023988
cace,lr,A,cace-lr,cace-lr_A,4,0.01,127,7,0.8097,0.9278,0.003565,0.024821
cace,lr,A,cace-lr,cace-lr_A,4,0.01,128,8,1.0705,1.0062,0.00299,0.028054
cace,lr,A,cace-lr,cace-lr_A,4,0.01,129,9,0.7015,0.5566,0.000331,0.023535
cace,lr,A,cace-lr,cace-lr_A,4,0.01,130,10,0.7982,1.2516,0.003633,0.030462
cace,lr,A,cace-lr,cace-lr_A,4,0.01,131,11,0.9512,1.0612,0.003558,0.027399
cace,lr,A,cace-lr,cace-lr_A,4,0.01,132,12,0.774,0.594,0.000874,0.023985
cace,lr,A,cace-lr,cace-lr_A,4,0.01,133,13,0.7194,0.8376,0.002273,0.026661
cace,lr,A,cace-lr,cace-lr_A,4,0.01,134,14,0.842,1.4692,0.000508,0.038247
cace,lr,A,cace-lr,cace-lr_A,4,0.01,135,15,0.9197,0.6132,0.000812,0.024434
cace,lr,A,cace-lr,cace-lr_A,4,0.01,136,16,0.9771,0.8534,0.00251,0.026437
cace,lr,A,cace-lr,cace-lr_A,4,0.01,137,17,0.7715,0.7321,0.001382,0.026178
cace,lr,A,cace-lr,cace-lr_A,4,0.01,138,18,0.709,0.8718,0.003549,0.023725
cace,lr,A,cace-lr,cace-lr_A,4,0.01,139,19,0.8055,0.7873,0.002017,0.026221
cace,lr,A,cace-lr,cace-lr_A,4,0.01,140,20,0.6711,1.8485,0.006949,0.025773
cace,lr,A,cace-lr,cace-lr_A,4,0.01,141,21,0.6068,0.6493,0.002515,0.022229
cace,lr,A,cace-lr,cace-lr_A,4,0.01,142,22,0.602,0.7094,0.000779,0.026353
cace,lr,A,cace-lr,cace-lr_A,4,0.01,143,23,0.5698,0.6299,0.002437,0.022006
cace,lr,A,cace-lr,cace-lr_A,4,0.01,144,24,0.6029,0.53,0.000624,0.022814
cace,lr,A,cace-lr,cace-lr_A,4,0.01,145,25,0.5233,0.4579,0.001198,0.02056
cace,lr,A,cace-lr,cace-lr_A,4,0.01,146,26,0.6123,0.6587,0.002415,0.022708
cace,lr,A,cace-lr,cace-lr_A,4,0.01,147,27,0.6052,0.4722,0.000332,0.021668
cace,lr,A,cace-lr,cace-lr_A,4,0.01,148,28,0.5286,0.7639,0.001016,0.027176
cace,lr,A,cace-lr,cace-lr_A,4,0.01,149,29,0.5397,0.469,0.000465,0.021534
cace,lr,A,cace-lr,cace-lr_A,4,0.01,150,30,0.6145,0.4833,0.001093,0.021306
cace,lr,A,cace-lr,cace-lr_A,4,0.01,151,31,0.6169,0.6294,0.002064,0.022912
cace,lr,A,cace-lr,cace-lr_A,4,0.01,152,32,0.6348,0.6034,0.000304,0.024518
cace,lr,A,cace-lr,cace-lr_A,4,0.01,153,33,0.6538,0.9465,0.003173,0.026448
cace,lr,A,cace-lr,cace-lr_A,4,0.01,154,34,0.6256,0.597,0.001104,0.023815
cace,lr,A,cace-lr,cace-lr_A,4,0.01,155,35,0.628,0.6824,0.000929,0.025714
cace,lr,A,cace-lr,cace-lr_A,4,0.01,156,36,0.5832,0.475,0.000359,0.021723
cace,lr,A,cace-lr,cace-lr_A,4,0.01,157,37,0.5019,0.4253,0.000489,0.02048
cace,lr,A,cace-lr,cace-lr_A,4,0.01,158,38,0.6302,0.5026,0.001331,0.021429
cace,lr,A,cace-lr,cace-lr_A,4,0.01,159,39,0.5649,0.4502,0.000264,0.021177
cace,lr,A,cace-lr,cace-lr_A,4,0.01,160,40,0.5443,0.6555,0.000738,0.025339
cace,lr,A,cace-lr,cace-lr_A,5,0.01,161,1,0.7974,0.5319,0.000583,0.022882
cace,lr,A,cace-lr,cace-lr_A,5,0.01,162,2,0.5073,0.6049,0.001209,0.023854
cace,lr,A,cace-lr,cace-lr_A,5,0.01,163,3,0.5463,0.5474,0.000483,0.023275
cace,lr,A,cace-lr,cace-lr_A,5,0.01,164,4,0.7056,0.8152,0.003457,0.022849
cace,lr,A,cace-lr,cace-lr_A,5,0.01,165,5,0.6978,0.5954,0.001316,0.023516
cace,lr,A,cace-lr,cace-lr_A,5,0.01,166,6,0.8433,0.8356,0.000868,0.028586
cace,lr,A,cace-lr,cace-lr_A,5,0.01,167,7,0.6787,0.8744,0.000413,0.0295
cace,lr,A,cace-lr,cace-lr_A,5,0.01,168,8,0.6986,0.6312,0.001548,0.023924
cace,lr,A,cace-lr,cace-lr_A,5,0.01,169,9,0.6509,0.4722,0.000282,0.021685
cace,lr,A,cace-lr,cace-lr_A,5,0.01,170,10,0.667,0.5503,0.001492,0.022264
cace,lr,A,cace-lr,cace-lr_A,5,0.01,171,11,0.6869,0.5627,0.002349,0.020674
cace,lr,A,cace-lr,cace-lr_A,5,0.01,172,12,0.6937,0.891,0.000311,0.029811
cace,lr,A,cace-lr,cace-lr_A,5,0.01,173,13,0.8154,0.4897,0.000208,0.022106
cace,lr,A,cace-lr,cace-lr_A,5,0.01,174,14,0.6812,0.5919,0.000492,0.024206
cace,lr,A,cace-lr,cace-lr_A,5,0.01,175,15,0.6304,0.7454,0.002659,0.023917
cace,lr,A,cace-lr,cace-lr_A,5,0.01,176,16,0.6428,1.1415,0.004187,0.026675
cace,lr,A,cace-lr,cace-lr_A,5,0.01,177,17,0.7451,0.5066,0.000788,0.022166
cace,lr,A,cace-lr,cace-lr_A,5,0.01,178,18,1.0245,1.1014,0.004221,0.025776
cace,lr,A,cace-lr,cace-lr_A,5,0.01,179,19,0.9062,0.9642,0.001164,0.030512
cace,lr,A,cace-lr,cace-lr_A,5,0.01,180,20,0.8051,0.6231,0.001192,0.024253
cace,lr,A,cace-lr,cace-lr_A,5,0.01,181,21,0.5876,0.4924,0.001119,0.021486
cace,lr,A,cace-lr,cace-lr_A,5,0.01,182,22,0.5124,0.4782,0.000506,0.021724
cace,lr,A,cace-lr,cace-lr_A,5,0.01,183,23,0.5385,0.4301,0.000717,0.020432
cace,lr,A,cace-lr,cace-lr_A,5,0.01,184,24,0.4527,0.4393,0.001294,0.019957
cace,lr,A,cace-lr,cace-lr_A,5,0.01,185,25,0.4765,0.5122,0.001959,0.020448
cace,lr,A,cace-lr,cace-lr_A,5,0.01,186,26,0.5351,0.5108,0.00089,0.022168
cace,lr,A,cace-lr,cace-lr_A,5,0.01,187,27,0.4793,0.4422,0.000312,0.020971
cace,lr,A,cace-lr,cace-lr_A,5,0.01,188,28,0.5033,0.5378,0.000742,0.022898
cace,lr,A,cace-lr,cace-lr_A,5,0.01,189,29,0.6689,0.7211,0.001662,0.02556
cace,lr,A,cace-lr,cace-lr_A,5,0.01,190,30,0.5784,0.5473,0.000835,0.023026
cace,lr,A,cace-lr,cace-lr_A,5,0.01,191,31,0.4848,0.6039,0.00235,0.021643
cace,lr,A,cace-lr,cace-lr_A,5,0.01,192,32,0.5073,0.5376,0.000715,0.022915
cace,lr,A,cace-lr,cace-lr_A,5,0.01,193,33,0.5306,0.4478,0.00019,0.021141
cace,lr,A,cace-lr,cace-lr_A,5,0.01,194,34,0.5418,0.6743,0.001533,0.024833
cace,lr,A,cace-lr,cace-lr_A,5,0.01,195,35,0.6183,0.4184,0.001036,0.019802
cace,lr,A,cace-lr,cace-lr_A,5,0.01,196,36,0.544,0.6861,0.002176,0.023873
cace,lr,A,cace-lr,cace-lr_A,5,0.01,197,37,0.5299,0.4562,0.0004,0.021266
cace,lr,A,cace-lr,cace-lr_A,5,0.01,198,38,0.5422,0.5571,0.001498,0.022407
cace,lr,A,cace-lr,cace-lr_A,5,0.01,199,39,0.5356,0.4473,0.000756,0.020816
cace,lr,A,cace-lr,cace-lr_A,5,0.01,200,40,0.5435,0.5044,0.000213,0.022435
cace,lr,A,cace-lr,cace-lr_A,5,0.01,201,1,4.076,1.9441,0.000792,0.02019
cace,lr,A,cace-lr,cace-lr_A,5,0.01,202,2,21.7216,7.5418,0.001686,0.023907
cace,lr,A,cace-lr,cace-lr_A,5,0.01,203,3,18.0095,1.4897,0.000297,0.035694
cace,lr,A,cace-lr,cace-lr_A,5,0.01,204,4,16.7876,13.9287,0.002322,0.026556
cace,lr,A,cace-lr,cace-lr_A,5,0.01,205,5,6.5264,2.6449,0.000838,0.030397
cace,lr,A,cace-lr,cace-lr_A,5,0.01,206,6,8.6102,5.7508,0.001428,0.027391
cace,lr,A,cace-lr,cace-lr_A,5,0.01,207,7,5.2942,32.7637,0.00356,0.040969
cace,lr,A,cace-lr,cace-lr_A,5,0.01,208,8,7.9502,3.0402,0.00097,0.027065
cace,lr,A,cace-lr,cace-lr_A,5,0.01,209,9,7.5806,18.8074,0.002709,0.02855
cace,lr,A,cace-lr,cace-lr_A,5,0.01,210,10,10.7958,16.965,0.001135,0.117495
cace,lr,A,cace-lr,cace-lr_A,5,0.01,211,11,8.4899,3.2142,0.000214,0.055693
cace,lr,A,cace-lr,cace-lr_A,5,0.01,212,12,18.173,1.4733,0.000489,0.029766
cace,lr,A,cace-lr,cace-lr_A,5,0.01,213,13,7.8065,10.1664,0.00186,0.041041
cace,lr,A,cace-lr,cace-lr_A,5,0.01,214,14,12.6342,6.4978,0.001483,0.033258
cace,lr,A,cace-lr,cace-lr_A,5,0.01,215,15,5.5709,1.7231,0.000592,0.029405
cace,lr,A,cace-lr,cace-lr_A,5,0.01,216,16,8.7331,4.1757,0.001139,0.031571
cace,lr,A,cace-lr,cace-lr_A,5,0.01,217,17,4.4735,13.708,0.002302,0.026685
cace,lr,A,cace-lr,cace-lr_A,5,0.01,218,18,9.7524,40.0135,0.003963,0.038739
cace,lr,A,cace-lr,cace-lr_A,5,0.01,219,19,20.1186,1.0168,0.00023,0.029783
cace,lr,A,cace-lr,cace-lr_A,5,0.01,220,20,25.3877,5.6671,0.001346,0.034954
cace,lr,A,cace-lr,cace-lr_A,5,0.01,221,21,3.7192,0.9689,0.000293,0.027552
cace,lr,A,cace-lr,cace-lr_A,5,0.01,222,22,5.7464,12.3998,0.002184,0.026475
cace,lr,A,cace-lr,cace-lr_A,5,0.01,223,23,7.1766,21.9032,0.00294,0.026527
cace,lr,A,cace-lr,cace-lr_A,5,0.01,224,24,5.522,4.5889,0.001193,0.033106
cace,lr,A,cace-lr,cace-lr_A,5,0.01,225,25,3.0909,1.1897,0.000498,0.024131
cace,lr,A,cace-lr,cace-lr_A,5,0.01,226,26,2.4212,1.3104,0.0003,0.033003
cace,lr,A,cace-lr,cace-lr_A,5,0.01,227,27,3.2924,26.0622,0.003216,0.026366
cace,lr,A,cace-lr,cace-lr_A,5,0.01,228,28,7.6243,10.4077,0.001978,0.028463
cace,lr,A,cace-lr,cace-lr_A,5,0.01,229,29,9.8673,27.9733,0.003338,0.025592
cace,lr,A,cace-lr,cace-lr_A,5,0.01,230,30,9.6871,1.8757,0.000566,0.033028
cace,lr,A,cace-lr,cace-lr_A,5,0.01,231,31,4.0984,0.936,0.000292,0.026964
cace,lr,A,cace-lr,cace-lr_A,5,0.01,232,32,2.1895,2.1748,0.000705,0.030937
cace,lr,A,cace-lr,cace-lr_A,5,0.01,233,33,4.7061,2.4953,0.000825,0.028772
cace,lr,A,cace-lr,cace-lr_A,5,0.01,234,34,1.9808,1.4362,0.000333,0.034122
cace,lr,A,cace-lr,cace-lr_A,5,0.01,235,35,2.238,2.0391,0.000782,0.02323
cace,lr,A,cace-lr,cace-lr_A,5,0.01,236,36,3.1469,0.759,0.000139,0.02667
cace,lr,A,cace-lr,cace-lr_A,5,0.01,237,37,1.2066,0.8622,0.000323,0.024626
cace,lr,A,cace-lr,cace-lr_A,5,0.01,238,38,4.7441,6.3605,0.001544,0.022677
cace,lr,A,cace-lr,cace-lr_A,5,0.01,239,39,2.5461,1.263,0.000541,0.023368
cace,lr,A,cace-lr,cace-lr_A,5,0.01,240,40,3.0245,6.3992,0.001392,0.040598
cace,lr,A,cace-lr,cace-lr_A,5,0.01,241,41,2.6552,5.4313,0.001383,0.027224
cace,lr,A,cace-lr,cace-lr_A,5,0.01,242,42,0.9584,0.7834,0.000335,0.022535
cace,lr,A,cace-lr,cace-lr_A,5,0.01,243,43,1.0935,1.2568,0.00056,0.022087
cace,lr,A,cace-lr,cace-lr_A,5,0.01,244,44,3.7895,1.9744,0.00078,0.021945
cace,lr,A,cace-lr,cace-lr_A,5,0.01,245,45,0.8614,2.7331,0.000961,0.021617
cace,lr,A,cace-lr,cace-lr_A,5,0.01,246,46,1.8163,0.6778,0.000266,0.022459
cace,lr,A,cace-lr,cace-lr_A,5,0.01,247,47,1.8763,0.6298,0.000244,0.021985
cace,lr,A,cace-lr,cace-lr_A,5,0.01,248,48,0.7645,0.9005,0.000429,0.021194
cace,lr,A,cace-lr,cace-lr_A,5,0.01,249,49,1.5263,1.4935,0.00056,0.026914
cace,lr,A,cace-lr,cace-lr_A,5,0.01,250,50,1.0346,0.5989,0.000189,0.022612
cace,lr,A,cace-lr,cace-lr_A,5,0.01,251,51,1.4603,0.5793,0.000235,0.021076
cace,lr,A,cace-lr,cace-lr_A,5,0.01,252,52,1.7551,1.8446,0.00072,0.023963
cace,lr,A,cace-lr,cace-lr_A,5,0.01,253,53,1.7819,1.9886,0.000541,0.03566
cace,lr,A,cace-lr,cace-lr_A,5,0.01,254,54,1.3072,0.8367,0.000327,0.023955
cace,lr,A,cace-lr,cace-lr_A,5,0.01,255,55,1.1327,1.0947,0.000503,0.021801
cace,lr,A,cace-lr,cace-lr_A,5,0.01,256,56,1.8058,1.1283,0.00053,0.020976
cace,lr,A,cace-lr,cace-lr_A,5,0.01,257,57,0.8533,0.7359,0.00036,0.020446
cace,lr,A,cace-lr,cace-lr_A,5,0.01,258,58,0.9718,2.4579,0.000914,0.020274
cace,lr,A,cace-lr,cace-lr_A,5,0.01,259,59,1.2771,2.5013,0.000902,0.022495
cace,lr,A,cace-lr,cace-lr_A,5,0.01,260,60,1.2812,1.5935,0.000682,0.021303
cace,lr,A,cace-lr,cace-lr_A,5,0.01,261,61,0.8945,0.6038,0.000258,0.020999
cace,lr,A,cace-lr,cace-lr_A,5,0.01,262,62,0.739,0.4949,0.000176,0.020464
cace,lr,A,cace-lr,cace-lr_A,5,0.01,263,63,0.6935,0.5866,0.000253,0.020718
cace,lr,A,cace-lr,cace-lr_A,5,0.01,264,64,0.8975,1.2677,0.000591,0.0203
cace,lr,A,cace-lr,cace-lr_A,5,0.01,265,65,1.6799,1.0992,0.000518,0.021004
cace,lr,A,cace-lr,cace-lr_A,5,0.01,266,66,0.6215,0.8912,0.00043,0.020899
cace,lr,A,cace-lr,cace-lr_A,5,0.01,267,67,1.073,0.6577,0.000319,0.0202
cace,lr,A,cace-lr,cace-lr_A,5,0.01,268,68,0.7512,0.7726,0.000381,0.020392
cace,lr,A,cace-lr,cace-lr_A,5,0.01,269,69,0.6755,0.7297,0.000358,0.020388
cace,lr,A,cace-lr,cace-lr_A,5,0.01,270,70,0.8676,0.4257,9.6e-05,0.020075
cace,lr,A,cace-lr,cace-lr_A,5,0.01,271,71,0.577,0.4275,0.000104,0.020024
cace,lr,A,cace-lr,cace-lr_A,5,0.01,272,72,0.8475,0.7936,0.000396,0.020218
cace,lr,A,cace-lr,cace-lr_A,5,0.01,273,73,0.9067,0.4837,0.000184,0.020013
cace,lr,A,cace-lr,cace-lr_A,5,0.01,274,74,0.9126,1.5913,0.000698,0.019933
cace,lr,A,cace-lr,cace-lr_A,5,0.01,275,75,0.8118,0.8094,0.000361,0.022143
cace,lr,A,cace-lr,cace-lr_A,5,0.01,276,76,0.6071,0.5642,0.000161,0.022375
cace,lr,A,cace-lr,cace-lr_A,5,0.01,277,77,1.0021,0.72,0.000311,0.021977
cace,lr,A,cace-lr,cace-lr_A,5,0.01,278,78,0.7824,0.4763,0.000112,0.021105
cace,lr,A,cace-lr,cace-lr_A,5,0.01,279,79,0.7156,0.654,0.00031,0.020448
cace,lr,A,cace-lr,cace-lr_A,5,0.01,280,80,0.8004,2.6569,0.000956,0.020416
cace,lr,A,cace-lr,cace-lr_A,5,0.01,281,81,0.9926,1.2994,0.000607,0.019909
cace,lr,A,cace-lr,cace-lr_A,5,0.01,282,82,0.6839,1.0485,0.000516,0.019919
cace,lr,A,cace-lr,cace-lr_A,5,0.01,283,83,0.6813,0.448,0.000143,0.01995
cace,lr,A,cace-lr,cace-lr_A,5,0.01,284,84,0.6838,0.6003,0.00029,0.019861
cace,lr,A,cace-lr,cace-lr_A,5,0.01,285,85,0.6894,0.4482,9.9e-05,0.020602
cace,lr,A,cace-lr,cace-lr_A,5,0.01,286,86,1.0385,0.6528,0.000322,0.019953
cace,lr,A,cace-lr,cace-lr_A,5,0.01,287,87,0.7529,0.4244,0.000117,0.019771
cace,lr,A,cace-lr,cace-lr_A,5,0.01,288,88,1.1616,0.6803,0.000327,0.020428
cace,lr,A,cace-lr,cace-lr_A,5,0.01,289,89,0.6423,0.6293,0.000288,0.020642
cace,lr,A,cace-lr,cace-lr_A,5,0.01,290,90,0.5714,0.5407,0.000247,0.019788
cace,lr,A,cace-lr,cace-lr_A,5,0.01,291,91,0.5191,0.4397,0.000138,0.019823
cace,lr,A,cace-lr,cace-lr_A,5,0.01,292,92,0.5858,0.7516,0.000384,0.019729
cace,lr,A,cace-lr,cace-lr_A,5,0.01,293,93,0.5657,0.6542,0.000298,0.020897
cace,lr,A,cace-lr,cace-lr_A,5,0.01,294,94,0.7466,0.4754,0.000189,0.019704
cace,lr,A,cace-lr,cace-lr_A,5,0.01,295,95,0.9365,0.4332,0.000121,0.019928
cace,lr,A,cace-lr,cace-lr_A,5,0.01,296,96,0.5428,0.5887,0.000286,0.019716
cace,lr,A,cace-lr,cace-lr_A,5,0.01,297,97,0.6333,0.4134,0.000108,0.019623
cace,lr,A,cace-lr,cace-lr_A,5,0.01,298,98,0.5042,0.4161,0.000114,0.019606
cace,lr,A,cace-lr,cace-lr_A,5,0.01,299,99,0.7436,0.8605,0.000441,0.019591
cace,lr,A,cace-lr,cace-lr_A,5,0.01,300,100,0.5766,0.4776,0.000178,0.020003
cace,lr,A,cace-lr,cace-lr_A,5,0.01,301,1,1.0295,0.6754,0.000106,0.019946
cace,lr,A,cace-lr,cace-lr_A,5,0.01,302,2,1.1716,0.642,0.000102,0.019663
cace,lr,A,cace-lr,cace-lr_A,5,0.01,303,3,1.0857,2.9117,0.00032,0.019913
cace,lr,A,cace-lr,cace-lr_A,5,0.01,304,4,1.5483,0.6424,9.5e-05,0.020513
cace,lr,A,cace-lr,cace-lr_A,5,0.01,305,5,1.6447,3.9088,0.000379,0.01972
cace,lr,A,cace-lr,cace-lr_A,5,0.01,306,6,1.6189,1.4618,0.000209,0.019809
cace,lr,A,cace-lr,cace-lr_A,5,0.01,307,7,0.8896,2.712,0.000308,0.019578
cace,lr,A,cace-lr,cace-lr_A,5,0.01,308,8,1.6009,1.3955,0.000199,0.020483
cace,lr,A,cace-lr,cace-lr_A,5,0.01,309,9,2.2699,0.6149,9.6e-05,0.019696
cace,lr,A,cace-lr,cace-lr_A,5,0.01,310,10,1.3212,3.8646,0.000375,0.020304
cace,lr,A,cace-lr,cace-lr_A,5,0.01,311,11,1.3867,0.6266,9.9e-05,0.019713
cace,lr,A,cace-lr,cace-lr_A,5,0.01,312,12,1.0186,1.9578,0.000252,0.019908
cace,lr,A,cace-lr,cace-lr_A,5,0.01,313,13,1.3892,0.6769,0.000106,0.02008
cace,lr,A,cace-lr,cace-lr_A,5,0.01,314,14,1.516,1.9218,0.00025,0.01973
cace,lr,A,cace-lr,cace-lr_A,5,0.01,315,15,3.1558,2.3038,0.000279,0.019991
cace,lr,A,cace-lr,cace-lr_A,5,0.01,316,16,0.9196,0.7767,0.000125,0.019798
cace,lr,A,cace-lr,cace-lr_A,5,0.01,317,17,2.6772,2.1092,0.000265,0.019791
cace,lr,A,cace-lr,cace-lr_A,5,0.01,318,18,1.0537,1.2885,0.000192,0.019653
cace,lr,A,cace-lr,cace-lr_A,5,0.01,319,19,1.255,0.6515,9.4e-05,0.020848
cace,lr,A,cace-lr,cace-lr_A,5,0.01,320,20,1.1827,1.1322,0.000175,0.019623
cace,lr,A,cace-lr,cace-lr_A,5,0.01,321,21,1.3901,1.4878,0.000212,0.019602
cace,lr,A,cace-lr,cace-lr_A,5,0.01,322,22,1.1969,0.6913,0.000111,0.019704
cace,lr,A,cace-lr,cace-lr_A,5,0.01,323,23,0.7563,0.71,0.000115,0.019611
cace,lr,A,cace-lr,cace-lr_A,5,0.01,324,24,1.2783,1.677,0.000229,0.019675
cace,lr,A,cace-lr,cace-lr_A,5,0.01,325,25,1.1152,0.8176,0.000133,0.019641
cace,lr,A,cace-lr,cace-lr_A,5,0.01,326,26,1.5642,3.5943,0.000362,0.019587
cace,lr,A,cace-lr,cace-lr_A,5,0.01,327,27,0.8042,1.9105,0.000249,0.019763
cace,lr,A,cace-lr,cace-lr_A,5,0.01,328,28,1.8931,0.7684,0.000125,0.019616
cace,lr,A,cace-lr,cace-lr_A,5,0.01,329,29,1.6381,2.0908,0.000264,0.019624
cace,lr,A,cace-lr,cace-lr_A,5,0.01,330,30,1.4331,0.7004,0.000114,0.019592
cace,lr,A,cace-lr,cace-lr_A,5,0.01,331,31,1.2791,2.4165,0.000288,0.019652
cace,lr,A,cace-lr,cace-lr_A,5,0.01,332,32,1.4288,0.6425,0.000101,0.019844
cace,lr,A,cace-lr,cace-lr_A,5,0.01,333,33,0.6362,0.5827,9e-05,0.019585
cace,lr,A,cace-lr,cace-lr_A,5,0.01,334,34,0.9931,0.7352,0.000119,0.019699
cace,lr,A,cace-lr,cace-lr_A,5,0.01,335,35,0.8534,1.266,0.00019,0.019621
cace,lr,A,cace-lr,cace-lr_A,5,0.01,336,36,0.967,0.5825,9e-05,0.019622
cace,lr,A,cace-lr,cace-lr_A,5,0.01,337,37,0.7979,0.9812,0.000156,0.019677
cace,lr,A,cace-lr,cace-lr_A,5,0.01,338,38,0.7995,1.0917,0.000169,0.019679
cace,lr,A,cace-lr,cace-lr_A,5,0.01,339,39,0.897,0.7328,0.000119,0.01969
cace,lr,A,cace-lr,cace-lr_A,5,0.01,340,40,0.8228,2.2354,0.000274,0.019785
cace,lr,A,cace-lr,cace-lr_A,5,0.01,341,41,0.7252,0.5797,9e-05,0.019572
cace,lr,A,cace-lr,cace-lr_A,5,0.01,342,42,0.9773,0.6053,9.5e-05,0.01957
cace,lr,A,cace-lr,cace-lr_A,5,0.01,343,43,0.8225,0.6107,9.6e-05,0.019576
cace,lr,A,cace-lr,cace-lr_A,5,0.01,344,44,0.6644,0.6007,9.3e-05,0.019675
cace,lr,A,cace-lr,cace-lr_A,5,0.01,345,45,0.6105,0.6977,0.000113,0.019609
cace,lr,A,cace-lr,cace-lr_A,5,0.01,346,46,0.7481,0.9456,0.000152,0.019563
cace,lr,A,cace-lr,cace-lr_A,5,0.01,347,47,0.6779,0.7758,0.000126,0.019641
cace,lr,A,cace-lr,cace-lr_A,5,0.01,348,48,0.7299,0.7804,0.000127,0.019561
cace,lr,A,cace-lr,cace-lr_A,5,0.01,349,49,0.8303,0.5897,9.2e-05,0.019566
cace,lr,A,cace-lr,cace-lr_A,5,0.01,350,50,0.6549,0.6002,9.3e-05,0.019656
cace,lr,A,cace-lr,cace-lr_A,5,0.01,351,51,0.7497,0.7538,0.000123,0.019574
cace,lr,A,cace-lr,cace-lr_A,5,0.01,352,52,0.7391,1.3014,0.000194,0.019563
cace,lr,A,cace-lr,cace-lr_A,5,0.01,353,53,0.7343,1.2912,0.000192,0.019583
cace,lr,A,cace-lr,cace-lr_A,5,0.01,354,54,0.9016,0.6652,0.000107,0.019608
cace,lr,A,cace-lr,cace-lr_A,5,0.01,355,55,0.5842,0.689,0.000111,0.019644
cace,lr,A,cace-lr,cace-lr_A,5,0.01,356,56,0.9414,0.8799,0.000142,0.01959
cace,lr,A,cace-lr,cace-lr_A,5,0.01,357,57,0.9321,1.336,0.000197,0.019586
cace,lr,A,cace-lr,cace-lr_A,5,0.01,358,58,0.7289,0.5768,8.9e-05,0.019562
cace,lr,A,cace-lr,cace-lr_A,5,0.01,359,59,0.7575,0.5745,8.8e-05,0.019572
cace,lr,A,cace-lr,cace-lr_A,5,0.01,360,60,0.6114,0.6132,9.7e-05,0.019556
cace,lr,A,cace-lr,cace-lr_A,5,0.01,361,61,0.5811,0.5834,9e-05,0.019579
cace,lr,A,cace-lr,cace-lr_A,5,0.01,362,62,0.5866,0.5886,9.2e-05,0.019563
cace,lr,A,cace-lr,cace-lr_A,5,0.01,363,63,0.6161,0.6217,9.9e-05,0.019552
cace,lr,A,cace-lr,cace-lr_A,5,0.01,364,64,0.6358,0.575,8.9e-05,0.019549
cace,lr,A,cace-lr,cace-lr_A,5,0.01,365,65,0.6262,0.7941,0.00013,0.019547
cace,lr,A,cace-lr,cace-lr_A,5,0.01,366,66,0.7328,1.1986,0.000182,0.019587
cace,lr,A,cace-lr,cace-lr_A,5,0.01,367,67,0.7135,1.0167,0.000161,0.019551
cace,lr,A,cace-lr,cace-lr_A,5,0.01,368,68,0.6114,0.5878,9.2e-05,0.019549
cace,lr,A,cace-lr,cace-lr_A,5,0.01,369,69,0.6774,0.7512,0.000123,0.019563
cace,lr,A,cace-lr,cace-lr_A,5,0.01,370,70,0.6119,0.644,0.000103,0.019563
cace,lr,A,cace-lr,cace-lr_A,5,0.01,371,71,0.8693,0.6673,0.000108,0.019545
cace,lr,A,cace-lr,cace-lr_A,5,0.01,372,72,0.6216,0.6891,0.000112,0.019563
cace,lr,A,cace-lr,cace-lr_A,5,0.01,373,73,0.6535,0.7272,0.000119,0.019543
cace,lr,A,cace-lr,cace-lr_A,5,0.01,374,74,0.7379,0.6168,9.8e-05,0.019548
cace,lr,A,cace-lr,cace-lr_A,5,0.01,375,75,0.6698,0.5897,9.2e-05,0.019588
cace,lr,A,cace-lr,cace-lr_A,5,0.01,376,76,0.6053,0.7166,0.000117,0.019552
cace,lr,A,cace-lr,cace-lr_A,5,0.01,377,77,0.5517,0.7897,0.000129,0.019555
cace,lr,A,cace-lr,cace-lr_A,5,0.01,378,78,0.7759,0.6386,0.000102,0.019552
cace,lr,A,cace-lr,cace-lr_A,5,0.01,379,79,0.7332,1.8384,0.000244,0.019596
cace,lr,A,cace-lr,cace-lr_A,5,0.01,380,80,0.6962,0.6153,9.7e-05,0.01956
cace,lr,A,cace-lr,cace-lr_A,5,0.01,381,81,0.5689,0.6138,9.7e-05,0.019557
cace,lr,A,cace-lr,cace-lr_A,5,0.01,382,82,0.58,1.0482,0.000165,0.019547
cace,lr,A,cace-lr,cace-lr_A,5,0.01,383,83,0.6034,0.6522,0.000105,0.019553
cace,lr,A,cace-lr,cace-lr_A,5,0.01,384,84,0.5691,0.7207,0.000118,0.019543
cace,lr,A,cace-lr,cace-lr_A,5,0.01,385,85,0.5899,0.5752,8.9e-05,0.019546
cace,lr,A,cace-lr,cace-lr_A,5,0.01,386,86,0.5659,0.6065,9.6e-05,0.019542
cace,lr,A,cace-lr,cace-lr_A,5,0.01,387,87,0.6248,0.6502,0.000105,0.019541
cace,lr,A,cace-lr,cace-lr_A,5,0.01,388,88,0.5859,0.6013,9.5e-05,0.019543
cace,lr,A,cace-lr,cace-lr_A,5,0.01,389,89,0.5839,0.6356,0.000102,0.019545
cace,lr,A,cace-lr,cace-lr_A,5,0.01,390,90,0.7044,0.5795,9e-05,0.01954
cace,lr,A,cace-lr,cace-lr_A,5,0.01,391,91,0.631,0.6122,9.7e-05,0.01954
cace,lr,A,cace-lr,cace-lr_A,5,0.01,392,92,0.5697,0.5772,8.9e-05,0.019543
cace,lr,A,cace-lr,cace-lr_A,5,0.01,393,93,0.5611,0.5731,8.8e-05,0.01954
cace,lr,A,cace-lr,cace-lr_A,5,0.01,394,94,0.6226,0.5742,8.8e-05,0.019561
cace,lr,A,cace-lr,cace-lr_A,5,0.01,395,95,0.5763,0.6374,0.000102,0.019541
cace,lr,A,cace-lr,cace-lr_A,5,0.01,396,96,0.5829,0.5806,9e-05,0.019545
cace,lr,A,cace-lr,cace-lr_A,5,0.01,397,97,0.5494,0.6127,9.7e-05,0.019539
cace,lr,A,cace-lr,cace-lr_A,5,0.01,398,98,0.593,0.6534,0.000105,0.019546
cace,lr,A,cace-lr,cace-lr_A,5,0.01,399,99,0.5854,0.6037,9.5e-05,0.019539
cace,lr,A,cace-lr,cace-lr_A,5,0.01,400,100,0.5837,0.5817,9e-05,0.019544
cace,lr,A,cace-lr,cace-lr_A,5,0.01,401,1,20.9195,24.3099,9.9e-05,0.019539
cace,lr,A,cace-lr,cace-lr_A,5,0.01,402,2,18.5856,21.9431,9.4e-05,0.019539
cace,lr,A,cace-lr,cace-lr_A,5,0.01,403,3,19.6355,30.6639,0.000111,0.019543
cace,lr,A,cace-lr,cace-lr_A,5,0.01,404,4,17.3281,23.312,9.7e-05,0.019544
cace,lr,A,cace-lr,cace-lr_A,5,0.01,405,5,15.707,20.0633,9e-05,0.01955
cace,lr,A,cace-lr,cace-lr_A,5,0.01,406,6,16.7231,27.9409,0.000106,0.019557
cace,lr,A,cace-lr,cace-lr_A,5,0.01,407,7,17.9255,19.394,8.8e-05,0.019564
cace,lr,A,cace-lr,cace-lr_A,5,0.01,408,8,17.0943,36.3298,0.000121,0.019558
cace,lr,A,cace-lr,cace-lr_A,5,0.01,409,9,17.0782,19.8298,8.9e-05,0.019563
cace,lr,A,cace-lr,cace-lr_A,5,0.01,410,10,16.7022,21.8766,9.4e-05,0.019563
cace,lr,A,cace-lr,cace-lr_A,5,0.01,411,11,19.8068,43.9422,0.000133,0.019554
cace,lr,A,cace-lr,cace-lr_A,5,0.01,412,12,17.2752,19.1962,8.8e-05,0.019557
cace,lr,A,cace-lr,cace-lr_A,5,0.01,413,13,17.2055,23.7639,9.8e-05,0.01956
cace,lr,A,cace-lr,cace-lr_A,5,0.01,414,14,16.5049,20.7414,9.1e-05,0.019562
cace,lr,A,cace-lr,cace-lr_A,5,0.01,415,15,19.0326,28.5754,0.000107,0.019562
cace,lr,A,cace-lr,cace-lr_A,5,0.01,416,16,18.2096,20.3157,9e-05,0.019569
cace,lr,A,cace-lr,cace-lr_A,5,0.01,417,17,17.1233,21.0742,9.2e-05,0.019577
cace,lr,A,cace-lr,cace-lr_A,5,0.01,418,18,17.3722,19.0877,8.7e-05,0.019583
cace,lr,A,cace-lr,cace-lr_A,5,0.01,419,19,15.535,29.6121,0.000109,0.019586
cace,lr,A,cace-lr,cace-lr_A,5,0.01,420,20,16.6,36.0384,0.000121,0.019587
cace,lr,A,cace-lr,cace-lr_A,5,0.01,421,21,16.3286,22.1791,9.4e-05,0.019588
cace,lr,A,cace-lr,cace-lr_A,5,0.01,422,22,17.7173,22.2433,9.4e-05,0.019593
cace,lr,A,cace-lr,cace-lr_A,5,0.01,423,23,17.3175,20.539,9.1e-05,0.019589
cace,lr,A,cace-lr,cace-lr_A,5,0.01,424,24,15.2295,18.7571,8.7e-05,0.019594
cace,lr,A,cace-lr,cace-lr_A,5,0.01,425,25,16.1958,18.872,8.7e-05,0.019599
cace,lr,A,cace-lr,cace-lr_A,5,0.01,426,26,15.5687,18.6281,8.6e-05,0.019604
cace,lr,A,cace-lr,cace-lr_A,5,0.01,427,27,16.3825,19.2597,8.8e-05,0.019607
cace,lr,A,cace-lr,cace-lr_A,5,0.01,428,28,15.869,18.561,8.6e-05,0.019614
cace,lr,A,cace-lr,cace-lr_A,5,0.01,429,29,15.9718,20.2582,9e-05,0.019612
cace,lr,A,cace-lr,cace-lr_A,5,0.01,430,30,18.4735,20.3613,9e-05,0.019606
cace,lr,A,cace-lr,cace-lr_A,5,0.01,431,31,17.3012,18.5644,8.6e-05,0.019605
cace,lr,A,cace-lr,cace-lr_A,5,0.01,432,32,15.9661,28.0289,0.000106,0.019604
cace,lr,A,cace-lr,cace-lr_A,5,0.01,433,33,18.3925,20.0474,9e-05,0.019608
cace,lr,A,cace-lr,cace-lr_A,5,0.01,434,34,15.719,20.5893,9.1e-05,0.019612
cace,lr,A,cace-lr,cace-lr_A,5,0.01,435,35,15.7661,21.517,9.3e-05,0.019623
cace,lr,A,cace-lr,cace-lr_A,5,0.01,436,36,15.9439,23.3451,9.7e-05,0.01962
cace,lr,A,cace-lr,cace-lr_A,5,0.01,437,37,15.781,18.8409,8.7e-05,0.019621
cace,lr,A,cace-lr,cace-lr_A,5,0.01,438,38,15.5096,24.3756,9.9e-05,0.019628
cace,lr,A,cace-lr,cace-lr_A,5,0.01,439,39,15.4182,21.2465,9.2e-05,0.019618
cace,lr,A,cace-lr,cace-lr_A,5,0.01,440,40,15.3741,18.9031,8.7e-05,0.019622
cace,lr,A,cace-lr,cace-lr_A,5,0.01,441,41,14.8356,19.7689,8.9e-05,0.019626
cace,lr,A,cace-lr,cace-lr_A,5,0.01,442,42,15.1037,23.0591,9.6e-05,0.019622
cace,lr,A,cace-lr,cace-lr_A,5,0.01,443,43,15.0885,20.1028,9e-05,0.019623
cace,lr,A,cace-lr,cace-lr_A,5,0.01,444,44,15.108,19.0033,8.7e-05,0.019625
cace,lr,A,cace-lr,cace-lr_A,5,0.01,445,45,15.7936,24.5241,9.9e-05,0.019625
cace,lr,A,cace-lr,cace-lr_A,5,0.01,446,46,14.9665,20.5973,9.1e-05,0.019626
cace,lr,A,cace-lr,cace-lr_A,5,0.01,447,47,14.9159,21.9007,9.4e-05,0.019627
cace,lr,A,cace-lr,cace-lr_A,5,0.01,448,48,16.0254,21.4926,9.3e-05,0.01963
cace,lr,A,cace-lr,cace-lr_A,5,0.01,449,49,15.3144,19.7601,8.9e-05,0.019633
cace,lr,A,cace-lr,cace-lr_A,5,0.01,450,50,16.7599,19.1281,8.7e-05,0.019633
cace,lr,A,cace-lr,cace-lr_A,5,0.01,451,51,14.6725,20.8368,9.1e-05,0.019635
cace,lr,A,cace-lr,cace-lr_A,5,0.01,452,52,14.6899,18.6557,8.6e-05,0.019634
cace,lr,A,cace-lr,cace-lr_A,5,0.01,453,53,15.0501,18.5676,8.6e-05,0.019642
cace,lr,A,cace-lr,cace-lr_A,5,0.01,454,54,14.6589,19.0966,8.7e-05,0.019644
cace,lr,A,cace-lr,cace-lr_A,5,0.01,455,55,15.0738,19.0411,8.7e-05,0.019647
cace,lr,A,cace-lr,cace-lr_A,5,0.01,456,56,14.5396,20.4727,9.1e-05,0.019645
cace,lr,A,cace-lr,cace-lr_A,5,0.01,457,57,15.148,20.0545,9e-05,0.019646
cace,lr,A,cace-lr,cace-lr_A,5,0.01,458,58,15.3565,18.4931,8.6e-05,0.019643
cace,lr,A,cace-lr,cace-lr_A,5,0.01,459,59,14.6219,21.3529,9.2e-05,0.019649
cace,lr,A,cace-lr,cace-lr_A,5,0.01,460,60,15.2938,19.0386,8.7e-05,0.019658
cace,lr,A,cace-lr,cace-lr_A,5,0.01,461,61,14.6972,18.3548,8.6e-05,0.019655
cace,lr,A,cace-lr,cace-lr_A,5,0.01,462,62,14.6436,18.6057,8.6e-05,0.019655
cace,lr,A,cace-lr,cace-lr_A,5,0.01,463,63,14.8074,20.6487,9.1e-05,0.019656
cace,lr,A,cace-lr,cace-lr_A,5,0.01,464,64,14.6977,19.3651,8.8e-05,0.019655
cace,lr,A,cace-lr,cace-lr_A,5,0.01,465,65,14.5502,19.1534,8.7e-05,0.019656
cace,lr,A,cace-lr,cace-lr_A,5,0.01,466,66,14.5158,19.8991,8.9e-05,0.019656
cace,lr,A,cace-lr,cace-lr_A,5,0.01,467,67,14.7483,18.3498,8.6e-05,0.019655
cace,lr,A,cace-lr,cace-lr_A,5,0.01,468,68,14.7623,19.3036,8.8e-05,0.019655
cace,lr,A,cace-lr,cace-lr_A,5,0.01,469,69,14.7754,20.2325,9e-05,0.019655
cace,lr,A,cace-lr,cace-lr_A,5,0.01,470,70,14.4555,20.1525,9e-05,0.019658
cace,lr,A,cace-lr,cace-lr_A,5,0.01,471,71,14.5407,19.3916,8.8e-05,0.019656
cace,lr,A,cace-lr,cace-lr_A,5,0.01,472,72,14.5947,19.8236,8.9e-05,0.019657
cace,lr,A,cace-lr,cace-lr_A,5,0.01,473,73,14.7059,18.9717,8.7e-05,0.019654
cace,lr,A,cace-lr,cace-lr_A,5,0.01,474,74,14.2876,19.9879,8.9e-05,0.01965
cace,lr,A,cace-lr,cace-lr_A,5,0.01,475,75,14.6773,18.3643,8.6e-05,0.019643
cace,lr,A,cace-lr,cace-lr_A,5,0.01,476,76,15.1205,19.9205,8.9e-05,0.019645
cace,lr,A,cace-lr,cace-lr_A,5,0.01,477,77,14.789,21.1511,9.2e-05,0.019646
cace,lr,A,cace-lr,cace-lr_A,5,0.01,478,78,14.3457,19.7924,8.9e-05,0.019643
cace,lr,A,cace-lr,cace-lr_A,5,0.01,479,79,14.4553,19.9533,8.9e-05,0.019644
cace,lr,A,cace-lr,cace-lr_A,5,0.01,480,80,14.7478,19.0074,8.7e-05,0.019644
cace,lr,A,cace-lr,cace-lr_A,5,0.01,481,81,14.27,19.8545,8.9e-05,0.019643
cace,lr,A,cace-lr,cace-lr_A,5,0.01,482,82,14.6168,18.3975,8.6e-05,0.019643
cace,lr,A,cace-lr,cace-lr_A,5,0.01,483,83,14.5004,19.2665,8.8e-05,0.019644
cace,lr,A,cace-lr,cace-lr_A,5,0.01,484,84,14.491,19.8106,8.9e-05,0.019644
cace,lr,A,cace-lr,cace-lr_A,5,0.01,485,85,14.3309,19.7095,8.9e-05,0.019644
cace,lr,A,cace-lr,cace-lr_A,5,0.01,486,86,14.4272,19.8663,8.9e-05,0.019644
cace,lr,A,cace-lr,cace-lr_A,5,0.01,487,87,14.3411,18.7146,8.6e-05,0.019644
cace,lr,A,cace-lr,cace-lr_A,5,0.01,488,88,14.4009,21.2762,9.2e-05,0.019646
cace,lr,A,cace-lr,cace-lr_A,5,0.01,489,89,14.6564,18.3591,8.6e-05,0.019643
cace,lr,A,cace-lr,cace-lr_A,5,0.01,490,90,14.9896,18.6959,8.6e-05,0.019645
cace,lr,A,cace-lr,cace-lr_A,5,0.01,491,91,14.4103,19.7038,8.9e-05,0.019645
cace,lr,A,cace-lr,cace-lr_A,5,0.01,492,92,14.3706,20.8313,9.1e-05,0.019646
cace,lr,A,cace-lr,cace-lr_A,5,0.01,493,93,14.5903,18.7109,8.6e-05,0.019646
cace,lr,A,cace-lr,cace-lr_A,5,0.01,494,94,14.4988,19.2612,8.8e-05,0.019646
cace,lr,A,cace-lr,cace-lr_A,5,0.01,495,95,14.5157,19.3583,8.8e-05,0.019647
cace,lr,A,cace-lr,cace-lr_A,5,0.01,496,96,14.3316,19.7082,8.9e-05,0.019647
cace,lr,A,cace-lr,cace-lr_A,5,0.01,497,97,14.7002,18.6474,8.6e-05,0.019647
cace,lr,A,cace-lr,cace-lr_A,5,0.01,498,98,14.3065,20.971,9.2e-05,0.019648
cace,lr,A,cace-lr,cace-lr_A,5,0.01,499,99,14.5568,19.5494,8.8e-05,0.019649
cace,lr,A,cace-lr,cace-lr_A,5,0.01,500,100,14.5555,19.212,8.8e-05,0.019647
cace,lr,B,cace-lr,cace-lr_B,1,0.01,1,1,527.6314,54.273,0.004687,0.231807
cace,lr,B,cace-lr,cace-lr_B,1,0.01,2,2,29.323,21.4934,0.012427,0.133065
cace,lr,B,cace-lr,cace-lr_B,1,0.01,3,3,18.1905,13.3253,0.010161,0.103891
cace,lr,B,cace-lr,cace-lr_B,1,0.01,4,4,12.043,11.7941,0.00214,0.108082
cace,lr,B,cace-lr,cace-lr_B,1,0.01,5,5,8.0043,9.1811,0.011239,0.077996
cace,lr,B,cace-lr,cace-lr_B,1,0.01,6,6,6.6466,4.7319,0.000705,0.068701
cace,lr,B,cace-lr,cace-lr_B,1,0.01,7,7,6.8686,4.4528,0.000375,0.066704
cace,lr,B,cace-lr,cace-lr_B,1,0.01,8,8,5.4967,7.5474,0.002762,0.085793
cace,lr,B,cace-lr,cace-lr_B,1,0.01,9,9,4.7177,4.1088,0.003034,0.062314
cace,lr,B,cace-lr,cace-lr_B,1,0.01,10,10,4.714,4.283,0.003872,0.062573
cace,lr,B,cace-lr,cace-lr_B,1,0.01,11,11,3.9737,3.962,0.003933,0.059854
cace,lr,B,cace-lr,cace-lr_B,1,0.01,12,12,3.6836,4.3085,0.001977,0.064905
cace,lr,B,cace-lr,cace-lr_B,1,0.01,13,13,3.6339,3.2796,0.002927,0.055403
cace,lr,B,cace-lr,cace-lr_B,1,0.01,14,14,11.9166,14.8384,0.017253,0.086824
cace,lr,B,cace-lr,cace-lr_B,1,0.01,15,15,38.7478,62.0352,0.002056,0.24886
cace,lr,B,cace-lr,cace-lr_B,1,0.01,16,16,46.1576,50.1071,0.01068,0.217508
cace,lr,B,cace-lr,cace-lr_B,1,0.01,17,17,32.0366,32.3917,0.005822,0.177652
cace,lr,B,cace-lr,cace-lr_B,1,0.01,18,18,23.0383,23.8365,0.003469,0.153432
cace,lr,B,cace-lr,cace-lr_B,1,0.01,19,19,18.442,18.5023,0.00148,0.135826
cace,lr,B,cace-lr,cace-lr_B,1,0.01,20,20,13.3931,11.915,0.007465,0.102705
cace,lr,B,cace-lr,cace-lr_B,1,0.01,21,21,8.2743,6.811,0.001832,0.082029
cace,lr,B,cace-lr,cace-lr_B,1,0.01,22,22,5.5525,4.7547,0.000764,0.06885
cace,lr,B,cace-lr,cace-lr_B,1,0.01,23,23,4.3448,4.1656,0.00335,0.062373
cace,lr,B,cace-lr,cace-lr_B,1,0.01,24,24,4.3243,4.3492,0.005725,0.059543
cace,lr,B,cace-lr,cace-lr_B,1,0.01,25,25,4.3479,4.2716,0.003339,0.063231
cace,lr,B,cace-lr,cace-lr_B,1,0.01,26,26,4.3702,4.3615,0.00579,0.059491
cace,lr,B,cace-lr,cace-lr_B,1,0.01,27,27,4.1941,3.9308,0.003748,0.059886
cace,lr,B,cace-lr,cace-lr_B,1,0.01,28,28,4.0895,3.712,0.002981,0.059111
cace,lr,B,cace-lr,cace-lr_B,1,0.01,29,29,3.98,3.9062,0.003102,0.060582
cace,lr,B,cace-lr,cace-lr_B,1,0.01,30,30,4.008,4.1284,0.006155,0.056563
cace,lr,B,cace-lr,cace-lr_B,1,0.01,31,31,4.2741,4.0649,0.003344,0.061568
cace,lr,B,cace-lr,cace-lr_B,1,0.01,32,32,3.9889,3.8414,0.0048,0.057241
cace,lr,B,cace-lr,cace-lr_B,1,0.01,33,33,3.8222,3.4927,0.003718,0.056157
cace,lr,B,cace-lr,cace-lr_B,1,0.01,34,34,3.6121,3.4481,0.003574,0.05599
cace,lr,B,cace-lr,cace-lr_B,1,0.01,35,35,3.8254,4.132,0.002574,0.063004
cace,lr,B,cace-lr,cace-lr_B,1,0.01,36,36,3.6719,3.6071,0.001654,0.059498
cace,lr,B,cace-lr,cace-lr_B,1,0.01,37,37,3.7,3.8888,0.004054,0.05904
cace,lr,B,cace-lr,cace-lr_B,1,0.01,38,38,3.613,3.6421,0.003877,0.057215
cace,lr,B,cace-lr,cace-lr_B,1,0.01,39,39,3.7441,3.5766,0.001514,0.059333
cace,lr,B,cace-lr,cace-lr_B,1,0.01,40,40,3.7961,3.7261,0.005463,0.05472
cace,lr,B,cace-lr,cace-lr_B,2,0.01,41,1,38.7698,3.217,0.000248,0.056705
cace,lr,B,cace-lr,cace-lr_B,2,0.01,42,2,5.485,8.5912,0.013156,0.065929
cace,lr,B,cace-lr,cace-lr_B,2,0.01,43,3,8.6235,6.7272,0.011937,0.056859
cace,lr,B,cace-lr,cace-lr_B,2,0.01,44,4,8.1612,3.8872,0.007164,0.051268
cace,lr,B,cace-lr,cace-lr_B,2,0.01,45,5,4.2363,5.8143,0.002866,0.074919
cace,lr,B,cace-lr,cace-lr_B,2,0.01,46,6,4.5779,3.1289,0.003739,0.052782
cace,lr,B,cace-lr,cace-lr_B,2,0.01,47,7,3.3699,2.7187,0.004538,0.047049
cace,lr,B,cace-lr,cace-lr_B,2,0.01,48,8,3.5925,1.9324,0.002733,0.041823
cace,lr,B,cace-lr,cace-lr_B,2,0.01,49,9,3.2773,1.9182,0.00078,0.043627
cace,lr,B,cace-lr,cace-lr_B,2,0.01,50,10,2.6235,4.4101,0.003222,0.064464
cace,lr,B,cace-lr,cace-lr_B,2,0.01,51,11,1.9666,1.6944,0.002306,0.039547
cace,lr,B,cace-lr,cace-lr_B,2,0.01,52,12,2.3459,1.3904,0.001805,0.0362
cace,lr,B,cace-lr,cace-lr_B,2,0.01,53,13,1.8545,3.1529,0.007006,0.044152
cace,lr,B,cace-lr,cace-lr_B,2,0.01,54,14,2.0149,2.2079,0.003044,0.044503
cace,lr,B,cace-lr,cace-lr_B,2,0.01,55,15,1.6916,1.3519,0.002672,0.034305
cace,lr,B,cace-lr,cace-lr_B,2,0.01,56,16,1.6143,2.0748,0.004235,0.040436
cace,lr,B,cace-lr,cace-lr_B,2,0.01,57,17,1.7397,1.4745,0.001928,0.037193
cace,lr,B,cace-lr,cace-lr_B,2,0.01,58,18,1.7294,1.6577,0.004674,0.033497
cace,lr,B,cace-lr,cace-lr_B,2,0.01,59,19,1.8385,1.1728,0.001274,0.033659
cace,lr,B,cace-lr,cace-lr_B,2,0.01,60,20,1.5077,1.1885,0.001815,0.033282
cace,lr,B,cace-lr,cace-lr_B,2,0.01,61,21,1.1611,1.127,0.001029,0.033182
cace,lr,B,cace-lr,cace-lr_B,2,0.01,62,22,1.0313,1.1716,0.002755,0.031392
cace,lr,B,cace-lr,cace-lr_B,2,0.01,63,23,0.9728,0.799,0.000136,0.028259
cace,lr,B,cace-lr,cace-lr_B,2,0.01,64,24,1.1298,0.9997,0.00022,0.031599
cace,lr,B,cace-lr,cace-lr_B,2,0.01,65,25,1.0171,1.0549,0.001569,0.031537
cace,lr,B,cace-lr,cace-lr_B,2,0.01,66,26,1.0922,1.7562,0.003103,0.038988
cace,lr,B,cace-lr,cace-lr_B,2,0.01,67,27,1.1198,1.227,0.001855,0.033802
cace,lr,B,cace-lr,cace-lr_B,2,0.01,68,28,0.9263,0.9999,0.001447,0.030798
cace,lr,B,cace-lr,cace-lr_B,2,0.01,69,29,1.0273,0.6894,0.001036,0.025751
cace,lr,B,cace-lr,cace-lr_B,2,0.01,70,30,0.8181,1.0973,0.00288,0.029897
cace,lr,B,cace-lr,cace-lr_B,2,0.01,71,31,0.9258,0.6882,0.000495,0.026118
cace,lr,B,cace-lr,cace-lr_B,2,0.01,72,32,0.7716,0.7525,0.000148,0.027422
cace,lr,B,cace-lr,cace-lr_B,2,0.01,73,33,1.0085,0.7572,0.000565,0.027376
cace,lr,B,cace-lr,cace-lr_B,2,0.01,74,34,1.086,1.4372,0.003637,0.03336
cace,lr,B,cace-lr,cace-lr_B,2,0.01,75,35,0.9073,0.9488,0.002046,0.029089
cace,lr,B,cace-lr,cace-lr_B,2,0.01,76,36,0.7583,1.0317,0.000221,0.032101
cace,lr,B,cace-lr,cace-lr_B,2,0.01,77,37,0.7978,0.5984,0.000533,0.02432
cace,lr,B,cace-lr,cace-lr_B,2,0.01,78,38,0.9374,0.7286,0.000529,0.026865
cace,lr,B,cace-lr,cace-lr_B,2,0.01,79,39,0.7386,0.6858,0.001388,0.025269
cace,lr,B,cace-lr,cace-lr_B,2,0.01,80,40,0.8464,0.7989,0.002508,0.025389
cace,lr,B,cace-lr,cace-lr_B,3,0.01,81,1,1.2504,0.6586,0.0016,0.02441
cace,lr,B,cace-lr,cace-lr_B,3,0.01,82,2,0.7694,0.7034,0.001855,0.02488
cace,lr,B,cace-lr,cace-lr_B,3,0.01,83,3,0.8628,1.5045,0.002801,0.036223
cace,lr,B,cace-lr,cace-lr_B,3,0.01,84,4,1.1031,1.0572,0.00171,0.031391
cace,lr,B,cace-lr,cace-lr_B,3,0.01,85,5,1.0576,0.8649,0.000833,0.029118
cace,lr,B,cace-lr,cace-lr_B,3,0.01,86,6,0.9865,0.8123,0.000643,0.028322
cace,lr,B,cace-lr,cace-lr_B,3,0.01,87,7,1.0393,0.9907,0.002656,0.028597
cace,lr,B,cace-lr,cace-lr_B,3,0.01,88,8,1.0062,0.8815,0.002087,0.027833
cace,lr,B,cace-lr,cace-lr_B,3,0.01,89,9,1.0122,0.8269,0.001493,0.027789
cace,lr,B,cace-lr,cace-lr_B,3,0.01,90,10,0.9523,0.9733,0.003106,0.027142
cace,lr,B,cace-lr,cace-lr_B,3,0.01,91,11,1.1406,0.9847,0.000198,0.031365
cace,lr,B,cace-lr,cace-lr_B,3,0.01,92,12,1.0211,1.171,0.002152,0.032517
cace,lr,B,cace-lr,cace-lr_B,3,0.01,93,13,1.1736,1.1417,0.00299,0.030373
cace,lr,B,cace-lr,cace-lr_B,3,0.01,94,14,1.6923,1.8637,0.001962,0.042064
cace,lr,B,cace-lr,cace-lr_B,3,0.01,95,15,1.1922,1.2972,0.001063,0.03563
cace,lr,B,cace-lr,cace-lr_B,3,0.01,96,16,1.2249,0.8219,0.001986,0.02693
cace,lr,B,cace-lr,cace-lr_B,3,0.01,97,17,0.8962,1.1741,0.000369,0.034216
cace,lr,B,cace-lr,cace-lr_B,3,0.01,98,18,1.0357,0.9657,0.002766,0.027895
cace,lr,B,cace-lr,cace-lr_B,3,0.01,99,19,0.8843,1.1495,0.002787,0.030969
cace,lr,B,cace-lr,cace-lr_B,3,0.01,100,20,1.0036,1.2567,0.00132,0.034842
cace,lr,B,cace-lr,cace-lr_B,3,0.01,101,21,0.7762,0.7585,0.000447,0.027453
cace,lr,B,cace-lr,cace-lr_B,3,0.01,102,22,0.7076,0.6289,0.001165,0.024405
cace,lr,B,cace-lr,cace-lr_B,3,0.01,103,23,0.666,0.6583,0.001931,0.023809
cace,lr,B,cace-lr,cace-lr_B,3,0.01,104,24,0.6376,0.6957,0.001676,0.025037
cace,lr,B,cace-lr,cace-lr_B,3,0.01,105,25,0.7147,0.6187,0.001089,0.024281
cace,lr,B,cace-lr,cace-lr_B,3,0.01,106,26,0.7267,0.5538,0.000215,0.023509
cace,lr,B,cace-lr,cace-lr_B,3,0.01,107,27,0.8313,0.6659,0.002192,0.023411
cace,lr,B,cace-lr,cace-lr_B,3,0.01,108,28,0.6764,0.9935,0.003743,0.025492
cace,lr,B,cace-lr,cace-lr_B,3,0.01,109,29,0.7664,0.6263,0.00023,0.025
cace,lr,B,cace-lr,cace-lr_B,3,0.01,110,30,0.6111,0.7174,0.000272,0.026751
cace,lr,B,cace-lr,cace-lr_B,3,0.01,111,31,0.6354,0.5348,0.000807,0.022777
cace,lr,B,cace-lr,cace-lr_B,3,0.01,112,32,0.6421,0.6049,0.000934,0.024157
cace,lr,B,cace-lr,cace-lr_B,3,0.01,113,33,0.6673,0.7339,0.002127,0.024957
cace,lr,B,cace-lr,cace-lr_B,3,0.01,114,34,0.6912,0.7731,0.000151,0.027794
cace,lr,B,cace-lr,cace-lr_B,3,0.01,115,35,0.8249,0.9885,0.000497,0.031344
cace,lr,B,cace-lr,cace-lr_B,3,0.01,116,36,0.6585,0.6539,0.001195,0.024877
cace,lr,B,cace-lr,cace-lr_B,3,0.01,117,37,0.6141,0.563,0.000808,0.023388
cace,lr,B,cace-lr,cace-lr_B,3,0.01,118,38,0.6779,0.7783,0.002556,0.024861
cace,lr,B,cace-lr,cace-lr_B,3,0.01,119,39,0.6215,0.9732,0.002686,0.028218
cace,lr,B,cace-lr,cace-lr_B,3,0.01,120,40,0.6401,0.7303,0.00187,0.025388
cace,lr,B,cace-lr,cace-lr_B,4,0.01,121,1,0.9641,0.4718,0.000317,0.021665
cace,lr,B,cace-lr,cace-lr_B,4,0.01,122,2,0.6096,0.5438,0.001319,0.022387
cace,lr,B,cace-lr,cace-lr_B,4,0.01,123,3,0.972,0.7168,0.000568,0.026625
cace,lr,B,cace-lr,cace-lr_B,4,0.01,124,4,0.7434,0.65,0.001651,0.024148
cace,lr,B,cace-lr,cace-lr_B,4,0.01,125,5,1.2108,1.0715,0.002172,0.030917
cace,lr,B,cace-lr,cace-lr_B,4,0.01,126,6,0.813,0.9222,0.002323,0.028105
cace,lr,B,cace-lr,cace-lr_B,4,0.01,127,7,0.9386,0.9994,0.003115,0.027595
cace,lr,B,cace-lr,cace-lr_B,4,0.01,128,8,0.913,1.3908,0.003766,0.032295
cace,lr,B,cace-lr,cace-lr_B,4,0.01,129,9,0.9256,0.7775,0.001578,0.026766
cace,lr,B,cace-lr,cace-lr_B,4,0.01,130,10,0.6979,1.1621,0.000374,0.034039
cace,lr,B,cace-lr,cace-lr_B,4,0.01,131,11,0.742,0.76,0.002841,0.02371
cace,lr,B,cace-lr,cace-lr_B,4,0.01,132,12,0.8945,0.647,0.00178,0.02386
cace,lr,B,cace-lr,cace-lr_B,4,0.01,133,13,0.7172,0.8325,0.000438,0.028771
cace,lr,B,cace-lr,cace-lr_B,4,0.01,134,14,0.8927,0.7439,0.000722,0.027039
cace,lr,B,cace-lr,cace-lr_B,4,0.01,135,15,0.8474,0.8723,0.000355,0.029482
cace,lr,B,cace-lr,cace-lr_B,4,0.01,136,16,0.9612,0.8735,0.002103,0.02766
cace,lr,B,cace-lr,cace-lr_B,4,0.01,137,17,0.868,0.756,0.001953,0.025739
cace,lr,B,cace-lr,cace-lr_B,4,0.01,138,18,0.9469,0.7377,0.001019,0.026688
cace,lr,B,cace-lr,cace-lr_B,4,0.01,139,19,1.0587,0.889,0.001996,0.028131
cace,lr,B,cace-lr,cace-lr_B,4,0.01,140,20,0.8296,1.1274,0.002716,0.030765
cace,lr,B,cace-lr,cace-lr_B,4,0.01,141,21,0.6925,0.585,0.001448,0.023099
cace,lr,B,cace-lr,cace-lr_B,4,0.01,142,22,0.8246,0.8514,0.001044,0.028716
cace,lr,B,cace-lr,cace-lr_B,4,0.01,143,23,0.7287,0.457,0.000565,0.021193
cace,lr,B,cace-lr,cace-lr_B,4,0.01,144,24,0.5506,0.4772,0.000423,0.021743
cace,lr,B,cace-lr,cace-lr_B,4,0.01,145,25,0.6361,0.6656,0.002182,0.023428
cace,lr,B,cace-lr,cace-lr_B,4,0.01,146,26,0.6265,0.6399,0.000295,0.025254
cace,lr,B,cace-lr,cace-lr_B,4,0.01,147,27,0.5972,0.5121,0.001762,0.020881
cace,lr,B,cace-lr,cace-lr_B,4,0.01,148,28,0.5926,0.4822,0.000749,0.021643
cace,lr,B,cace-lr,cace-lr_B,4,0.01,149,29,0.5184,0.4859,0.001236,0.021176
cace,lr,B,cace-lr,cace-lr_B,4,0.01,150,30,0.5978,0.7681,0.002613,0.024507
cace,lr,B,cace-lr,cace-lr_B,4,0.01,151,31,0.5788,0.545,0.001578,0.021998
cace,lr,B,cace-lr,cace-lr_B,4,0.01,152,32,0.6176,0.6902,0.00114,0.025658
cace,lr,B,cace-lr,cace-lr_B,4,0.01,153,33,0.6368,0.5674,0.00109,0.023201
cace,lr,B,cace-lr,cace-lr_B,4,0.01,154,34,0.6259,0.6283,0.00087,0.024694
cace,lr,B,cace-lr,cace-lr_B,4,0.01,155,35,0.576,0.6734,0.002828,0.021848
cace,lr,B,cace-lr,cace-lr_B,4,0.01,156,36,0.6123,0.571,0.000926,0.023452
cace,lr,B,cace-lr,cace-lr_B,4,0.01,157,37,0.5862,0.6035,0.000185,0.024549
cace,lr,B,cace-lr,cace-lr_B,4,0.01,158,38,0.6041,0.4691,0.00011,0.021652
cace,lr,B,cace-lr,cace-lr_B,4,0.01,159,39,0.4977,0.4357,0.000829,0.020465
cace,lr,B,cace-lr,cace-lr_B,4,0.01,160,40,0.5918,0.4853,0.000695,0.021759
cace,lr,B,cace-lr,cace-lr_B,5,0.01,161,1,0.9773,0.5306,0.000124,0.023026
cace,lr,B,cace-lr,cace-lr_B,5,0.01,162,2,0.5177,0.4494,0.000769,0.020854
cace,lr,B,cace-lr,cace-lr_B,5,0.01,163,3,0.6246,0.8969,0.002426,0.027432
cace,lr,B,cace-lr,cace-lr_B,5,0.01,164,4,0.6331,0.7616,0.00255,0.024538
cace,lr,B,cace-lr,cace-lr_B,5,0.01,165,5,0.6699,0.9622,0.002266,0.028919
cace,lr,B,cace-lr,cace-lr_B,5,0.01,166,6,0.6748,0.6162,9.9e-05,0.024819
cace,lr,B,cace-lr,cace-lr_B,5,0.01,167,7,0.6894,0.8068,0.002915,0.024463
cace,lr,B,cace-lr,cace-lr_B,5,0.01,168,8,0.8449,0.858,0.000842,0.028994
cace,lr,B,cace-lr,cace-lr_B,5,0.01,169,9,0.904,0.8654,0.002983,0.025439
cace,lr,B,cace-lr,cace-lr_B,5,0.01,170,10,0.8066,0.8998,0.001147,0.029454
cace,lr,B,cace-lr,cace-lr_B,5,0.01,171,11,0.7455,0.4802,0.000925,0.021431
cace,lr,B,cace-lr,cace-lr_B,5,0.01,172,12,0.7293,0.6144,0.000797,0.024471
cace,lr,B,cace-lr,cace-lr_B,5,0.01,173,13,0.789,0.7732,0.002626,0.024579
cace,lr,B,cace-lr,cace-lr_B,5,0.01,174,14,0.9035,0.6158,0.000545,0.024668
cace,lr,B,cace-lr,cace-lr_B,5,0.01,175,15,0.6919,0.7589,0.001974,0.025755
cace,lr,B,cace-lr,cace-lr_B,5,0.01,176,16,0.6176,0.5559,0.000167,0.023563
cace,lr,B,cace-lr,cace-lr_B,5,0.01,177,17,0.8025,0.7719,0.002075,0.025814
cace,lr,B,cace-lr,cace-lr_B,5,0.01,178,18,0.7383,0.8838,0.002585,0.026832
cace,lr,B,cace-lr,cace-lr_B,5,0.01,179,19,0.8895,0.6816,0.001291,0.025312
cace,lr,B,cace-lr,cace-lr_B,5,0.01,180,20,0.6667,0.654,0.000958,0.02513
cace,lr,B,cace-lr,cace-lr_B,5,0.01,181,21,0.6704,0.502,0.001335,0.021409
cace,lr,B,cace-lr,cace-lr_B,5,0.01,182,22,0.5557,0.5594,0.000279,0.02361
cace,lr,B,cace-lr,cace-lr_B,5,0.01,183,23,0.5564,0.5157,0.000143,0.022699
cace,lr,B,cace-lr,cace-lr_B,5,0.01,184,24,0.5059,0.5521,0.001824,0.02169
cace,lr,B,cace-lr,cace-lr_B,5,0.01,185,25,0.564,0.6137,0.000325,0.024721
cace,lr,B,cace-lr,cace-lr_B,5,0.01,186,26,0.5654,0.5338,0.000662,0.022869
cace,lr,B,cace-lr,cace-lr_B,5,0.01,187,27,0.5083,0.4617,0.000806,0.021113
cace,lr,B,cace-lr,cace-lr_B,5,0.01,188,28,0.4983,0.4524,0.000883,0.020816
cace,lr,B,cace-lr,cace-lr_B,5,0.01,189,29,0.4841,0.5417,0.000247,0.023241
cace,lr,B,cace-lr,cace-lr_B,5,0.01,190,30,0.4741,0.5152,0.000284,0.022654
cace,lr,B,cace-lr,cace-lr_B,5,0.01,191,31,0.5198,0.5001,0.001743,0.02063
cace,lr,B,cace-lr,cace-lr_B,5,0.01,192,32,0.5392,0.5659,0.000104,0.023784
cace,lr,B,cace-lr,cace-lr_B,5,0.01,193,33,0.594,0.5116,0.000287,0.022573
cace,lr,B,cace-lr,cace-lr_B,5,0.01,194,34,0.5418,0.7203,0.000894,0.026471
cace,lr,B,cace-lr,cace-lr_B,5,0.01,195,35,0.6235,0.7285,0.003371,0.021209
cace,lr,B,cace-lr,cace-lr_B,5,0.01,196,36,0.522,0.5037,0.002074,0.019956
cace,lr,B,cace-lr,cace-lr_B,5,0.01,197,37,0.4657,0.4873,0.000163,0.022061
cace,lr,B,cace-lr,cace-lr_B,5,0.01,198,38,0.5095,0.4127,0.000705,0.020014
cace,lr,B,cace-lr,cace-lr_B,5,0.01,199,39,0.5094,0.5191,0.001269,0.021901
cace,lr,B,cace-lr,cace-lr_B,5,0.01,200,40,0.4886,0.4556,0.000429,0.021239
cace,lr,B,cace-lr,cace-lr_B,5,0.01,201,1,4.6221,3.3948,0.000953,0.034157
cace,lr,B,cace-lr,cace-lr_B,5,0.01,202,2,13.4592,2.24,0.000826,0.023782
cace,lr,B,cace-lr,cace-lr_B,5,0.01,203,3,27.696,7.0964,0.001612,0.026924
cace,lr,B,cace-lr,cace-lr_B,5,0.01,204,4,25.0573,5.6516,0.001278,0.040538
cace,lr,B,cace-lr,cace-lr_B,5,0.01,205,5,16.4465,15.0267,0.002405,0.029101
cace,lr,B,cace-lr,cace-lr_B,5,0.01,206,6,7.7871,20.4961,0.002826,0.030066
cace,lr,B,cace-lr,cace-lr_B,5,0.01,207,7,10.6451,2.8607,0.000911,0.028749
cace,lr,B,cace-lr,cace-lr_B,5,0.01,208,8,6.9143,1.4045,0.000545,0.025989
cace,lr,B,cace-lr,cace-lr_B,5,0.01,209,9,4.2538,3.1238,0.00094,0.030968
cace,lr,B,cace-lr,cace-lr_B,5,0.01,210,10,16.1309,2.2479,0.000529,0.039501
cace,lr,B,cace-lr,cace-lr_B,5,0.01,211,11,8.7632,4.3966,0.001208,0.028586
cace,lr,B,cace-lr,cace-lr_B,5,0.01,212,12,8.3172,1.6697,0.000636,0.026039
cace,lr,B,cace-lr,cace-lr_B,5,0.01,213,13,5.425,6.2822,0.001489,0.029084
cace,lr,B,cace-lr,cace-lr_B,5,0.01,214,14,7.9482,2.2447,0.000587,0.037428
cace,lr,B,cace-lr,cace-lr_B,5,0.01,215,15,17.7779,36.5157,0.003705,0.053477
cace,lr,B,cace-lr,cace-lr_B,5,0.01,216,16,14.4116,12.9592,0.002224,0.028822
cace,lr,B,cace-lr,cace-lr_B,5,0.01,217,17,8.7465,3.3635,0.000318,0.055816
cace,lr,B,cace-lr,cace-lr_B,5,0.01,218,18,8.1791,11.6351,0.00209,0.030437
cace,lr,B,cace-lr,cace-lr_B,5,0.01,219,19,2.8198,1.5973,0.000614,0.025939
cace,lr,B,cace-lr,cace-lr_B,5,0.01,220,20,7.3772,3.8616,0.001138,0.026222
cace,lr,B,cace-lr,cace-lr_B,5,0.01,221,21,2.4865,3.4481,0.001071,0.025179
cace,lr,B,cace-lr,cace-lr_B,5,0.01,222,22,6.7989,13.3706,0.002279,0.025229
cace,lr,B,cace-lr,cace-lr_B,5,0.01,223,23,8.2365,3.3622,0.001059,0.024734
cace,lr,B,cace-lr,cace-lr_B,5,0.01,224,24,3.5277,1.4381,0.00029,0.035093
cace,lr,B,cace-lr,cace-lr_B,5,0.01,225,25,2.1821,4.8783,0.001328,0.023576
cace,lr,B,cace-lr,cace-lr_B,5,0.01,226,26,3.1517,1.4971,0.000335,0.034946
cace,lr,B,cace-lr,cace-lr_B,5,0.01,227,27,2.9542,3.8555,0.001007,0.037004
cace,lr,B,cace-lr,cace-lr_B,5,0.01,228,28,1.5758,1.3846,0.000386,0.03192
cace,lr,B,cace-lr,cace-lr_B,5,0.01,229,29,1.5229,5.9027,0.001392,0.03391
cace,lr,B,cace-lr,cace-lr_B,5,0.01,230,30,3.5867,1.9074,0.000739,0.023817
cace,lr,B,cace-lr,cace-lr_B,5,0.01,231,31,2.7162,1.6123,0.000643,0.024491
cace,lr,B,cace-lr,cace-lr_B,5,0.01,232,32,2.2429,1.4285,0.000342,0.033779
cace,lr,B,cace-lr,cace-lr_B,5,0.01,233,33,3.1194,0.8663,0.000284,0.025864
cace,lr,B,cace-lr,cace-lr_B,5,0.01,234,34,1.6685,2.6027,0.000696,0.037635
cace,lr,B,cace-lr,cace-lr_B,5,0.01,235,35,1.5164,2.5794,0.000884,0.025715
cace,lr,B,cace-lr,cace-lr_B,5,0.01,236,36,2.6972,6.3871,0.001541,0.023725
cace,lr,B,cace-lr,cace-lr_B,5,0.01,237,37,4.1884,1.0705,0.000436,0.024563
cace,lr,B,cace-lr,cace-lr_B,5,0.01,238,38,1.8572,3.137,0.001037,0.022333
cace,lr,B,cace-lr,cace-lr_B,5,0.01,239,39,3.0302,2.9949,0.000879,0.033183
cace,lr,B,cace-lr,cace-lr_B,5,0.01,240,40,2.6058,1.6141,0.000581,0.028061
cace,lr,B,cace-lr,cace-lr_B,5,0.01,241,41,1.2625,3.0881,0.001027,0.02241
cace,lr,B,cace-lr,cace-lr_B,5,0.01,242,42,0.9568,0.5131,0.000118,0.021879
cace,lr,B,cace-lr,cace-lr_B,5,0.01,243,43,2.2664,5.3273,0.0014,0.022806
cace,lr,B,cace-lr,cace-lr_B,5,0.01,244,44,1.5111,2.6377,0.000943,0.021381
cace,lr,B,cace-lr,cace-lr_B,5,0.01,245,45,1.0179,0.5912,0.000118,0.023598
cace,lr,B,cace-lr,cace-lr_B,5,0.01,246,46,2.1508,0.4705,0.000126,0.020776
cace,lr,B,cace-lr,cace-lr_B,5,0.01,247,47,2.6678,4.3016,0.001227,0.024674
cace,lr,B,cace-lr,cace-lr_B,5,0.01,248,48,1.2165,0.7719,0.000246,0.024979
cace,lr,B,cace-lr,cace-lr_B,5,0.01,249,49,1.3746,0.4972,0.000175,0.020545
cace,lr,B,cace-lr,cace-lr_B,5,0.01,250,50,1.0186,2.105,0.000796,0.023456
cace,lr,B,cace-lr,cace-lr_B,5,0.01,251,51,0.8889,0.5749,0.000201,0.021808
cace,lr,B,cace-lr,cace-lr_B,5,0.01,252,52,0.9232,2.177,0.000844,0.020772
cace,lr,B,cace-lr,cace-lr_B,5,0.01,253,53,1.2435,1.8574,0.000714,0.024627
cace,lr,B,cace-lr,cace-lr_B,5,0.01,254,54,2.5251,4.287,0.00125,0.021312
cace,lr,B,cace-lr,cace-lr_B,5,0.01,255,55,1.2878,1.6761,0.000685,0.022933
cace,lr,B,cace-lr,cace-lr_B,5,0.01,256,56,1.602,1.6187,0.00061,0.026546
cace,lr,B,cace-lr,cace-lr_B,5,0.01,257,57,1.0671,0.4983,0.000115,0.021581
cace,lr,B,cace-lr,cace-lr_B,5,0.01,258,58,1.6324,0.7041,0.00023,0.023956
cace,lr,B,cace-lr,cace-lr_B,5,0.01,259,59,2.1446,2.1303,0.000819,0.02207
cace,lr,B,cace-lr,cace-lr_B,5,0.01,260,60,1.4416,4.5467,0.001276,0.023476
cace,lr,B,cace-lr,cace-lr_B,5,0.01,261,61,1.0026,1.5785,0.00067,0.02184
cace,lr,B,cace-lr,cace-lr_B,5,0.01,262,62,0.6422,0.8457,0.000413,0.020681
cace,lr,B,cace-lr,cace-lr_B,5,0.01,263,63,0.832,0.8942,0.000294,0.026129
cace,lr,B,cace-lr,cace-lr_B,5,0.01,264,64,0.838,0.5339,0.000231,0.020088
cace,lr,B,cace-lr,cace-lr_B,5,0.01,265,65,1.5302,0.9389,0.000465,0.020225
cace,lr,B,cace-lr,cace-lr_B,5,0.01,266,66,0.7665,0.9104,0.000429,0.021449
cace,lr,B,cace-lr,cace-lr_B,5,0.01,267,67,0.9492,0.551,0.000247,0.020028
cace,lr,B,cace-lr,cace-lr_B,5,0.01,268,68,0.8911,2.7746,0.000982,0.020187
cace,lr,B,cace-lr,cace-lr_B,5,0.01,269,69,1.4722,0.4442,9.7e-05,0.020523
cace,lr,B,cace-lr,cace-lr_B,5,0.01,270,70,0.7637,0.5266,0.000223,0.020112
cace,lr,B,cace-lr,cace-lr_B,5,0.01,271,71,0.5841,0.4482,9.1e-05,0.020686
cace,lr,B,cace-lr,cace-lr_B,5,0.01,272,72,0.8867,1.1902,0.00055,0.021183
cace,lr,B,cace-lr,cace-lr_B,5,0.01,273,73,0.6269,0.5663,0.000213,0.021333
cace,lr,B,cace-lr,cace-lr_B,5,0.01,274,74,0.5367,0.4915,0.00015,0.020886
cace,lr,B,cace-lr,cace-lr_B,5,0.01,275,75,0.847,0.5041,0.000176,0.020694
cace,lr,B,cace-lr,cace-lr_B,5,0.01,276,76,0.6699,2.319,0.000884,0.020065
cace,lr,B,cace-lr,cace-lr_B,5,0.01,277,77,1.3807,0.6302,0.000307,0.019961
cace,lr,B,cace-lr,cace-lr_B,5,0.01,278,78,0.981,0.8776,0.000441,0.020033
cace,lr,B,cace-lr,cace-lr_B,5,0.01,279,79,1.3365,1.438,0.000626,0.021855
cace,lr,B,cace-lr,cace-lr_B,5,0.01,280,80,0.7874,0.4236,0.00011,0.019851
cace,lr,B,cace-lr,cace-lr_B,5,0.01,281,81,0.533,0.4175,0.000101,0.019809
cace,lr,B,cace-lr,cace-lr_B,5,0.01,282,82,0.5,0.6929,0.000346,0.019982
cace,lr,B,cace-lr,cace-lr_B,5,0.01,283,83,0.5899,0.43,0.000122,0.019842
cace,lr,B,cace-lr,cace-lr_B,5,0.01,284,84,0.4928,0.622,0.000302,0.019961
cace,lr,B,cace-lr,cace-lr_B,5,0.01,285,85,0.6004,1.053,0.000516,0.020031
cace,lr,B,cace-lr,cace-lr_B,5,0.01,286,86,0.5683,0.4185,0.000101,0.019831
cace,lr,B,cace-lr,cace-lr_B,5,0.01,287,87,0.725,0.5058,0.000206,0.020049
cace,lr,B,cace-lr,cace-lr_B,5,0.01,288,88,0.6002,0.5749,0.000271,0.019854
cace,lr,B,cace-lr,cace-lr_B,5,0.01,289,89,0.7935,0.7232,0.000366,0.019863
cace,lr,B,cace-lr,cace-lr_B,5,0.01,290,90,0.6124,1.315,0.000602,0.020653
cace,lr,B,cace-lr,cace-lr_B,5,0.01,291,91,0.9808,0.4194,0.000112,0.019709
cace,lr,B,cace-lr,cace-lr_B,5,0.01,292,92,0.6345,0.4315,0.00013,0.019755
cace,lr,B,cace-lr,cace-lr_B,5,0.01,293,93,0.6311,0.7776,0.000395,0.019865
cace,lr,B,cace-lr,cace-lr_B,5,0.01,294,94,0.4967,0.4146,0.000104,0.019694
cace,lr,B,cace-lr,cace-lr_B,5,0.01,295,95,0.7201,0.5281,0.000234,0.019833
cace,lr,B,cace-lr,cace-lr_B,5,0.01,296,96,0.6224,0.4936,0.000206,0.019743
cace,lr,B,cace-lr,cace-lr_B,5,0.01,297,97,0.5709,1.1061,0.000541,0.019729
cace,lr,B,cace-lr,cace-lr_B,5,0.01,298,98,0.627,0.4407,0.000144,0.019744
cace,lr,B,cace-lr,cace-lr_B,5,0.01,299,99,0.537,0.4452,0.00011,0.020381
cace,lr,B,cace-lr,cace-lr_B,5,0.01,300,100,0.5709,1.0152,0.000506,0.019686
cace,lr,B,cace-lr,cace-lr_B,5,0.01,301,1,3.0296,1.4857,0.000211,0.019811
cace,lr,B,cace-lr,cace-lr_B,5,0.01,302,2,1.1249,0.672,0.000106,0.019908
cace,lr,B,cace-lr,cace-lr_B,5,0.01,303,3,0.8886,1.6133,0.000224,0.019627
cace,lr,B,cace-lr,cace-lr_B,5,0.01,304,4,1.5457,0.6553,0.000105,0.01967
cace,lr,B,cace-lr,cace-lr_B,5,0.01,305,5,1.0644,0.7402,0.00012,0.019688
cace,lr,B,cace-lr,cace-lr_B,5,0.01,306,6,1.8438,2.3594,0.000283,0.019747
cace,lr,B,cace-lr,cace-lr_B,5,0.01,307,7,1.2271,5.4092,0.000452,0.019744
cace,lr,B,cace-lr,cace-lr_B,5,0.01,308,8,1.2016,3.0847,0.000332,0.019707
cace,lr,B,cace-lr,cace-lr_B,5,0.01,309,9,2.8358,0.6769,0.000109,0.019624
cace,lr,B,cace-lr,cace-lr_B,5,0.01,310,10,1.0119,2.3295,0.000281,0.019817
cace,lr,B,cace-lr,cace-lr_B,5,0.01,311,11,1.1051,0.6341,0.0001,0.019687
cace,lr,B,cace-lr,cace-lr_B,5,0.01,312,12,1.2006,1.2274,0.000185,0.019648
cace,lr,B,cace-lr,cace-lr_B,5,0.01,313,13,1.7345,2.2073,0.000272,0.019751
cace,lr,B,cace-lr,cace-lr_B,5,0.01,314,14,1.7174,1.4627,0.00021,0.019627
cace,lr,B,cace-lr,cace-lr_B,5,0.01,315,15,0.9681,1.4197,0.000205,0.0196
cace,lr,B,cace-lr,cace-lr_B,5,0.01,316,16,1.0085,2.2698,0.000277,0.019623
cace,lr,B,cace-lr,cace-lr_B,5,0.01,317,17,1.3038,0.5737,8.8e-05,0.019626
cace,lr,B,cace-lr,cace-lr_B,5,0.01,318,18,1.5235,0.7121,0.000115,0.019655
cace,lr,B,cace-lr,cace-lr_B,5,0.01,319,19,1.6538,5.0736,0.000437,0.019954
cace,lr,B,cace-lr,cace-lr_B,5,0.01,320,20,2.7355,8.4493,0.000573,0.019902
cace,lr,B,cace-lr,cace-lr_B,5,0.01,321,21,1.8905,2.1795,0.00027,0.019685
cace,lr,B,cace-lr,cace-lr_B,5,0.01,322,22,0.9317,0.639,0.0001,0.019837
cace,lr,B,cace-lr,cace-lr_B,5,0.01,323,23,1.1411,0.6373,0.000101,0.019646
cace,lr,B,cace-lr,cace-lr_B,5,0.01,324,24,1.1316,1.9345,0.000251,0.019632
cace,lr,B,cace-lr,cace-lr_B,5,0.01,325,25,0.872,1.0663,0.000166,0.019693
cace,lr,B,cace-lr,cace-lr_B,5,0.01,326,26,1.1027,3.3528,0.000348,0.019657
cace,lr,B,cace-lr,cace-lr_B,5,0.01,327,27,1.1745,0.5691,8.7e-05,0.019601
cace,lr,B,cace-lr,cace-lr_B,5,0.01,328,28,1.1553,0.566,8.5e-05,0.019744
cace,lr,B,cace-lr,cace-lr_B,5,0.01,329,29,1.6609,2.0338,0.000259,0.019855
cace,lr,B,cace-lr,cace-lr_B,5,0.01,330,30,0.7779,0.5707,8.7e-05,0.019658
cace,lr,B,cace-lr,cace-lr_B,5,0.01,331,31,0.7926,2.3492,0.000283,0.019685
cace,lr,B,cace-lr,cace-lr_B,5,0.01,332,32,0.9659,0.5795,8.8e-05,0.019718
cace,lr,B,cace-lr,cace-lr_B,5,0.01,333,33,1.1436,0.6278,0.0001,0.019599
cace,lr,B,cace-lr,cace-lr_B,5,0.01,334,34,1.2143,0.5833,9e-05,0.019632
cace,lr,B,cace-lr,cace-lr_B,5,0.01,335,35,0.8572,0.5764,8.9e-05,0.01959
cace,lr,B,cace-lr,cace-lr_B,5,0.01,336,36,0.8038,0.7584,0.000123,0.019677
cace,lr,B,cace-lr,cace-lr_B,5,0.01,337,37,0.9407,1.1844,0.00018,0.019677
cace,lr,B,cace-lr,cace-lr_B,5,0.01,338,38,1.3603,0.5704,8.7e-05,0.019634
cace,lr,B,cace-lr,cace-lr_B,5,0.01,339,39,1.0794,1.0736,0.000168,0.0196
cace,lr,B,cace-lr,cace-lr_B,5,0.01,340,40,0.9602,0.6084,9.5e-05,0.019624
cace,lr,B,cace-lr,cace-lr_B,5,0.01,341,41,0.6839,0.6188,9.8e-05,0.01959
cace,lr,B,cace-lr,cace-lr_B,5,0.01,342,42,0.6241,0.6468,0.000104,0.019587
cace,lr,B,cace-lr,cace-lr_B,5,0.01,343,43,0.6997,1.3885,0.000202,0.019789
cace,lr,B,cace-lr,cace-lr_B,5,0.01,344,44,0.7971,1.1178,0.000173,0.019574
cace,lr,B,cace-lr,cace-lr_B,5,0.01,345,45,0.8021,0.607,9.5e-05,0.019595
cace,lr,B,cace-lr,cace-lr_B,5,0.01,346,46,0.7793,0.6038,9.5e-05,0.019597
cace,lr,B,cace-lr,cace-lr_B,5,0.01,347,47,0.6667,0.8034,0.000131,0.01958
cace,lr,B,cace-lr,cace-lr_B,5,0.01,348,48,0.6268,0.5655,8.6e-05,0.019604
cace,lr,B,cace-lr,cace-lr_B,5,0.01,349,49,0.7864,0.5641,8.6e-05,0.019572
cace,lr,B,cace-lr,cace-lr_B,5,0.01,350,50,0.6889,0.7831,0.000127,0.019628
cace,lr,B,cace-lr,cace-lr_B,5,0.01,351,51,0.963,0.5646,8.6e-05,0.019579
cace,lr,B,cace-lr,cace-lr_B,5,0.01,352,52,0.8422,1.1884,0.000181,0.019644
cace,lr,B,cace-lr,cace-lr_B,5,0.01,353,53,0.7808,0.6652,0.000107,0.019644
cace,lr,B,cace-lr,cace-lr_B,5,0.01,354,54,0.7801,0.5925,9.2e-05,0.019572
cace,lr,B,cace-lr,cace-lr_B,5,0.01,355,55,0.6158,0.5922,9.2e-05,0.019647
cace,lr,B,cace-lr,cace-lr_B,5,0.01,356,56,0.6286,1.1336,0.000175,0.01961
cace,lr,B,cace-lr,cace-lr_B,5,0.01,357,57,0.6488,0.8221,0.000134,0.019591
cace,lr,B,cace-lr,cace-lr_B,5,0.01,358,58,0.7758,0.5944,9.2e-05,0.019617
cace,lr,B,cace-lr,cace-lr_B,5,0.01,359,59,0.7049,1.1176,0.000173,0.01957
cace,lr,B,cace-lr,cace-lr_B,5,0.01,360,60,0.9512,0.7304,0.000119,0.019567
cace,lr,B,cace-lr,cace-lr_B,5,0.01,361,61,0.6554,0.5615,8.5e-05,0.019566
cace,lr,B,cace-lr,cace-lr_B,5,0.01,362,62,0.7465,0.6279,0.0001,0.019591
cace,lr,B,cace-lr,cace-lr_B,5,0.01,363,63,0.8833,0.6122,9.7e-05,0.019578
cace,lr,B,cace-lr,cace-lr_B,5,0.01,364,64,0.6,0.5619,8.5e-05,0.019586
cace,lr,B,cace-lr,cace-lr_B,5,0.01,365,65,0.5736,0.7637,0.000125,0.019584
cace,lr,B,cace-lr,cace-lr_B,5,0.01,366,66,0.5881,0.7821,0.000128,0.019579
cace,lr,B,cace-lr,cace-lr_B,5,0.01,367,67,0.7867,1.3272,0.000196,0.019612
cace,lr,B,cace-lr,cace-lr_B,5,0.01,368,68,0.667,0.5806,8.9e-05,0.019617
cace,lr,B,cace-lr,cace-lr_B,5,0.01,369,69,0.5647,0.6209,9.9e-05,0.01956
cace,lr,B,cace-lr,cace-lr_B,5,0.01,370,70,0.6769,0.9396,0.000151,0.019562
cace,lr,B,cace-lr,cace-lr_B,5,0.01,371,71,0.7265,0.5698,8.7e-05,0.019578
cace,lr,B,cace-lr,cace-lr_B,5,0.01,372,72,0.6071,0.68,0.00011,0.019565
cace,lr,B,cace-lr,cace-lr_B,5,0.01,373,73,0.6122,0.6232,9.9e-05,0.019614
cace,lr,B,cace-lr,cace-lr_B,5,0.01,374,74,0.6584,0.5697,8.7e-05,0.019576
cace,lr,B,cace-lr,cace-lr_B,5,0.01,375,75,0.5744,0.5668,8.7e-05,0.019562
cace,lr,B,cace-lr,cace-lr_B,5,0.01,376,76,0.6048,0.64,0.000102,0.019565
cace,lr,B,cace-lr,cace-lr_B,5,0.01,377,77,0.5622,0.8303,0.000135,0.019559
cace,lr,B,cace-lr,cace-lr_B,5,0.01,378,78,0.7478,0.5686,8.7e-05,0.01956
cace,lr,B,cace-lr,cace-lr_B,5,0.01,379,79,0.6383,0.9235,0.000148,0.019578
cace,lr,B,cace-lr,cace-lr_B,5,0.01,380,80,0.5888,0.644,0.000103,0.019562
cace,lr,B,cace-lr,cace-lr_B,5,0.01,381,81,0.5609,0.6207,9.9e-05,0.01956
cace,lr,B,cace-lr,cace-lr_B,5,0.01,382,82,0.5397,0.6543,0.000105,0.01956
cace,lr,B,cace-lr,cace-lr_B,5,0.01,383,83,0.6985,1.2467,0.000188,0.019562
cace,lr,B,cace-lr,cace-lr_B,5,0.01,384,84,0.6013,0.6392,0.000102,0.019566
cace,lr,B,cace-lr,cace-lr_B,5,0.01,385,85,0.5797,0.5695,8.7e-05,0.01957
cace,lr,B,cace-lr,cace-lr_B,5,0.01,386,86,0.5848,0.5765,8.9e-05,0.01956
cace,lr,B,cace-lr,cace-lr_B,5,0.01,387,87,0.5549,0.5637,8.6e-05,0.019562
cace,lr,B,cace-lr,cace-lr_B,5,0.01,388,88,0.5803,0.6216,9.9e-05,0.019561
cace,lr,B,cace-lr,cace-lr_B,5,0.01,389,89,0.5619,0.5634,8.6e-05,0.019562
cace,lr,B,cace-lr,cace-lr_B,5,0.01,390,90,0.6215,0.5659,8.6e-05,0.01956
cace,lr,B,cace-lr,cace-lr_B,5,0.01,391,91,0.6164,0.607,9.6e-05,0.019566
cace,lr,B,cace-lr,cace-lr_B,5,0.01,392,92,0.5801,0.577,8.9e-05,0.019568
cace,lr,B,cace-lr,cace-lr_B,5,0.01,393,93,0.5644,0.581,9e-05,0.019556
cace,lr,B,cace-lr,cace-lr_B,5,0.01,394,94,0.6234,0.5638,8.6e-05,0.019559
cace,lr,B,cace-lr,cace-lr_B,5,0.01,395,95,0.5484,0.5689,8.7e-05,0.019564
cace,lr,B,cace-lr,cace-lr_B,5,0.01,396,96,0.6093,0.5725,8.8e-05,0.019559
cace,lr,B,cace-lr,cace-lr_B,5,0.01,397,97,0.5457,0.6371,0.000102,0.019558
cace,lr,B,cace-lr,cace-lr_B,5,0.01,398,98,0.5966,0.6023,9.4e-05,0.019597
cace,lr,B,cace-lr,cace-lr_B,5,0.01,399,99,0.5528,0.6483,0.000104,0.019557
cace,lr,B,cace-lr,cace-lr_B,5,0.01,400,100,0.6013,0.6101,9.6e-05,0.019556
cace,lr,B,cace-lr,cace-lr_B,5,0.01,401,1,19.8975,18.7312,8.6e-05,0.019556
cace,lr,B,cace-lr,cace-lr_B,5,0.01,402,2,21.1616,19.3966,8.8e-05,0.01956
cace,lr,B,cace-lr,cace-lr_B,5,0.01,403,3,20.1255,23.1275,9.6e-05,0.01957
cace,lr,B,cace-lr,cace-lr_B,5,0.01,404,4,17.7788,19.0076,8.7e-05,0.019568
cace,lr,B,cace-lr,cace-lr_B,5,0.01,405,5,17.7237,26.1548,0.000103,0.019564
cace,lr,B,cace-lr,cace-lr_B,5,0.01,406,6,15.8329,19.5979,8.9e-05,0.019575
cace,lr,B,cace-lr,cace-lr_B,5,0.01,407,7,17.0629,17.9343,8.5e-05,0.019577
cace,lr,B,cace-lr,cace-lr_B,5,0.01,408,8,18.4708,34.7801,0.000118,0.019572
cace,lr,B,cace-lr,cace-lr_B,5,0.01,409,9,16.6092,18.9876,8.7e-05,0.019574
cace,lr,B,cace-lr,cace-lr_B,5,0.01,410,10,19.8663,37.9291,0.000124,0.019576
cace,lr,B,cace-lr,cace-lr_B,5,0.01,411,11,19.5599,35.3097,0.000119,0.019583
cace,lr,B,cace-lr,cace-lr_B,5,0.01,412,12,16.5496,18.0311,8.5e-05,0.019586
cace,lr,B,cace-lr,cace-lr_B,5,0.01,413,13,17.8009,33.1858,0.000116,0.019593
cace,lr,B,cace-lr,cace-lr_B,5,0.01,414,14,16.6179,19.1876,8.8e-05,0.019586
cace,lr,B,cace-lr,cace-lr_B,5,0.01,415,15,18.1185,29.4146,0.000109,0.019589
cace,lr,B,cace-lr,cace-lr_B,5,0.01,416,16,15.9137,19.017,8.7e-05,0.019593
cace,lr,B,cace-lr,cace-lr_B,5,0.01,417,17,16.4871,23.5586,9.7e-05,0.019598
cace,lr,B,cace-lr,cace-lr_B,5,0.01,418,18,16.9431,19.9903,8.9e-05,0.019598
cace,lr,B,cace-lr,cace-lr_B,5,0.01,419,19,14.8797,21.6722,9.3e-05,0.019602
cace,lr,B,cace-lr,cace-lr_B,5,0.01,420,20,16.7529,30.9217,0.000112,0.019609
cace,lr,B,cace-lr,cace-lr_B,5,0.01,421,21,15.63,31.1306,0.000112,0.019609
cace,lr,B,cace-lr,cace-lr_B,5,0.01,422,22,19.8108,19.9153,8.9e-05,0.019611
cace,lr,B,cace-lr,cace-lr_B,5,0.01,423,23,17.6824,17.4217,8.3e-05,0.019615
cace,lr,B,cace-lr,cace-lr_B,5,0.01,424,24,14.7726,17.3719,8.3e-05,0.019617
cace,lr,B,cace-lr,cace-lr_B,5,0.01,425,25,14.7135,17.3396,8.3e-05,0.019621
cace,lr,B,cace-lr,cace-lr_B,5,0.01,426,26,16.2,17.5713,8.4e-05,0.019626
cace,lr,B,cace-lr,cace-lr_B,5,0.01,427,27,16.5229,17.2615,8.3e-05,0.019628
cace,lr,B,cace-lr,cace-lr_B,5,0.01,428,28,15.252,18.5352,8.6e-05,0.01963
cace,lr,B,cace-lr,cace-lr_B,5,0.01,429,29,15.3983,18.0366,8.5e-05,0.019628
cace,lr,B,cace-lr,cace-lr_B,5,0.01,430,30,18.3393,19.4181,8.8e-05,0.019627
cace,lr,B,cace-lr,cace-lr_B,5,0.01,431,31,16.3389,17.2142,8.3e-05,0.019628
cace,lr,B,cace-lr,cace-lr_B,5,0.01,432,32,15.7905,24.1977,9.9e-05,0.01963
cace,lr,B,cace-lr,cace-lr_B,5,0.01,433,33,18.0991,19.7209,8.9e-05,0.01963
cace,lr,B,cace-lr,cace-lr_B,5,0.01,434,34,15.3963,17.3645,8.3e-05,0.019637
cace,lr,B,cace-lr,cace-lr_B,5,0.01,435,35,15.21,17.7413,8.4e-05,0.019641
cace,lr,B,cace-lr,cace-lr_B,5,0.01,436,36,14.9063,18.0271,8.5e-05,0.019642
cace,lr,B,cace-lr,cace-lr_B,5,0.01,437,37,14.5574,17.3085,8.3e-05,0.019646
cace,lr,B,cace-lr,cace-lr_B,5,0.01,438,38,15.6313,19.4417,8.8e-05,0.019648
cace,lr,B,cace-lr,cace-lr_B,5,0.01,439,39,14.7945,18.8178,8.7e-05,0.019651
cace,lr,B,cace-lr,cace-lr_B,5,0.01,440,40,14.6942,17.351,8.3e-05,0.019651
cace,lr,B,cace-lr,cace-lr_B,5,0.01,441,41,14.168,18.4977,8.6e-05,0.019652
cace,lr,B,cace-lr,cace-lr_B,5,0.01,442,42,15.1098,22.3083,9.5e-05,0.019652
cace,lr,B,cace-lr,cace-lr_B,5,0.01,443,43,14.7488,17.2323,8.3e-05,0.019652
cace,lr,B,cace-lr,cace-lr_B,5,0.01,444,44,14.9368,17.8418,8.4e-05,0.019652
cace,lr,B,cace-lr,cace-lr_B,5,0.01,445,45,15.4102,22.075,9.4e-05,0.019653
cace,lr,B,cace-lr,cace-lr_B,5,0.01,446,46,14.7469,17.7165,8.4e-05,0.019654
cace,lr,B,cace-lr,cace-lr_B,5,0.01,447,47,14.691,20.6172,9.1e-05,0.019655
cace,lr,B,cace-lr,cace-lr_B,5,0.01,448,48,17.1995,18.9295,8.7e-05,0.019658
cace,lr,B,cace-lr,cace-lr_B,5,0.01,449,49,15.4701,17.7815,8.4e-05,0.019657
cace,lr,B,cace-lr,cace-lr_B,5,0.01,450,50,15.7596,17.014,8.2e-05,0.019658
cace,lr,B,cace-lr,cace-lr_B,5,0.01,451,51,14.1867,18.3642,8.6e-05,0.019659
cace,lr,B,cace-lr,cace-lr_B,5,0.01,452,52,14.5175,17.3526,8.3e-05,0.01966
cace,lr,B,cace-lr,cace-lr_B,5,0.01,453,53,14.3915,16.9065,8.2e-05,0.019662
cace,lr,B,cace-lr,cace-lr_B,5,0.01,454,54,14.4333,21.5401,9.3e-05,0.019662
cace,lr,B,cace-lr,cace-lr_B,5,0.01,455,55,14.595,16.9825,8.2e-05,0.019662
cace,lr,B,cace-lr,cace-lr_B,5,0.01,456,56,13.8158,19.9387,8.9e-05,0.019665
cace,lr,B,cace-lr,cace-lr_B,5,0.01,457,57,14.4764,18.9743,8.7e-05,0.019666
cace,lr,B,cace-lr,cace-lr_B,5,0.01,458,58,15.0755,16.8806,8.2e-05,0.019667
cace,lr,B,cace-lr,cace-lr_B,5,0.01,459,59,14.1386,19.0585,8.7e-05,0.019667
cace,lr,B,cace-lr,cace-lr_B,5,0.01,460,60,14.7397,17.8,8.4e-05,0.01967
cace,lr,B,cace-lr,cace-lr_B,5,0.01,461,61,13.7894,16.8933,8.2e-05,0.019667
cace,lr,B,cace-lr,cace-lr_B,5,0.01,462,62,14.1579,16.9758,8.2e-05,0.019665
cace,lr,B,cace-lr,cace-lr_B,5,0.01,463,63,14.2188,18.1072,8.5e-05,0.019666
cace,lr,B,cace-lr,cace-lr_B,5,0.01,464,64,13.9512,17.2108,8.3e-05,0.019667
cace,lr,B,cace-lr,cace-lr_B,5,0.01,465,65,13.9396,16.8082,8.2e-05,0.019667
cace,lr,B,cace-lr,cace-lr_B,5,0.01,466,66,14.0227,18.0006,8.5e-05,0.019667
cace,lr,B,cace-lr,cace-lr_B,5,0.01,467,67,14.0817,16.8982,8.2e-05,0.019667
cace,lr,B,cace-lr,cace-lr_B,5,0.01,468,68,13.9505,17.3759,8.3e-05,0.019668
cace,lr,B,cace-lr,cace-lr_B,5,0.01,469,69,14.1637,17.5392,8.4e-05,0.019668
cace,lr,B,cace-lr,cace-lr_B,5,0.01,470,70,13.9803,17.9486,8.5e-05,0.019668
cace,lr,B,cace-lr,cace-lr_B,5,0.01,471,71,14.0658,18.2385,8.5e-05,0.019669
cace,lr,B,cace-lr,cace-lr_B,5,0.01,472,72,14.4886,17.6837,8.4e-05,0.01967
cace,lr,B,cace-lr,cace-lr_B,5,0.01,473,73,14.0929,16.8762,8.2e-05,0.019671
cace,lr,B,cace-lr,cace-lr_B,5,0.01,474,74,13.888,17.6815,8.4e-05,0.019671
cace,lr,B,cace-lr,cace-lr_B,5,0.01,475,75,14.1451,16.8083,8.2e-05,0.019671
cace,lr,B,cace-lr,cace-lr_B,5,0.01,476,76,14.301,19.3916,8.8e-05,0.019673
cace,lr,B,cace-lr,cace-lr_B,5,0.01,477,77,15.3165,20.0,8.9e-05,0.019674
cace,lr,B,cace-lr,cace-lr_B,5,0.01,478,78,13.9211,18.608,8.6e-05,0.019673
cace,lr,B,cace-lr,cace-lr_B,5,0.01,479,79,14.0138,17.8516,8.4e-05,0.019674
cace,lr,B,cace-lr,cace-lr_B,5,0.01,480,80,14.0611,17.0839,8.3e-05,0.019674
cace,lr,B,cace-lr,cace-lr_B,5,0.01,481,81,13.7712,17.4549,8.3e-05,0.019671
cace,lr,B,cace-lr,cace-lr_B,5,0.01,482,82,13.9148,16.9169,8.2e-05,0.019671
cace,lr,B,cace-lr,cace-lr_B,5,0.01,483,83,14.0291,16.8634,8.2e-05,0.019671
cace,lr,B,cace-lr,cace-lr_B,5,0.01,484,84,14.1318,17.6458,8.4e-05,0.019672
cace,lr,B,cace-lr,cace-lr_B,5,0.01,485,85,13.8074,17.3466,8.3e-05,0.019672
cace,lr,B,cace-lr,cace-lr_B,5,0.01,486,86,13.8551,17.4143,8.3e-05,0.01967
cace,lr,B,cace-lr,cace-lr_B,5,0.01,487,87,13.8763,16.8887,8.2e-05,0.01967
cace,lr,B,cace-lr,cace-lr_B,5,0.01,488,88,13.8861,18.5162,8.6e-05,0.019671
cace,lr,B,cace-lr,cace-lr_B,5,0.01,489,89,14.0483,16.9371,8.2e-05,0.01967
cace,lr,B,cace-lr,cace-lr_B,5,0.01,490,90,14.3436,16.96,8.2e-05,0.019671
cace,lr,B,cace-lr,cace-lr_B,5,0.01,491,91,13.8532,17.6523,8.4e-05,0.019671
cace,lr,B,cace-lr,cace-lr_B,5,0.01,492,92,13.7951,18.8213,8.7e-05,0.019671
cace,lr,B,cace-lr,cace-lr_B,5,0.01,493,93,14.1949,16.7619,8.2e-05,0.019671
cace,lr,B,cace-lr,cace-lr_B,5,0.01,494,94,14.1272,17.2935,8.3e-05,0.019671
cace,lr,B,cace-lr,cace-lr_B,5,0.01,495,95,13.9672,17.3062,8.3e-05,0.019671
cace,lr,B,cace-lr,cace-lr_B,5,0.01,496,96,13.8469,17.5743,8.4e-05,0.01967
cace,lr,B,cace-lr,cace-lr_B,5,0.01,497,97,14.0046,16.8817,8.2e-05,0.01967
cace,lr,B,cace-lr,cace-lr_B,5,0.01,498,98,13.784,18.4403,8.6e-05,0.01967
cace,lr,B,cace-lr,cace-lr_B,5,0.01,499,99,14.0191,17.1983,8.3e-05,0.01967
cace,lr,B,cace-lr,cace-lr_B,5,0.01,500,100,14.311,17.8055,8.4e-05,0.01967
sea,lr,A,sea-lr,sea-lr_A,1,0.01,1,1,170.5484,52.1935,0.002521,0.228118
sea,lr,A,sea-lr,sea-lr_A,1,0.01,2,2,42.7224,38.3942,0.016485,0.178128
sea,lr,A,sea-lr,sea-lr_A,1,0.01,3,3,33.3301,40.6463,0.020546,0.174052
sea,lr,A,sea-lr,sea-lr_A,1,0.01,4,4,38.2094,44.1338,0.030776,0.144588
sea,lr,A,sea-lr,sea-lr_A,1,0.01,5,5,38.0287,21.0848,0.009475,0.137417
sea,lr,A,sea-lr,sea-lr_A,1,0.01,6,6,28.3166,11.2334,0.001537,0.105714
sea,lr,A,sea-lr,sea-lr_A,1,0.01,7,7,13.9651,7.9744,0.002779,0.088233
sea,lr,A,sea-lr,sea-lr_A,1,0.01,8,8,21.6646,11.8374,0.009587,0.097895
sea,lr,A,sea-lr,sea-lr_A,1,0.01,9,9,13.5544,13.266,0.00358,0.113805
sea,lr,A,sea-lr,sea-lr_A,1,0.01,10,10,15.7744,25.0234,0.005211,0.156069
sea,lr,A,sea-lr,sea-lr_A,1,0.01,11,11,19.2764,23.7848,0.019867,0.118765
sea,lr,A,sea-lr,sea-lr_A,1,0.01,12,12,11.9768,11.7294,0.010328,0.095465
sea,lr,A,sea-lr,sea-lr_A,1,0.01,13,13,11.0917,7.7137,0.006591,0.081537
sea,lr,A,sea-lr,sea-lr_A,1,0.01,14,14,12.0853,7.0038,0.007973,0.073788
sea,lr,A,sea-lr,sea-lr_A,1,0.01,15,15,13.3218,7.416,0.001446,0.085818
sea,lr,A,sea-lr,sea-lr_A,1,0.01,16,16,14.1897,9.5906,0.012972,0.073917
sea,lr,A,sea-lr,sea-lr_A,1,0.01,17,17,19.242,35.0031,0.004388,0.185825
sea,lr,A,sea-lr,sea-lr_A,1,0.01,18,18,20.7222,25.2838,0.009843,0.151353
sea,lr,A,sea-lr,sea-lr_A,1,0.01,19,19,11.2558,6.4797,0.00777,0.070704
sea,lr,A,sea-lr,sea-lr_A,1,0.01,20,20,16.354,13.1968,0.002562,0.114174
sea,lr,A,sea-lr,sea-lr_A,1,0.01,21,21,6.2048,4.5684,0.001033,0.067396
sea,lr,A,sea-lr,sea-lr_A,1,0.01,22,22,9.4103,6.8187,0.008027,0.072377
sea,lr,A,sea-lr,sea-lr_A,1,0.01,23,23,5.5561,4.5988,0.003836,0.0651
sea,lr,A,sea-lr,sea-lr_A,1,0.01,24,24,5.1447,4.1696,0.002593,0.063284
sea,lr,A,sea-lr,sea-lr_A,1,0.01,25,25,5.9289,5.1978,0.002588,0.070947
sea,lr,A,sea-lr,sea-lr_A,1,0.01,26,26,7.6571,5.4532,0.005229,0.069156
sea,lr,A,sea-lr,sea-lr_A,1,0.01,27,27,5.7816,3.6486,0.001226,0.060098
sea,lr,A,sea-lr,sea-lr_A,1,0.01,28,28,4.7174,4.9756,0.007281,0.060625
sea,lr,A,sea-lr,sea-lr_A,1,0.01,29,29,4.8012,6.7261,0.005947,0.076543
sea,lr,A,sea-lr,sea-lr_A,1,0.01,30,30,4.5114,3.9249,0.003051,0.0608
sea,lr,A,sea-lr,sea-lr_A,1,0.01,31,31,5.126,3.5953,0.002661,0.058495
sea,lr,A,sea-lr,sea-lr_A,1,0.01,32,32,4.6857,3.5158,0.004208,0.055512
sea,lr,A,sea-lr,sea-lr_A,1,0.01,33,33,7.9364,5.3291,0.001617,0.07256
sea,lr,A,sea-lr,sea-lr_A,1,0.01,34,34,4.7783,3.3977,0.001872,0.057548
sea,lr,A,sea-lr,sea-lr_A,1,0.01,35,35,4.2027,4.0766,0.00095,0.063675
sea,lr,A,sea-lr,sea-lr_A,1,0.01,36,36,5.1779,4.178,0.004921,0.059867
sea,lr,A,sea-lr,sea-lr_A,1,0.01,37,37,3.7335,4.5854,0.007179,0.057632
sea,lr,A,sea-lr,sea-lr_A,1,0.01,38,38,4.5812,4.0544,0.002577,0.062382
sea,lr,A,sea-lr,sea-lr_A,1,0.01,39,39,3.767,3.1916,0.001678,0.05588
sea,lr,A,sea-lr,sea-lr_A,1,0.01,40,40,3.9917,3.347,0.002699,0.056288
sea,lr,A,sea-lr,sea-lr_A,2,0.01,41,1,4.8886,2.8087,0.000274,0.052979
sea,lr,A,sea-lr,sea-lr_A,2,0.01,42,2,4.1363,3.193,0.000284,0.056489
sea,lr,A,sea-lr,sea-lr_A,2,0.01,43,3,3.6809,3.7774,0.001793,0.060816
sea,lr,A,sea-lr,sea-lr_A,2,0.01,44,4,5.0363,4.1704,0.003255,0.062535
sea,lr,A,sea-lr,sea-lr_A,2,0.01,45,5,6.4372,11.9047,0.005497,0.105659
sea,lr,A,sea-lr,sea-lr_A,2,0.01,46,6,7.2216,3.0232,0.001246,0.054637
sea,lr,A,sea-lr,sea-lr_A,2,0.01,47,7,11.8321,19.3956,0.006698,0.135261
sea,lr,A,sea-lr,sea-lr_A,2,0.01,48,8,7.5671,10.6527,0.001511,0.10294
sea,lr,A,sea-lr,sea-lr_A,2,0.01,49,9,6.4615,4.8677,0.000455,0.069733
sea,lr,A,sea-lr,sea-lr_A,2,0.01,50,10,10.77,5.0303,0.002956,0.069397
sea,lr,A,sea-lr,sea-lr_A,2,0.01,51,11,7.3509,17.6369,0.019076,0.093342
sea,lr,A,sea-lr,sea-lr_A,2,0.01,52,12,7.8773,7.3468,0.006815,0.078789
sea,lr,A,sea-lr,sea-lr_A,2,0.01,53,13,7.1779,12.4679,0.009137,0.102081
sea,lr,A,sea-lr,sea-lr_A,2,0.01,54,14,7.8098,15.2493,0.01095,0.110945
sea,lr,A,sea-lr,sea-lr_A,2,0.01,55,15,17.1117,21.7539,0.012599,0.133645
sea,lr,A,sea-lr,sea-lr_A,2,0.01,56,16,9.4987,4.5576,0.003299,0.065504
sea,lr,A,sea-lr,sea-lr_A,2,0.01,57,17,6.6048,6.8887,0.006884,0.075674
sea,lr,A,sea-lr,sea-lr_A,2,0.01,58,18,9.7168,3.8104,0.000265,0.061714
sea,lr,A,sea-lr,sea-lr_A,2,0.01,59,19,7.0514,8.3749,0.012647,0.066727
sea,lr,A,sea-lr,sea-lr_A,2,0.01,60,20,7.9796,11.7802,0.012481,0.089218
sea,lr,A,sea-lr,sea-lr_A,2,0.01,61,21,4.3778,3.1577,0.003789,0.052968
sea,lr,A,sea-lr,sea-lr_A,2,0.01,62,22,3.7713,6.0842,0.010303,0.058998
sea,lr,A,sea-lr,sea-lr_A,2,0.01,63,23,4.0649,4.2208,0.006851,0.055405
sea,lr,A,sea-lr,sea-lr_A,2,0.01,64,24,3.3208,3.2274,0.004193,0.052879
sea,lr,A,sea-lr,sea-lr_A,2,0.01,65,25,3.3951,6.1524,0.000535,0.078393
sea,lr,A,sea-lr,sea-lr_A,2,0.01,66,26,3.8838,3.1232,0.002728,0.054228
sea,lr,A,sea-lr,sea-lr_A,2,0.01,67,27,3.9124,5.7547,0.002278,0.075016
sea,lr,A,sea-lr,sea-lr_A,2,0.01,68,28,4.104,3.0726,0.000274,0.055415
sea,lr,A,sea-lr,sea-lr_A,2,0.01,69,29,3.7645,4.8261,0.005985,0.062831
sea,lr,A,sea-lr,sea-lr_A,2,0.01,70,30,3.7484,3.9547,0.007585,0.050436
sea,lr,A,sea-lr,sea-lr_A,2,0.01,71,31,3.4789,3.2519,0.004309,0.052883
sea,lr,A,sea-lr,sea-lr_A,2,0.01,72,32,3.3795,2.5665,0.002158,0.049521
sea,lr,A,sea-lr,sea-lr_A,2,0.01,73,33,3.2082,3.0209,0.00067,0.054862
sea,lr,A,sea-lr,sea-lr_A,2,0.01,74,34,3.1633,3.6719,0.001035,0.06038
sea,lr,A,sea-lr,sea-lr_A,2,0.01,75,35,3.3575,2.6419,0.001499,0.050861
sea,lr,A,sea-lr,sea-lr_A,2,0.01,76,36,2.902,4.8337,0.010317,0.047153
sea,lr,A,sea-lr,sea-lr_A,2,0.01,77,37,3.2162,2.5945,0.00357,0.04777
sea,lr,A,sea-lr,sea-lr_A,2,0.01,78,38,3.2856,2.7228,0.004259,0.047727
sea,lr,A,sea-lr,sea-lr_A,2,0.01,79,39,3.2101,2.4454,0.003658,0.046012
sea,lr,A,sea-lr,sea-lr_A,2,0.01,80,40,3.3438,4.4565,0.007101,0.056744
sea,lr,A,sea-lr,sea-lr_A,3,0.01,81,1,4.7296,2.3379,0.00057,0.04827
sea,lr,A,sea-lr,sea-lr_A,3,0.01,82,2,3.41,4.1036,0.001025,0.063858
sea,lr,A,sea-lr,sea-lr_A,3,0.01,83,3,6.67,6.3962,0.001956,0.079387
sea,lr,A,sea-lr,sea-lr_A,3,0.01,84,4,6.3733,4.3797,0.002002,0.065433
sea,lr,A,sea-lr,sea-lr_A,3,0.01,85,5,6.2791,5.1087,0.001773,0.070934
sea,lr,A,sea-lr,sea-lr_A,3,0.01,86,6,8.1796,22.7214,0.016676,0.126101
sea,lr,A,sea-lr,sea-lr_A,3,0.01,87,7,10.1243,6.5012,0.008673,0.06824
sea,lr,A,sea-lr,sea-lr_A,3,0.01,88,8,8.2612,12.0468,0.007086,0.103998
sea,lr,A,sea-lr,sea-lr_A,3,0.01,89,9,13.7186,5.3695,0.002298,0.072388
sea,lr,A,sea-lr,sea-lr_A,3,0.01,90,10,16.2458,5.5966,0.008392,0.062205
sea,lr,A,sea-lr,sea-lr_A,3,0.01,91,11,5.9754,6.9209,0.000875,0.083079
sea,lr,A,sea-lr,sea-lr_A,3,0.01,92,12,10.0055,8.6874,0.010585,0.077069
sea,lr,A,sea-lr,sea-lr_A,3,0.01,93,13,6.7048,10.3417,0.005899,0.097409
sea,lr,A,sea-lr,sea-lr_A,3,0.01,94,14,6.0195,5.7337,0.007143,0.06695
sea,lr,A,sea-lr,sea-lr_A,3,0.01,95,15,8.1202,3.5303,0.000366,0.059389
sea,lr,A,sea-lr,sea-lr_A,3,0.01,96,16,7.9286,4.908,0.005393,0.064767
sea,lr,A,sea-lr,sea-lr_A,3,0.01,97,17,5.9649,4.0276,0.000866,0.063318
sea,lr,A,sea-lr,sea-lr_A,3,0.01,98,18,6.4438,11.854,0.00252,0.108159
sea,lr,A,sea-lr,sea-lr_A,3,0.01,99,19,6.2229,3.7597,0.000996,0.061118
sea,lr,A,sea-lr,sea-lr_A,3,0.01,100,20,7.5558,8.9874,0.014037,0.064464
sea,lr,A,sea-lr,sea-lr_A,3,0.01,101,21,4.8149,4.4357,0.007324,0.055858
sea,lr,A,sea-lr,sea-lr_A,3,0.01,102,22,3.6187,3.1178,0.002214,0.05475
sea,lr,A,sea-lr,sea-lr_A,3,0.01,103,23,3.1291,3.7442,0.002673,0.059741
sea,lr,A,sea-lr,sea-lr_A,3,0.01,104,24,3.3883,3.1962,0.0005,0.056481
sea,lr,A,sea-lr,sea-lr_A,3,0.01,105,25,3.3096,4.6615,0.002339,0.067286
sea,lr,A,sea-lr,sea-lr_A,3,0.01,106,26,3.9492,3.3667,0.000499,0.05797
sea,lr,A,sea-lr,sea-lr_A,3,0.01,107,27,2.9809,4.5235,0.008359,0.05301
sea,lr,A,sea-lr,sea-lr_A,3,0.01,108,28,3.6805,3.1029,0.004807,0.05036
sea,lr,A,sea-lr,sea-lr_A,3,0.01,109,29,3.2279,3.6115,0.000501,0.060044
sea,lr,A,sea-lr,sea-lr_A,3,0.01,110,30,4.0484,3.2962,0.002141,0.056425
sea,lr,A,sea-lr,sea-lr_A,3,0.01,111,31,3.125,2.0345,0.000198,0.045094
sea,lr,A,sea-lr,sea-lr_A,3,0.01,112,32,4.0629,5.8125,0.00536,0.071469
sea,lr,A,sea-lr,sea-lr_A,3,0.01,113,33,2.9153,2.3422,0.000494,0.048334
sea,lr,A,sea-lr,sea-lr_A,3,0.01,114,34,3.4995,3.3866,0.000519,0.058138
sea,lr,A,sea-lr,sea-lr_A,3,0.01,115,35,4.977,3.0533,0.005838,0.047089
sea,lr,A,sea-lr,sea-lr_A,3,0.01,116,36,3.2681,2.0807,0.000217,0.045602
sea,lr,A,sea-lr,sea-lr_A,3,0.01,117,37,2.9485,2.2125,0.000276,0.047017
sea,lr,A,sea-lr,sea-lr_A,3,0.01,118,38,2.819,2.477,0.003742,0.046191
sea,lr,A,sea-lr,sea-lr_A,3,0.01,119,39,2.671,3.1165,0.00343,0.053179
sea,lr,A,sea-lr,sea-lr_A,3,0.01,120,40,3.7749,9.0811,0.00621,0.090197
sea,lr,A,sea-lr,sea-lr_A,4,0.01,121,1,3.5331,1.9848,0.000328,0.044522
sea,lr,A,sea-lr,sea-lr_A,4,0.01,122,2,2.2547,2.3989,0.004108,0.044554
sea,lr,A,sea-lr,sea-lr_A,4,0.01,123,3,4.8819,7.633,0.004555,0.084405
sea,lr,A,sea-lr,sea-lr_A,4,0.01,124,4,5.8575,3.4112,0.000952,0.058215
sea,lr,A,sea-lr,sea-lr_A,4,0.01,125,5,5.0844,5.896,0.011215,0.053025
sea,lr,A,sea-lr,sea-lr_A,4,0.01,126,6,5.7012,3.3023,0.001984,0.056619
sea,lr,A,sea-lr,sea-lr_A,4,0.01,127,7,6.1325,5.2811,0.00213,0.071901
sea,lr,A,sea-lr,sea-lr_A,4,0.01,128,8,7.4836,7.5965,0.000788,0.08707
sea,lr,A,sea-lr,sea-lr_A,4,0.01,129,9,5.8384,7.385,0.001363,0.08567
sea,lr,A,sea-lr,sea-lr_A,4,0.01,130,10,6.1074,4.8533,0.009014,0.053486
sea,lr,A,sea-lr,sea-lr_A,4,0.01,131,11,8.7098,3.5461,0.003467,0.05702
sea,lr,A,sea-lr,sea-lr_A,4,0.01,132,12,5.4978,8.1337,0.000735,0.090113
sea,lr,A,sea-lr,sea-lr_A,4,0.01,133,13,6.138,7.6763,0.013742,0.05518
sea,lr,A,sea-lr,sea-lr_A,4,0.01,134,14,6.7576,6.906,0.004641,0.079861
sea,lr,A,sea-lr,sea-lr_A,4,0.01,135,15,5.9105,5.2251,0.004727,0.06839
sea,lr,A,sea-lr,sea-lr_A,4,0.01,136,16,6.8202,5.6375,0.006914,0.066821
sea,lr,A,sea-lr,sea-lr_A,4,0.01,137,17,6.1142,4.8855,0.003003,0.068296
sea,lr,A,sea-lr,sea-lr_A,4,0.01,138,18,5.446,7.0814,0.001274,0.083914
sea,lr,A,sea-lr,sea-lr_A,4,0.01,139,19,7.7532,8.988,0.004666,0.091946
sea,lr,A,sea-lr,sea-lr_A,4,0.01,140,20,8.2739,25.0304,0.013999,0.142213
sea,lr,A,sea-lr,sea-lr_A,4,0.01,141,21,4.5904,5.1676,0.008187,0.059362
sea,lr,A,sea-lr,sea-lr_A,4,0.01,142,22,3.1341,3.4502,0.001134,0.058469
sea,lr,A,sea-lr,sea-lr_A,4,0.01,143,23,4.4792,2.9591,0.006406,0.044191
sea,lr,A,sea-lr,sea-lr_A,4,0.01,144,24,5.4332,2.5074,0.003754,0.046495
sea,lr,A,sea-lr,sea-lr_A,4,0.01,145,25,2.8529,2.4123,0.001184,0.048764
sea,lr,A,sea-lr,sea-lr_A,4,0.01,146,26,2.9708,2.2153,0.002939,0.04476
sea,lr,A,sea-lr,sea-lr_A,4,0.01,147,27,3.1729,2.4482,0.001641,0.048808
sea,lr,A,sea-lr,sea-lr_A,4,0.01,148,28,2.6364,3.0097,0.00499,0.04898
sea,lr,A,sea-lr,sea-lr_A,4,0.01,149,29,4.0233,2.8524,0.004662,0.048161
sea,lr,A,sea-lr,sea-lr_A,4,0.01,150,30,3.8572,3.178,0.003646,0.053404
sea,lr,A,sea-lr,sea-lr_A,4,0.01,151,31,2.8417,1.95,0.000237,0.044143
sea,lr,A,sea-lr,sea-lr_A,4,0.01,152,32,3.1127,2.3428,0.001323,0.047958
sea,lr,A,sea-lr,sea-lr_A,4,0.01,153,33,2.4144,2.1179,0.000538,0.045943
sea,lr,A,sea-lr,sea-lr_A,4,0.01,154,34,2.7487,4.3948,0.00559,0.060238
sea,lr,A,sea-lr,sea-lr_A,4,0.01,155,35,4.0982,3.6381,0.008516,0.043124
sea,lr,A,sea-lr,sea-lr_A,4,0.01,156,36,2.8611,5.3827,0.003934,0.070733
sea,lr,A,sea-lr,sea-lr_A,4,0.01,157,37,2.5387,1.9538,0.000601,0.044101
sea,lr,A,sea-lr,sea-lr_A,4,0.01,158,38,2.7823,2.2648,0.001789,0.046758
sea,lr,A,sea-lr,sea-lr_A,4,0.01,159,39,2.9919,5.7696,0.012145,0.046392
sea,lr,A,sea-lr,sea-lr_A,4,0.01,160,40,3.0064,5.481,0.010154,0.054339
sea,lr,A,sea-lr,sea-lr_A,5,0.01,161,1,3.627,1.8942,0.000573,0.043429
sea,lr,A,sea-lr,sea-lr_A,5,0.01,162,2,2.2924,2.0973,0.00189,0.04483
sea,lr,A,sea-lr,sea-lr_A,5,0.01,163,3,3.3816,2.767,0.004016,0.048697
sea,lr,A,sea-lr,sea-lr_A,5,0.01,164,4,3.5333,1.8975,0.001026,0.043263
sea,lr,A,sea-lr,sea-lr_A,5,0.01,165,5,5.3027,13.168,0.020721,0.051367
sea,lr,A,sea-lr,sea-lr_A,5,0.01,166,6,8.9094,3.1018,0.003868,0.052297
sea,lr,A,sea-lr,sea-lr_A,5,0.01,167,7,5.1841,3.5078,0.001686,0.058635
sea,lr,A,sea-lr,sea-lr_A,5,0.01,168,8,9.3393,5.0137,0.006451,0.063192
sea,lr,A,sea-lr,sea-lr_A,5,0.01,169,9,6.3146,8.686,0.010627,0.076917
sea,lr,A,sea-lr,sea-lr_A,5,0.01,170,10,5.0049,4.9192,0.009538,0.051846
sea,lr,A,sea-lr,sea-lr_A,5,0.01,171,11,4.7622,2.8792,0.003793,0.050263
sea,lr,A,sea-lr,sea-lr_A,5,0.01,172,12,7.4262,3.1203,0.003361,0.053322
sea,lr,A,sea-lr,sea-lr_A,5,0.01,173,13,3.8825,4.3083,0.008259,0.051338
sea,lr,A,sea-lr,sea-lr_A,5,0.01,174,14,4.5059,3.2961,0.001313,0.057042
sea,lr,A,sea-lr,sea-lr_A,5,0.01,175,15,5.1538,8.5227,0.012053,0.070429
sea,lr,A,sea-lr,sea-lr_A,5,0.01,176,16,5.7537,6.9177,0.000661,0.083108
sea,lr,A,sea-lr,sea-lr_A,5,0.01,177,17,13.7646,2.8501,0.003825,0.049914
sea,lr,A,sea-lr,sea-lr_A,5,0.01,178,18,3.9313,2.6832,0.001253,0.051426
sea,lr,A,sea-lr,sea-lr_A,5,0.01,179,19,6.2536,8.54,0.002144,0.0918
sea,lr,A,sea-lr,sea-lr_A,5,0.01,180,20,5.9852,4.8413,0.000842,0.069454
sea,lr,A,sea-lr,sea-lr_A,5,0.01,181,21,3.139,1.9882,0.001016,0.044305
sea,lr,A,sea-lr,sea-lr_A,5,0.01,182,22,3.2725,3.0424,0.002391,0.053871
sea,lr,A,sea-lr,sea-lr_A,5,0.01,183,23,3.2225,3.2201,0.001967,0.055904
sea,lr,A,sea-lr,sea-lr_A,5,0.01,184,24,2.4972,2.3521,0.002915,0.046301
sea,lr,A,sea-lr,sea-lr_A,5,0.01,185,25,2.8604,4.2986,0.002139,0.064702
sea,lr,A,sea-lr,sea-lr_A,5,0.01,186,26,2.6582,2.0917,0.002958,0.043326
sea,lr,A,sea-lr,sea-lr_A,5,0.01,187,27,3.3165,4.8083,0.010306,0.046942
sea,lr,A,sea-lr,sea-lr_A,5,0.01,188,28,2.8568,2.3204,0.003148,0.045579
sea,lr,A,sea-lr,sea-lr_A,5,0.01,189,29,2.1733,3.0112,0.002437,0.05353
sea,lr,A,sea-lr,sea-lr_A,5,0.01,190,30,2.7584,3.1346,0.00504,0.050117
sea,lr,A,sea-lr,sea-lr_A,5,0.01,191,31,3.7245,7.2891,0.01404,0.04955
sea,lr,A,sea-lr,sea-lr_A,5,0.01,192,32,3.1551,2.7853,0.003595,0.049683
sea,lr,A,sea-lr,sea-lr_A,5,0.01,193,33,3.6327,2.5518,0.000246,0.0505
sea,lr,A,sea-lr,sea-lr_A,5,0.01,194,34,2.5625,1.7673,0.002032,0.040816
sea,lr,A,sea-lr,sea-lr_A,5,0.01,195,35,3.1281,2.2586,0.000787,0.047364
sea,lr,A,sea-lr,sea-lr_A,5,0.01,196,36,2.807,1.8469,0.000609,0.04287
sea,lr,A,sea-lr,sea-lr_A,5,0.01,197,37,2.2481,2.0538,0.001185,0.044938
sea,lr,A,sea-lr,sea-lr_A,5,0.01,198,38,3.4567,2.6174,0.001385,0.050699
sea,lr,A,sea-lr,sea-lr_A,5,0.01,199,39,2.2233,2.0727,0.001093,0.045204
sea,lr,A,sea-lr,sea-lr_A,5,0.01,200,40,3.0467,1.984,0.002428,0.042889
sea,lr,A,sea-lr,sea-lr_A,5,0.01,201,1,14.9882,2.912,0.000648,0.043379
sea,lr,A,sea-lr,sea-lr_A,5,0.01,202,2,29.7335,8.928,0.00169,0.043828
sea,lr,A,sea-lr,sea-lr_A,5,0.01,203,3,33.7277,7.3002,0.001228,0.060042
sea,lr,A,sea-lr,sea-lr_A,5,0.01,204,4,8.0867,6.7032,0.00141,0.04278
sea,lr,A,sea-lr,sea-lr_A,5,0.01,205,5,4.8235,2.3504,0.000432,0.043511
sea,lr,A,sea-lr,sea-lr_A,5,0.01,206,6,4.0986,2.7875,0.000316,0.050421
sea,lr,A,sea-lr,sea-lr_A,5,0.01,207,7,30.8404,32.3775,0.002754,0.117384
sea,lr,A,sea-lr,sea-lr_A,5,0.01,208,8,26.2826,23.4177,0.002806,0.064115
sea,lr,A,sea-lr,sea-lr_A,5,0.01,209,9,11.1235,2.7317,0.000298,0.050145
sea,lr,A,sea-lr,sea-lr_A,5,0.01,210,10,8.5682,45.0023,0.004182,0.046004
sea,lr,A,sea-lr,sea-lr_A,5,0.01,211,11,7.1373,2.0793,0.000235,0.044091
sea,lr,A,sea-lr,sea-lr_A,5,0.01,212,12,28.5994,71.4256,0.005311,0.047476
sea,lr,A,sea-lr,sea-lr_A,5,0.01,213,13,7.1621,19.6173,0.002526,0.063006
sea,lr,A,sea-lr,sea-lr_A,5,0.01,214,14,13.4083,4.3142,0.000986,0.043906
sea,lr,A,sea-lr,sea-lr_A,5,0.01,215,15,4.4694,3.3212,0.00078,0.042778
sea,lr,A,sea-lr,sea-lr_A,5,0.01,216,16,6.2439,3.9608,0.000917,0.043548
sea,lr,A,sea-lr,sea-lr_A,5,0.01,217,17,16.9893,32.2103,0.003512,0.044259
sea,lr,A,sea-lr,sea-lr_A,5,0.01,218,18,28.9221,13.3807,0.002121,0.048448
sea,lr,A,sea-lr,sea-lr_A,5,0.01,219,19,16.7561,18.8786,0.002566,0.052311
sea,lr,A,sea-lr,sea-lr_A,5,0.01,220,20,8.9543,4.171,0.000644,0.056171
sea,lr,A,sea-lr,sea-lr_A,5,0.01,221,21,3.7761,6.5585,0.001345,0.046095
sea,lr,A,sea-lr,sea-lr_A,5,0.01,222,22,4.0217,3.3715,0.000814,0.04177
sea,lr,A,sea-lr,sea-lr_A,5,0.01,223,23,4.342,4.9315,0.001146,0.041337
sea,lr,A,sea-lr,sea-lr_A,5,0.01,224,24,5.0714,3.4413,0.000478,0.053677
sea,lr,A,sea-lr,sea-lr_A,5,0.01,225,25,3.865,3.4527,0.000773,0.044595
sea,lr,A,sea-lr,sea-lr_A,5,0.01,226,26,5.1646,1.9097,0.000223,0.042287
sea,lr,A,sea-lr,sea-lr_A,5,0.01,227,27,5.5112,4.8337,0.001131,0.041206
sea,lr,A,sea-lr,sea-lr_A,5,0.01,228,28,6.1256,13.5736,0.00218,0.043862
sea,lr,A,sea-lr,sea-lr_A,5,0.01,229,29,6.5104,2.8094,0.00063,0.042849
sea,lr,A,sea-lr,sea-lr_A,5,0.01,230,30,5.0246,11.9997,0.001977,0.049123
sea,lr,A,sea-lr,sea-lr_A,5,0.01,231,31,5.8664,2.6829,0.00062,0.041726
sea,lr,A,sea-lr,sea-lr_A,5,0.01,232,32,4.4245,4.2039,0.000892,0.047453
sea,lr,A,sea-lr,sea-lr_A,5,0.01,233,33,6.9676,5.8932,0.001245,0.045707
sea,lr,A,sea-lr,sea-lr_A,5,0.01,234,34,4.5011,3.0938,0.000729,0.042312
sea,lr,A,sea-lr,sea-lr_A,5,0.01,235,35,4.037,3.204,0.000714,0.044211
sea,lr,A,sea-lr,sea-lr_A,5,0.01,236,36,4.1116,3.4966,0.000865,0.040739
sea,lr,A,sea-lr,sea-lr_A,5,0.01,237,37,5.6884,5.5317,0.000854,0.061191
sea,lr,A,sea-lr,sea-lr_A,5,0.01,238,38,5.6403,5.0694,0.001093,0.046231
sea,lr,A,sea-lr,sea-lr_A,5,0.01,239,39,8.5017,16.6375,0.002434,0.045897
sea,lr,A,sea-lr,sea-lr_A,5,0.01,240,40,3.3073,2.6449,0.000456,0.046202
sea,lr,A,sea-lr,sea-lr_A,5,0.01,241,41,2.8549,3.8134,0.000939,0.040622
sea,lr,A,sea-lr,sea-lr_A,5,0.01,242,42,3.4772,2.3603,0.000276,0.046615
sea,lr,A,sea-lr,sea-lr_A,5,0.01,243,43,2.6295,2.7975,0.00068,0.04077
sea,lr,A,sea-lr,sea-lr_A,5,0.01,244,44,2.8219,3.9377,0.000928,0.042736
sea,lr,A,sea-lr,sea-lr_A,5,0.01,245,45,3.1237,1.6918,0.000165,0.040308
sea,lr,A,sea-lr,sea-lr_A,5,0.01,246,46,2.8678,2.2941,0.000504,0.04089
sea,lr,A,sea-lr,sea-lr_A,5,0.01,247,47,2.2928,2.3883,0.000562,0.040185
sea,lr,A,sea-lr,sea-lr_A,5,0.01,248,48,5.1468,3.7329,0.000927,0.040344
sea,lr,A,sea-lr,sea-lr_A,5,0.01,249,49,3.6633,1.8628,0.000292,0.040659
sea,lr,A,sea-lr,sea-lr_A,5,0.01,250,50,2.3435,1.7971,0.000243,0.040648
sea,lr,A,sea-lr,sea-lr_A,5,0.01,251,51,4.0385,14.9701,0.002333,0.04029
sea,lr,A,sea-lr,sea-lr_A,5,0.01,252,52,2.9554,1.9897,0.000406,0.039813
sea,lr,A,sea-lr,sea-lr_A,5,0.01,253,53,3.35,4.9607,0.001173,0.039806
sea,lr,A,sea-lr,sea-lr_A,5,0.01,254,54,2.9599,3.8755,0.000957,0.04036
sea,lr,A,sea-lr,sea-lr_A,5,0.01,255,55,3.4358,2.0988,0.00044,0.040294
sea,lr,A,sea-lr,sea-lr_A,5,0.01,256,56,2.426,3.1425,0.000793,0.039998
sea,lr,A,sea-lr,sea-lr_A,5,0.01,257,57,3.2048,9.1178,0.001752,0.039913
sea,lr,A,sea-lr,sea-lr_A,5,0.01,258,58,2.9402,2.0922,0.000274,0.043677
sea,lr,A,sea-lr,sea-lr_A,5,0.01,259,59,2.1478,1.7588,0.000276,0.039646
sea,lr,A,sea-lr,sea-lr_A,5,0.01,260,60,3.1606,1.8575,0.000281,0.040795
sea,lr,A,sea-lr,sea-lr_A,5,0.01,261,61,2.3336,1.7451,0.000242,0.040018
sea,lr,A,sea-lr,sea-lr_A,5,0.01,262,62,2.8884,2.3249,0.000547,0.039901
sea,lr,A,sea-lr,sea-lr_A,5,0.01,263,63,2.2356,1.8197,0.000267,0.040553
sea,lr,A,sea-lr,sea-lr_A,5,0.01,264,64,1.9861,5.194,0.001213,0.039824
sea,lr,A,sea-lr,sea-lr_A,5,0.01,265,65,2.9525,1.686,0.000224,0.039535
sea,lr,A,sea-lr,sea-lr_A,5,0.01,266,66,2.3225,1.7981,0.000246,0.040616
sea,lr,A,sea-lr,sea-lr_A,5,0.01,267,67,1.9794,1.8311,0.000322,0.039704
sea,lr,A,sea-lr,sea-lr_A,5,0.01,268,68,2.6432,4.6875,0.001126,0.039703
sea,lr,A,sea-lr,sea-lr_A,5,0.01,269,69,2.415,2.6153,0.000509,0.044492
sea,lr,A,sea-lr,sea-lr_A,5,0.01,270,70,2.118,3.0453,0.000779,0.039457
sea,lr,A,sea-lr,sea-lr_A,5,0.01,271,71,2.3629,2.3678,0.000583,0.039186
sea,lr,A,sea-lr,sea-lr_A,5,0.01,272,72,2.3121,1.8051,0.000245,0.040724
sea,lr,A,sea-lr,sea-lr_A,5,0.01,273,73,2.11,1.642,0.000193,0.039375
sea,lr,A,sea-lr,sea-lr_A,5,0.01,274,74,2.2384,1.6257,0.000191,0.039195
sea,lr,A,sea-lr,sea-lr_A,5,0.01,275,75,2.0672,1.6153,0.000163,0.039367
sea,lr,A,sea-lr,sea-lr_A,5,0.01,276,76,1.8309,2.2333,0.000505,0.040103
sea,lr,A,sea-lr,sea-lr_A,5,0.01,277,77,1.8208,2.2974,0.000556,0.039221
sea,lr,A,sea-lr,sea-lr_A,5,0.01,278,78,2.14,3.6531,0.000918,0.039851
sea,lr,A,sea-lr,sea-lr_A,5,0.01,279,79,3.5294,1.6777,0.000239,0.039215
sea,lr,A,sea-lr,sea-lr_A,5,0.01,280,80,2.18,3.4025,0.000854,0.040183
sea,lr,A,sea-lr,sea-lr_A,5,0.01,281,81,1.6895,1.8257,0.000335,0.039384
sea,lr,A,sea-lr,sea-lr_A,5,0.01,282,82,1.8067,2.1461,0.000502,0.039103
sea,lr,A,sea-lr,sea-lr_A,5,0.01,283,83,1.8158,2.6228,0.00066,0.039439
sea,lr,A,sea-lr,sea-lr_A,5,0.01,284,84,2.1772,1.8545,0.000362,0.039164
sea,lr,A,sea-lr,sea-lr_A,5,0.01,285,85,1.6631,1.884,0.000361,0.039551
sea,lr,A,sea-lr,sea-lr_A,5,0.01,286,86,1.9309,5.1478,0.001215,0.039058
sea,lr,A,sea-lr,sea-lr_A,5,0.01,287,87,2.4047,5.5566,0.001277,0.03945
sea,lr,A,sea-lr,sea-lr_A,5,0.01,288,88,2.0579,1.6389,0.000226,0.038906
sea,lr,A,sea-lr,sea-lr_A,5,0.01,289,89,1.7751,1.5717,0.00015,0.038938
sea,lr,A,sea-lr,sea-lr_A,5,0.01,290,90,1.7042,1.8779,0.000385,0.038918
sea,lr,A,sea-lr,sea-lr_A,5,0.01,291,91,1.7577,1.8062,0.000324,0.039354
sea,lr,A,sea-lr,sea-lr_A,5,0.01,292,92,1.6837,1.8527,0.000355,0.039299
sea,lr,A,sea-lr,sea-lr_A,5,0.01,293,93,2.02,3.1561,0.000818,0.038934
sea,lr,A,sea-lr,sea-lr_A,5,0.01,294,94,2.2738,3.2981,0.000854,0.038872
sea,lr,A,sea-lr,sea-lr_A,5,0.01,295,95,1.9409,1.7303,0.000277,0.039278
sea,lr,A,sea-lr,sea-lr_A,5,0.01,296,96,2.0567,1.6324,0.000224,0.038849
sea,lr,A,sea-lr,sea-lr_A,5,0.01,297,97,2.0964,2.1293,0.000453,0.040315
sea,lr,A,sea-lr,sea-lr_A,5,0.01,298,98,2.1092,2.0713,0.000472,0.03906
sea,lr,A,sea-lr,sea-lr_A,5,0.01,299,99,1.7698,1.7714,0.000327,0.038839
sea,lr,A,sea-lr,sea-lr_A,5,0.01,300,100,1.8266,2.6011,0.000666,0.038882
sea,lr,A,sea-lr,sea-lr_A,5,0.01,301,1,3.3526,2.5845,0.000208,0.039016
sea,lr,A,sea-lr,sea-lr_A,5,0.01,302,2,3.389,5.5138,0.000404,0.038845
sea,lr,A,sea-lr,sea-lr_A,5,0.01,303,3,4.5712,2.4054,0.000191,0.038888
sea,lr,A,sea-lr,sea-lr_A,5,0.01,304,4,5.9191,2.5143,0.000202,0.038868
sea,lr,A,sea-lr,sea-lr_A,5,0.01,305,5,2.8132,8.3034,0.000526,0.039055
sea,lr,A,sea-lr,sea-lr_A,5,0.01,306,6,3.3563,2.2557,0.000171,0.039235
sea,lr,A,sea-lr,sea-lr_A,5,0.01,307,7,4.43,2.7505,0.000225,0.038824
sea,lr,A,sea-lr,sea-lr_A,5,0.01,308,8,3.4636,2.2079,0.000164,0.039373
sea,lr,A,sea-lr,sea-lr_A,5,0.01,309,9,3.2177,5.4862,0.000402,0.03891
sea,lr,A,sea-lr,sea-lr_A,5,0.01,310,10,3.9535,2.4257,0.000189,0.039317
sea,lr,A,sea-lr,sea-lr_A,5,0.01,311,11,4.3522,11.5694,0.00064,0.03891
sea,lr,A,sea-lr,sea-lr_A,5,0.01,312,12,3.2227,2.1042,0.000148,0.039626
sea,lr,A,sea-lr,sea-lr_A,5,0.01,313,13,3.3816,2.4432,0.000194,0.03893
sea,lr,A,sea-lr,sea-lr_A,5,0.01,314,14,4.7389,2.3172,0.000179,0.039188
sea,lr,A,sea-lr,sea-lr_A,5,0.01,315,15,2.9616,2.9561,0.000243,0.038818
sea,lr,A,sea-lr,sea-lr_A,5,0.01,316,16,3.7652,2.746,0.000225,0.038847
sea,lr,A,sea-lr,sea-lr_A,5,0.01,317,17,2.9446,2.7279,0.000222,0.039006
sea,lr,A,sea-lr,sea-lr_A,5,0.01,318,18,4.3375,2.8418,0.000229,0.039436
sea,lr,A,sea-lr,sea-lr_A,5,0.01,319,19,4.0205,2.8252,0.000229,0.039242
sea,lr,A,sea-lr,sea-lr_A,5,0.01,320,20,2.8182,2.4414,0.000195,0.038864
sea,lr,A,sea-lr,sea-lr_A,5,0.01,321,21,4.3076,5.068,0.000381,0.038864
sea,lr,A,sea-lr,sea-lr_A,5,0.01,322,22,2.8427,2.0188,0.000144,0.038844
sea,lr,A,sea-lr,sea-lr_A,5,0.01,323,23,5.8093,9.9043,0.000585,0.038895
sea,lr,A,sea-lr,sea-lr_A,5,0.01,324,24,4.5604,2.3898,0.000184,0.039532
sea,lr,A,sea-lr,sea-lr_A,5,0.01,325,25,3.7396,2.9696,0.000244,0.038863
sea,lr,A,sea-lr,sea-lr_A,5,0.01,326,26,3.0302,2.3039,0.000178,0.039062
sea,lr,A,sea-lr,sea-lr_A,5,0.01,327,27,5.8659,2.2175,0.00017,0.038845
sea,lr,A,sea-lr,sea-lr_A,5,0.01,328,28,2.2952,2.1311,0.000158,0.03901
sea,lr,A,sea-lr,sea-lr_A,5,0.01,329,29,2.4201,3.2933,0.000265,0.039555
sea,lr,A,sea-lr,sea-lr_A,5,0.01,330,30,3.1277,5.6083,0.000409,0.03885
sea,lr,A,sea-lr,sea-lr_A,5,0.01,331,31,3.5643,3.762,0.000303,0.038837
sea,lr,A,sea-lr,sea-lr_A,5,0.01,332,32,2.937,2.3256,0.00018,0.03909
sea,lr,A,sea-lr,sea-lr_A,5,0.01,333,33,2.7441,2.0443,0.000148,0.038835
sea,lr,A,sea-lr,sea-lr_A,5,0.01,334,34,2.7023,2.1361,0.00016,0.03886
sea,lr,A,sea-lr,sea-lr_A,5,0.01,335,35,3.8727,9.2247,0.000561,0.038866
sea,lr,A,sea-lr,sea-lr_A,5,0.01,336,36,5.16,2.8323,0.000232,0.038902
sea,lr,A,sea-lr,sea-lr_A,5,0.01,337,37,3.0165,5.3598,0.000396,0.03883
sea,lr,A,sea-lr,sea-lr_A,5,0.01,338,38,4.4715,2.2878,0.000176,0.039097
sea,lr,A,sea-lr,sea-lr_A,5,0.01,339,39,2.7142,3.104,0.000255,0.038876
sea,lr,A,sea-lr,sea-lr_A,5,0.01,340,40,3.0019,2.0199,0.000144,0.038874
sea,lr,A,sea-lr,sea-lr_A,5,0.01,341,41,2.3932,2.091,0.000154,0.03883
sea,lr,A,sea-lr,sea-lr_A,5,0.01,342,42,2.5656,2.0956,0.000155,0.038824
sea,lr,A,sea-lr,sea-lr_A,5,0.01,343,43,3.3808,2.106,0.000156,0.038816
sea,lr,A,sea-lr,sea-lr_A,5,0.01,344,44,2.7935,2.9433,0.000242,0.038872
sea,lr,A,sea-lr,sea-lr_A,5,0.01,345,45,2.4592,2.7718,0.000227,0.038812
sea,lr,A,sea-lr,sea-lr_A,5,0.01,346,46,2.4555,2.1965,0.000168,0.038838
sea,lr,A,sea-lr,sea-lr_A,5,0.01,347,47,2.7998,2.0008,0.000142,0.038845
sea,lr,A,sea-lr,sea-lr_A,5,0.01,348,48,2.7171,2.3385,0.000184,0.038808
sea,lr,A,sea-lr,sea-lr_A,5,0.01,349,49,2.2593,2.6758,0.000218,0.038806
sea,lr,A,sea-lr,sea-lr_A,5,0.01,350,50,2.9719,2.0832,0.000153,0.038816
sea,lr,A,sea-lr,sea-lr_A,5,0.01,351,51,3.0268,3.0003,0.000247,0.038821
sea,lr,A,sea-lr,sea-lr_A,5,0.01,352,52,2.5605,2.3579,0.000186,0.038805
sea,lr,A,sea-lr,sea-lr_A,5,0.01,353,53,2.4856,2.47,0.000198,0.038817
sea,lr,A,sea-lr,sea-lr_A,5,0.01,354,54,2.2051,2.2306,0.000171,0.038891
sea,lr,A,sea-lr,sea-lr_A,5,0.01,355,55,2.2659,2.0004,0.000142,0.038801
sea,lr,A,sea-lr,sea-lr_A,5,0.01,356,56,2.2618,2.1186,0.000158,0.038788
sea,lr,A,sea-lr,sea-lr_A,5,0.01,357,57,2.6528,2.2887,0.000179,0.038779
sea,lr,A,sea-lr,sea-lr_A,5,0.01,358,58,2.866,5.1316,0.000385,0.038798
sea,lr,A,sea-lr,sea-lr_A,5,0.01,359,59,2.6192,2.8114,0.000231,0.038836
sea,lr,A,sea-lr,sea-lr_A,5,0.01,360,60,2.6255,2.0834,0.000153,0.038887
sea,lr,A,sea-lr,sea-lr_A,5,0.01,361,61,2.1872,2.003,0.000142,0.038805
sea,lr,A,sea-lr,sea-lr_A,5,0.01,362,62,2.2207,2.2847,0.000178,0.038798
sea,lr,A,sea-lr,sea-lr_A,5,0.01,363,63,2.4749,2.0795,0.000153,0.03879
sea,lr,A,sea-lr,sea-lr_A,5,0.01,364,64,2.2278,2.3772,0.000188,0.038854
sea,lr,A,sea-lr,sea-lr_A,5,0.01,365,65,2.3404,2.0031,0.000143,0.038779
sea,lr,A,sea-lr,sea-lr_A,5,0.01,366,66,2.8824,2.0472,0.000149,0.038789
sea,lr,A,sea-lr,sea-lr_A,5,0.01,367,67,2.2642,2.114,0.000158,0.038782
sea,lr,A,sea-lr,sea-lr_A,5,0.01,368,68,2.2858,2.0074,0.000142,0.038904
sea,lr,A,sea-lr,sea-lr_A,5,0.01,369,69,2.1494,2.547,0.000206,0.038775
sea,lr,A,sea-lr,sea-lr_A,5,0.01,370,70,2.373,2.0679,0.000152,0.038778
sea,lr,A,sea-lr,sea-lr_A,5,0.01,371,71,2.1496,2.011,0.000144,0.038782
sea,lr,A,sea-lr,sea-lr_A,5,0.01,372,72,2.2414,2.1779,0.000166,0.038769
sea,lr,A,sea-lr,sea-lr_A,5,0.01,373,73,2.1952,2.0393,0.000148,0.038793
sea,lr,A,sea-lr,sea-lr_A,5,0.01,374,74,2.1671,1.994,0.000141,0.038773
sea,lr,A,sea-lr,sea-lr_A,5,0.01,375,75,2.1848,2.0028,0.000143,0.03877
sea,lr,A,sea-lr,sea-lr_A,5,0.01,376,76,2.2282,2.0236,0.000146,0.038771
sea,lr,A,sea-lr,sea-lr_A,5,0.01,377,77,2.1313,2.1817,0.000166,0.038777
sea,lr,A,sea-lr,sea-lr_A,5,0.01,378,78,2.289,2.108,0.000157,0.038774
sea,lr,A,sea-lr,sea-lr_A,5,0.01,379,79,2.1967,2.0626,0.000151,0.038759
sea,lr,A,sea-lr,sea-lr_A,5,0.01,380,80,2.539,2.0468,0.000149,0.038771
sea,lr,A,sea-lr,sea-lr_A,5,0.01,381,81,2.1096,2.1073,0.000157,0.03881
sea,lr,A,sea-lr,sea-lr_A,5,0.01,382,82,2.1599,1.9967,0.000142,0.038766
sea,lr,A,sea-lr,sea-lr_A,5,0.01,383,83,2.0777,2.2216,0.000171,0.038764
sea,lr,A,sea-lr,sea-lr_A,5,0.01,384,84,2.1015,2.0101,0.000144,0.038765
sea,lr,A,sea-lr,sea-lr_A,5,0.01,385,85,2.1182,2.0068,0.000143,0.038762
sea,lr,A,sea-lr,sea-lr_A,5,0.01,386,86,2.1018,2.4439,0.000196,0.038758
sea,lr,A,sea-lr,sea-lr_A,5,0.01,387,87,2.1962,2.23,0.000172,0.038759
sea,lr,A,sea-lr,sea-lr_A,5,0.01,388,88,2.116,1.9901,0.000141,0.038759
sea,lr,A,sea-lr,sea-lr_A,5,0.01,389,89,2.082,2.0689,0.000152,0.03876
sea,lr,A,sea-lr,sea-lr_A,5,0.01,390,90,2.0875,2.022,0.000146,0.038761
sea,lr,A,sea-lr,sea-lr_A,5,0.01,391,91,2.1552,2.0086,0.000144,0.038766
sea,lr,A,sea-lr,sea-lr_A,5,0.01,392,92,2.1946,2.0066,0.000143,0.038765
sea,lr,A,sea-lr,sea-lr_A,5,0.01,393,93,2.0913,2.0074,0.000144,0.038754
sea,lr,A,sea-lr,sea-lr_A,5,0.01,394,94,2.1228,2.0666,0.000152,0.038756
sea,lr,A,sea-lr,sea-lr_A,5,0.01,395,95,2.1411,2.0729,0.000153,0.038755
sea,lr,A,sea-lr,sea-lr_A,5,0.01,396,96,2.2985,1.9919,0.000141,0.03875
sea,lr,A,sea-lr,sea-lr_A,5,0.01,397,97,2.1825,2.1267,0.00016,0.038762
sea,lr,A,sea-lr,sea-lr_A,5,0.01,398,98,2.196,2.0339,0.000147,0.038762
sea,lr,A,sea-lr,sea-lr_A,5,0.01,399,99,2.1466,2.4952,0.000201,0.03876
sea,lr,A,sea-lr,sea-lr_A,5,0.01,400,100,2.3119,1.994,0.000142,0.038763
sea,lr,A,sea-lr,sea-lr_A,5,0.01,401,1,67.7131,52.9683,0.000145,0.038777
sea,lr,A,sea-lr,sea-lr_A,5,0.01,402,2,60.9366,50.2624,0.000141,0.038761
sea,lr,A,sea-lr,sea-lr_A,5,0.01,403,3,61.2101,56.4244,0.00015,0.038765
sea,lr,A,sea-lr,sea-lr_A,5,0.01,404,4,60.2338,50.8839,0.000142,0.038766
sea,lr,A,sea-lr,sea-lr_A,5,0.01,405,5,69.7302,51.0329,0.000142,0.038776
sea,lr,A,sea-lr,sea-lr_A,5,0.01,406,6,69.4102,51.863,0.000143,0.038788
sea,lr,A,sea-lr,sea-lr_A,5,0.01,407,7,63.8391,50.5028,0.000141,0.038788
sea,lr,A,sea-lr,sea-lr_A,5,0.01,408,8,61.8273,59.7014,0.000154,0.038783
sea,lr,A,sea-lr,sea-lr_A,5,0.01,409,9,66.6874,51.2967,0.000142,0.038791
sea,lr,A,sea-lr,sea-lr_A,5,0.01,410,10,62.1008,59.5083,0.000154,0.038805
sea,lr,A,sea-lr,sea-lr_A,5,0.01,411,11,61.0813,49.784,0.00014,0.038797
sea,lr,A,sea-lr,sea-lr_A,5,0.01,412,12,64.4147,75.0274,0.000173,0.038823
sea,lr,A,sea-lr,sea-lr_A,5,0.01,413,13,66.8377,49.6934,0.00014,0.038814
sea,lr,A,sea-lr,sea-lr_A,5,0.01,414,14,59.5153,49.7571,0.00014,0.038813
sea,lr,A,sea-lr,sea-lr_A,5,0.01,415,15,58.8489,54.8345,0.000147,0.038821
sea,lr,A,sea-lr,sea-lr_A,5,0.01,416,16,58.0884,49.9914,0.000141,0.038857
sea,lr,A,sea-lr,sea-lr_A,5,0.01,417,17,66.5625,51.8017,0.000143,0.038856
sea,lr,A,sea-lr,sea-lr_A,5,0.01,418,18,60.3377,51.5058,0.000143,0.038848
sea,lr,A,sea-lr,sea-lr_A,5,0.01,419,19,59.7871,49.4732,0.00014,0.03884
sea,lr,A,sea-lr,sea-lr_A,5,0.01,420,20,59.9079,50.7229,0.000142,0.038842
sea,lr,A,sea-lr,sea-lr_A,5,0.01,421,21,62.8683,68.9949,0.000166,0.038847
sea,lr,A,sea-lr,sea-lr_A,5,0.01,422,22,61.4104,49.9408,0.000141,0.038851
sea,lr,A,sea-lr,sea-lr_A,5,0.01,423,23,59.9199,50.8257,0.000142,0.038852
sea,lr,A,sea-lr,sea-lr_A,5,0.01,424,24,59.7627,48.9928,0.000139,0.038855
sea,lr,A,sea-lr,sea-lr_A,5,0.01,425,25,57.9855,48.921,0.000139,0.038863
sea,lr,A,sea-lr,sea-lr_A,5,0.01,426,26,59.4033,48.8939,0.000139,0.03886
sea,lr,A,sea-lr,sea-lr_A,5,0.01,427,27,61.7444,50.1514,0.000141,0.038864
sea,lr,A,sea-lr,sea-lr_A,5,0.01,428,28,59.7895,54.4769,0.000147,0.038865
sea,lr,A,sea-lr,sea-lr_A,5,0.01,429,29,60.6644,51.8791,0.000143,0.038869
sea,lr,A,sea-lr,sea-lr_A,5,0.01,430,30,60.5959,70.7757,0.000168,0.038871
sea,lr,A,sea-lr,sea-lr_A,5,0.01,431,31,61.7934,48.926,0.000139,0.038877
sea,lr,A,sea-lr,sea-lr_A,5,0.01,432,32,58.5853,49.0826,0.000139,0.038891
sea,lr,A,sea-lr,sea-lr_A,5,0.01,433,33,58.7554,50.5362,0.000141,0.038877
sea,lr,A,sea-lr,sea-lr_A,5,0.01,434,34,58.9176,50.1546,0.000141,0.038901
sea,lr,A,sea-lr,sea-lr_A,5,0.01,435,35,61.5765,52.7745,0.000145,0.038887
sea,lr,A,sea-lr,sea-lr_A,5,0.01,436,36,58.8294,56.5402,0.00015,0.038885
sea,lr,A,sea-lr,sea-lr_A,5,0.01,437,37,60.667,48.9964,0.000139,0.038891
sea,lr,A,sea-lr,sea-lr_A,5,0.01,438,38,61.6241,61.6617,0.000157,0.038906
sea,lr,A,sea-lr,sea-lr_A,5,0.01,439,39,58.4362,49.3522,0.00014,0.038894
sea,lr,A,sea-lr,sea-lr_A,5,0.01,440,40,62.5128,49.2253,0.000139,0.038904
sea,lr,A,sea-lr,sea-lr_A,5,0.01,441,41,56.5051,51.5396,0.000143,0.038901
sea,lr,A,sea-lr,sea-lr_A,5,0.01,442,42,57.0221,50.6542,0.000142,0.038902
sea,lr,A,sea-lr,sea-lr_A,5,0.01,443,43,58.363,60.8386,0.000156,0.038901
sea,lr,A,sea-lr,sea-lr_A,5,0.01,444,44,58.119,50.1831,0.000141,0.038906
sea,lr,A,sea-lr,sea-lr_A,5,0.01,445,45,57.002,48.8742,0.000139,0.038905
sea,lr,A,sea-lr,sea-lr_A,5,0.01,446,46,57.7291,52.3399,0.000144,0.038907
sea,lr,A,sea-lr,sea-lr_A,5,0.01,447,47,56.8867,49.4985,0.00014,0.038921
sea,lr,A,sea-lr,sea-lr_A,5,0.01,448,48,57.8158,49.6026,0.00014,0.038914
sea,lr,A,sea-lr,sea-lr_A,5,0.01,449,49,57.1985,51.3665,0.000143,0.038914
sea,lr,A,sea-lr,sea-lr_A,5,0.01,450,50,57.8569,50.977,0.000142,0.038915
sea,lr,A,sea-lr,sea-lr_A,5,0.01,451,51,60.3321,55.9078,0.000149,0.038915
sea,lr,A,sea-lr,sea-lr_A,5,0.01,452,52,57.4146,48.9394,0.000139,0.038912
sea,lr,A,sea-lr,sea-lr_A,5,0.01,453,53,56.6046,48.852,0.000139,0.038917
sea,lr,A,sea-lr,sea-lr_A,5,0.01,454,54,56.9626,52.226,0.000144,0.038915
sea,lr,A,sea-lr,sea-lr_A,5,0.01,455,55,56.4489,50.8565,0.000142,0.038911
sea,lr,A,sea-lr,sea-lr_A,5,0.01,456,56,58.9656,49.434,0.00014,0.038915
sea,lr,A,sea-lr,sea-lr_A,5,0.01,457,57,57.5417,50.0993,0.000141,0.038916
sea,lr,A,sea-lr,sea-lr_A,5,0.01,458,58,56.639,49.0365,0.000139,0.038916
sea,lr,A,sea-lr,sea-lr_A,5,0.01,459,59,57.1177,48.6209,0.000139,0.038917
sea,lr,A,sea-lr,sea-lr_A,5,0.01,460,60,57.4441,50.7078,0.000142,0.038927
sea,lr,A,sea-lr,sea-lr_A,5,0.01,461,61,56.9095,49.4223,0.00014,0.038928
sea,lr,A,sea-lr,sea-lr_A,5,0.01,462,62,56.6294,49.9228,0.00014,0.038925
sea,lr,A,sea-lr,sea-lr_A,5,0.01,463,63,56.8049,48.6533,0.000139,0.038922
sea,lr,A,sea-lr,sea-lr_A,5,0.01,464,64,56.4356,48.6298,0.000139,0.038925
sea,lr,A,sea-lr,sea-lr_A,5,0.01,465,65,57.4352,48.8559,0.000139,0.038925
sea,lr,A,sea-lr,sea-lr_A,5,0.01,466,66,56.2956,48.7076,0.000139,0.038927
sea,lr,A,sea-lr,sea-lr_A,5,0.01,467,67,56.2772,49.1643,0.000139,0.038928
sea,lr,A,sea-lr,sea-lr_A,5,0.01,468,68,56.5756,48.6806,0.000139,0.038933
sea,lr,A,sea-lr,sea-lr_A,5,0.01,469,69,56.2851,49.1266,0.000139,0.038933
sea,lr,A,sea-lr,sea-lr_A,5,0.01,470,70,56.766,50.7671,0.000142,0.038933
sea,lr,A,sea-lr,sea-lr_A,5,0.01,471,71,57.3492,48.6561,0.000139,0.03893
sea,lr,A,sea-lr,sea-lr_A,5,0.01,472,72,57.3084,49.8623,0.00014,0.038928
sea,lr,A,sea-lr,sea-lr_A,5,0.01,473,73,56.4924,48.6646,0.000139,0.038928
sea,lr,A,sea-lr,sea-lr_A,5,0.01,474,74,56.2989,48.6217,0.000139,0.038934
sea,lr,A,sea-lr,sea-lr_A,5,0.01,475,75,56.1514,49.8428,0.00014,0.03893
sea,lr,A,sea-lr,sea-lr_A,5,0.01,476,76,56.539,48.6178,0.000139,0.038933
sea,lr,A,sea-lr,sea-lr_A,5,0.01,477,77,56.4686,48.6081,0.000139,0.038933
sea,lr,A,sea-lr,sea-lr_A,5,0.01,478,78,56.1421,48.6494,0.000139,0.038936
sea,lr,A,sea-lr,sea-lr_A,5,0.01,479,79,57.3868,48.9867,0.000139,0.038937
sea,lr,A,sea-lr,sea-lr_A,5,0.01,480,80,56.6634,48.701,0.000139,0.038938
sea,lr,A,sea-lr,sea-lr_A,5,0.01,481,81,56.1545,48.645,0.000139,0.038938
sea,lr,A,sea-lr,sea-lr_A,5,0.01,482,82,56.2033,48.6225,0.000139,0.038938
sea,lr,A,sea-lr,sea-lr_A,5,0.01,483,83,56.1086,48.6779,0.000139,0.038938
sea,lr,A,sea-lr,sea-lr_A,5,0.01,484,84,56.1489,48.7333,0.000139,0.038938
sea,lr,A,sea-lr,sea-lr_A,5,0.01,485,85,56.4205,48.6771,0.000139,0.03894
sea,lr,A,sea-lr,sea-lr_A,5,0.01,486,86,56.3595,48.7226,0.000139,0.038939
sea,lr,A,sea-lr,sea-lr_A,5,0.01,487,87,55.9868,48.8502,0.000139,0.038941
sea,lr,A,sea-lr,sea-lr_A,5,0.01,488,88,56.4746,48.6228,0.000139,0.03894
sea,lr,A,sea-lr,sea-lr_A,5,0.01,489,89,56.1607,48.9034,0.000139,0.038939
sea,lr,A,sea-lr,sea-lr_A,5,0.01,490,90,56.364,48.5966,0.000139,0.038936
sea,lr,A,sea-lr,sea-lr_A,5,0.01,491,91,56.4343,48.6245,0.000139,0.038936
sea,lr,A,sea-lr,sea-lr_A,5,0.01,492,92,56.0706,48.6727,0.000139,0.038937
sea,lr,A,sea-lr,sea-lr_A,5,0.01,493,93,56.2018,48.5881,0.000139,0.038938
sea,lr,A,sea-lr,sea-lr_A,5,0.01,494,94,56.054,48.7511,0.000139,0.038938
sea,lr,A,sea-lr,sea-lr_A,5,0.01,495,95,56.1462,48.6236,0.000139,0.038939
sea,lr,A,sea-lr,sea-lr_A,5,0.01,496,96,56.0161,48.7291,0.000139,0.038939
sea,lr,A,sea-lr,sea-lr_A,5,0.01,497,97,56.1312,48.6062,0.000139,0.03894
sea,lr,A,sea-lr,sea-lr_A,5,0.01,498,98,56.1602,48.584,0.000139,0.038938
sea,lr,A,sea-lr,sea-lr_A,5,0.01,499,99,56.1275,48.6063,0.000139,0.038935
sea,lr,A,sea-lr,sea-lr_A,5,0.01,500,100,56.8295,48.6649,0.000139,0.038936
sea,lr,B,sea-lr,sea-lr_B,1,0.01,1,1,195.5386,83.1764,0.031843,0.241476
sea,lr,B,sea-lr,sea-lr_B,1,0.01,2,2,80.8179,32.9662,0.00397,0.180499
sea,lr,B,sea-lr,sea-lr_B,1,0.01,3,3,34.7004,21.4437,0.009168,0.139221
sea,lr,B,sea-lr,sea-lr_B,1,0.01,4,4,33.7542,19.6459,0.003284,0.139217
sea,lr,B,sea-lr,sea-lr_B,1,0.01,5,5,22.7578,11.8394,0.001584,0.108526
sea,lr,B,sea-lr,sea-lr_B,1,0.01,6,6,24.0558,24.5579,0.021124,0.116682
sea,lr,B,sea-lr,sea-lr_B,1,0.01,7,7,19.2211,18.0396,0.011658,0.121271
sea,lr,B,sea-lr,sea-lr_B,1,0.01,8,8,13.0346,8.8394,0.001303,0.093796
sea,lr,B,sea-lr,sea-lr_B,1,0.01,9,9,18.3981,22.6925,0.020357,0.111938
sea,lr,B,sea-lr,sea-lr_B,1,0.01,10,10,15.3192,8.3187,0.00089,0.0911
sea,lr,B,sea-lr,sea-lr_B,1,0.01,11,11,15.5739,15.1682,0.004513,0.121114
sea,lr,B,sea-lr,sea-lr_B,1,0.01,12,12,12.7457,7.1282,0.008521,0.073127
sea,lr,B,sea-lr,sea-lr_B,1,0.01,13,13,16.3098,10.0571,0.012924,0.077209
sea,lr,B,sea-lr,sea-lr_B,1,0.01,14,14,14.5347,35.1897,0.010728,0.179909
sea,lr,B,sea-lr,sea-lr_B,1,0.01,15,15,14.5134,8.992,0.004021,0.092712
sea,lr,B,sea-lr,sea-lr_B,1,0.01,16,16,9.652,5.1362,0.000797,0.071558
sea,lr,B,sea-lr,sea-lr_B,1,0.01,17,17,10.2204,9.222,0.006795,0.089942
sea,lr,B,sea-lr,sea-lr_B,1,0.01,18,18,13.4571,10.2309,0.00433,0.098849
sea,lr,B,sea-lr,sea-lr_B,1,0.01,19,19,9.0891,4.7636,0.002452,0.067942
sea,lr,B,sea-lr,sea-lr_B,1,0.01,20,20,8.5655,24.2766,0.024016,0.10066
sea,lr,B,sea-lr,sea-lr_B,1,0.01,21,21,7.3855,5.9069,0.007184,0.068128
sea,lr,B,sea-lr,sea-lr_B,1,0.01,22,22,5.8727,4.63,0.003646,0.065605
sea,lr,B,sea-lr,sea-lr_B,1,0.01,23,23,4.9737,4.3767,0.003746,0.063503
sea,lr,B,sea-lr,sea-lr_B,1,0.01,24,24,5.3964,8.4346,0.007217,0.084601
sea,lr,B,sea-lr,sea-lr_B,1,0.01,25,25,5.4126,3.867,0.001625,0.061662
sea,lr,B,sea-lr,sea-lr_B,1,0.01,26,26,4.5543,5.7054,0.007475,0.065841
sea,lr,B,sea-lr,sea-lr_B,1,0.01,27,27,4.2508,4.9933,0.00032,0.070646
sea,lr,B,sea-lr,sea-lr_B,1,0.01,28,28,4.8853,3.6424,0.001082,0.060114
sea,lr,B,sea-lr,sea-lr_B,1,0.01,29,29,5.477,7.2341,0.002698,0.083997
sea,lr,B,sea-lr,sea-lr_B,1,0.01,30,30,5.7954,8.9147,0.000475,0.094388
sea,lr,B,sea-lr,sea-lr_B,1,0.01,31,31,5.6724,8.6053,0.001184,0.092579
sea,lr,B,sea-lr,sea-lr_B,1,0.01,32,32,5.044,3.8652,0.002975,0.060399
sea,lr,B,sea-lr,sea-lr_B,1,0.01,33,33,4.5451,6.1772,0.01047,0.059066
sea,lr,B,sea-lr,sea-lr_B,1,0.01,34,34,4.3183,3.6792,0.001125,0.0604
sea,lr,B,sea-lr,sea-lr_B,1,0.01,35,35,4.494,3.9833,0.003582,0.060569
sea,lr,B,sea-lr,sea-lr_B,1,0.01,36,36,5.3696,4.5328,0.005234,0.062137
sea,lr,B,sea-lr,sea-lr_B,1,0.01,37,37,4.3513,5.33,0.009922,0.053998
sea,lr,B,sea-lr,sea-lr_B,1,0.01,38,38,4.2429,4.8901,0.007224,0.060086
sea,lr,B,sea-lr,sea-lr_B,1,0.01,39,39,4.4083,3.2461,0.0029,0.055135
sea,lr,B,sea-lr,sea-lr_B,1,0.01,40,40,4.4936,4.53,0.003686,0.064783
sea,lr,B,sea-lr,sea-lr_B,2,0.01,41,1,6.352,3.0829,0.003527,0.052704
sea,lr,B,sea-lr,sea-lr_B,2,0.01,42,2,3.4201,3.0122,0.002215,0.053777
sea,lr,B,sea-lr,sea-lr_B,2,0.01,43,3,6.5637,3.3304,0.002959,0.055819
sea,lr,B,sea-lr,sea-lr_B,2,0.01,44,4,9.849,8.3708,0.013229,0.06387
sea,lr,B,sea-lr,sea-lr_B,2,0.01,45,5,9.8527,8.3645,0.013071,0.064613
sea,lr,B,sea-lr,sea-lr_B,2,0.01,46,6,9.5006,4.2376,0.004191,0.0617
sea,lr,B,sea-lr,sea-lr_B,2,0.01,47,7,9.0036,11.2844,0.016944,0.065143
sea,lr,B,sea-lr,sea-lr_B,2,0.01,48,8,12.3803,8.0603,0.008204,0.080062
sea,lr,B,sea-lr,sea-lr_B,2,0.01,49,9,20.7606,78.8953,0.003607,0.280315
sea,lr,B,sea-lr,sea-lr_B,2,0.01,50,10,166.236,223.807,0.029136,0.450543
sea,lr,B,sea-lr,sea-lr_B,2,0.01,51,11,116.564,61.1353,0.00621,0.245336
sea,lr,B,sea-lr,sea-lr_B,2,0.01,52,12,50.3521,33.2948,0.018997,0.156348
sea,lr,B,sea-lr,sea-lr_B,2,0.01,53,13,44.71,35.3223,0.013335,0.175959
sea,lr,B,sea-lr,sea-lr_B,2,0.01,54,14,48.2391,61.7733,0.00756,0.245707
sea,lr,B,sea-lr,sea-lr_B,2,0.01,55,15,63.8653,44.2711,0.024377,0.17233
sea,lr,B,sea-lr,sea-lr_B,2,0.01,56,16,57.0675,37.1483,0.021706,0.159981
sea,lr,B,sea-lr,sea-lr_B,2,0.01,57,17,103.478,372.3981,0.083088,0.450662
sea,lr,B,sea-lr,sea-lr_B,2,0.01,58,18,61.296,27.0635,0.003559,0.163563
sea,lr,B,sea-lr,sea-lr_B,2,0.01,59,19,12.2328,8.4454,0.008947,0.080513
sea,lr,B,sea-lr,sea-lr_B,2,0.01,60,20,9.9389,6.6043,0.001707,0.080826
sea,lr,B,sea-lr,sea-lr_B,2,0.01,61,21,6.4885,4.1284,0.002263,0.063267
sea,lr,B,sea-lr,sea-lr_B,2,0.01,62,22,4.7968,4.2398,0.003366,0.062943
sea,lr,B,sea-lr,sea-lr_B,2,0.01,63,23,4.8084,8.5693,0.013488,0.064093
sea,lr,B,sea-lr,sea-lr_B,2,0.01,64,24,5.4023,4.5012,0.003019,0.065404
sea,lr,B,sea-lr,sea-lr_B,2,0.01,65,25,4.8045,5.3808,0.007556,0.063093
sea,lr,B,sea-lr,sea-lr_B,2,0.01,66,26,4.4795,5.4215,0.000374,0.073607
sea,lr,B,sea-lr,sea-lr_B,2,0.01,67,27,3.6257,3.0196,0.000739,0.054829
sea,lr,B,sea-lr,sea-lr_B,2,0.01,68,28,3.6841,3.4853,0.000325,0.059014
sea,lr,B,sea-lr,sea-lr_B,2,0.01,69,29,4.579,5.9319,0.00607,0.070911
sea,lr,B,sea-lr,sea-lr_B,2,0.01,70,30,3.5722,2.9275,0.002037,0.053158
sea,lr,B,sea-lr,sea-lr_B,2,0.01,71,31,4.0527,3.1086,0.004048,0.052026
sea,lr,B,sea-lr,sea-lr_B,2,0.01,72,32,3.6605,4.355,0.003275,0.063969
sea,lr,B,sea-lr,sea-lr_B,2,0.01,73,33,3.7556,2.9796,0.000596,0.054506
sea,lr,B,sea-lr,sea-lr_B,2,0.01,74,34,3.9971,7.242,0.009532,0.07081
sea,lr,B,sea-lr,sea-lr_B,2,0.01,75,35,4.4851,2.89,0.002327,0.052509
sea,lr,B,sea-lr,sea-lr_B,2,0.01,76,36,3.3611,2.9954,0.002497,0.053314
sea,lr,B,sea-lr,sea-lr_B,2,0.01,77,37,3.6219,5.9899,0.000372,0.077373
sea,lr,B,sea-lr,sea-lr_B,2,0.01,78,38,3.8657,3.7218,0.000494,0.060958
sea,lr,B,sea-lr,sea-lr_B,2,0.01,79,39,3.3392,2.8938,0.003945,0.050122
sea,lr,B,sea-lr,sea-lr_B,2,0.01,80,40,3.0811,2.4151,0.0022,0.047921
sea,lr,B,sea-lr,sea-lr_B,3,0.01,81,1,5.7479,2.4833,0.000251,0.049817
sea,lr,B,sea-lr,sea-lr_B,3,0.01,82,2,3.3297,3.2455,0.000695,0.056865
sea,lr,B,sea-lr,sea-lr_B,3,0.01,83,3,3.1194,4.1684,0.005434,0.058687
sea,lr,B,sea-lr,sea-lr_B,3,0.01,84,4,3.5333,8.3224,0.010004,0.076604
sea,lr,B,sea-lr,sea-lr_B,3,0.01,85,5,9.6217,6.0836,0.010639,0.057514
sea,lr,B,sea-lr,sea-lr_B,3,0.01,86,6,4.7094,3.2294,0.00185,0.056085
sea,lr,B,sea-lr,sea-lr_B,3,0.01,87,7,5.8643,4.1452,0.00636,0.056155
sea,lr,B,sea-lr,sea-lr_B,3,0.01,88,8,9.2715,6.7302,0.009443,0.067404
sea,lr,B,sea-lr,sea-lr_B,3,0.01,89,9,20.1805,23.4707,0.009006,0.146566
sea,lr,B,sea-lr,sea-lr_B,3,0.01,90,10,12.3595,7.5076,0.002413,0.085818
sea,lr,B,sea-lr,sea-lr_B,3,0.01,91,11,5.1402,11.979,0.003896,0.107734
sea,lr,B,sea-lr,sea-lr_B,3,0.01,92,12,8.9913,8.1001,0.009076,0.077974
sea,lr,B,sea-lr,sea-lr_B,3,0.01,93,13,9.6233,31.8728,0.029493,0.10267
sea,lr,B,sea-lr,sea-lr_B,3,0.01,94,14,8.2561,6.6975,0.004957,0.078071
sea,lr,B,sea-lr,sea-lr_B,3,0.01,95,15,7.8499,8.5571,0.014338,0.059294
sea,lr,B,sea-lr,sea-lr_B,3,0.01,96,16,6.1195,13.0219,0.017624,0.073516
sea,lr,B,sea-lr,sea-lr_B,3,0.01,97,17,5.0422,4.1832,0.007861,0.051649
sea,lr,B,sea-lr,sea-lr_B,3,0.01,98,18,5.5579,10.4759,0.007187,0.095964
sea,lr,B,sea-lr,sea-lr_B,3,0.01,99,19,6.4245,3.6396,0.006219,0.051877
sea,lr,B,sea-lr,sea-lr_B,3,0.01,100,20,5.1933,4.5671,0.005755,0.061277
sea,lr,B,sea-lr,sea-lr_B,3,0.01,101,21,3.2778,4.0525,0.000799,0.063536
sea,lr,B,sea-lr,sea-lr_B,3,0.01,102,22,3.1803,2.2501,0.001146,0.047095
sea,lr,B,sea-lr,sea-lr_B,3,0.01,103,23,2.5246,3.9181,0.002587,0.06127
sea,lr,B,sea-lr,sea-lr_B,3,0.01,104,24,3.3139,2.939,0.002746,0.052479
sea,lr,B,sea-lr,sea-lr_B,3,0.01,105,25,2.7764,3.1101,0.00559,0.048412
sea,lr,B,sea-lr,sea-lr_B,3,0.01,106,26,2.8368,3.0871,0.00145,0.055096
sea,lr,B,sea-lr,sea-lr_B,3,0.01,107,27,3.439,3.6306,0.004917,0.055115
sea,lr,B,sea-lr,sea-lr_B,3,0.01,108,28,3.4267,3.0145,0.006247,0.045361
sea,lr,B,sea-lr,sea-lr_B,3,0.01,109,29,2.7884,4.509,0.001149,0.066907
sea,lr,B,sea-lr,sea-lr_B,3,0.01,110,30,2.7471,3.3883,0.001298,0.057853
sea,lr,B,sea-lr,sea-lr_B,3,0.01,111,31,3.0973,3.1488,0.000599,0.056036
sea,lr,B,sea-lr,sea-lr_B,3,0.01,112,32,3.3705,2.5727,0.002769,0.048833
sea,lr,B,sea-lr,sea-lr_B,3,0.01,113,33,3.5442,3.3035,0.002625,0.055986
sea,lr,B,sea-lr,sea-lr_B,3,0.01,114,34,4.211,3.1514,0.004888,0.050651
sea,lr,B,sea-lr,sea-lr_B,3,0.01,115,35,2.9969,3.8512,0.008846,0.043957
sea,lr,B,sea-lr,sea-lr_B,3,0.01,116,36,3.5963,5.485,0.007038,0.065348
sea,lr,B,sea-lr,sea-lr_B,3,0.01,117,37,2.6431,4.0769,0.003971,0.060746
sea,lr,B,sea-lr,sea-lr_B,3,0.01,118,38,2.7519,2.5825,0.000365,0.050786
sea,lr,B,sea-lr,sea-lr_B,3,0.01,119,39,2.7509,2.3611,0.002784,0.046594
sea,lr,B,sea-lr,sea-lr_B,3,0.01,120,40,2.5154,2.7824,0.005352,0.045606
sea,lr,B,sea-lr,sea-lr_B,4,0.01,121,1,3.6842,1.7537,0.00129,0.041387
sea,lr,B,sea-lr,sea-lr_B,4,0.01,122,2,2.3846,2.0886,0.003242,0.042788
sea,lr,B,sea-lr,sea-lr_B,4,0.01,123,3,2.8457,1.9691,0.000488,0.044309
sea,lr,B,sea-lr,sea-lr_B,4,0.01,124,4,3.5218,2.5754,0.004488,0.045624
sea,lr,B,sea-lr,sea-lr_B,4,0.01,125,5,5.3288,8.1177,0.014687,0.053178
sea,lr,B,sea-lr,sea-lr_B,4,0.01,126,6,3.8116,10.2358,0.002238,0.100563
sea,lr,B,sea-lr,sea-lr_B,4,0.01,127,7,5.4338,8.1831,0.014418,0.055544
sea,lr,B,sea-lr,sea-lr_B,4,0.01,128,8,4.9868,3.7667,0.007915,0.047228
sea,lr,B,sea-lr,sea-lr_B,4,0.01,129,9,6.1515,2.3262,0.000933,0.048009
sea,lr,B,sea-lr,sea-lr_B,4,0.01,130,10,5.6844,7.4666,0.011673,0.064225
sea,lr,B,sea-lr,sea-lr_B,4,0.01,131,11,7.1205,3.4458,0.00611,0.050303
sea,lr,B,sea-lr,sea-lr_B,4,0.01,132,12,3.8879,4.6296,0.010294,0.045067
sea,lr,B,sea-lr,sea-lr_B,4,0.01,133,13,5.9744,12.6722,0.006584,0.107746
sea,lr,B,sea-lr,sea-lr_B,4,0.01,134,14,11.0972,9.7979,0.009242,0.087767
sea,lr,B,sea-lr,sea-lr_B,4,0.01,135,15,6.9229,7.5259,0.008175,0.076727
sea,lr,B,sea-lr,sea-lr_B,4,0.01,136,16,6.0341,3.1154,0.003435,0.05316
sea,lr,B,sea-lr,sea-lr_B,4,0.01,137,17,5.8458,2.7316,0.000931,0.05206
sea,lr,B,sea-lr,sea-lr_B,4,0.01,138,18,8.2805,4.292,0.0023,0.064516
sea,lr,B,sea-lr,sea-lr_B,4,0.01,139,19,6.4394,20.0355,0.026093,0.057786
sea,lr,B,sea-lr,sea-lr_B,4,0.01,140,20,5.9826,2.4293,0.001148,0.048959
sea,lr,B,sea-lr,sea-lr_B,4,0.01,141,21,2.7976,2.8713,0.001485,0.053077
sea,lr,B,sea-lr,sea-lr_B,4,0.01,142,22,3.2818,3.443,0.007044,0.047181
sea,lr,B,sea-lr,sea-lr_B,4,0.01,143,23,3.0855,3.0744,0.003871,0.052028
sea,lr,B,sea-lr,sea-lr_B,4,0.01,144,24,2.6719,2.8766,0.002884,0.051697
sea,lr,B,sea-lr,sea-lr_B,4,0.01,145,25,3.1194,5.8392,0.001778,0.075906
sea,lr,B,sea-lr,sea-lr_B,4,0.01,146,26,2.6618,6.353,0.012722,0.048828
sea,lr,B,sea-lr,sea-lr_B,4,0.01,147,27,3.078,2.4944,0.00292,0.047805
sea,lr,B,sea-lr,sea-lr_B,4,0.01,148,28,2.4821,2.091,0.000857,0.04553
sea,lr,B,sea-lr,sea-lr_B,4,0.01,149,29,3.1995,5.085,0.00222,0.070457
sea,lr,B,sea-lr,sea-lr_B,4,0.01,150,30,2.785,3.3767,0.00061,0.058031
sea,lr,B,sea-lr,sea-lr_B,4,0.01,151,31,3.6076,2.313,0.000222,0.048081
sea,lr,B,sea-lr,sea-lr_B,4,0.01,152,32,3.2239,4.3087,0.009011,0.048141
sea,lr,B,sea-lr,sea-lr_B,4,0.01,153,33,2.7503,3.1181,0.005755,0.048019
sea,lr,B,sea-lr,sea-lr_B,4,0.01,154,34,3.0785,3.3004,0.004603,0.052734
sea,lr,B,sea-lr,sea-lr_B,4,0.01,155,35,2.3198,1.8299,0.001198,0.042364
sea,lr,B,sea-lr,sea-lr_B,4,0.01,156,36,2.3774,2.203,0.0037,0.043213
sea,lr,B,sea-lr,sea-lr_B,4,0.01,157,37,2.4425,3.4796,0.001101,0.058736
sea,lr,B,sea-lr,sea-lr_B,4,0.01,158,38,2.8233,1.8927,0.002691,0.041414
sea,lr,B,sea-lr,sea-lr_B,4,0.01,159,39,2.458,4.275,0.004,0.06231
sea,lr,B,sea-lr,sea-lr_B,4,0.01,160,40,4.0241,2.3963,0.000359,0.048919
sea,lr,B,sea-lr,sea-lr_B,5,0.01,161,1,4.6786,1.7485,0.002121,0.040474
sea,lr,B,sea-lr,sea-lr_B,5,0.01,162,2,1.9548,2.0991,0.000983,0.045556
sea,lr,B,sea-lr,sea-lr_B,5,0.01,163,3,3.036,6.4272,0.000735,0.080087
sea,lr,B,sea-lr,sea-lr_B,5,0.01,164,4,3.8596,2.2201,0.001959,0.046109
sea,lr,B,sea-lr,sea-lr_B,5,0.01,165,5,4.9805,3.0357,0.006455,0.044876
sea,lr,B,sea-lr,sea-lr_B,5,0.01,166,6,4.137,2.2665,0.003018,0.0452
sea,lr,B,sea-lr,sea-lr_B,5,0.01,167,7,6.5887,3.8627,0.000515,0.062098
sea,lr,B,sea-lr,sea-lr_B,5,0.01,168,8,18.8066,9.289,0.001954,0.095892
sea,lr,B,sea-lr,sea-lr_B,5,0.01,169,9,3.2715,3.1061,0.003322,0.053249
sea,lr,B,sea-lr,sea-lr_B,5,0.01,170,10,7.5934,5.8812,0.004368,0.073576
sea,lr,B,sea-lr,sea-lr_B,5,0.01,171,11,6.8167,8.9447,0.01049,0.079033
sea,lr,B,sea-lr,sea-lr_B,5,0.01,172,12,5.38,20.469,0.026551,0.056402
sea,lr,B,sea-lr,sea-lr_B,5,0.01,173,13,7.5421,6.9021,0.001236,0.082853
sea,lr,B,sea-lr,sea-lr_B,5,0.01,174,14,5.6265,2.5342,0.00197,0.049387
sea,lr,B,sea-lr,sea-lr_B,5,0.01,175,15,5.7221,4.5293,0.001456,0.066913
sea,lr,B,sea-lr,sea-lr_B,5,0.01,176,16,4.8562,3.3043,0.0005,0.057429
sea,lr,B,sea-lr,sea-lr_B,5,0.01,177,17,4.4104,3.2323,0.004234,0.052845
sea,lr,B,sea-lr,sea-lr_B,5,0.01,178,18,3.886,4.349,0.009709,0.045136
sea,lr,B,sea-lr,sea-lr_B,5,0.01,179,19,6.596,7.9358,0.013668,0.057919
sea,lr,B,sea-lr,sea-lr_B,5,0.01,180,20,4.263,4.4247,0.000441,0.066482
sea,lr,B,sea-lr,sea-lr_B,5,0.01,181,21,3.1018,2.4082,0.002948,0.046852
sea,lr,B,sea-lr,sea-lr_B,5,0.01,182,22,2.1327,2.2164,0.003155,0.044412
sea,lr,B,sea-lr,sea-lr_B,5,0.01,183,23,3.1347,6.5315,0.013728,0.043701
sea,lr,B,sea-lr,sea-lr_B,5,0.01,184,24,2.5899,2.7382,0.005566,0.04448
sea,lr,B,sea-lr,sea-lr_B,5,0.01,185,25,3.2687,3.6139,0.001085,0.059875
sea,lr,B,sea-lr,sea-lr_B,5,0.01,186,26,2.9621,1.8815,0.003118,0.040534
sea,lr,B,sea-lr,sea-lr_B,5,0.01,187,27,2.415,3.5412,0.008659,0.041258
sea,lr,B,sea-lr,sea-lr_B,5,0.01,188,28,2.6004,3.7283,0.007575,0.048179
sea,lr,B,sea-lr,sea-lr_B,5,0.01,189,29,2.47,5.1178,0.003362,0.069574
sea,lr,B,sea-lr,sea-lr_B,5,0.01,190,30,2.704,2.0248,0.002835,0.042752
sea,lr,B,sea-lr,sea-lr_B,5,0.01,191,31,2.4669,2.2208,0.001539,0.046504
sea,lr,B,sea-lr,sea-lr_B,5,0.01,192,32,2.4484,3.4068,0.004275,0.054393
sea,lr,B,sea-lr,sea-lr_B,5,0.01,193,33,2.8409,3.139,0.003643,0.053044
sea,lr,B,sea-lr,sea-lr_B,5,0.01,194,34,3.0442,2.2198,0.000942,0.046883
sea,lr,B,sea-lr,sea-lr_B,5,0.01,195,35,2.5272,2.152,0.002159,0.045141
sea,lr,B,sea-lr,sea-lr_B,5,0.01,196,36,3.1827,3.0748,0.007461,0.041348
sea,lr,B,sea-lr,sea-lr_B,5,0.01,197,37,2.0571,2.3939,0.004738,0.042935
sea,lr,B,sea-lr,sea-lr_B,5,0.01,198,38,2.3783,2.2567,0.000534,0.047431
sea,lr,B,sea-lr,sea-lr_B,5,0.01,199,39,3.2127,4.1613,0.001542,0.064055
sea,lr,B,sea-lr,sea-lr_B,5,0.01,200,40,4.9971,2.6025,0.005144,0.044198
sea,lr,B,sea-lr,sea-lr_B,5,0.01,201,1,44.1926,11.0633,0.00193,0.043865
sea,lr,B,sea-lr,sea-lr_B,5,0.01,202,2,11.0196,1.9784,0.000313,0.0417
sea,lr,B,sea-lr,sea-lr_B,5,0.01,203,3,9.4081,8.7447,0.001692,0.041536
sea,lr,B,sea-lr,sea-lr_B,5,0.01,204,4,12.5339,35.7698,0.003726,0.041414
sea,lr,B,sea-lr,sea-lr_B,5,0.01,205,5,8.4287,11.5222,0.001903,0.05135
sea,lr,B,sea-lr,sea-lr_B,5,0.01,206,6,24.4912,10.7623,0.00075,0.096873
sea,lr,B,sea-lr,sea-lr_B,5,0.01,207,7,8.3316,23.3962,0.002554,0.086015
sea,lr,B,sea-lr,sea-lr_B,5,0.01,208,8,18.0379,9.0167,0.001716,0.04233
sea,lr,B,sea-lr,sea-lr_B,5,0.01,209,9,7.3991,3.4848,0.000851,0.041353
sea,lr,B,sea-lr,sea-lr_B,5,0.01,210,10,8.4396,20.2664,0.002732,0.04434
sea,lr,B,sea-lr,sea-lr_B,5,0.01,211,11,21.7481,2.8094,0.000667,0.041448
sea,lr,B,sea-lr,sea-lr_B,5,0.01,212,12,11.0543,8.4377,0.00165,0.041932
sea,lr,B,sea-lr,sea-lr_B,5,0.01,213,13,19.968,2.2855,0.000424,0.042937
sea,lr,B,sea-lr,sea-lr_B,5,0.01,214,14,16.5394,3.1102,0.000229,0.054609
sea,lr,B,sea-lr,sea-lr_B,5,0.01,215,15,9.6453,36.1028,0.003734,0.043763
sea,lr,B,sea-lr,sea-lr_B,5,0.01,216,16,9.8664,28.9765,0.003307,0.046378
sea,lr,B,sea-lr,sea-lr_B,5,0.01,217,17,11.5577,2.4805,0.000442,0.04473
sea,lr,B,sea-lr,sea-lr_B,5,0.01,218,18,4.6202,2.8126,0.000657,0.041886
sea,lr,B,sea-lr,sea-lr_B,5,0.01,219,19,6.2217,3.1564,0.000757,0.041849
sea,lr,B,sea-lr,sea-lr_B,5,0.01,220,20,7.1003,11.5317,0.001768,0.062176
sea,lr,B,sea-lr,sea-lr_B,5,0.01,221,21,4.8576,2.8821,0.000465,0.048496
sea,lr,B,sea-lr,sea-lr_B,5,0.01,222,22,2.9979,2.0939,0.000373,0.041871
sea,lr,B,sea-lr,sea-lr_B,5,0.01,223,23,5.5438,2.6272,0.00062,0.041031
sea,lr,B,sea-lr,sea-lr_B,5,0.01,224,24,4.1989,2.268,0.000532,0.039671
sea,lr,B,sea-lr,sea-lr_B,5,0.01,225,25,5.2336,2.4196,0.000249,0.047612
sea,lr,B,sea-lr,sea-lr_B,5,0.01,226,26,4.7762,3.4433,0.000843,0.041258
sea,lr,B,sea-lr,sea-lr_B,5,0.01,227,27,7.1622,4.7573,0.000361,0.066614
sea,lr,B,sea-lr,sea-lr_B,5,0.01,228,28,3.7507,1.6624,0.000232,0.039121
sea,lr,B,sea-lr,sea-lr_B,5,0.01,229,29,6.3768,2.1262,0.000389,0.041887
sea,lr,B,sea-lr,sea-lr_B,5,0.01,230,30,2.794,3.781,0.000786,0.047584
sea,lr,B,sea-lr,sea-lr_B,5,0.01,231,31,4.6182,5.9468,0.001331,0.040013
sea,lr,B,sea-lr,sea-lr_B,5,0.01,232,32,15.2917,4.4462,0.000902,0.049513
sea,lr,B,sea-lr,sea-lr_B,5,0.01,233,33,3.3938,3.0412,0.000778,0.039444
sea,lr,B,sea-lr,sea-lr_B,5,0.01,234,34,4.0526,20.9917,0.002806,0.041095
sea,lr,B,sea-lr,sea-lr_B,5,0.01,235,35,12.0057,6.9559,0.000464,0.080179
sea,lr,B,sea-lr,sea-lr_B,5,0.01,236,36,4.3782,5.3041,0.00114,0.045995
sea,lr,B,sea-lr,sea-lr_B,5,0.01,237,37,7.1589,2.9711,0.000726,0.040968
sea,lr,B,sea-lr,sea-lr_B,5,0.01,238,38,4.7357,8.8518,0.001671,0.044733
sea,lr,B,sea-lr,sea-lr_B,5,0.01,239,39,4.8446,12.4493,0.0021,0.04046
sea,lr,B,sea-lr,sea-lr_B,5,0.01,240,40,5.9161,5.0104,0.00105,0.048028
sea,lr,B,sea-lr,sea-lr_B,5,0.01,241,41,2.0368,1.6153,0.000156,0.039439
sea,lr,B,sea-lr,sea-lr_B,5,0.01,242,42,2.5791,9.1101,0.001748,0.040188
sea,lr,B,sea-lr,sea-lr_B,5,0.01,243,43,4.1734,2.0406,0.000428,0.039901
sea,lr,B,sea-lr,sea-lr_B,5,0.01,244,44,2.4587,1.9891,0.000442,0.038854
sea,lr,B,sea-lr,sea-lr_B,5,0.01,245,45,5.2375,1.8288,0.000353,0.039035
sea,lr,B,sea-lr,sea-lr_B,5,0.01,246,46,3.2833,1.616,0.000191,0.039073
sea,lr,B,sea-lr,sea-lr_B,5,0.01,247,47,2.3835,2.5268,0.000417,0.045835
sea,lr,B,sea-lr,sea-lr_B,5,0.01,248,48,2.5728,3.9183,0.000979,0.039597
sea,lr,B,sea-lr,sea-lr_B,5,0.01,249,49,2.7924,1.6862,0.000261,0.03898
sea,lr,B,sea-lr,sea-lr_B,5,0.01,250,50,4.1549,8.6168,0.001585,0.049543
sea,lr,B,sea-lr,sea-lr_B,5,0.01,251,51,3.9073,1.5899,0.000184,0.038822
sea,lr,B,sea-lr,sea-lr_B,5,0.01,252,52,2.9859,3.2733,0.00085,0.038756
sea,lr,B,sea-lr,sea-lr_B,5,0.01,253,53,2.4284,1.8032,0.000308,0.039639
sea,lr,B,sea-lr,sea-lr_B,5,0.01,254,54,5.2653,6.8614,0.001476,0.039014
sea,lr,B,sea-lr,sea-lr_B,5,0.01,255,55,3.183,3.1324,0.00062,0.04679
sea,lr,B,sea-lr,sea-lr_B,5,0.01,256,56,2.5482,2.0595,0.000466,0.039075
sea,lr,B,sea-lr,sea-lr_B,5,0.01,257,57,2.3218,4.5809,0.001114,0.039182
sea,lr,B,sea-lr,sea-lr_B,5,0.01,258,58,3.1716,3.4973,0.000759,0.045642
sea,lr,B,sea-lr,sea-lr_B,5,0.01,259,59,2.2548,2.4757,0.000625,0.03894
sea,lr,B,sea-lr,sea-lr_B,5,0.01,260,60,2.6194,2.7386,0.000718,0.038383
sea,lr,B,sea-lr,sea-lr_B,5,0.01,261,61,2.3012,1.8109,0.000369,0.03843
sea,lr,B,sea-lr,sea-lr_B,5,0.01,262,62,2.1379,1.7386,0.00019,0.040616
sea,lr,B,sea-lr,sea-lr_B,5,0.01,263,63,1.7537,1.8502,0.000386,0.038533
sea,lr,B,sea-lr,sea-lr_B,5,0.01,264,64,2.7833,2.0502,0.00047,0.038854
sea,lr,B,sea-lr,sea-lr_B,5,0.01,265,65,2.3449,2.3592,0.000575,0.039343
sea,lr,B,sea-lr,sea-lr_B,5,0.01,266,66,2.0354,1.6081,0.000243,0.038247
sea,lr,B,sea-lr,sea-lr_B,5,0.01,267,67,2.4136,3.5751,0.000876,0.041147
sea,lr,B,sea-lr,sea-lr_B,5,0.01,268,68,2.6237,1.5833,0.000213,0.038372
sea,lr,B,sea-lr,sea-lr_B,5,0.01,269,69,1.7573,1.9261,0.000374,0.039796
sea,lr,B,sea-lr,sea-lr_B,5,0.01,270,70,2.2933,2.2613,0.000572,0.038181
sea,lr,B,sea-lr,sea-lr_B,5,0.01,271,71,2.1726,2.0281,0.000481,0.038205
sea,lr,B,sea-lr,sea-lr_B,5,0.01,272,72,2.2546,4.3628,0.001053,0.040542
sea,lr,B,sea-lr,sea-lr_B,5,0.01,273,73,2.1981,1.8866,0.000389,0.038922
sea,lr,B,sea-lr,sea-lr_B,5,0.01,274,74,2.0893,2.8941,0.000755,0.038667
sea,lr,B,sea-lr,sea-lr_B,5,0.01,275,75,2.0856,1.6638,0.000234,0.039115
sea,lr,B,sea-lr,sea-lr_B,5,0.01,276,76,1.9324,1.5543,0.000159,0.038635
sea,lr,B,sea-lr,sea-lr_B,5,0.01,277,77,2.0213,1.6155,0.000237,0.038442
sea,lr,B,sea-lr,sea-lr_B,5,0.01,278,78,2.5681,2.4014,0.000577,0.039825
sea,lr,B,sea-lr,sea-lr_B,5,0.01,279,79,2.5787,2.2795,0.00042,0.042967
sea,lr,B,sea-lr,sea-lr_B,5,0.01,280,80,2.556,1.8328,0.000388,0.038244
sea,lr,B,sea-lr,sea-lr_B,5,0.01,281,81,1.6971,2.9625,0.000777,0.038485
sea,lr,B,sea-lr,sea-lr_B,5,0.01,282,82,1.7369,1.6872,0.000315,0.037989
sea,lr,B,sea-lr,sea-lr_B,5,0.01,283,83,2.0501,3.0853,0.000814,0.038203
sea,lr,B,sea-lr,sea-lr_B,5,0.01,284,84,2.0751,2.0188,0.000482,0.038074
sea,lr,B,sea-lr,sea-lr_B,5,0.01,285,85,1.6243,1.5323,0.000189,0.038004
sea,lr,B,sea-lr,sea-lr_B,5,0.01,286,86,1.6381,1.9309,0.000444,0.038036
sea,lr,B,sea-lr,sea-lr_B,5,0.01,287,87,1.6931,1.6433,0.000285,0.037998
sea,lr,B,sea-lr,sea-lr_B,5,0.01,288,88,1.6737,1.5235,0.000187,0.037913
sea,lr,B,sea-lr,sea-lr_B,5,0.01,289,89,1.7806,2.4551,0.000644,0.037935
sea,lr,B,sea-lr,sea-lr_B,5,0.01,290,90,1.8397,2.2684,0.00057,0.038364
sea,lr,B,sea-lr,sea-lr_B,5,0.01,291,91,1.746,1.4976,0.00016,0.037884
sea,lr,B,sea-lr,sea-lr_B,5,0.01,292,92,2.0038,1.5292,0.000165,0.038241
sea,lr,B,sea-lr,sea-lr_B,5,0.01,293,93,2.2423,2.5024,0.000661,0.037841
sea,lr,B,sea-lr,sea-lr_B,5,0.01,294,94,1.8096,1.8811,0.000349,0.039772
sea,lr,B,sea-lr,sea-lr_B,5,0.01,295,95,1.6322,1.5076,0.000164,0.037974
sea,lr,B,sea-lr,sea-lr_B,5,0.01,296,96,1.9221,3.0424,0.00081,0.037847
sea,lr,B,sea-lr,sea-lr_B,5,0.01,297,97,2.5387,3.3977,0.000894,0.037891
sea,lr,B,sea-lr,sea-lr_B,5,0.01,298,98,1.7649,1.7619,0.000327,0.038735
sea,lr,B,sea-lr,sea-lr_B,5,0.01,299,99,1.6837,1.5199,0.000189,0.037848
sea,lr,B,sea-lr,sea-lr_B,5,0.01,300,100,2.0287,1.5295,0.000201,0.037827
sea,lr,B,sea-lr,sea-lr_B,5,0.01,301,1,6.8035,8.7948,0.000547,0.038133
sea,lr,B,sea-lr,sea-lr_B,5,0.01,302,2,4.5617,2.0244,0.000149,0.038487
sea,lr,B,sea-lr,sea-lr_B,5,0.01,303,3,3.9399,3.801,0.00031,0.037953
sea,lr,B,sea-lr,sea-lr_B,5,0.01,304,4,7.3003,2.617,0.000218,0.038131
sea,lr,B,sea-lr,sea-lr_B,5,0.01,305,5,4.7052,8.2906,0.000528,0.038065
sea,lr,B,sea-lr,sea-lr_B,5,0.01,306,6,4.5977,2.2855,0.000186,0.037908
sea,lr,B,sea-lr,sea-lr_B,5,0.01,307,7,5.5209,2.081,0.00016,0.038089
sea,lr,B,sea-lr,sea-lr_B,5,0.01,308,8,4.3466,7.7704,0.000507,0.038254
sea,lr,B,sea-lr,sea-lr_B,5,0.01,309,9,3.3377,2.1248,0.000167,0.037913
sea,lr,B,sea-lr,sea-lr_B,5,0.01,310,10,3.2975,5.667,0.000415,0.037951
sea,lr,B,sea-lr,sea-lr_B,5,0.01,311,11,5.6016,3.8119,0.000311,0.037883
sea,lr,B,sea-lr,sea-lr_B,5,0.01,312,12,3.1372,2.6733,0.000222,0.038242
sea,lr,B,sea-lr,sea-lr_B,5,0.01,313,13,2.7437,2.5166,0.000203,0.038746
sea,lr,B,sea-lr,sea-lr_B,5,0.01,314,14,8.2137,8.6519,0.000542,0.037961
sea,lr,B,sea-lr,sea-lr_B,5,0.01,315,15,3.5684,6.5367,0.000456,0.037908
sea,lr,B,sea-lr,sea-lr_B,5,0.01,316,16,7.1352,10.6919,0.000613,0.038287
sea,lr,B,sea-lr,sea-lr_B,5,0.01,317,17,4.9329,22.9446,0.000936,0.038053
sea,lr,B,sea-lr,sea-lr_B,5,0.01,318,18,4.6012,5.6434,0.000414,0.037972
sea,lr,B,sea-lr,sea-lr_B,5,0.01,319,19,5.7978,2.1789,0.00017,0.038382
sea,lr,B,sea-lr,sea-lr_B,5,0.01,320,20,5.5661,4.3255,0.000342,0.038251
sea,lr,B,sea-lr,sea-lr_B,5,0.01,321,21,2.5627,3.3441,0.000279,0.037899
sea,lr,B,sea-lr,sea-lr_B,5,0.01,322,22,3.558,2.4,0.000195,0.038264
sea,lr,B,sea-lr,sea-lr_B,5,0.01,323,23,2.4716,2.8228,0.000237,0.038062
sea,lr,B,sea-lr,sea-lr_B,5,0.01,324,24,3.4838,2.0216,0.000154,0.037959
sea,lr,B,sea-lr,sea-lr_B,5,0.01,325,25,4.3022,5.1062,0.000387,0.037878
sea,lr,B,sea-lr,sea-lr_B,5,0.01,326,26,2.7713,2.0538,0.000159,0.037866
sea,lr,B,sea-lr,sea-lr_B,5,0.01,327,27,2.7612,2.197,0.000176,0.037862
sea,lr,B,sea-lr,sea-lr_B,5,0.01,328,28,2.4304,2.7662,0.000233,0.037855
sea,lr,B,sea-lr,sea-lr_B,5,0.01,329,29,2.3869,2.0261,0.000155,0.0379
sea,lr,B,sea-lr,sea-lr_B,5,0.01,330,30,3.5704,2.7817,0.000231,0.038363
sea,lr,B,sea-lr,sea-lr_B,5,0.01,331,31,3.1502,2.0716,0.000161,0.037908
sea,lr,B,sea-lr,sea-lr_B,5,0.01,332,32,2.4431,2.8713,0.000242,0.037849
sea,lr,B,sea-lr,sea-lr_B,5,0.01,333,33,2.4531,1.9951,0.000151,0.037877
sea,lr,B,sea-lr,sea-lr_B,5,0.01,334,34,4.0104,2.3885,0.000197,0.037874
sea,lr,B,sea-lr,sea-lr_B,5,0.01,335,35,3.757,2.325,0.000189,0.038089
sea,lr,B,sea-lr,sea-lr_B,5,0.01,336,36,3.3252,2.0113,0.000151,0.03809
sea,lr,B,sea-lr,sea-lr_B,5,0.01,337,37,2.9376,5.1213,0.000387,0.037982
sea,lr,B,sea-lr,sea-lr_B,5,0.01,338,38,3.7955,6.7184,0.000464,0.037898
sea,lr,B,sea-lr,sea-lr_B,5,0.01,339,39,2.3713,2.047,0.000158,0.037882
sea,lr,B,sea-lr,sea-lr_B,5,0.01,340,40,3.0464,2.833,0.000239,0.037858
sea,lr,B,sea-lr,sea-lr_B,5,0.01,341,41,2.407,2.206,0.000178,0.037855
sea,lr,B,sea-lr,sea-lr_B,5,0.01,342,42,2.5178,2.1642,0.000172,0.037924
sea,lr,B,sea-lr,sea-lr_B,5,0.01,343,43,2.2178,2.7285,0.00023,0.037903
sea,lr,B,sea-lr,sea-lr_B,5,0.01,344,44,2.206,3.5864,0.000296,0.037872
sea,lr,B,sea-lr,sea-lr_B,5,0.01,345,45,2.496,2.1124,0.000166,0.037852
sea,lr,B,sea-lr,sea-lr_B,5,0.01,346,46,2.8457,2.0225,0.000155,0.037862
sea,lr,B,sea-lr,sea-lr_B,5,0.01,347,47,2.2694,2.7853,0.000235,0.03784
sea,lr,B,sea-lr,sea-lr_B,5,0.01,348,48,3.5544,3.3475,0.000278,0.038087
sea,lr,B,sea-lr,sea-lr_B,5,0.01,349,49,2.6869,2.1385,0.00017,0.037849
sea,lr,B,sea-lr,sea-lr_B,5,0.01,350,50,2.72,2.1391,0.00017,0.037872
sea,lr,B,sea-lr,sea-lr_B,5,0.01,351,51,2.1748,2.0763,0.000162,0.037878
sea,lr,B,sea-lr,sea-lr_B,5,0.01,352,52,2.3087,2.5801,0.000216,0.03785
sea,lr,B,sea-lr,sea-lr_B,5,0.01,353,53,2.6606,3.1422,0.000264,0.037847
sea,lr,B,sea-lr,sea-lr_B,5,0.01,354,54,2.2166,1.9953,0.000151,0.037862
sea,lr,B,sea-lr,sea-lr_B,5,0.01,355,55,2.6885,2.0991,0.000165,0.037857
sea,lr,B,sea-lr,sea-lr_B,5,0.01,356,56,2.2031,2.3549,0.000194,0.037863
sea,lr,B,sea-lr,sea-lr_B,5,0.01,357,57,2.2413,2.342,0.000192,0.03788
sea,lr,B,sea-lr,sea-lr_B,5,0.01,358,58,2.2566,3.021,0.000254,0.037858
sea,lr,B,sea-lr,sea-lr_B,5,0.01,359,59,3.2565,3.7672,0.000309,0.037833
sea,lr,B,sea-lr,sea-lr_B,5,0.01,360,60,2.4552,2.4178,0.000201,0.037835
sea,lr,B,sea-lr,sea-lr_B,5,0.01,361,61,2.3016,2.0203,0.000154,0.037885
sea,lr,B,sea-lr,sea-lr_B,5,0.01,362,62,2.0974,2.8334,0.000239,0.03783
sea,lr,B,sea-lr,sea-lr_B,5,0.01,363,63,2.2479,2.2448,0.000182,0.037836
sea,lr,B,sea-lr,sea-lr_B,5,0.01,364,64,2.1471,2.0682,0.000161,0.037828
sea,lr,B,sea-lr,sea-lr_B,5,0.01,365,65,2.2189,2.1357,0.000169,0.037859
sea,lr,B,sea-lr,sea-lr_B,5,0.01,366,66,2.1409,1.9743,0.000149,0.037823
sea,lr,B,sea-lr,sea-lr_B,5,0.01,367,67,2.03,2.0549,0.000159,0.037874
sea,lr,B,sea-lr,sea-lr_B,5,0.01,368,68,2.1862,2.3444,0.000193,0.037851
sea,lr,B,sea-lr,sea-lr_B,5,0.01,369,69,2.3482,2.5461,0.000213,0.03783
sea,lr,B,sea-lr,sea-lr_B,5,0.01,370,70,2.1837,2.0007,0.000153,0.03782
sea,lr,B,sea-lr,sea-lr_B,5,0.01,371,71,2.167,1.996,0.000152,0.037823
sea,lr,B,sea-lr,sea-lr_B,5,0.01,372,72,2.0469,2.0232,0.000155,0.037818
sea,lr,B,sea-lr,sea-lr_B,5,0.01,373,73,2.0847,2.0092,0.000153,0.037835
sea,lr,B,sea-lr,sea-lr_B,5,0.01,374,74,2.2614,2.0772,0.000162,0.037831
sea,lr,B,sea-lr,sea-lr_B,5,0.01,375,75,2.3627,2.0847,0.000163,0.037816
sea,lr,B,sea-lr,sea-lr_B,5,0.01,376,76,2.3013,1.9993,0.000152,0.03781
sea,lr,B,sea-lr,sea-lr_B,5,0.01,377,77,2.197,2.0102,0.000154,0.037841
sea,lr,B,sea-lr,sea-lr_B,5,0.01,378,78,2.1656,2.0129,0.000154,0.037815
sea,lr,B,sea-lr,sea-lr_B,5,0.01,379,79,2.0281,2.0593,0.00016,0.037817
sea,lr,B,sea-lr,sea-lr_B,5,0.01,380,80,2.1692,1.9791,0.000149,0.037829
sea,lr,B,sea-lr,sea-lr_B,5,0.01,381,81,2.0576,2.0412,0.000158,0.037844
sea,lr,B,sea-lr,sea-lr_B,5,0.01,382,82,1.9998,2.0772,0.000162,0.037824
sea,lr,B,sea-lr,sea-lr_B,5,0.01,383,83,2.0159,1.9913,0.000151,0.037817
sea,lr,B,sea-lr,sea-lr_B,5,0.01,384,84,1.9943,2.1048,0.000166,0.037814
sea,lr,B,sea-lr,sea-lr_B,5,0.01,385,85,2.1783,2.3971,0.000199,0.037821
sea,lr,B,sea-lr,sea-lr_B,5,0.01,386,86,2.0846,1.9838,0.00015,0.037826
sea,lr,B,sea-lr,sea-lr_B,5,0.01,387,87,2.0864,2.2187,0.000179,0.037808
sea,lr,B,sea-lr,sea-lr_B,5,0.01,388,88,2.0138,1.9991,0.000152,0.037814
sea,lr,B,sea-lr,sea-lr_B,5,0.01,389,89,1.9849,1.9786,0.00015,0.037811
sea,lr,B,sea-lr,sea-lr_B,5,0.01,390,90,1.9787,1.9754,0.000149,0.037815
sea,lr,B,sea-lr,sea-lr_B,5,0.01,391,91,1.999,2.0127,0.000154,0.037852
sea,lr,B,sea-lr,sea-lr_B,5,0.01,392,92,2.0549,2.0052,0.000153,0.037813
sea,lr,B,sea-lr,sea-lr_B,5,0.01,393,93,2.0686,2.0447,0.000158,0.037827
sea,lr,B,sea-lr,sea-lr_B,5,0.01,394,94,2.0385,2.1104,0.000167,0.037811
sea,lr,B,sea-lr,sea-lr_B,5,0.01,395,95,2.0466,1.9837,0.00015,0.037835
sea,lr,B,sea-lr,sea-lr_B,5,0.01,396,96,2.0494,1.99,0.000151,0.037812
sea,lr,B,sea-lr,sea-lr_B,5,0.01,397,97,2.1017,1.9999,0.000152,0.037812
sea,lr,B,sea-lr,sea-lr_B,5,0.01,398,98,2.1766,2.007,0.000153,0.037832
sea,lr,B,sea-lr,sea-lr_B,5,0.01,399,99,2.0327,2.1659,0.000173,0.037812
sea,lr,B,sea-lr,sea-lr_B,5,0.01,400,100,2.0041,1.9829,0.00015,0.037821
sea,lr,B,sea-lr,sea-lr_B,5,0.01,401,1,60.7132,62.1714,0.000157,0.037821
sea,lr,B,sea-lr,sea-lr_B,5,0.01,402,2,60.6804,56.2625,0.00015,0.037826
sea,lr,B,sea-lr,sea-lr_B,5,0.01,403,3,58.3474,98.6833,0.000199,0.037826
sea,lr,B,sea-lr,sea-lr_B,5,0.01,404,4,66.1097,58.4346,0.000152,0.037831
sea,lr,B,sea-lr,sea-lr_B,5,0.01,405,5,71.4495,68.0958,0.000165,0.037861
sea,lr,B,sea-lr,sea-lr_B,5,0.01,406,6,63.2084,68.7078,0.000166,0.037856
sea,lr,B,sea-lr,sea-lr_B,5,0.01,407,7,63.005,55.6168,0.000149,0.037836
sea,lr,B,sea-lr,sea-lr_B,5,0.01,408,8,55.7909,56.9524,0.00015,0.037839
sea,lr,B,sea-lr,sea-lr_B,5,0.01,409,9,61.4019,62.8999,0.000158,0.037847
sea,lr,B,sea-lr,sea-lr_B,5,0.01,410,10,60.8835,55.5261,0.000149,0.037853
sea,lr,B,sea-lr,sea-lr_B,5,0.01,411,11,56.9914,55.9309,0.000149,0.037856
sea,lr,B,sea-lr,sea-lr_B,5,0.01,412,12,62.6529,57.3803,0.000151,0.037872
sea,lr,B,sea-lr,sea-lr_B,5,0.01,413,13,59.5245,55.848,0.000149,0.037863
sea,lr,B,sea-lr,sea-lr_B,5,0.01,414,14,60.491,73.1375,0.000171,0.037874
sea,lr,B,sea-lr,sea-lr_B,5,0.01,415,15,62.4087,74.1364,0.000172,0.037873
sea,lr,B,sea-lr,sea-lr_B,5,0.01,416,16,57.119,55.9678,0.000149,0.037879
sea,lr,B,sea-lr,sea-lr_B,5,0.01,417,17,60.0965,57.133,0.000151,0.037882
sea,lr,B,sea-lr,sea-lr_B,5,0.01,418,18,63.4621,58.679,0.000153,0.037892
sea,lr,B,sea-lr,sea-lr_B,5,0.01,419,19,57.1042,56.5621,0.00015,0.037892
sea,lr,B,sea-lr,sea-lr_B,5,0.01,420,20,55.2488,56.007,0.000149,0.037899
sea,lr,B,sea-lr,sea-lr_B,5,0.01,421,21,54.8335,60.2369,0.000155,0.03791
sea,lr,B,sea-lr,sea-lr_B,5,0.01,422,22,56.3132,55.2266,0.000148,0.037911
sea,lr,B,sea-lr,sea-lr_B,5,0.01,423,23,59.3146,61.3791,0.000156,0.037903
sea,lr,B,sea-lr,sea-lr_B,5,0.01,424,24,59.3409,57.7449,0.000152,0.037906
sea,lr,B,sea-lr,sea-lr_B,5,0.01,425,25,58.6352,60.7555,0.000156,0.037909
sea,lr,B,sea-lr,sea-lr_B,5,0.01,426,26,58.232,59.0108,0.000153,0.037925
sea,lr,B,sea-lr,sea-lr_B,5,0.01,427,27,54.9831,58.1599,0.000152,0.037917
sea,lr,B,sea-lr,sea-lr_B,5,0.01,428,28,54.6187,57.0769,0.000151,0.037917
sea,lr,B,sea-lr,sea-lr_B,5,0.01,429,29,54.1827,58.0953,0.000152,0.037919
sea,lr,B,sea-lr,sea-lr_B,5,0.01,430,30,57.6709,58.1759,0.000152,0.037921
sea,lr,B,sea-lr,sea-lr_B,5,0.01,431,31,61.2306,55.0575,0.000148,0.037923
sea,lr,B,sea-lr,sea-lr_B,5,0.01,432,32,54.6523,56.7871,0.00015,0.037928
sea,lr,B,sea-lr,sea-lr_B,5,0.01,433,33,57.5268,67.5048,0.000164,0.037926
sea,lr,B,sea-lr,sea-lr_B,5,0.01,434,34,54.6451,54.9886,0.000148,0.037931
sea,lr,B,sea-lr,sea-lr_B,5,0.01,435,35,53.8915,60.1697,0.000155,0.037935
sea,lr,B,sea-lr,sea-lr_B,5,0.01,436,36,62.7281,63.93,0.00016,0.037939
sea,lr,B,sea-lr,sea-lr_B,5,0.01,437,37,56.0702,59.0767,0.000153,0.037936
sea,lr,B,sea-lr,sea-lr_B,5,0.01,438,38,56.0603,62.723,0.000158,0.037945
sea,lr,B,sea-lr,sea-lr_B,5,0.01,439,39,57.6601,55.5262,0.000149,0.037945
sea,lr,B,sea-lr,sea-lr_B,5,0.01,440,40,54.1395,56.2127,0.000149,0.03795
sea,lr,B,sea-lr,sea-lr_B,5,0.01,441,41,53.5418,57.0531,0.000151,0.037951
sea,lr,B,sea-lr,sea-lr_B,5,0.01,442,42,54.4429,56.8967,0.00015,0.037952
sea,lr,B,sea-lr,sea-lr_B,5,0.01,443,43,54.3403,54.7093,0.000147,0.037954
sea,lr,B,sea-lr,sea-lr_B,5,0.01,444,44,53.8628,56.1333,0.000149,0.037955
sea,lr,B,sea-lr,sea-lr_B,5,0.01,445,45,53.7541,55.1745,0.000148,0.037958
sea,lr,B,sea-lr,sea-lr_B,5,0.01,446,46,55.6088,55.0251,0.000148,0.037962
sea,lr,B,sea-lr,sea-lr_B,5,0.01,447,47,55.3698,56.9523,0.00015,0.037963
sea,lr,B,sea-lr,sea-lr_B,5,0.01,448,48,55.4373,54.9021,0.000148,0.037965
sea,lr,B,sea-lr,sea-lr_B,5,0.01,449,49,54.3991,64.3908,0.00016,0.037967
sea,lr,B,sea-lr,sea-lr_B,5,0.01,450,50,54.255,54.9824,0.000148,0.037967
sea,lr,B,sea-lr,sea-lr_B,5,0.01,451,51,54.4882,56.3047,0.00015,0.037969
sea,lr,B,sea-lr,sea-lr_B,5,0.01,452,52,53.1356,54.4631,0.000147,0.037968
sea,lr,B,sea-lr,sea-lr_B,5,0.01,453,53,55.0569,55.0141,0.000148,0.037967
sea,lr,B,sea-lr,sea-lr_B,5,0.01,454,54,54.3549,55.35,0.000148,0.037967
sea,lr,B,sea-lr,sea-lr_B,5,0.01,455,55,53.1444,54.9676,0.000148,0.037969
sea,lr,B,sea-lr,sea-lr_B,5,0.01,456,56,56.6419,54.5981,0.000147,0.03797
sea,lr,B,sea-lr,sea-lr_B,5,0.01,457,57,56.0359,54.5284,0.000147,0.037972
sea,lr,B,sea-lr,sea-lr_B,5,0.01,458,58,55.141,54.6578,0.000147,0.037972
sea,lr,B,sea-lr,sea-lr_B,5,0.01,459,59,53.5438,54.6392,0.000147,0.037974
sea,lr,B,sea-lr,sea-lr_B,5,0.01,460,60,55.15,55.0689,0.000148,0.037975
sea,lr,B,sea-lr,sea-lr_B,5,0.01,461,61,54.0528,54.6915,0.000147,0.037974
sea,lr,B,sea-lr,sea-lr_B,5,0.01,462,62,53.3876,54.6656,0.000147,0.037975
sea,lr,B,sea-lr,sea-lr_B,5,0.01,463,63,52.7147,55.1853,0.000148,0.037975
sea,lr,B,sea-lr,sea-lr_B,5,0.01,464,64,53.4022,55.528,0.000149,0.037976
sea,lr,B,sea-lr,sea-lr_B,5,0.01,465,65,53.1521,54.8784,0.000148,0.037976
sea,lr,B,sea-lr,sea-lr_B,5,0.01,466,66,52.894,55.4299,0.000148,0.037976
sea,lr,B,sea-lr,sea-lr_B,5,0.01,467,67,52.8777,54.712,0.000147,0.037978
sea,lr,B,sea-lr,sea-lr_B,5,0.01,468,68,53.0742,55.0039,0.000148,0.037979
sea,lr,B,sea-lr,sea-lr_B,5,0.01,469,69,53.4906,55.8069,0.000149,0.03798
sea,lr,B,sea-lr,sea-lr_B,5,0.01,470,70,53.4869,55.0802,0.000148,0.03798
sea,lr,B,sea-lr,sea-lr_B,5,0.01,471,71,53.1358,54.6226,0.000147,0.03798
sea,lr,B,sea-lr,sea-lr_B,5,0.01,472,72,53.5668,54.5753,0.000147,0.037982
sea,lr,B,sea-lr,sea-lr_B,5,0.01,473,73,53.2736,56.0143,0.000149,0.037983
sea,lr,B,sea-lr,sea-lr_B,5,0.01,474,74,52.9228,54.8636,0.000148,0.037983
sea,lr,B,sea-lr,sea-lr_B,5,0.01,475,75,52.9534,54.5673,0.000147,0.037984
sea,lr,B,sea-lr,sea-lr_B,5,0.01,476,76,53.7533,57.1923,0.000151,0.037984
sea,lr,B,sea-lr,sea-lr_B,5,0.01,477,77,53.7287,54.9876,0.000148,0.037986
sea,lr,B,sea-lr,sea-lr_B,5,0.01,478,78,53.8352,54.9142,0.000148,0.037988
sea,lr,B,sea-lr,sea-lr_B,5,0.01,479,79,53.1389,55.6579,0.000149,0.037988
sea,lr,B,sea-lr,sea-lr_B,5,0.01,480,80,52.5515,54.5277,0.000147,0.037989
sea,lr,B,sea-lr,sea-lr_B,5,0.01,481,81,52.6651,55.0296,0.000148,0.037989
sea,lr,B,sea-lr,sea-lr_B,5,0.01,482,82,52.5166,54.8026,0.000148,0.037989
sea,lr,B,sea-lr,sea-lr_B,5,0.01,483,83,52.6362,54.9013,0.000148,0.037989
sea,lr,B,sea-lr,sea-lr_B,5,0.01,484,84,52.4972,54.5624,0.000147,0.03799
sea,lr,B,sea-lr,sea-lr_B,5,0.01,485,85,52.735,54.648,0.000147,0.03799
sea,lr,B,sea-lr,sea-lr_B,5,0.01,486,86,52.4741,54.7043,0.000147,0.03799
sea,lr,B,sea-lr,sea-lr_B,5,0.01,487,87,52.4884,54.7886,0.000147,0.03799
sea,lr,B,sea-lr,sea-lr_B,5,0.01,488,88,52.4744,54.718,0.000147,0.03799
sea,lr,B,sea-lr,sea-lr_B,5,0.01,489,89,52.5218,54.6859,0.000147,0.037991
sea,lr,B,sea-lr,sea-lr_B,5,0.01,490,90,52.5341,54.6501,0.000147,0.037991
sea,lr,B,sea-lr,sea-lr_B,5,0.01,491,91,52.5643,54.6663,0.000147,0.037991
sea,lr,B,sea-lr,sea-lr_B,5,0.01,492,92,52.8065,55.0433,0.000148,0.037993
sea,lr,B,sea-lr,sea-lr_B,5,0.01,493,93,52.6923,54.6,0.000147,0.037993
sea,lr,B,sea-lr,sea-lr_B,5,0.01,494,94,52.5404,54.6965,0.000147,0.037993
sea,lr,B,sea-lr,sea-lr_B,5,0.01,495,95,52.5804,54.8954,0.000148,0.037993
sea,lr,B,sea-lr,sea-lr_B,5,0.01,496,96,52.5918,54.7366,0.000147,0.037993
sea,lr,B,sea-lr,sea-lr_B,5,0.01,497,97,52.5874,54.5255,0.000147,0.037993
sea,lr,B,sea-lr,sea-lr_B,5,0.01,498,98,52.9044,54.5211,0.000147,0.037994
sea,lr,B,sea-lr,sea-lr_B,5,0.01,499,99,52.6803,54.7848,0.000147,0.037994
sea,lr,B,sea-lr,sea-lr_B,5,0.01,500,100,52.6589,54.8781,0.000148,0.037994
